registrationNumber,type,legalName,tradeName,address,street,place,zip,county,status,dateFirstRegistered,dateRegisteredThrough,deletedDate,successorRegistrationNumber,cd119,cd_method,in_ny23,community
017315,Pharmacy,"1100 KENMORE AVE., INC.",BUFFALO PHARMACIES,1100 KENMORE AVENUE BUFFALO NY 14216,1100 KENMORE AVENUE,BUFFALO,14216,ERIE,Transfer,"November 19, 1981","March 05, 1993","March 05, 1993",021604,26,unmatched address; town wholly in/out of NY-23 (assumed),no,yes
019442,Pharmacy,163 BROADWAY INC.,BROADWAY PRESCRIPTION CENTER,163 BROADWAY BUFFALO NY 14204,163 BROADWAY,BUFFALO,14204,ERIE,Transfer,"May 19, 1987","February 07, 1990","February 07, 1990",020410,26,unmatched address; town wholly in/out of NY-23 (assumed),no,yes
021107,Pharmacy,1717 SHERIDAN DRIVE BAZAAR SUPERMARKET CO.,BELLS PHARMACY,1717 SHERIDAN DR. TONAWANDA NY 14223,1717 SHERIDAN DR,. TONAWANDA,14223,ERIE,Transfer,"October 16, 1991","May 17, 1993","May 17, 1993",021673,,,unknown,yes
020635,Pharmacy,1717 SHERIDAN DRIVE SUPERMARKET CO.,BELLS PHARMACY,1717 SHERIDAN DRIVE TONAWANDA NY 14223,1717 SHERIDAN DRIVE,TONAWANDA,14223,ERIE,Transfer,"October 01, 1990","October 16, 1991","October 16, 1991",021107,,,unknown,yes
016468,Pharmacy,1772 COLVIN PHARMACY INC.,ASK ME PHARMACY OF KENMORE,1770 COLVIN BLVD. KENMORE NY 14223,1770 COLVIN BLVD,. KENMORE,14223,ERIE,Discontinued,"June 26, 1979","November 21, 1991","November 21, 1991",NONE,,,unknown,yes
031932,Pharmacy,"200 BASSETT ROAD OPERATING COMPANY, LLC.",,200 BASSETT ROAD WILLIAMSVILLE NY 14221-2639,200 BASSETT ROAD,WILLIAMSVILLE,14221,ERIE,Not Registered,"August 06, 2013","July 31, 2022",,NONE,,,unknown,no
019807,Wholesaler,2121 MAIN PRESCRIPTION CENTER INC.,,2121 MAIN ST. SUITE 116 BUFFALO NY 14214,2121 MAIN ST,. BUFFALO,14214,ERIE,Discontinued,"April 27, 1988","November 20, 1992","November 20, 1992",NONE,,,unknown,no
014742,Pharmacy,2121 MAIN PRESCRIPTION CENTER INC.,SETON MEDICAL CENTER,2121 MAIN ST. SUITE 110 BUFFALO NY 14214,2121 MAIN ST,. BUFFALO,14214,ERIE,Transfer,"September 27, 1974","June 20, 1991","June 20, 1991",014742,,,unknown,no
020741,Pharmacy,2121 MAIN PRESCRIPTION CENTER INC.,MPC HEALTH CARE SERVICES,2470 WALDEN AVE. BUFFALO NY 14225,2470 WALDEN AVE,. BUFFALO,14225,ERIE,Transfer,"September 28, 1990","March 28, 1994","March 28, 1994",022059,,,unknown,yes
021498,Pharmacy,"2121 MAIN PRESCRIPTION CENTER, INC.",HAMBURG MAIN PRESCRIPTION CENTER,206 LAKE ST. HAMBURG NY 14075,206 LAKE ST,. HAMBURG,14075,ERIE,Discontinued,"December 21, 1992","January 08, 1993","January 08, 1993",NONE,,,unknown,yes
020979,Pharmacy,"2121 MAIN STREET PHARMACY, INC.",,25 GARDENVILLE PARKWAY WEST SENECA NY 14224,25 GARDENVILLE PARKWAY,WEST SENECA,14224,ERIE,Discontinued,"June 20, 1991","May 11, 2018","May 11, 2018",NONE,26,unmatched address; town wholly in/out of NY-23 (assumed),no,yes
019324,Pharmacy,224 HIGHLAND PARKWAY INC.,BUFFALO PHARMACIES,224 HIGHLAND PKWY. BUFFALO NY 14223,224 HIGHLAND PKWY,. BUFFALO,14223,ERIE,Transfer,"December 03, 1986","March 05, 1993","March 05, 1993",021601,,,unknown,yes
016062,Pharmacy,"30 ROCKNE RD., INC.",IVYLEA DRUGS,2446 ELMWOOD AVE KENMORE NY 14217,2446 ELMWOOD AVE,KENMORE,14217,ERIE,Transfer,"February 15, 1978","July 29, 2008","July 29, 2008",028936,,,unknown,yes
019306,Pharmacy,333 SWAN STREET INC.,BUFFALO PHARMACIES,333 SWAN STREET BUFFALO NY 14204,333 SWAN STREET,BUFFALO,14204,ERIE,Transfer,"November 24, 1986","March 05, 1993","March 05, 1993",021602,26,unmatched address; town wholly in/out of NY-23 (assumed),no,yes
031934,Pharmacy,"5775 MAELOU DRIVE OPERATING COMPANY, LLC.",,5775 MAELOU DRIVE HAMBURG NY 14075-7419,5775 MAELOU DRIVE,HAMBURG,14075,ERIE,Discontinued,"August 06, 2013","January 07, 2026","January 07, 2026",NONE,23,Census batch geocode + point-in-district,yes,no
012378,Pharmacy,711 MAPLE ROAD INC.,CVS PHARMACY,"711 MAPLE RD. AMHERST P.O. WILLIAMSVILLE, NY 14221",711 MAPLE RD,". AMHERST P.O. WILLIAMSVILLE,",14221,ERIE,Discontinued,"February 01, 1969","August 25, 1991","August 25, 1991",NONE,,,unknown,yes
042417,Pharmacy,716 PHARMACY INC.,,1807 KENMORE AVE BUFFALO NY 14217,1807 KENMORE AVE,BUFFALO,14217,ERIE,Active,"March 30, 2026","February 28, 2029",,NONE,26,Census batch geocode + point-in-district,no,yes
011868,Pharmacy,815 TONAWANDA ST. CORPORATION,FAY'S LEADER DRUG,801 TONAWANDA ST. BUFFALO NY 14207,801 TONAWANDA ST,. BUFFALO,14207,ERIE,Transfer,"October 02, 1967","April 10, 1998","April 10, 1998",023643,,,unknown,yes
304028,Wholesaler,A.V.P. PHARMACEUTICALS INC.,,8560 MAIN ST. WILLIAMSVILLE NY 14221,8560 MAIN ST,. WILLIAMSVILLE,14221,ERIE,Discontinued,"July 19, 1965","August 31, 1989","August 31, 1989",NONE,,,unknown,no
021686,Wholesaler,ABBOTT LABORATORIES,,C/O SONWIL DISTRIBUTION 200 SONWIL DR. CHEEKTOWAGA NY 14225,SONWIL DISTRIBUTION 200 SONWIL DR,. CHEEKTOWAGA,14225,ERIE,Transfer,"May 06, 1993","March 25, 1998","March 25, 1998",023579,,,unknown,no
023579,Wholesaler,ABBOTT LABORATORIES INC.,,200 SONWIL DR. CHEEKTOWAGA NY 14225,200 SONWIL DR,. CHEEKTOWAGA,14225,ERIE,Discontinued,"March 25, 1998","August 07, 2001","August 07, 2001",NONE,,,unknown,no
030656,Pharmacy,"ABBOTT PHARMACY, INC.",,3038 BAILEY AVE. BUFFALO NY 14215,3038 BAILEY AVE,. BUFFALO,14215,ERIE,Discontinued,"May 26, 2011","November 07, 2019","November 07, 2019",NONE,,,unknown,yes
202209,Wholesaler/Repacker,ABBOTT WELDING SUPPLY CO. INC.,,509 N. FIRST ST. OLEAN NY 14760,509 N. FIRST ST,. OLEAN,14760,CATTARAUGUS,Transfer,"January 01, 1975","September 16, 2014","September 16, 2014",033013,23,county wholly in NY-23,yes,no
023636,Manufacturer,ABRAXIS BIOSCIENCE INC.,ABRAXIS PHARMACEUTICAL PRODUCTS,3159 STALEY RD. GRAND ISLAND NY 14072,3159 STALEY RD,. GRAND ISLAND,14072,ERIE,Transfer,"June 08, 1998","November 04, 2008","November 04, 2008",029146,,,unknown,no
029913,Manufacturer,"ABRAXIS BIOSCIENCE, LLC.",,3159 STALEY RD. GRAND ISLAND NY 14072-2028,3159 STALEY RD,. GRAND ISLAND,14072,ERIE,Discontinued,"March 22, 2010","March 04, 2013","March 04, 2013",NONE,,,unknown,no
015801,Pharmacy,"ACKLEY, W.G. & H.E., ENTERPRISES, INC.",LEROY PHARMACY,2171 FILLMORE AVE. BUFFALO NY 14214,2171 FILLMORE AVE,. BUFFALO,14214,ERIE,Transfer,"April 01, 1977","May 17, 1995","May 17, 1995",022513,,,unknown,yes
029862,Pharmacy,"ADDISON'S APOTHECARY, INC",,36 MAIN ST. ADDISON NY 14801,36 MAIN ST,. ADDISON,14801,STEUBEN,Transfer,"December 09, 2009","August 27, 2024","August 27, 2024",041136,23,county wholly in NY-23,yes,yes
042001,Pharmacy,"ADVANCE PHARMACY, INC.",,546 NIAGARA ST BUFFALO NY 14201,546 NIAGARA ST,BUFFALO,14201,ERIE,Not Active,Not On File,"August 11, 2026","August 11, 2026",NONE,26,Census batch geocode + point-in-district,no,yes
019221,Pharmacy,ADVANCED HOME CARE OF WESTERN NEW YORK,,40 JOHN GLENN DR. SUITE 200 AMHERST NY 14228,40 JOHN GLENN DR,. AMHERST,14228,ERIE,Transfer,"August 29, 1986","October 16, 1995","October 16, 1995",022704,,,unknown,no
023499,Pharmacy,"ADVANCED HOME CARE OF WESTERN NEW YORK, INC.",VNA PHARMACY,901 WASHINGTON ST. BUFFALO NY 14203,901 WASHINGTON ST,. BUFFALO,14203,ERIE,Discontinued,"April 16, 1998","May 28, 1998","May 28, 1998",NONE,,,unknown,no
021872,Pharmacy,"ADVANCED MEDICAL INSTRUMENT AND SUPPLY, INC.",ADVANCED MEDICAL HOME NURSING AND PHARMACY,C/O PHARMACY 3690 SOUTHWESTERN BLVD. ORCHARD PARK NY 14127-1997,3690 SOUTHWESTERN BLVD,. ORCHARD PARK,14127,ERIE,Discontinued,"September 27, 1993","February 12, 1997","February 12, 1997",NONE,,,unknown,no
031638,Wholesaler/Repacker,"AIRGAS USA, LLC",,3650 BROADWAY ST. CHEEKTOWAGA NY 14227,3650 BROADWAY ST,. CHEEKTOWAGA,14227,ERIE,Active,"March 01, 2013","February 29, 2028",,NONE,,,unknown,no
031637,Wholesaler/Repacker,"AIRGAS USA, LLC",,1200 SULLIVAN ST. ELMIRA NY 14901-1610,1200 SULLIVAN ST,. ELMIRA,14901,CHEMUNG,Active,"April 19, 2013","March 31, 2028",,NONE,23,county wholly in NY-23,yes,no
033013,Wholesaler/Repacker,"AIRGAS USA, LLC.",,215 WAYNE ST OLEAN NY 14760,215 WAYNE ST,OLEAN,14760,CATTARAUGUS,Active,"September 16, 2014","August 31, 2029",,NONE,23,county wholly in NY-23,yes,no
027353,Manufacturer,AIRGAS-EAST INC.,,3650 BROADWAY CHEEKTOWGA NY 14227,3650 BROADWAY,CHEEKTOWGA,14227,ERIE,Transfer,"September 19, 2005","March 01, 2013","March 01, 2013",031638,,,unknown,no
027130,Wholesaler/Repacker,AIRGAS-EAST INC.,,2775 BROADWAY CHEEKTOWAGA NY 14227,2775 BROADWAY,CHEEKTOWAGA,14227,ERIE,Not Active,Not On File,"September 15, 2005","September 15, 2005",NONE,,,unknown,no
021508,Wholesaler/Repacker,AIRGAS-EAST INC.,,1200 SULLIVAN ST. ELMIRA NY 14901,1200 SULLIVAN ST,. ELMIRA,14901,CHEMUNG,Transfer,"March 23, 1993","April 19, 2013","April 19, 2013",031637,23,county wholly in NY-23,yes,no
041908,Pharmacy,"AKRON COMMUNITY PHARMACY, INC.",,12983 MAIN RD AKRON NY 14001,12983 MAIN RD,AKRON,14001,ERIE,Active,"October 08, 2025","September 30, 2028",,NONE,23,Census batch geocode + point-in-district,yes,yes
014682,Pharmacy,"ALBANO, RICHARD A.","PARK PHARMACY, THE",THE PARK PHARMACY 4 W. MAIN ST. FREDONIA NY 14063,THE PARK PHARMACY 4 W. MAIN ST,. FREDONIA,14063,CHAUTAUQUA,Discontinued,"June 27, 1974","December 27, 1991","December 27, 1991",NONE,23,county wholly in NY-23,yes,yes
018705,Pharmacy,ALDEN PHARMACY INC.,,13203 BROADWAY ALDEN NY 14004,13203 BROADWAY,ALDEN,14004,ERIE,Transfer,"July 16, 1985","March 31, 2023","March 31, 2023",040114,23,Census batch geocode + point-in-district,yes,yes
019532,Pharmacy,"ALFRED PHARMACY, INC.",,36 N. MAIN ST. ALFRED NY 14802,36 N. MAIN ST,. ALFRED,14802,ALLEGANY,Discontinued,"September 01, 1987","December 12, 2025","December 12, 2025",NONE,23,county wholly in NY-23,yes,yes
023137,Pharmacy,"ALLEN, ANDREW R.",BEAVER PHARMACY,BEAVER PHARMACY 7 MAIN ST. CANISTEO NY 14823,BEAVER PHARMACY 7 MAIN ST,. CANISTEO,14823,STEUBEN,Transfer,"February 10, 1997","June 23, 2017","June 23, 2017",035401,23,county wholly in NY-23,yes,yes
017390,Pharmacy,ALLEN-MACK PHARMACY INC.,,961 PAYNE AVE. NORTH TONAWANDA NY 14120,961 PAYNE AVE,. NORTH TONAWANDA,14120,NIAGARA,Discontinued,"February 24, 1982","May 31, 1995","May 31, 1995",NONE,,,unknown,yes
025358,Wholesaler/Repacker,"ALLIED ORTHOPEDIC APPLIANCES, INC.",ALLIED HEALTHCARE SYSTEMS,512 WEST 3RD STREET SUITE 1 JAMESTOWN NY 14701-4857,512 WEST 3RD STREET,JAMESTOWN,14701,CHAUTAUQUA,Transfer,"August 26, 2002","March 05, 2013","March 05, 2013",031643,23,county wholly in NY-23,yes,no
017080,Pharmacy,"ALLSCRIPT PHARMACY, INC.",,173 HIGH STREET BUFFALO NY 14204,173 HIGH STREET,BUFFALO,14204,ERIE,Discontinued,"May 12, 1981","December 16, 2011","December 16, 2011",NONE,26,unmatched address; town wholly in/out of NY-23 (assumed),no,yes
021076,Pharmacy,ALP FREDDY'S LIMITED PARTNERSHIP,FREDDY'S,2152 DELAWARE AVE. BUFFALO NY 14216,2152 DELAWARE AVE,. BUFFALO,14216,ERIE,Discontinued,"September 24, 1991","January 10, 1994","January 10, 1994",NONE,,,unknown,yes
021378,Pharmacy,ALP FREDDY'S LIMITED PARTNERSHIP,FREDDY'S,4408 MILESTRIP RD. BLASDELL NY 14219,4408 MILESTRIP RD,. BLASDELL,14219,ERIE,Discontinued,"August 19, 1992","September 20, 1993","September 20, 1993",NONE,,,unknown,yes
021079,Pharmacy,ALP FREDDY'S LIMITED PARTNERSHIP,FREDDY'S,1900 MILITARY RD. NIAGARA FALLS NY 14303,1900 MILITARY RD,. NIAGARA FALLS,14303,ERIE,Discontinued,"September 19, 1991","January 10, 1994","January 10, 1994",NONE,,,unknown,yes
021075,Pharmacy,ALP FREDDY'S LIMITED PARTNERSHIP,FREDDY'S,3735 UNION RD. CHEEKTOWAGA NY 14225,3735 UNION RD,. CHEEKTOWAGA,14225,ERIE,Discontinued,"September 24, 1991","September 20, 1993","September 20, 1993",NONE,,,unknown,yes
021074,Pharmacy,ALP FREDDY'S LIMITED PARTNERSHIP,FREDDY'S,3330 SHERIDAN DR. AMHERST NY 14226,3330 SHERIDAN DR,. AMHERST,14226,ERIE,Transfer,"September 24, 1991","January 31, 1994","January 31, 1994",021980,,,unknown,yes
021081,Pharmacy,ALP FREDDY'S LIMITED PARTNERSHIP,FREDDY'S,1900 RIDGE RD. WEST SENECA NY 14224,1900 RIDGE RD,. WEST SENECA,14224,ERIE,Transfer,"September 19, 1991","January 31, 1994","January 31, 1994",021985,,,unknown,yes
021077,Pharmacy,ALP FREDDY'S LIMITED PARTNERSHIP,FREDDY'S,1381 RIDGE RD. ROCHESTER NY 14621,1381 RIDGE RD,. ROCHESTER,14621,ERIE,Discontinued,"September 19, 1991","January 10, 1994","January 10, 1994",NONE,,,unknown,yes
021176,Pharmacy,ALP FREDDY'S LIMITED PARTNERSHIP,FREDDY'S ALP LIMITED PARTNERSHIP,7980 TRANSIT RD. WILLIAMSVILLE NY 14221,7980 TRANSIT RD,. WILLIAMSVILLE,14221,ERIE,Discontinued,"March 12, 1992","September 13, 1993","September 13, 1993",NONE,,,unknown,yes
020628,Pharmacy,"ALTERNATE CARE PHARMACY, INC.",,495 COMMERCE DR. AMHERST NY 14228,495 COMMERCE DR,. AMHERST,14228,ERIE,Transfer,"June 18, 1990","September 17, 1991","September 17, 1991",021104,,,unknown,yes
041954,Pharmacy,"AMANA PHARMACY, INC.",RAHMA PHARMACY,964 BROADWAY ST BUFFALO NY 14212,964 BROADWAY ST,BUFFALO,14212,ERIE,Active,"September 16, 2025","August 31, 2028",,NONE,26,Census batch geocode + point-in-district,no,yes
036622,Pharmacy,"AMBER ENTERPRISES, INC.",AMBER SPECIALTY PHARMACY,520 ELLICOTT ST. SUITE 200 BUFFALO NY 14203,520 ELLICOTT ST,. BUFFALO,14203,ERIE,Discontinued,"March 20, 2019","November 17, 2023","November 17, 2023",NONE,26,geocoded earlier,no,yes
012393,Pharmacy,"AMDEL DRUG CO., INC.",,2130 DELAWARE AVE. BUFFALO NY 14216,2130 DELAWARE AVE,. BUFFALO,14216,ERIE,Discontinued,"February 10, 1969","March 29, 1989","March 29, 1989",NONE,,,unknown,yes
022332,Wholesaler/Repacker,AMERICAN ACCESS AND MOBILITY INC.,MERCY MEDICAL EQUIPMENT CO.,2170 UNION ROAD WEST SENECA NY 14224,2170 UNION ROAD,WEST SENECA,14224,ERIE,Discontinued,"January 19, 1995","August 31, 2001","August 31, 2001",NONE,,,unknown,no
024668,Wholesaler/Repacker,AMERICAN HOMECARE SUPPLY NEW YORK LLC,"AMERICAN HOMECARE SUPPLY, WESTERN NEW YORK",2170 UNION ROAD WEST SENECA NY 14224-1429,2170 UNION ROAD,WEST SENECA,14224,ERIE,Discontinued,"May 02, 2000","August 15, 2015","August 15, 2015",NONE,,,unknown,no
021437,Pharmacy,"AMERICAN HOMEPATIENT OF NEW YORK, INC.",,C/O PHARMACY 140 VILLAGE SQ. PAINTED POST NY 14870,140 VILLAGE SQ. PAINTED,POST,14870,STEUBEN,Discontinued,"October 29, 1992","March 19, 1999","March 19, 1999",NONE,23,county wholly in NY-23,yes,yes
023173,Pharmacy,"AMERICAN HOMEPATIENT OF NEW YORK, INC.",,C/O PHARMACY 6350 TRANSIT RD. DEPEW NY 14043,6350 TRANSIT RD,. DEPEW,14043,ERIE,Discontinued,"February 21, 1997","February 01, 2009","February 01, 2009",NONE,,,unknown,yes
021558,Wholesaler/Repacker,"AMERICAN HOMEPATIENT OF NEW YORK, INC.",,414 SOUTH HAMILTON ST. PAINTED POST NY 14870,414 SOUTH HAMILTON ST,. PAINTED POST,14870,STEUBEN,Discontinued,"June 23, 1993","June 30, 2010","June 30, 2010",NONE,23,county wholly in NY-23,yes,no
202377,Wholesaler/Repacker,"AMERICAN HOMEPATIENT OF NEW YORK, INC.",,254 SONWIL DRIVE CHEEKTOWAGA NY 14225,254 SONWIL DRIVE,CHEEKTOWAGA,14225,ERIE,Discontinued,"September 01, 1983","August 31, 2004","August 31, 2004",NONE,,,unknown,no
026435,Manufacturer,"AMERICAN MEDICAL GAS, LLC",,80 FRENCH RD. CHEEKTOWAGA NY 14227,80 FRENCH RD,. CHEEKTOWAGA,14227,ERIE,Discontinued,"January 08, 2004","January 31, 2013","January 31, 2013",NONE,,,unknown,no
021556,Wholesaler,AMERICAN NATIONAL RED CROSS,BLOOD SERVICES BUFFALO REGION,786 DELAWARE AVE. BUFFALO NY 14209,786 DELAWARE AVE,. BUFFALO,14209,ERIE,Discontinued,"January 14, 1993","September 21, 2004","September 21, 2004",NONE,,,unknown,no
022306,Wholesaler,"AMERICAN SALES COMPANY, INC.",,4201 WALDEN AVE. LANCASTER NY 14086,4201 WALDEN AVE,. LANCASTER,14086,ERIE,Discontinued,"December 23, 1994","December 31, 2018","December 31, 2018",NONE,,,unknown,no
304491,Wholesaler,"AMHERST PHARMACEUTICALS, INC.",,1600 NIAGARA FALLS BLVD TONAWANDA NY 14150,1600 NIAGARA FALLS BLVD,TONAWANDA,14150,ERIE,Discontinued,"September 17, 1985","September 18, 1990","September 18, 1990",NONE,,,unknown,no
010413,Pharmacy,ANTHONY-BROWN PHARMACY INC.,,4328 S. BUFFALO ST. ORCHARD PARK NY 14127,4328 S. BUFFALO ST,. ORCHARD PARK,14127,ERIE,Active,"January 02, 1964","January 31, 2028",,NONE,23,Census batch geocode + point-in-district,yes,yes
021867,Pharmacy,APALACHIN DRUG INC.,,6278 STATE ROUTE 434 APALACHIN NY 13732-2423,6278 STATE ROUTE 434,APALACHIN,13732,TIOGA,Not Active,Not On File,"October 13, 1993","October 13, 1993",NONE,23,county wholly in NY-23,yes,yes
020787,Pharmacy,APALACHIN PHARMACY INC.,,P.O. BOX 376 6278 STATE RTE 434 APALACHIN NY 13732,6278 STATE RTE 434,APALACHIN,13732,TIOGA,Transfer,"November 02, 1990","May 19, 1994","May 19, 1994",022109,23,county wholly in NY-23,yes,yes
024165,Wholesaler,APRIA HEALTHCARE LLC.,,452 E WATER STREET ELMIRA NY 14904-1311,452 E WATER STREET,ELMIRA,14904,CHEMUNG,Discontinued,"February 16, 1999","November 20, 2015","November 20, 2015",NONE,23,county wholly in NY-23,yes,no
021589,Wholesaler/Repacker,"APRIA HEALTHCARE OF NEW YORK STATE, INC.",,1975 WEHRLE DR. WILLIAMSVILLE NY 14221,1975 WEHRLE DR,. WILLIAMSVILLE,14221,ERIE,Discontinued,"April 29, 1993","November 17, 2008","November 17, 2008",NONE,,,unknown,no
020083,Pharmacy,"ARCESE, NELS",WARDS PHARMACY,WARDS PHARMACY 916 ELMWOOD AVE. BUFFALO NY 14222,WARDS PHARMACY 916 ELMWOOD AVE,. BUFFALO,14222,ERIE,Transfer,"January 11, 1989","September 27, 1990","September 27, 1990",020783,,,unknown,yes
016570,Pharmacy,"ARCESE, NELS F.",TARNERS PHARMACY,TARNERS PHARMACY 11 COMMERCIAL ST. ANGOLA NY 14006,TARNERS PHARMACY 11 COMMERCIAL ST,. ANGOLA,14006,ERIE,Discontinued,"October 01, 1979","October 26, 1993","October 26, 1993",NONE,,,unknown,yes
000822,Pharmacy,ARNOT OGDEN MEDICAL CENTER,,C/O PHARMACY 600 ROE AVE. ELMIRA NY 14905,600 ROE AVE,. ELMIRA,14905,CHEMUNG,Active,"July 05, 1946","July 31, 2028",,NONE,23,county wholly in NY-23,yes,no
040529,Wholesaler,ARNOT OGDEN MEDICAL CENTER,,600 ROE AVE. ELMIRA NY 14905,600 ROE AVE,. ELMIRA,14905,CHEMUNG,Active,"October 04, 2023","September 30, 2026",,NONE,23,county wholly in NY-23,yes,no
040443,Pharmacy,ARNOT OGDEN MEDICAL CENTER,,200 MADISON AVENUE SUITE G1 ELMIRA NY 14901,200 MADISON AVENUE,ELMIRA,14901,CHEMUNG,Active,"August 18, 2023","July 31, 2029",,NONE,23,county wholly in NY-23,yes,no
024310,Wholesaler/Repacker,ASSOCIATED HEALTHCARE SYSTEMS INC,,418 SPRING STREET JAMESTOWN NY 14701,418 SPRING STREET,JAMESTOWN,14701,CHAUTAUQUA,Discontinued,"May 12, 1999","August 17, 2001","August 17, 2001",NONE,23,county wholly in NY-23,yes,no
023273,Pharmacy,"ASSOCIATED HEALTHCARE SYSTEMS, INC.",ASSOCIATED HEALTHCARE PHARMACY #3,C/O PHARMACY 85 WOODRIDGE DR. AMHERST NY 14228,85 WOODRIDGE DR,. AMHERST,14228,ERIE,Discontinued,"June 17, 1997","June 14, 2001","June 14, 2001",NONE,,,unknown,yes
023083,Pharmacy,"ASSOCIATED HEALTHCARE SYSTEMS, INC.",ASSOCIATED HEALTH CARE PHARMACY,C/O PHARMACY 1031 MAIN ST. BUFFALO NY 14203,1031 MAIN ST,. BUFFALO,14203,ERIE,Discontinued,"October 31, 1996","November 30, 2013","November 30, 2013",NONE,,,unknown,yes
023139,Wholesaler/Repacker,"ASSOCIATED HEALTHCARE SYSTEMS, INC.",,85 WOODRIDGE DR. AMHERST NY 14228,85 WOODRIDGE DR,. AMHERST,14228,ERIE,Discontinued,"January 24, 1997","May 21, 2013","May 21, 2013",NONE,,,unknown,no
023272,Wholesaler,"ASSOCIATED HEALTHCARE SYSTEMS, INC.",,3950 E. ROBINSON RD. STE 103 AMHERST NY 14228,3950 E. ROBINSON RD,. AMHERST,14228,ERIE,Discontinued,"July 07, 1997","August 31, 1998","August 31, 1998",NONE,,,unknown,no
024163,Wholesaler/Repacker,"ASSOCIATED RESPIRATORY SERVICES,INC.",,2102 WEST STATE STREET OLEAN NY 14260,2102 WEST STATE STREET,OLEAN,14260,CATTARAUGUS,Discontinued,"July 02, 1999","August 23, 2007","August 23, 2007",NONE,23,county wholly in NY-23,yes,no
027196,Manufacturer,"ASTELLAS PHARMA MANUFACTURING, INC.",,3125 STALEY ROAD GRAND ISLAND NY 14072,3125 STALEY ROAD,GRAND ISLAND,14072,ERIE,Discontinued,"April 04, 2005","March 31, 2009","March 31, 2009",NONE,,,unknown,no
035973,Outsource Facility,"ATHENEX PHARMA SOLUTIONS, LLC",,11342 MAIN ST. CLARENCE NY 14031,11342 MAIN ST,. CLARENCE,14031,ERIE,Discontinued,"August 09, 2018","May 31, 2023","May 31, 2023",NONE,,,unknown,no
035379,Manufacturer,"ATHENEX PHARMA SOLUTIONS, LLC",,11342 MAIN ST. CLARENCE NY 14031,11342 MAIN ST,. CLARENCE,14031,ERIE,Discontinued,"April 26, 2017","August 18, 2023","August 18, 2023",NONE,,,unknown,no
304173,Wholesaler,"ATTEA, MILHEM, & BROS., INC.",,1509 CLINTON STREET BUFFALO NY 14206,1509 CLINTON STREET,BUFFALO,14206,ERIE,Discontinued,"October 26, 1979","April 02, 1992","April 02, 1992",NONE,,,unknown,no
020093,Wholesaler/Repacker,AURO PHARMACEUTICALS INC.,,80 EARHART DR. BLDG. 20 WILLIAMSVILLE NY 14221,80 EARHART DR,. WILLIAMSVILLE,14221,ERIE,Discontinued,"January 11, 1989","September 28, 1995","September 28, 1995",NONE,,,unknown,no
026636,Manufacturer,"AURORA LABS, LLC.",,645 PERSONS STREET EAST AURORA NY 14052,645 PERSONS STREET,EAST AURORA,14052,ERIE,Active,"June 09, 2004","May 31, 2028",,NONE,,,unknown,no
028753,Pharmacy,"AUTUMN VIEW HEALTH CARE FACILITY, LLC",,C/O PHARMACY 4650 SOUTHWESTERN BLVD. HAMBURG NY 14075,4650 SOUTHWESTERN BLVD,. HAMBURG,14075,ERIE,Discontinued,"February 21, 2008","June 13, 2023","June 13, 2023",NONE,23,Census batch geocode + point-in-district,yes,no
016608,Pharmacy,"AVERY'S PHARMACY, INC.",NORTH COLLINS PHARMACY,10504 MAIN ST. P.O. BOX 579 NORTH COLLINS NY 14111-0579,10504 MAIN ST,. NORTH COLLINS,14111,ERIE,Discontinued,"November 01, 1979","May 19, 2020","May 19, 2020",NONE,,,unknown,yes
304530,Wholesaler,"AZAN MEDICAL SUPPLY, INC.",,4800 LAKE AVE BLASDELL NY 14219,4800 LAKE AVE,BLASDELL,14219,ERIE,Discontinued,"January 16, 1987","June 26, 1989","June 26, 1989",NONE,,,unknown,no
012103,Pharmacy,B & R THOMAS DRUG STORE INC.,"THOMAS, B & R, DRUG STORE, INC. (X-REF.)",398 MAIN STREET EAST AURORA NY 14052,398 MAIN STREET,EAST AURORA,14052,ERIE,Transfer,"April 01, 1968","March 18, 1993","March 18, 1993",021633,,,unknown,yes
017702,Pharmacy,"BAILEY AVENUE CVS STORE, INC.",CVS/PHARMACY,3378 BAILEY AVE. BUFFALO NY 14215,3378 BAILEY AVE,. BUFFALO,14215,ERIE,Discontinued,"March 22, 1983","December 31, 1995","December 31, 1995",NONE,,,unknown,yes
022946,Pharmacy,"BAILEY PRESCRIPTION CENTER, INC.",BAILEY PHARMACY,2608 BAILEY AVE. BUFFALO NY 14215,2608 BAILEY AVE,. BUFFALO,14215,ERIE,Discontinued,"July 03, 1996","November 07, 2013","November 07, 2013",NONE,,,unknown,yes
011410,Pharmacy,"BALONE PHARMACY, INC.",GRAN-DEL PHARMACY,302 GRANT ST. BUFFALO NY 14213,302 GRANT ST,. BUFFALO,14213,ERIE,Discontinued,"September 26, 1966","April 06, 1998","April 06, 1998",NONE,,,unknown,yes
009564,Pharmacy,BARTHOLEMEW'S PHARMACY INC.,,2 ELM ST. AT MAIN FRANKLINVILLE NY 14737,2 ELM ST. AT MAIN,FRANKLINVILLE,14737,CATTARAUGUS,Active,"June 13, 1962","June 30, 2028",,NONE,23,county wholly in NY-23,yes,yes
020398,Wholesaler,BAXTER HEALTHCARE CORPORATION,,3356 WALDEN AVE. DEPEW NY 14043,3356 WALDEN AVE,. DEPEW,14043,ERIE,Not Registered,"December 19, 1989","December 31, 2024",,NONE,,,unknown,no
020397,Wholesaler,BAXTER HEALTHCARE CORPORATION,SONWIL DISTRIBUTION CENTER,SONWIL DISTRIBUTION CTR. 100-200 SONWIL DR. BUFFALO NY 14225,SONWIL DISTRIBUTION CTR. 100-200 SONWIL DR,. BUFFALO,14225,ERIE,Discontinued,"December 19, 1989","August 31, 1998","August 31, 1998",NONE,,,unknown,no
023103,Pharmacy,BAXTER HEALTHCARE CORPORATION,BAXTER HEALTHCARE RENAL DIVISION PHARMACY,C/O PHARMACY WALDEN BUSINESS CENTER 3356 WALDEN AVE. DEPEW NY 14043,WALDEN BUSINESS CENTER 3356 WALDEN AVE,. DEPEW,14043,ERIE,Transfer,"January 08, 1997","August 19, 2025","August 19, 2025",040758,23,Census batch geocode + point-in-district,yes,no
041402,Pharmacy,BD PHARMACY LLC,,3435 BAILEY AVE BUFFALO NY 14215,3435 BAILEY AVE,BUFFALO,14215,ERIE,Active,"July 25, 2025","June 30, 2028",,NONE,26,Census batch geocode + point-in-district,no,yes
010239,Pharmacy,"BENSON'S SURGICAL SUPPLY CO., INC.",,1005 KENMORE AVE. KENMORE NY 14217,1005 KENMORE AVE,. KENMORE,14217,ERIE,Discontinued,"December 16, 1963","July 06, 2006","July 06, 2006",NONE,,,unknown,yes
303213,Wholesaler,"BENSON'S SURGICAL SUPPLY CO., INC.",,1005 KENMORE AVE. KENMORE NY 14217,1005 KENMORE AVE,. KENMORE,14217,ERIE,Transfer,"September 01, 1965","June 10, 2008","June 10, 2008",028977,,,unknown,no
018352,Pharmacy,"BENTON, MECHELE LYNNE",FERVAN'S PHARMACY,FERVAN'S PHARMACY 10-12 MAIN ST. AVOCA NY 14809,FERVAN'S PHARMACY 10-12 MAIN ST,. AVOCA,14809,STEUBEN,Discontinued,"November 09, 1984","June 23, 2003","June 23, 2003",NONE,23,county wholly in NY-23,yes,yes
021482,Pharmacy,BENWOOD PHARMACY SERVICES INC.,,2787 MAIN ST. BUFFALO NY 14214,2787 MAIN ST,. BUFFALO,14214,ERIE,Discontinued,"December 09, 1992","May 01, 1996","May 01, 1996",NONE,,,unknown,yes
021730,Wholesaler,"BENWOOD PHARMACY SERVICES, INC.",,2787 MAIN ST. BUFFALO NY 14214,2787 MAIN ST,. BUFFALO,14214,ERIE,Discontinued,"June 11, 1993","August 31, 1995","August 31, 1995",NONE,,,unknown,no
008306,Pharmacy,BERT A. LIES PHARMACY INC.,"LIES, BERT A., PHARMACY INC.",1325 MILLERSPORT HWY. ROOM 105 WILLIAMSVILLE NY 14221,1325 MILLERSPORT HWY,. WILLIAMSVILLE,14221,ERIE,Discontinued,"October 09, 1959","April 30, 1997","April 30, 1997",NONE,,,unknown,yes
015277,Pharmacy,BERTRAND CHAFFEE HOSPITAL,,C/O PHARMACY 224 E. MAIN ST. SPRINGVILLE NY 14141,224 E. MAIN ST,. SPRINGVILLE,14141,ERIE,Active,"December 27, 1975","December 31, 2028",,NONE,23,Census batch geocode + point-in-district,yes,no
038131,Wholesaler,BERTRAND CHAFFEE HOSPITAL,,C/O PHARMACY 224 EAST MAIN ST. SPRINGVILLE NY 14141,224 EAST MAIN ST,. SPRINGVILLE,14141,ERIE,Active,"March 02, 2021","February 28, 2027",,NONE,,,unknown,no
013206,Pharmacy,"BESTWAY PHARMACY, INC.",,1030 E. STATE ST. OLEAN NY 14760,1030 E. STATE ST,. OLEAN,14760,CATTARAUGUS,Transfer,"January 03, 1971","August 07, 1991","August 07, 1991",021006,23,county wholly in NY-23,yes,yes
014017,Pharmacy,"BIGHAM DAMBACH PHARMACY, INC.",,720 ELMWOOD AVE. BUFFALO NY 14222,720 ELMWOOD AVE,. BUFFALO,14222,ERIE,Discontinued,"December 15, 1972","March 02, 1993","March 02, 1993",NONE,,,unknown,yes
023681,Pharmacy,BL ENTERPRISES INC.,"DILDINE PHARMACY, THE",3 LIBERTY AVE. BATH NY 14810,3 LIBERTY AVE,. BATH,14810,STEUBEN,Not Active,Not On File,"March 29, 2000","March 29, 2000",NONE,23,county wholly in NY-23,yes,yes
014228,Pharmacy,BLACK ROCK PHARMACY INC.,,431 TONAWANDA ST. BUFFALO NY 14207,431 TONAWANDA ST,. BUFFALO,14207,ERIE,Active,"January 01, 1973","January 31, 2028",,NONE,26,Census batch geocode + point-in-district,no,yes
032347,Pharmacy,BLITZ PHARMACY INC.,BLITZ PHARMACY,485 MAPLE ST. BIG FLATS NY 14814,485 MAPLE ST,. BIG,14814,CHEMUNG,Active,"October 25, 2013","September 30, 2028",,NONE,23,county wholly in NY-23,yes,yes
101270,Manufacturer,"BOC GROUP, INC., THE",BOC GASES,BOC GASES 101 KATHERINE ST. BUFFALO NY 14210,BOC GASES 101 KATHERINE ST,. BUFFALO,14210,ERIE,Transfer,"June 07, 1988","June 12, 2009","June 12, 2009",029462,,,unknown,no
000992,Pharmacy,"BOOKE, MAURICE, EST. OF",DEL-MOR PHARMACY,DEL-MOR PHARMACY 1410 DELAWARE AVE. BUFFALO NY 14209,DEL-MOR PHARMACY 1410 DELAWARE AVE,. BUFFALO,14209,ERIE,Transfer,"September 01, 1943","May 05, 1992","May 05, 1992",020999,,,unknown,yes
023593,Pharmacy,BPNY ACQUISITION CORPORATION,OMNICARE OF WESTERN NEW YORK,C/O PHARMACY 2410 NO. AMERICA DRIVE WEST SENECA NY 14224-5315,2410 NO. AMERICA DRIVE,WEST SENECA,14224,ERIE,Discontinued,"March 13, 1998","September 08, 2017","September 08, 2017",NONE,26,unmatched address; town wholly in/out of NY-23 (assumed),no,yes
024400,Wholesaler/Repacker,BRADLEY SUPPLY INC.,,25 NORTH TRANSIT ROAD HORNELL NY 14843,25 NORTH TRANSIT ROAD,HORNELL,14843,STEUBEN,Active,"July 27, 1999","July 31, 2028",,NONE,23,county wholly in NY-23,yes,no
012125,Pharmacy,"BRIGHTON-EGGERT PHARMACY, INC.",,935 BRIGHTON RD. TONAWANDA NY 14150,935 BRIGHTON RD,. TONAWANDA,14150,ERIE,Active,"April 03, 1968","April 30, 2028",,NONE,26,Census batch geocode + point-in-district,no,yes
022990,Pharmacy,BROADWAY PENORA INC.,TOPS MARKET,5175 BROADWAY DEPEW NY 14043,5175 BROADWAY,DEPEW,14043,ERIE,Transfer,"September 06, 1996","February 10, 2025","February 10, 2025",041159,23,Census batch geocode + point-in-district,yes,yes
020410,Pharmacy,BROADWAY PRESCRIPTION CENTER INC.,,163 BROADWAY ST. BUFFALO NY 14204,163 BROADWAY ST,. BUFFALO,14204,ERIE,Discontinued,"February 07, 1990","August 10, 1995","August 10, 1995",NONE,,,unknown,yes
019286,Pharmacy,"BROOKS DRUG OF NEW YORK, INC.",BROOKS PHARMACY,83 MAIN ST HORNELL NY 14843,83 MAIN ST,HORNELL,14843,STEUBEN,Transfer,"November 24, 1986","January 01, 1990","January 01, 1990",020503,23,county wholly in NY-23,yes,yes
019291,Pharmacy,"BROOKS DRUG OF NEW YORK, INC.",BROOKS PHARMACY,339 CENTRAL AVE DUNKIRK NY 14048,339 CENTRAL AVE,DUNKIRK,14048,CHAUTAUQUA,Transfer,"November 24, 1986","January 01, 1990","January 01, 1990",020495,23,county wholly in NY-23,yes,yes
019290,Pharmacy,"BROOKS DRUG OF NEW YORK, INC.",BROOKS PHARMACY,TIOGA BLVD.  RTE. 17 APALACHIN NY 13732,TIOGA BLVD. RTE. 17,APALACHIN,13732,TIOGA,Transfer,"November 24, 1986","January 01, 1990","January 01, 1990",020484,23,county wholly in NY-23,yes,yes
019303,Pharmacy,"BROOKS DRUG OF NEW YORK, INC.",BROOKS PHARMACY,764 FOOTE AVE JAMESTOWN NY 14701,764 FOOTE AVE,JAMESTOWN,14701,CHAUTAUQUA,Transfer,"November 24, 1986","January 01, 1990","January 01, 1990",020506,23,county wholly in NY-23,yes,yes
019302,Pharmacy,"BROOKS DRUG OF NEW YORK, INC.",BROOKS PHARMACY,EAST MAIN & PEARL STREET WESTFIELD NY 14787,EAST MAIN & PEARL STREET,WESTFIELD,14787,CHAUTAUQUA,Transfer,"November 24, 1986","January 01, 1990","January 01, 1990",020529,23,county wholly in NY-23,yes,yes
019300,Pharmacy,"BROOKS DRUG OF NEW YORK, INC.",BROOKS PHARMACY,23 LANGDON PLAZA ELMIRA NY 14901,23 LANGDON PLAZA,ELMIRA,14901,CHEMUNG,Transfer,"November 24, 1986","January 01, 1990","January 01, 1990",020498,23,county wholly in NY-23,yes,yes
021362,Pharmacy,"BROOKS DRUG, INC.",BROOKS PHARMACY #263,437 MAIN ST. DUNKIRK NY 14048,437 MAIN ST,. DUNKIRK,14048,CHAUTAUQUA,Not Active,Not On File,"July 10, 1992","July 10, 1992",NONE,23,county wholly in NY-23,yes,yes
020495,Pharmacy,"BROOKS DRUG, INC.",CVS/PHARMACY,CVS/PHARMACY 437 MAIN ST. DUNKIRK NY 14048,CVS/PHARMACY 437 MAIN ST,. DUNKIRK,14048,CHAUTAUQUA,Discontinued,"February 09, 1990","February 28, 1998","February 28, 1998",NONE,23,county wholly in NY-23,yes,yes
012037,Pharmacy,"BROOKS, CHESTER M., PHARMACY, INC.",BROOKS MEDICAL,S-4481 LAKE SHORE RD. HAMBURG NY 14075,S4481 LAKE SHORE RD,. HAMBURG,14075,ERIE,Transfer,"January 01, 1968","February 14, 2013","February 14, 2013",031767,,,unknown,yes
000787,Pharmacy,"BROOKS-TLC HOSPITAL SYSTEM, INC.",,C/O PHARMACY 529 CENTRAL AVE. DUNKIRK NY 14048,529 CENTRAL AVE,. DUNKIRK,14048,CHAUTAUQUA,Active,"March 01, 1944","March 31, 2028",,NONE,23,county wholly in NY-23,yes,no
036856,Pharmacy,"BROOKS-TLC HOSPITAL SYSTEM, INC.",,C/O PHARMACY 845 ROUTES 5 & 20 IRVING NY 14081,845 ROUTES 5 & 20,IRVING,14081,CHAUTAUQUA,Discontinued,"March 29, 2019","February 28, 2020","February 28, 2020",NONE,23,county wholly in NY-23,yes,no
019385,Pharmacy,"BROOKSIDE PARK PHARMACY, INC.",,2630 NORTH AMERICA DR. W. SENECA NY 14224,2630 NORTH AMERICA DR,. W. SENECA,14224,ERIE,Transfer,"March 04, 1987","March 13, 1998","March 13, 1998",023593,,,unknown,yes
015825,Pharmacy,BROTHERS OF MERCY NURSING HOME COMPANY INC.,"BOMNH CO., INC.",C/O PHARMACY 10570 BERGTOLD RD. CLARENCE NY 14031-6223,10570 BERGTOLD RD,. CLARENCE,14031,ERIE,Discontinued,"May 10, 1977","July 31, 1996","July 31, 1996",NONE,,,unknown,no
011087,Pharmacy,"BROWN, C.A., HANOVER SQUARE PHARMACY INC.",,101 S. MAIN ST. HORSEHEADS NY 14845,101 S. MAIN ST,. HORSEHEADS,14845,CHEMUNG,Discontinued,"November 28, 1965","October 20, 1994","October 20, 1994",NONE,23,county wholly in NY-23,yes,yes
017219,Pharmacy,"BRY-LIN HOSPITALS, INC.",,PHARMACY DEPARTMENT 1263 DELAWARE AVE BUFFALO NY 14209,PHARMACY 1263 DELAWARE AVE,BUFFALO,14209,ERIE,Active,"July 01, 1981","July 31, 2028",,NONE,26,Census batch geocode + point-in-district,no,no
022552,Pharmacy,BRYLIN HOSPITALS,,11438 GENESEE ST. ALDEN NY 14004,11438 GENESEE ST,. ALDEN,14004,ERIE,Not Active,Not On File,"May 22, 1998","May 22, 1998",NONE,,,unknown,no
020026,Pharmacy,"BUFFALO CLINICAL SERVICES, INC.",UNION MEDICAL PHARMACY,1769 ORCHARD PARK RD. WEST SENECA NY 14224,1769 ORCHARD PARK RD,. WEST SENECA,14224,ERIE,Active,"November 14, 1988","November 30, 2028",,NONE,26,geocoded earlier,no,no
000999,Pharmacy,BUFFALO COLUMBUS HOSPITAL,,C/O PHARMACY 300 NIAGARA ST. BUFFALO NY 14201,300 NIAGARA ST,. BUFFALO,14201,ERIE,Transfer,"January 01, 1931","August 15, 1996","August 15, 1996",022985,,,unknown,no
303215,Wholesaler,BUFFALO DENTAL INC.,,3020 BAILEY AVE. BUFFALO NY 14215,3020 BAILEY AVE,. BUFFALO,14215,ERIE,Discontinued,"September 01, 1959","May 11, 1995","May 11, 1995",NONE,,,unknown,no
022985,Pharmacy,BUFFALO GENERAL HOSPITAL,COLUMBUS COMMUNITY HEALTH CENTER,C/O PHARMACY 300 NIAGARA ST. BUFFALO NY 14201,300 NIAGARA ST,. BUFFALO,14201,ERIE,Discontinued,"August 15, 1996","October 19, 1998","October 19, 1998",NONE,,,unknown,no
023085,Pharmacy,BUFFALO GENERAL HOSPITAL,DEACONESS SKILLED NURSING FACILITY,1001 HUMBOLDT PARKWAY BUFFALO NY 14208,1001 HUMBOLDT PARKWAY,BUFFALO,14208,ERIE,Transfer,"December 23, 1996","May 21, 2002","May 21, 2002",025381,26,unmatched address; town wholly in/out of NY-23 (assumed),no,no
001000,Pharmacy,"BUFFALO GENERAL HOSPITAL, THE",,C/O PHARMACY 100 HIGH ST. BUFFALO NY 14203,100 HIGH ST,. BUFFALO,14203,ERIE,Transfer,"January 01, 1931","May 21, 2002","May 21, 2002",025383,,,unknown,no
001027,Pharmacy,"BUFFALO GENERAL HOSPITAL, THE",DEACONESS DIVISION,C/O PHARMACY DEACONESS DIVISION 1001 HUMBOLDT PKWY. BUFFALO NY 14208,DEACONESS DIVISION 1001 HUMBOLDT PKWY,. BUFFALO,14208,ERIE,Discontinued,"January 01, 1931","June 22, 1993","June 22, 1993",NONE,,,unknown,no
304296,Wholesaler,"BUFFALO GENERAL HOSPITAL, THE",,100 HIGH STREET BUFFALO NY 14203,100 HIGH STREET,BUFFALO,14203,ERIE,Discontinued,"September 02, 1981","June 05, 2002","June 05, 2002",NONE,,,unknown,no
304105,Wholesaler,"BUFFALO HOSPITAL SUPPLY CO., INC.",,4039 GENESEE ST. BUFFALO NY 14225,4039 GENESEE ST,. BUFFALO,14225,ERIE,Not Registered,"January 11, 1979","January 31, 2022",,NONE,,,unknown,no
202359,Wholesaler/Repacker,BUFFALO OXYGEN SERVICE INC.,,3690 SOUTHWESTERN BLVD. ORCHARD PARK NY 14127,3690 SOUTHWESTERN BLVD,. ORCHARD PARK,14127,ERIE,Transfer,"October 05, 1982","April 21, 1997","April 21, 1997",023175,,,unknown,no
021600,Pharmacy,BUFFALO PHARMACIES INC.,CLEVE-HILL DRUG,1479 KENSINGTON AVE. BUFFALO NY 14215,1479 KENSINGTON AVE,. BUFFALO,14215,ERIE,Discontinued,"March 05, 1993","November 29, 2023","November 29, 2023",NONE,26,Census batch geocode + point-in-district,no,yes
034949,Wholesaler,BUFFALO PHARMACIES INC.,CLEVE-HILL DRUG,1479 KENSINGTON AVE. BUFFALO NY 14215-1436,1479 KENSINGTON AVE,. BUFFALO,14215,ERIE,Discontinued,"September 29, 2016","August 15, 2022","August 15, 2022",NONE,,,unknown,no
024313,Wholesaler,BUFFALO PHARMACIES INC.,BUFFALO PHARMACIES INSTITUTIONAL,2752 HARLEM RD. CHEEKTOWAGA NY 14221,2752 HARLEM RD,. CHEEKTOWAGA,14221,ERIE,Discontinued,"May 07, 1999","February 16, 2001","February 16, 2001",NONE,,,unknown,no
022231,Pharmacy,BUFFALO PHARMACIES INC.,BUFFALO PHARMACIES INSTITUTIONAL,20 LAWRENCE BELL DR. WILLIAMSVILLE NY 14221,20 LAWRENCE BELL DR,. WILLIAMSVILLE,14221,ERIE,Active,"October 01, 1994","October 31, 2028",,NONE,26,Census batch geocode + point-in-district,no,yes
021604,Pharmacy,BUFFALO PHARMACIES INC.,KOHLER REDDEN PHARMACY,1100 KENMORE AVE. BUFFALO NY 14216,1100 KENMORE AVE,. BUFFALO,14216,ERIE,Discontinued,"March 05, 1993","May 21, 1996","May 21, 1996",NONE,,,unknown,yes
021603,Pharmacy,BUFFALO PHARMACIES INC.,WILLIAM HARLEM PHARMACY,2345 WILLIAM ST. CHEEKTOWAGA NY 14206,2345 WILLIAM ST,. CHEEKTOWAGA,14206,ERIE,Discontinued,"March 05, 1993","June 26, 1997","June 26, 1997",NONE,,,unknown,yes
021601,Pharmacy,BUFFALO PHARMACIES INC.,HIGHLAND PHARMACY,224 HIGHLAND PKWY. KENMORE NY 14223,224 HIGHLAND PKWY,. KENMORE,14223,ERIE,Discontinued,"March 05, 1993","May 21, 1996","May 21, 1996",NONE,,,unknown,yes
020214,Pharmacy,"BUFFALO PHARMACY GROUP, INC.",HIGH STREET PRESCRIPTION CENTER,"100 HIGH ST. ""C"" BUILDING ROTUNDA 1ST. FLOOR BUFFALO NY 14203",100 HIGH ST,". ""C"" BUILDING ROTUNDA 1ST.",14203,ERIE,Transfer,"May 05, 1989","April 21, 1995","April 21, 1995",022444,,,unknown,yes
006475,Pharmacy,BUFFALO PSYCHIATRIC CENTER,,C/O PHARMACY DEPT. 400 FOREST AVE. BLDG 62-1ST FLOOR NORTH BUFFALO NY 14213,DEPT. 400 FOREST AVE,. BUFFALO,14213,ERIE,Active,"January 01, 1931","January 31, 2028",,NONE,26,geocoded earlier,no,yes
021179,Pharmacy,BUFFALO PSYCHIATRIC CENTER SOUTH,,C/O PHARMACY HELMUTH NY 14079,,HELMUTH,14079,ERIE,Discontinued,"December 25, 1991","April 08, 1994","April 08, 1994",NONE,,,unknown,yes
202475,Wholesaler,BUFFALO REHAB AND HOME CARE INC.,,389 NAGEL DR. CHEEKTOWAGA NY 14225,389 NAGEL DR,. CHEEKTOWAGA,14225,ERIE,Discontinued,"June 01, 1987","March 10, 1993","March 10, 1993",NONE,,,unknown,no
012970,Pharmacy,BUFFALO RX PRESCRIPTION CENTER INC.,RX PRESCRIPTION CENTER,3333 HARLEM RD. CHEEKTOWAGA NY 14225,3333 HARLEM RD,. CHEEKTOWAGA,14225,ERIE,Discontinued,"July 01, 1970","August 28, 1997","August 28, 1997",NONE,,,unknown,yes
303222,Wholesaler,BUFFALO VIKING MACHINE TOOL CORPORATION,ELMWOOD DIVISION,ELMWOOD DIVISION 2180 ELMWOOD AVE. BUFFALO NY 14216,ELMWOOD DIVISION 2180 ELMWOOD AVE,. BUFFALO,14216,ERIE,Discontinued,"April 01, 1970","August 31, 1989","August 31, 1989",NONE,,,unknown,no
028581,Wholesaler/Repacker,BUFFALO WELDING CORP.,,396 GRAND ISLAND BLVD. TONAWANDA NY 14150-6596,396 GRAND ISLAND BLVD,. TONAWANDA,14150,ERIE,Discontinued,"April 13, 2011","April 29, 2016","April 29, 2016",NONE,,,unknown,no
202271,Wholesaler/Repacker,"BUFFALO WELDING SUPPLY CO., INC.",,396 GRAND ISLAND BLVD. TONAWANDA NY 14150,396 GRAND ISLAND BLVD,. TONAWANDA,14150,ERIE,Discontinued,"August 22, 1978","April 13, 2011","April 13, 2011",NONE,,,unknown,no
019397,Pharmacy,"C-H HOME CARE, LTD.",NORTON DRUG STORE,489 N. UNION STREET OLEAN NY 14760,489 N. UNION STREET,OLEAN,14760,CATTARAUGUS,Discontinued,"March 17, 1987","April 15, 1988","April 15, 1988",NONE,23,county wholly in NY-23,yes,no
024476,Pharmacy,CAD/CAM ORTHOTICS INC.,MADISON AVE. PHARMACY,"C/O PHARMACY 200 MADISON AVE., STE.1G ELMIRA NY 14901",200 MADISON AVE,"., ELMIRA",14901,CHEMUNG,Discontinued,"October 20, 1999","April 19, 2010","April 19, 2010",NONE,23,county wholly in NY-23,yes,yes
013393,Pharmacy,"CAMP ROAD PHARMACY, INC.",,503 SUNSET DR. HAMBURG NY 14075-4231,503 SUNSET DR,. HAMBURG,14075,ERIE,Discontinued,"June 04, 1971","May 20, 2006","May 20, 2006",NONE,,,unknown,yes
025316,Wholesaler,"CARA EQUIPMENT & SUPPLY COMPANY, INC., THE",CARA MEDICAL,739 ENGLEWOOD AVENUE BUFFALO NY 14223-2406,739 ENGLEWOOD AVENUE,BUFFALO,14223,ERIE,Active,"July 26, 2002","July 31, 2028",,NONE,,,unknown,no
034426,Wholesaler,"CARDINAL HEALTH 110, LLC",PARMED PHARMACEUTICALS,4220 HYDE PARK BLVD NIAGARA FALLS NY 14305,4220 HYDE PARK BLVD,NIAGARA FALLS,14305,NIAGARA,Discontinued,"April 14, 2016","February 06, 2017","February 06, 2017",NONE,,,unknown,no
023073,Wholesaler,CARDINAL HEALTH 200 INC.,,3356 WALDEN AVENUE WALDEN BUSINESS CENTER DEPEW NY 14043,3356 WALDEN AVENUE WALDEN BUSINESS CENTER,DEPEW,14043,ERIE,Transfer,"October 30, 1996","December 30, 2009","December 30, 2009",029886,,,unknown,no
029886,Wholesaler,"CARDINAL HEALTH 200, LLC",,3356 WALDEN AVE DEPEW NY 14043,3356 WALDEN AVE,DEPEW,14043,ERIE,Active,"December 30, 2009","November 30, 2027",,NONE,,,unknown,no
021485,Wholesaler/Repacker,"CARDINAL HEALTH 414,  INC.",CARDINAL HEALTH,C/O PHARMACY 303 CAYUGA RD. - MSG CHEEKTOWAGA NY 14225,303 CAYUGA RD,. - MSG CHEEKTOWAGA,14225,ERIE,Discontinued,"January 08, 1993","August 07, 2008","August 07, 2008",NONE,,,unknown,no
021491,Pharmacy,"CARDINAL HEALTH 414, LLC",CARDINAL HEALTH,C/O PHARMACY 303 CAYUGA RD. - MSG CHEEKTOWAGA NY 14225,303 CAYUGA RD,. - MSG CHEEKTOWAGA,14225,ERIE,Active,"January 08, 1993","January 31, 2028",,NONE,26,Census batch geocode + point-in-district,no,yes
018667,Pharmacy,"CARDINAL-BAILEY, INC.",DELAVAN BAILEY DRUG COMPANY,2502 BAILEY AVE. BUFFALO NY 14215,2502 BAILEY AVE,. BUFFALO,14215,ERIE,Discontinued,"June 21, 1985","March 18, 1989","March 18, 1989",NONE,,,unknown,yes
018666,Pharmacy,"CARDINAL-WILLIAM, INC.",BUFFALO PHARMACIES,2345 WILLIAM ST. BUFFALO NY 14206,2345 WILLIAM ST,. BUFFALO,14206,ERIE,Transfer,"June 21, 1985","March 05, 1993","March 05, 1993",021603,,,unknown,yes
019848,Pharmacy,"CARE CENTER PHARMACY, INC., THE",GOWANDA PHARMACY,41 W. MAIN ST. GOWANDA NY 14070,41 W. MAIN ST,. GOWANDA,14070,CATTARAUGUS,Discontinued,"June 30, 1988","November 17, 2010","November 17, 2010",NONE,23,county wholly in NY-23,yes,yes
024529,Pharmacy,"CARE CENTER PHARMACY, INC.,THE",,17 WEST LUCAS AVENUE DUNKIRK NY 14048,17 WEST LUCAS AVENUE,DUNKIRK,14048,CATTARAUGUS,Discontinued,"April 20, 2000","March 07, 2016","March 07, 2016",NONE,23,county wholly in NY-23,yes,yes
028285,Pharmacy,"CARE CENTER RX AND MEDICAL SUPPLY INC.,THE",WESTFIELD APOTHECARY,55 EAST MAIN STREET WESTFIELD NY 14787,55 EAST MAIN STREET,WESTFIELD,14787,CHAUTAUQUA,Discontinued,"March 23, 2007","June 24, 2013","June 24, 2013",NONE,23,county wholly in NY-23,yes,yes
027793,Pharmacy,"CARE CENTER RX AND MEDICAL SUPPLY, INC.,THE",,15 WEST LUCAS AVE DUNKIRK NY 14048-0552,15 WEST LUCAS AVE,DUNKIRK,14048,CHAUTAUQUA,Discontinued,"April 27, 2006","June 25, 2013","June 25, 2013",NONE,23,county wholly in NY-23,yes,yes
031666,Pharmacy,CARE MORE PHARMACY LLC.,ELITE CARE PHARMACY,319 RIDGE RD. LACKAWANNA NY 14218,319 RIDGE RD,. LACKAWANNA,14218,ERIE,Active,"February 28, 2013","January 31, 2028",,NONE,26,Census batch geocode + point-in-district,no,yes
019864,Pharmacy,CAREMARK INC.,CAREMARK PHARMACY SERVICES,375 NO. FRENCH RD. SUITE 108 AMHERST NY 14228,375 NO. FRENCH RD,. AMHERST,14228,ERIE,Transfer,"June 15, 1988","June 20, 1995","June 20, 1995",022522,,,unknown,yes
020849,Pharmacy,CAREMARK INC.,CAREMARK PHARMACY SERVICES,375 N. FRENCH SUITE 100 AMHERST NY 14228,375 N. FRENCH,AMHERST,14228,ERIE,Discontinued,"February 05, 1991","October 09, 1991","October 09, 1991",NONE,,,unknown,yes
020595,Wholesaler,CAREMARK INC.,,375 NO. FRENCH RD. SUITE 100 AMHERST NY 14228,375 NO. FRENCH RD,. AMHERST,14228,ERIE,Discontinued,"May 03, 1990","October 09, 1991","October 09, 1991",NONE,,,unknown,no
019424,Pharmacy,"CARLS DRUG CO., INC.",FAYS DRUGS,GARDNER & WESTINGHOUSE RD ROUTE 14 HORSEHEADS NY 14845,GARDNER & WESTINGHOUSE RD ROUTE 14,HORSEHEADS,14845,CHEMUNG,Transfer,"April 22, 1987","June 03, 1993","June 03, 1993",021764,23,county wholly in NY-23,yes,yes
019121,Pharmacy,"CARLS DRUG CO., INC.",FAYS DRUGS,209 MT. ZOAR ST. ELMIRA NY 14902,209 MT. ZOAR ST,. ELMIRA,14902,CHEMUNG,Transfer,"May 23, 1986","June 03, 1993","June 03, 1993",021766,23,county wholly in NY-23,yes,yes
017132,Pharmacy,"CARLS DRUG CO., INC.",FAYS DRUGS,PULTENEY ST & BUFFALO ST CORNING NY 14830,PULTENEY ST & BUFFALO ST,CORNING,14830,STEUBEN,Transfer,"August 30, 1980","June 03, 1993","June 03, 1993",021772,23,county wholly in NY-23,yes,yes
017123,Pharmacy,"CARLS DRUG CO., INC.",FAYS DRUGS,400 W. MORRIS ST. BATH NY 14810,400 W. MORRIS ST,. BATH,14810,STEUBEN,Transfer,"August 30, 1980","June 03, 1993","June 03, 1993",021773,23,county wholly in NY-23,yes,yes
031469,Pharmacy,"CASEY'S PRESCRIPTION PAD, INC.",,5844 SOUTHWESTERN BLVD. SUITE 300 HAMBURG NY 14075,5844 SOUTHWESTERN BLVD,. HAMBURG,14075,ERIE,Active,"September 19, 2012","August 31, 2027",,NONE,23,geocoded earlier,yes,yes
018684,Pharmacy,"CASSADAGA PHARMACY, INC.",,33 MAIN STREET CASSADAGA NY 14718,33 MAIN STREET,CASSADAGA,14718,CHAUTAUQUA,Discontinued,"July 03, 1985","September 30, 1991","September 30, 1991",NONE,23,county wholly in NY-23,yes,yes
029376,Pharmacy,"CATHOLIC HEALTH SYSTEM INFUSION PHARMACY, INC.",CATHOLIC HEALTH INFUSION PHARMACY,6350 TRANSIT RD DEPEW NY 14043,6350 TRANSIT RD,DEPEW,14043,ERIE,Active,"April 02, 2009","March 31, 2027",,NONE,26,Census batch geocode + point-in-district,no,no
035500,Pharmacy,"CATHOLIC HEALTH SYSTEM INFUSION PHARMACY, INC.",CATHOLIC HEALTH RX AT SISTERS HOSPITAL,2157 MAIN ST. BUFFALO NY 14214,2157 MAIN ST,. BUFFALO,14214,ERIE,Active,"June 14, 2017","May 31, 2029",,NONE,26,Census batch geocode + point-in-district,no,no
015757,Pharmacy,CATTARAUGUS INDIAN RESERVATION HEALTH CENTER,,1510 ROUTE 438 IRVING NY 14081,1510 ROUTE 438,IRVING,14081,ERIE,Discontinued,"March 11, 1977","September 02, 1994","September 02, 1994",NONE,23,unmatched address; town wholly in/out of NY-23 (assumed),yes,no
022975,Pharmacy,CATTARAUGUS TERRITORY HEALTH CENTER,,C/O PHARMACY 275 THOMAS INDIAN SCHOOL EXTENSION IRVING NY 14081,275 THOMAS INDIAN SCHOOL EXTENSION,IRVING,14081,ERIE,Active,"August 16, 1996","August 31, 2028",,NONE,23,unmatched address; town wholly in/out of NY-23 (assumed),yes,no
500129,Storekeeper,"CAVE, HELEN MARY",STOCKTON VARIETY STORE,STOCKTON VARIETY STORE RAILROAD AVENUE STOCKTON NY 14784,STOCKTON VARIETY STORE RAILROAD AVENUE,STOCKTON,14784,CHAUTAUQUA,Discontinued,"June 29, 1966","December 31, 1998","December 31, 1998",NONE,23,county wholly in NY-23,yes,no
024752,Pharmacy,CBC PHARMACY INC,THE MEDICINE SHOPPE #1518,8836 STATE ROUTE 434 APALACHIN NY 13732,8836 STATE ROUTE 434,APALACHIN,13732,TIOGA,Transfer,"October 20, 2000","January 13, 2006","January 13, 2006",027659,23,county wholly in NY-23,yes,yes
019754,Wholesaler,"CENTRAL NEW YORK, INC.",,78 BENBRO DRIVE CHEEKTOWAGA NY 14225,78 BENBRO DRIVE,CHEEKTOWAGA,14225,ERIE,Discontinued,"March 17, 1988","August 31, 1989","August 31, 1989",NONE,,,unknown,no
101414,Manufacturer,"CENTRAL RADIOPHARMACEUTICAL SERVICES, INC.",,DEPT. OF NUCLEAR MEDICINE SUNY AT BUFFALO 105/44 PARKER HALL BUFFALO NY 14214-3007,DEPT. OF NUCLEAR MEDICINE SUNY AT BUFFALO 105/44 PARKER HALL,BUFFALO,14214,ERIE,Not Registered,"September 05, 1986","August 31, 2024",,NONE,,,unknown,no
025296,Manufacturer,"CENTRAL RADIOPHARMACEUTICAL SERVICES, INC.",,840 AERO DR. SUITE 150 CHEEKTOWAGA NY 14225,840 AERO DR,. CHEEKTOWAGA,14225,ERIE,Transfer,"May 10, 2002","May 06, 2009","May 06, 2009",029449,,,unknown,no
016244,Pharmacy,"CENTREX PHARMACY, INC.",,455 CENTER RD. WEST SENECA NY 14224,455 CENTER RD,. WEST SENECA,14224,ERIE,Discontinued,"September 18, 1978","April 18, 2002","April 18, 2002",NONE,,,unknown,yes
028364,Wholesaler,"CFRM ENTERPRISES, INC.",GXC IMAGING,255 COOPER AVE. SUITE 110 TONAWANDA NY 14150,255 COOPER AVE,. TONAWANDA,14150,ERIE,Discontinued,"June 02, 2008","December 31, 2013","December 31, 2013",NONE,,,unknown,no
012579,Pharmacy,"CHASE, CARL",BEAVER PHARMACY,BEAVER PHARMACY 7 MAIN ST. CANISTEO NY 14823,BEAVER PHARMACY 7 MAIN ST,. CANISTEO,14823,STEUBEN,Transfer,"July 01, 1969","February 10, 1997","February 10, 1997",023137,23,county wholly in NY-23,yes,yes
041043,Pharmacy,"CHAUTAUQUA CENTER, INC. THE",SOUTH DAYTON PHARMACY,303 PINE STREET SOUTH DAYTON NY 14138,303 PINE STREET,SOUTH DAYTON,14138,CHAUTAUQUA,Active,"October 29, 2024","September 30, 2027",,NONE,23,county wholly in NY-23,yes,yes
038085,Pharmacy,"CHAUTAUQUA CENTER, INC. THE",WATERFRONT PHARMACY,107 INSTITUTE ST. JAMESTOWN NY 14701,107 INSTITUTE ST,. JAMESTOWN,14701,CHAUTAUQUA,Active,"September 14, 2020","August 31, 2029",,NONE,23,county wholly in NY-23,yes,yes
039946,Pharmacy,"CHAUTAUQUA CENTER, INC., THE",WATERFRONT PHARMACY,75 E THIRD ST DUNKIRK NY 14048,75 E THIRD ST,DUNKIRK,14048,CHAUTAUQUA,Active,"January 25, 2023","December 31, 2028",,NONE,23,county wholly in NY-23,yes,yes
017294,Pharmacy,CHAUTAUQUA COUNTY CHAPTER NYSARC INC.,THE RESOURCE CENTER PHARMACY,C/O PHARMACY 712 WEST 8TH STREET JAMESTOWN NY 14701,712 WEST 8TH STREET,JAMESTOWN,14701,CHAUTAUQUA,Active,"October 26, 1981","October 31, 2028",,NONE,23,county wholly in NY-23,yes,yes
014882,Pharmacy,CHAUTAUQUA COUNTY HOME,,C/O PHARMACY TEMPLE RD. DUNKIRK NY 14048,TEMPLE RD,. DUNKIRK,14048,CHAUTAUQUA,Discontinued,"December 01, 1974","October 31, 2014","October 31, 2014",NONE,23,county wholly in NY-23,yes,yes
014460,Pharmacy,CHEMUNG COUNTY HEALTH CENTER,,C/O PHARMACY 103 WASHINGTON ST. ELMIRA NY 14901,103 WASHINGTON ST,. ELMIRA,14901,CHEMUNG,Active,"July 09, 1971","July 31, 2028",,NONE,23,county wholly in NY-23,yes,no
001008,Pharmacy,"CHILDREN'S HOSPITAL OF BUFFALO, THE",,C/O PHARMACY 219 BRYANT ST. BUFFALO NY 14222,219 BRYANT ST,. BUFFALO,14222,ERIE,Transfer,"January 01, 1931","May 21, 2002","May 21, 2002",025379,,,unknown,no
007792,Pharmacy,"CHODOROW, WILFRED",DONOVAN'S DRUG STORE,DONOVAN'S DRUG STORE 2824 DELAWARE AVE. KENMORE NY 14217,DONOVAN'S DRUG STORE 2824 DELAWARE AVE,. KENMORE,14217,ERIE,Discontinued,"August 15, 1958","August 20, 1989","August 20, 1989",NONE,,,unknown,yes
014798,Pharmacy,"CLARENCE LEADER PHARMACY, INC.",,8899 MAIN ST. WILLIAMSVILLE NY 14221,8899 MAIN ST,. WILLIAMSVILLE,14221,ERIE,Discontinued,"November 01, 1974","December 16, 1996","December 16, 1996",NONE,,,unknown,yes
034628,Pharmacy,CLARENCE PHARMACY LLC,CLARENCE PHARMACY,9500 MAIN STREET SUITE 600 CLARENCE NY 14031,9500 MAIN STREET,CLARENCE,14031,ERIE,Active,"June 14, 2016","May 31, 2028",,NONE,23,geocoded earlier,yes,yes
016568,Pharmacy,"CLARENCE-SHERIDAN PROFESSIONAL PHARMACY, INC.",,8600 SHERIDAN DR. CLARENCE P.O. WILLIAMSVILLE NY 14221,8600 SHERIDAN DR,. CLARENCE P.O. WILLIAMSVILLE,14221,ERIE,Discontinued,"September 27, 1979","August 10, 1995","August 10, 1995",NONE,,,unknown,yes
008456,Pharmacy,"CLARK, HARRY EDGAR",CLARKS PHARMACY,CLARKS PHARMACY 330 BROAD ST. WAVERLY NY 14892,CLARKS PHARMACY 330 BROAD ST,. WAVERLY,14892,TIOGA,Discontinued,"January 01, 1960","April 05, 1991","April 05, 1991",NONE,23,county wholly in NY-23,yes,yes
001011,Pharmacy,"CLEVE-HILL DRUG CO., INC.",BUFFALO PHARMACIES,1479 KENSINGTON AVENUE BUFFALO NY 14215,1479 KENSINGTON AVENUE,BUFFALO,14215,ERIE,Transfer,"December 13, 1946","March 05, 1993","March 05, 1993",021600,26,unmatched address; town wholly in/out of NY-23 (assumed),no,yes
304489,Wholesaler,"CLEVE-HILL DRUG CO., INC.",BUFFALO PHARMACIES,1479 KENSINGTON AVENUE BUFFALO NY 14215,1479 KENSINGTON AVENUE,BUFFALO,14215,ERIE,Discontinued,"September 06, 1985","August 19, 1992","August 19, 1992",NONE,,,unknown,no
021104,Pharmacy,CLINICAL HOMECARE CORPORATION,,495 COMMERCE DR. SUITE 9 AMHERST NY 14228,495 COMMERCE DR,. AMHERST,14228,ERIE,Transfer,"September 19, 1991","March 16, 1994","March 16, 1994",022013,,,unknown,no
026368,Pharmacy,"CLINTON PHARMACY, INC.",,2032 CLINTON STREET BUFFALO NY 14206,2032 CLINTON STREET,BUFFALO,14206,ERIE,Active,"November 21, 2003","November 30, 2028",,NONE,26,Census batch geocode + point-in-district,no,yes
021183,Pharmacy,CMG PHARMACEUTICALS INC.,TOWN & COUNTRY PHARMACY OF CLARENCE,10440 MAIN ST. CLARENCE NY 14031,10440 MAIN ST,. CLARENCE,14031,ERIE,Discontinued,"November 27, 1991","April 10, 2002","April 10, 2002",NONE,,,unknown,yes
025338,Pharmacy,CMG PHARMACEUTICALS INC.,AKRON PHARMACY,58 MAIN STREET AKRON NY 14001,58 MAIN STREET,AKRON,14001,ERIE,Discontinued,"May 20, 2002","June 22, 2021","June 22, 2021",NONE,,,unknown,yes
041136,Pharmacy,CMV PHARMACY INC.,ADDISON PHARMACY,36 MAIN ST. ADDISON NY 14801,36 MAIN ST,. ADDISON,14801,STEUBEN,Active,"August 27, 2024","July 31, 2027",,NONE,23,county wholly in NY-23,yes,yes
500161,Storekeeper,"COLLIER, BENJAMIN F.",BEN'S FOOD MART,BEN'S FOOD MART MAIN STREET VAN ETTEN NY 14889,BEN'S FOOD MART MAIN STREET,VAN ETTEN,14889,CHEMUNG,Discontinued,"August 21, 1967","December 31, 1987","December 31, 1987",NONE,23,county wholly in NY-23,yes,no
018874,Pharmacy,COLLINS CORRECTIONAL FACILITY I,,ROUTE 62 HELMUTH NY 14079,ROUTE 62,HELMUTH,14079,ERIE,Discontinued,"November 15, 1985","October 07, 1992","October 07, 1992",NONE,,,unknown,no
020665,Pharmacy,"COMMUNITY DRUG STORES, INC.",CONNORS PHARMACY,434 CANISTEO ST. HORNELL NY 14843,434 CANISTEO ST,. HORNELL,14843,STEUBEN,Discontinued,"July 09, 1990","September 10, 1997","September 10, 1997",NONE,23,county wholly in NY-23,yes,yes
020954,Pharmacy,"COMMUNITY DRUG STORES, INC.",ECKERS PAINTED POST & PAINTED POST PHARMACY,100 VILLAGE SQUARE PAINTED POST NY 14870,100 VILLAGE SQUARE,PAINTED POST,14870,STEUBEN,Discontinued,"July 24, 1991","September 15, 1997","September 15, 1997",NONE,23,county wholly in NY-23,yes,yes
020165,Wholesaler/Repacker,COMMUNITY HOME HEALTH INC.,,434 CANISTEO ST. HORNELL NY 14843,434 CANISTEO ST,. HORNELL,14843,STEUBEN,Discontinued,"March 23, 1989","February 05, 1993","February 05, 1993",NONE,23,county wholly in NY-23,yes,no
202361,Wholesaler/Repacker,COMMUNITY HOME HEALTH INC.,,36 DENISON PARKWAY WEST CORNING NY 14830,36 DENISON PARKWAY,WEST CORNING,14830,STEUBEN,Transfer,"October 13, 1982","June 23, 1993","June 23, 1993",021558,23,county wholly in NY-23,yes,no
015156,Pharmacy,COMMUNITY MEDICAL PHARMACY INC.,,918 MICHIGAN AVE. NIAGARA FALLS NY 14305,918 MICHIGAN AVE,. NIAGARA FALLS,14305,NIAGARA,Transfer,"September 02, 1975","October 07, 2015","October 07, 2015",033966,,,unknown,yes
018498,Pharmacy,CONNORS PHARMACY INC.,,434 CANISTEO STREET HORNELL NY 14843,434 CANISTEO STREET,HORNELL,14843,STEUBEN,Transfer,"March 08, 1985","July 09, 1990","July 09, 1990",020665,23,county wholly in NY-23,yes,yes
027367,Manufacturer,CONTRACT PHARMACEUTICALS LIMITED NIAGARA,CPL,100 FOREST AVE BUFFALO NY 14213,100 FOREST AVE,BUFFALO,14213,ERIE,Discontinued,"September 13, 2005","January 27, 2011","January 27, 2011",NONE,,,unknown,no
036048,Manufacturer,"COOPERSURGICAL, INC.",,825 WURLITZER DR. NORTH TONAWANDA NY 14120,825 WURLITZER DR,. NORTH TONAWANDA,14120,NIAGARA,Active,"April 12, 2018","March 31, 2027",,NONE,,,unknown,no
031096,Pharmacy,CORAM HEALTHCARE CORPORATION OF GREATER NEW YORK,CORAM CVS/SPECIALTY INFUSION SERVICES,375 NORTH FRENCH RD. SUITE 108 AMHERST NY 14228-2009,375 NORTH FRENCH RD,. AMHERST,14228,ERIE,Discontinued,"January 18, 2012","July 31, 2022","July 31, 2022",NONE,,,unknown,no
022522,Pharmacy,CORAM HEALTHCARE CORPORATION OF NEW YORK,,375 N. FRENCH RD. STE 108 AMHERST NY 14228,375 N. FRENCH RD,. AMHERST,14228,ERIE,Transfer,"June 20, 1995","January 18, 2012","January 18, 2012",031096,,,unknown,yes
007010,Pharmacy,CORNING HOSPITAL,,C/O PHARMACY 1 GUTHRIE DR. CORNING NY 14830,1 GUTHRIE DR,. CORNING,14830,STEUBEN,Active,"October 24, 1956","October 31, 2028",,NONE,23,county wholly in NY-23,yes,no
038526,Pharmacy,CORNING HOSPITAL,CORNING HOSPITAL OUTPATIENT PHARMACY,1 GUTHRIE DR. CORNING NY 14830-3696,1 GUTHRIE DR,. CORNING,14830,STEUBEN,Active,"December 01, 2020","November 30, 2026",,NONE,23,county wholly in NY-23,yes,no
501267,Storekeeper,COTTLE DAVID L,,PRESHER S COUNTRY WAVERLY NY 14892,PRESHER S COUNTRY,WAVERLY,14892,TIOGA,Discontinued,"January 01, 1999","June 30, 1987","June 30, 1987",NONE,23,county wholly in NY-23,yes,no
035270,Pharmacy,COTTRILL'S PHARMACY INC.,,4919 ELLICOTT RD. ORCHARD PARK NY 14127,4919 ELLICOTT RD,. ORCHARD PARK,14127,ERIE,Active,"February 13, 2017","January 31, 2029",,NONE,23,Census batch geocode + point-in-district,yes,yes
038704,Pharmacy,"COTTRILL'S PHARMACY, INC.",THE APOTHECARY AT COTTRILL'S,4919 ELLICOTT RD. STE. A ORCHARD PARK NY 14127,4919 ELLICOTT RD,. ORCHARD PARK,14127,ERIE,Discontinued,"September 21, 2021","February 13, 2025","February 13, 2025",NONE,23,Census batch geocode + point-in-district,yes,yes
011816,Pharmacy,"COULSON'S PHARMACY OF LEWISTON, INC.",,486 CENTER ST. LEWISTON NY 14092,486 CENTER ST,. LEWISTON,14092,NIAGARA,Discontinued,"August 31, 1967","April 08, 1996","April 08, 1996",NONE,,,unknown,yes
006941,Pharmacy,"COULSON'S PHARMACY, INC.",,2109 HYDE PARK BLVD. NIAGARA FALLS NY 14305,2109 HYDE PARK BLVD,. NIAGARA FALLS,14305,NIAGARA,Transfer,"July 30, 1956","August 01, 1989","August 01, 1989",020272,,,unknown,yes
500186,Storekeeper,"CRAWFORD, JAMES",CRAWFORD BROS.,CRAWFORD BROS. 5787 MAIN ST. CAMERON MILLS NY 14820,CRAWFORD BROS. 5787 MAIN ST,. CAMERON MILLS,14820,STEUBEN,Discontinued,"February 01, 1965","October 01, 1988","October 01, 1988",NONE,23,county wholly in NY-23,yes,no
024441,Pharmacy,CRESTWOOD HEALTH CARE CENTER,,2600 NIAGARA FALLS BLVD. NIAGARA FALLS NY 14304,2600 NIAGARA FALLS BLVD,. NIAGARA FALLS,14304,NIAGARA,Discontinued,"November 22, 1999","January 22, 2001","January 22, 2001",NONE,,,unknown,yes
025365,Pharmacy,"CRESTWOOD HEALTH CARE CENTER, INC.",,C/O PHARMACY 2600 NIAGARA FALLS BLVD. NIAGARA FALLS NY 14304,2600 NIAGARA FALLS BLVD,. NIAGARA FALLS,14304,NIAGARA,Discontinued,"July 26, 2002","May 12, 2011","May 12, 2011",NONE,,,unknown,yes
018299,Pharmacy,"CRITICAL CARE AMERICA OF NEW YORK, INCORPORATED",CRITICAL CARE AMERICA,25 HAZELWOOD DR. SUITE 100 AMHERST NY 14228,25 HAZELWOOD DR,. AMHERST,14228,ERIE,Discontinued,"September 27, 1984","May 12, 1994","May 12, 1994",NONE,,,unknown,yes
029449,Manufacturer,"CRS NUCLEAR SERVICES, LLC",,840 AERO DRIVE SUITE 150 CHEEKTOWAGA NY 14225,840 AERO DRIVE,CHEEKTOWAGA,14225,ERIE,Active,"May 06, 2009","April 30, 2027",,NONE,,,unknown,no
035169,Wholesaler,CRYSTAL CITY APOTHECARY LLC,WAVERLY PHARMACY,443 CAYUTA AVE. WAVERLY NY 14892-1502,443 CAYUTA AVE,. WAVERLY,14892,TIOGA,Not Active,Not On File,"August 21, 2020","August 21, 2020",NONE,23,county wholly in NY-23,yes,no
027370,Pharmacy,CRYSTAL CITY APOTHECARY LLC,,26 WEST MARKET ST CORNING NY 14830,26 WEST MARKET ST,CORNING,14830,STEUBEN,Transfer,"August 02, 2005","September 17, 2008","September 17, 2008",029137,23,county wholly in NY-23,yes,yes
027521,Pharmacy,"CRYSTAL CITY APOTHECARY, LLC",WAVERLY PHARMACY,443 CAYUTA AVENUE WAVERLY NY 14892-1326,443 CAYUTA AVENUE,WAVERLY,14892,TIOGA,Active,"October 31, 2005","September 30, 2029",,NONE,23,county wholly in NY-23,yes,yes
021461,Wholesaler/Repacker,"CS GASES, INC.",,1811 BROADWAY BUFFALO NY 14212-2032,1811 BROADWAY,BUFFALO,14212,ERIE,Discontinued,"October 29, 1993","August 31, 2004","August 31, 2004",NONE,,,unknown,no
015013,Pharmacy,CUBA MEMORIAL HOSPITAL INC.,,C/O PHARMACY 140 W. MAIN ST. CUBA NY 14727,140 W. MAIN ST,. CUBA,14727,ALLEGANY,Active,"April 22, 1975","April 30, 2028",,NONE,23,county wholly in NY-23,yes,no
022013,Pharmacy,"CURAFLEX OF NEW YORK, INC.",CURAFLEX INFUSION SERVICES,15 HAZELWOOD DR. SUITE 100 AMHERST NY 14228,15 HAZELWOOD DR,. AMHERST,14228,ERIE,Discontinued,"March 16, 1994","August 03, 1995","August 03, 1995",NONE,,,unknown,no
026824,Pharmacy,"CURASCRIPT,INC.",CURASCRIPT SP SPECIALTY PHARMACY,3980 SHERIDAN DRIVE SUITE 311 AMHERST NY 14226,3980 SHERIDAN DRIVE,AMHERST,14226,ERIE,Discontinued,"December 13, 2004","February 27, 2007","February 27, 2007",NONE,,,unknown,yes
303218,Wholesaler,"CUTTER, JACK",JACK CUTTER WHOLESALE DISTRIBUTOR,JACK CUTTER WHOLESALE DISTRIBUTOR 51 RHODE ISLAND BUFFALO NY 14213,JACK CUTTER WHOLESALE DISTRIBUTOR 51 RHODE ISLAND,BUFFALO,14213,ERIE,Discontinued,"August 01, 1970","August 31, 1989","August 31, 1989",NONE,,,unknown,no
016566,Pharmacy,"CVS ALBANY, L.L.C.",CVS PHARMACY,C/O PHARMACY 506 SOUTH FRANKLIN ST. WATKINS GLEN NY 14891,506 SOUTH FRANKLIN ST,. WATKINS GLEN,14891,SCHUYLER,Active,"September 27, 1979","October 31, 2027",,NONE,23,county wholly in NY-23,yes,yes
018301,Pharmacy,"CVS ALBANY, L.L.C.",CVS/PHARMACY,PHARMACY DEPARTMENT 727 MAIN STREET EAST AURORA NY 14052,PHARMACY 727 MAIN STREET,EAST AURORA,14052,ERIE,Active,"October 02, 1984","October 31, 2027",,NONE,23,Census batch geocode + point-in-district,yes,yes
015823,Pharmacy,"CVS ALBANY, L.L.C.",CVS/PHARMACY,C/O PHARMACY 3098 ORCHARD PARK RD. WEST SENECA NY 14224-4639,3098 ORCHARD PARK RD,. WEST SENECA,14224,ERIE,Active,"May 09, 1977","October 31, 2027",,NONE,,,unknown,yes
017683,Pharmacy,"CVS ALBANY, L.L.C.",CVS/PHARMACY,C/O PHARMACY 358 BUFFALO ST. HAMBURG NY 14075,358 BUFFALO ST,. HAMBURG,14075,ERIE,Discontinued,"February 24, 1983","July 23, 2024","July 23, 2024",NONE,23,Census batch geocode + point-in-district,yes,yes
015970,Pharmacy,"CVS ALBANY, L.L.C.",CVS/PHARMACY,C/O PHARMACY 432 MAIN STEEET BUFFALO NY 14202,432 MAIN,BUFFALO,14202,ERIE,Discontinued,"October 24, 1977","January 05, 2019","January 05, 2019",NONE,26,unmatched address; town wholly in/out of NY-23 (assumed),no,yes
017273,Pharmacy,"CVS ALBANY, L.L.C.",CVS/PHARMACY,C/O PHARMACY 1625 ELMWOOD AVENUE BUFFALO NY 14207,1625 ELMWOOD AVENUE,BUFFALO,14207,ERIE,Active,"October 08, 1981","October 31, 2027",,NONE,26,Census batch geocode + point-in-district,no,yes
018098,Pharmacy,"CVS ALBANY, L.L.C.",CVS/PHARMACY,C/O PHARMACY 392 KENMORE AVE. BUFFALO NY 14223,392 KENMORE AVE,. BUFFALO,14223,ERIE,Active,"March 27, 1984","October 31, 2027",,NONE,26,Census batch geocode + point-in-district,no,yes
018107,Pharmacy,"CVS ALBANY, L.L.C.",CVS/PHARMACY,PHARMACY DEPARTMENT 3734 S. PARK AVE. BLASDELL NY 14219,PHARMACY 3734 S. PARK AVE,. BLASDELL,14219,ERIE,Active,"March 29, 1984","October 31, 2027",,NONE,23,Census batch geocode + point-in-district,yes,yes
012712,Pharmacy,"CVS ALBANY, L.L.C.",CVS/PHARMACY,C/O PHARMACY 2972 SAUNDERS SETTLEMENT RD. SANBORN NY 14132,2972 SAUNDERS SETTLEMENT RD,. SANBORN,14132,NIAGARA,Active,"October 22, 1969","October 31, 2027",,NONE,24,Census batch geocode + point-in-district,no,yes
012761,Pharmacy,"CVS ALBANY, L.L.C.",CVS PHARMACY,C/O PHARMACY 1231 FRENCH ROAD DEPEW NY 14043,1231 FRENCH ROAD,DEPEW,14043,ERIE,Discontinued,"December 03, 1969","September 03, 2024","September 03, 2024",NONE,26,Census batch geocode + point-in-district,no,yes
020529,Pharmacy,"CVS ALBANY, L.L.C.",CVS PHARMACY,C/O PHARMACY 117 E. MAIN ST. WESTFIELD NY 14787,117 E. MAIN ST,. WESTFIELD,14787,CHAUTAUQUA,Active,"January 01, 1990","October 31, 2027",,NONE,23,county wholly in NY-23,yes,yes
012584,Pharmacy,"CVS ALBANY, L.L.C.",CVS/PHARMACY #539,C/O PHARMACY 415 NORTH UNION STREET OLEAN NY 14760,415 NORTH UNION STREET,OLEAN,14760,CATTARAUGUS,Active,"July 21, 1969","October 31, 2027",,NONE,23,county wholly in NY-23,yes,yes
020527,Pharmacy,"CVS ALBANY, L.L.C.",CVS PHARMACY,C/O PHARMACY 100 EAST NAPLES ST. WAYLAND NY 14572,100 EAST NAPLES ST,. WAYLAND,14572,STEUBEN,Active,"January 01, 1990","October 31, 2027",,NONE,23,county wholly in NY-23,yes,yes
012838,Pharmacy,"CVS ALBANY, L.L.C.",CVS/PHARMACY,C/O PHARMACY 7182 BOSTON STATE ROAD HAMBURG NY 14075,7182 BOSTON STATE ROAD,HAMBURG,14075,ERIE,Active,"January 21, 1970","October 31, 2027",,NONE,23,geocoded earlier,yes,yes
015890,Pharmacy,"CVS ALBANY, L.L.C.",CVS/PHARMACY,C/O PHARMACY 1678 HERTEL AVENUE BUFFALO NY 14216,1678 HERTEL AVENUE,BUFFALO,14216,ERIE,Discontinued,"August 03, 1977","October 10, 2014","October 10, 2014",NONE,26,unmatched address; town wholly in/out of NY-23 (assumed),no,yes
018300,Pharmacy,"CVS ALBANY, L.L.C.",CVS/PHARMACY,C/O PHARMACY 2000 KENSINGTON AVE. AMHERST NY 14226,2000 KENSINGTON AVE,. AMHERST,14226,ERIE,Active,"September 27, 1984","October 31, 2027",,NONE,26,Census batch geocode + point-in-district,no,yes
020506,Pharmacy,"CVS ALBANY, L.L.C.",CVS PHARMACY #5087,C/O PHARMACY 19 SOUTH MAIN ST JAMESTOWN NY 14701,19 SOUTH MAIN ST,JAMESTOWN,14701,CHAUTAUQUA,Active,"January 01, 1990","October 31, 2027",,NONE,23,county wholly in NY-23,yes,yes
016360,Pharmacy,"CVS ALBANY, L.L.C.",CVS/PHARMACY,C/O PHARMACY 175 EAST FOURTH STREET DUNKIRK NY 14048,175 EAST FOURTH STREET,DUNKIRK,14048,CHAUTAUQUA,Active,"February 22, 1979","October 31, 2027",,NONE,23,county wholly in NY-23,yes,yes
015640,Pharmacy,"CVS ALBANY, L.L.C.",CVS/PHARMACY,C/O PHARMACY 360 DINGENS ST. BUFFALO NY 14206,360 DINGENS ST,. BUFFALO,14206,ERIE,Active,"December 01, 1976","October 31, 2027",,NONE,26,Census batch geocode + point-in-district,no,yes
023449,Pharmacy,"CVS ALBANY, L.L.C.",CVS/PHARMACY,C/O PHARMACY 39 PARK ST. OWEGO NY 13827,39 PARK ST,. OWEGO,13827,TIOGA,Active,"September 25, 1997","October 31, 2027",,NONE,23,county wholly in NY-23,yes,yes
015733,Pharmacy,"CVS ALBANY, L.L.C.",CVS/PHARMACY,C/O PHARMACY 4968 HARLEM ROAD AMHERST NY 14226,4968 HARLEM ROAD,AMHERST,14226,ERIE,Active,"February 13, 1977","October 31, 2027",,NONE,26,Census batch geocode + point-in-district,no,yes
020491,Pharmacy,"CVS ALBANY, L.L.C.",CVS PHARMACY,C/O PHARMACY 10 SOUTHWORK ST FALCONER NY 14733,10 SOUTHWORK ST,FALCONER,14733,CHAUTAUQUA,Active,"January 01, 1990","October 31, 2027",,NONE,23,county wholly in NY-23,yes,yes
034217,Pharmacy,"CVS ALBANY, LLC",CVS PHARMACY 16400,8290 TRANSIT ROAD WILLIAMSVILLE NY 14221,8290 TRANSIT ROAD,WILLIAMSVILLE,14221,ERIE,Active,"April 29, 2016","October 31, 2027",,NONE,26,Census batch geocode + point-in-district,no,yes
034190,Pharmacy,"CVS ALBANY, LLC",CVS PHARMACY 16442,5622 AMANDA LANE ORCHARD PARK NY 14127,5622 AMANDA LANE,ORCHARD PARK,14127,ERIE,Active,"April 29, 2016","October 31, 2027",,NONE,23,Census batch geocode + point-in-district,yes,yes
034189,Pharmacy,"CVS ALBANY, LLC",CVS PHARMACY 16401,7414 NIAGARA FALLS BLVD NIAGARA FALLS NY 14304,7414 NIAGARA FALLS BLVD,NIAGARA FALLS,14304,NIAGARA,Active,"April 29, 2016","October 31, 2027",,NONE,26,Census batch geocode + point-in-district,no,yes
034168,Pharmacy,"CVS ALBANY, LLC",CVS/PHARMACY #17240,930 COUNTY ROAD 64 ELMIRA NY 14903,930 COUNTY ROAD,64 ELMIRA,14903,CHEMUNG,Active,"May 09, 2016","October 31, 2027",,NONE,23,county wholly in NY-23,yes,yes
034165,Pharmacy,"CVS ALBANY, LLC",CVS PHARMACY 17271,4920 TRANSIT ROAD DEPEW NY 14043,4920 TRANSIT ROAD,DEPEW,14043,ERIE,Active,"May 17, 2016","October 31, 2027",,NONE,26,Census batch geocode + point-in-district,no,yes
034157,Pharmacy,"CVS ALBANY, LLC",CVS PHARMACY 16403,1750 WALDEN AVENUE CHEEKTOWAGA NY 14225,1750 WALDEN AVENUE,CHEEKTOWAGA,14225,ERIE,Active,"June 10, 2016","October 31, 2027",,NONE,26,Census batch geocode + point-in-district,no,yes
034155,Pharmacy,"CVS ALBANY, LLC",CVS PHARMACY 16402,2626 DELAWARE AVENUE BUFFALO NY 14216,2626 DELAWARE AVENUE,BUFFALO,14216,ERIE,Active,"April 29, 2016","October 31, 2027",,NONE,26,Census batch geocode + point-in-district,no,yes
034147,Pharmacy,"CVS ALBANY, LLC",CVS/PHARMACY #16399,1575 NIAGARA FALLS BLVD. AMHERST NY 14228,1575 NIAGARA FALLS BLVD,. AMHERST,14228,ERIE,Active,"April 29, 2016","October 31, 2027",,NONE,26,Census batch geocode + point-in-district,no,yes
035817,Pharmacy,"CVS ALBANY, LLC.",CVS/PHARMACY #11186,1806 PINE AVE. NIAGARA FALLS NY 14301,1806 PINE AVE,. NIAGARA FALLS,14301,NIAGARA,Discontinued,"December 11, 2017","August 29, 2022","August 29, 2022",NONE,,,unknown,yes
033308,Pharmacy,"CVS ALBANY, LLC.",CVS PHARMACY,ERIE COMMUNITY COLLEGE NORTH CAMPUS 6205 MAIN ST. WILLIAMSVILLE NY 14221,ERIE COMMUNITY COLLEGE NORTH CAMPUS 6205 MAIN ST,. WILLIAMSVILLE,14221,ERIE,Discontinued,"November 25, 2014","November 25, 2014","November 25, 2014",NONE,,,unknown,yes
018281,Pharmacy,"CVS KENMORE VILLAGE, L.L.C.",CVS PHARMACY,C/O PHARMACY 2890 DELAWARE AVE. KENMORE NY 14217,2890 DELAWARE AVE,. KENMORE,14217,ERIE,Discontinued,"September 13, 1984","February 19, 2002","February 19, 2002",NONE,,,unknown,yes
015764,Pharmacy,"CVS LOCKPORT CLINTON STORE, L.L.C.",CVS PHARMACY,C/O PHARMACY 5737 SOUTH TRANSIT RD. LOCKPORT MALL LOCKPORT NY 14094,5737 SOUTH TRANSIT RD. LOCKPORT MALL,LOCKPORT,14094,NIAGARA,Discontinued,"April 01, 1977","January 06, 2001","January 06, 2001",NONE,,,unknown,yes
020698,Pharmacy,"CVS NORTHTOWN PLAZA,L.L.C.",CVS PHARMACY,C/O PHARMACY 3101 SHERIDAN DR. AMHERST NY 14226,3101 SHERIDAN DR,. AMHERST,14226,ERIE,Discontinued,"August 13, 1990","December 31, 2005","December 31, 2005",NONE,,,unknown,yes
030512,Wholesaler,"CVS RX SERVICES, INC.",CVS PHARMACY DISTRIBUTION CENTER,150 WHITE WAGON RD. CHEMUNG NY 14825,150 WHITE WAGON RD,. CHEMUNG,14825,CHEMUNG,Active,"March 29, 2011","February 28, 2029",,NONE,23,county wholly in NY-23,yes,no
022801,Pharmacy,"CVS SENECA STREET,L.L.C.",CVS PHARMACY #2029,C/O PHARMACY 1979 SENECA ST. BUFFALO NY 14210,1979 SENECA ST,. BUFFALO,14210,ERIE,Discontinued,"November 12, 1995","September 30, 2006","September 30, 2006",NONE,,,unknown,yes
016726,Pharmacy,"CVS WILLIAMSVILLE STORE, L.L.C.",CVS PHARMACY,C/O PHARMACY 5326 MAIN STREET WILLIAMSVILLE NY 14221,5326 MAIN STREET,WILLIAMSVILLE,14221,ERIE,Discontinued,"March 21, 1980","February 28, 2006","February 28, 2006",NONE,,,unknown,yes
011518,Pharmacy,CY'S CLINTON PHARMACY CORP.,,3439 CLINTON ST. WEST SENECA NY 14224,3439 CLINTON ST,. WEST SENECA,14224,ERIE,Discontinued,"December 13, 1966","February 23, 1993","February 23, 1993",NONE,,,unknown,yes
030897,Pharmacy,D'YOUVILLE COLLEGE SCHOOL OF PHARMACY,,320 PORTER AVE. BUFFALO NY 14201,320 PORTER AVE,. BUFFALO,14201,ERIE,Active,"August 11, 2011","July 31, 2029",,NONE,26,Census batch geocode + point-in-district,no,yes
038740,Pharmacy,"DAN HORN PHARMACY, LLC",,111 E. GREEN ST. OLEAN NY 14760-3603,111 E. GREEN ST,. OLEAN,14760,CATTARAUGUS,Not Active,Not On File,"September 30, 2021","September 30, 2021",NONE,23,county wholly in NY-23,yes,yes
023822,Pharmacy,DANIEL J HORN,DAN HORN PHARMACY & HEALTH SERVICES,DAN HORN PHARMACY & HEALTH SERVICES 111 EAST GREEN ST. OLEAN NY 14760,DAN HORN PHARMACY & HEALTH SERVICES 111 EAST GREEN ST,. OLEAN,14760,CATTARAUGUS,Transfer,"November 16, 1998","August 29, 2024","August 29, 2024",041177,23,county wholly in NY-23,yes,yes
022121,Pharmacy,"DASH AND SONS, INC.",TOPS PHARMACY #234,3865 UNION RD. CHEEKTOWAGA NY 14225,3865 UNION RD,. CHEEKTOWAGA,14225,ERIE,Transfer,"May 20, 1994","August 07, 2001","August 07, 2001",025108,,,unknown,yes
028482,Pharmacy,DAWN R. EKLUM,SOUTH DAYTON PHARMACY,303 PINE ST. SOUTH DAYTON NY 14138,303 PINE ST,. SOUTH DAYTON,14138,CATTARAUGUS,Transfer,"July 05, 2007","October 29, 2024","October 29, 2024",041043,23,county wholly in NY-23,yes,yes
007461,Pharmacy,DE GRAFF MEMORIAL HOSPITAL,,C/O PHARMACY 445 TREMONT STREET NORTH TONAWANDA NY 14120,445 TREMONT STREET,NORTH TONAWANDA,14120,NIAGARA,Transfer,"November 25, 1957","May 21, 2002","May 21, 2002",025380,,,unknown,no
001086,Pharmacy,"DE PASQUALE, THOMAS J.",COLLEGE PHARMACY,COLLEGE PHARMACY 8 YORK ST. BUFFALO NY 14213,COLLEGE PHARMACY 8 YORK ST,. BUFFALO,14213,ERIE,Discontinued,"February 22, 1955","November 10, 1989","November 10, 1989",NONE,,,unknown,yes
035491,Pharmacy,"DEGIULIO'S PHARMACY, INC.",,220 PORTAGE RD. LEWISTON NY 14092,220 PORTAGE RD,. LEWISTON,14092,NIAGARA,Active,"October 25, 2017","September 30, 2029",,NONE,24,Census batch geocode + point-in-district,no,yes
017694,Pharmacy,"DEGIULIO, RICHARD J. & DEGIULIO, JAMES J.",DEGIULIO DRUGS,DEGIULIO DRUGS 3645 RANSOMVILLE RD. P.O. BOX 279 RANSOMVILLE NY 14131,DEGIULIO DRUGS 3645 RANSOMVILLE RD,. RANSOMVILLE,14131,NIAGARA,Transfer,"March 08, 1983","July 06, 1993","July 06, 1993",021729,,,unknown,yes
020999,Pharmacy,"DEL-MOR PHARMACY, INC.",,1410 DELAWARE AVE. BUFFALO NY 14209,1410 DELAWARE AVE,. BUFFALO,14209,ERIE,Transfer,"May 05, 1992","August 04, 1993","August 04, 1993",021825,,,unknown,yes
017426,Pharmacy,"DELANEY & THORNE, INC.",,625 PINE AVE. NIAGARA FALLS NY 14301,625 PINE AVE,. NIAGARA FALLS,14301,NIAGARA,Discontinued,"April 13, 1982","February 22, 1994","February 22, 1994",NONE,,,unknown,yes
010195,Pharmacy,"DELAWARE PRESCRIPTION CENTER, INC.",,1275 DELAWARE AVE. BUFFALO NY 14209,1275 DELAWARE AVE,. BUFFALO,14209,ERIE,Discontinued,"November 14, 1963","January 10, 1994","January 10, 1994",NONE,,,unknown,yes
304255,Wholesaler,"DELAWARE PRESCRIPTION CENTER, INC.",,1275 DELAWARE AVENUE BUFFALO NY 14209,1275 DELAWARE AVENUE,BUFFALO,14209,ERIE,Discontinued,"October 29, 1980","September 30, 1991","September 30, 1991",NONE,,,unknown,no
021432,Pharmacy,"DEPEW BROADWAY CVS, INC.",CVS PHARMACY,5150 BROADWAY DEPEW NY 14043,5150 BROADWAY,DEPEW,14043,ERIE,Discontinued,"September 11, 1992","October 08, 1996","October 08, 1996",NONE,,,unknown,yes
015197,Pharmacy,"DEPEW CVS, INC.",CVS PHARMACY,5079 BROADWAY DEPEW NY 14043,5079 BROADWAY,DEPEW,14043,ERIE,Discontinued,"October 14, 1975","October 18, 1992","October 18, 1992",NONE,,,unknown,yes
015502,Pharmacy,"DERBY PHARMACY, INC.",,6834 ERIE RD. DERBY NY 14047,6834 ERIE RD,. DERBY,14047,ERIE,Discontinued,"June 01, 1976","March 20, 1995","March 20, 1995",NONE,,,unknown,yes
010724,Pharmacy,"DILDINE PHARMACY INC., THE",,3-5 LIBERTY ST. BATH NY 14810,3-5 LIBERTY ST,. BATH,14810,STEUBEN,Discontinued,"January 01, 1965","January 05, 1999","January 05, 1999",NONE,23,county wholly in NY-23,yes,yes
034578,Pharmacy,DISCOUNT PHARMACY LLC,,429A WILLIAM STREET BUFFALO NY 14204,429A WILLIAM STREET,BUFFALO,14204,ERIE,Discontinued,"June 10, 2016","November 13, 2025","November 13, 2025",NONE,26,Census batch geocode + point-in-district,no,yes
018731,Pharmacy,"DOCTOR'S ORDER PRESCRIPTION PHARMACY, INC.",,5601 MAIN ST. WILLIAMSVILLE NY 14221,5601 MAIN ST,. WILLIAMSVILLE,14221,ERIE,Transfer,"August 07, 1985","March 07, 1996","March 07, 1996",022803,,,unknown,yes
500251,Storekeeper,"DUBKE, MARIE K.",MAPLES,MAPLES BOX 69  RD #1 LITTLE VALLEY NY 14755,MAPLES BOX 69 RD,#1 LITTLE VALLEY,14755,CATTARAUGUS,Discontinued,"February 26, 1969","October 31, 1989","October 31, 1989",NONE,23,county wholly in NY-23,yes,no
022048,Pharmacy,DUNNE'S PHARMACY INC.,,1979 SENECA ST. BUFFALO NY 14210-2352,1979 SENECA ST,. BUFFALO,14210,ERIE,Transfer,"March 24, 1994","November 12, 1995","November 12, 1995",022801,,,unknown,yes
011997,Pharmacy,"DUNNE'S PHARMACY, INC.",,1979 SENECA ST. BUFFALO NY 14210,1979 SENECA ST,. BUFFALO,14210,ERIE,Transfer,"January 01, 1967","March 24, 1994","March 24, 1994",022048,,,unknown,yes
024112,Wholesaler,DYNASTY 2000 INC,,1330 STATLER TOWERS BUFFALO NY 14202,1330 STATLER TOWERS,BUFFALO,14202,ERIE,Not Active,Not On File,"August 07, 2000","August 07, 2000",NONE,,,unknown,no
020430,Pharmacy,"EAST AMHERST PROFESSISONAL PHARMACY, INC.",,1150 YOUNGS RD. SUITE 103 WILLIAMSVILLE NY 14221,1150 YOUNGS RD,. WILLIAMSVILLE,14221,ERIE,Discontinued,"February 08, 1990","June 28, 1991","June 28, 1991",NONE,,,unknown,yes
016787,Pharmacy,EASTERN NIAGARA HOSPITAL,,DEPT.OF PHARMACY SERVICES 521 EAST AVE. LOCKPORT NY 14094,DEPT.OF PHARMACY SERVICES 521 EAST AVE,. LOCKPORT,14094,NIAGARA,Discontinued,"May 08, 1980","August 11, 2023","August 11, 2023",NONE,24,Census batch geocode + point-in-district,no,no
029417,Pharmacy,EASTERN NIAGARA HOSPITAL,,C/O PHARMACY DEPT 2600 WILLIAM ST NEWFANE NY 14108,DEPT 2600 WILLIAM ST,NEWFANE,14108,NIAGARA,Discontinued,"May 15, 2009","April 20, 2016","April 20, 2016",NONE,24,unmatched address; town wholly in/out of NY-23 (assumed),no,no
023962,Pharmacy,ECKERD CORPORATION,RITE AID PHARMACY,40 SOUTH ERIE STREET MAYVILLE NY 14757,40 SOUTH ERIE STREET,MAYVILLE,14757,CHAUTAUQUA,Discontinued,"December 31, 1998","September 04, 2025","September 04, 2025",NONE,23,county wholly in NY-23,yes,yes
023951,Pharmacy,ECKERD CORPORATION,RITE AID PHARMACY,C/O PHARMACY 279 EAST FAIRMOUNT AVENUE LAKEWOOD NY 14750,279 EAST FAIRMOUNT AVENUE,LAKEWOOD,14750,CHAUTAUQUA,Discontinued,"December 31, 1998","August 07, 2010","August 07, 2010",NONE,23,county wholly in NY-23,yes,yes
023946,Pharmacy,ECKERD CORPORATION,RITE AID PHARMACY,C/O PHARMACY 811 NORTH MAIN STREET JAMESTOWN NY 14701,811 NORTH MAIN STREET,JAMESTOWN,14701,CHAUTAUQUA,Discontinued,"December 31, 1998","October 22, 2024","October 22, 2024",NONE,23,county wholly in NY-23,yes,yes
023942,Pharmacy,ECKERD CORPORATION,RITE AID PHARMACY,C/O PHARMACY 2898 WESTINGHOUSE ROAD SUITE 508 HORSEHEADS NY 14845,2898 WESTINGHOUSE ROAD,HORSEHEADS,14845,CHEMUNG,Discontinued,"December 31, 1998","July 10, 2025","July 10, 2025",NONE,23,county wholly in NY-23,yes,yes
023940,Pharmacy,ECKERD CORPORATION,RITE AID PHARMACY,C/O PHARMACY 2144 GRAND CENTRAL AVE. HORSEHEADS NY 14845,2144 GRAND CENTRAL AVE,. HORSEHEADS,14845,CHEMUNG,Discontinued,"December 31, 1998","August 21, 2025","August 21, 2025",NONE,23,county wholly in NY-23,yes,yes
023938,Pharmacy,ECKERD CORPORATION,RITE AID PHARMACY,C/O PHARMACY 12 PARK DRIVE HORNELL NY 14843,12 PARK DRIVE,HORNELL,14843,STEUBEN,Transfer,"December 31, 1998","February 22, 2018","February 22, 2018",036260,23,county wholly in NY-23,yes,yes
023935,Pharmacy,ECKERD CORPORATION,RITE AID PHARMACY,C/O PHARMACY S-5999 SOUTH PARK AVE HAMBURG NY 14075,S5999 SOUTH PARK AVE,HAMBURG,14075,ERIE,Discontinued,"December 31, 1998","July 08, 2025","July 08, 2025",NONE,23,Census batch geocode + point-in-district,yes,yes
023905,Pharmacy,ECKERD CORPORATION,RITE AID PHARMACY,C/O PHARMACY 2545 MILLERSPORT HIGHWAY GETZVILLE NY 14068,2545 MILLERSPORT HIGHWAY,GETZVILLE,14068,ERIE,Discontinued,"December 31, 1998","August 21, 2025","August 21, 2025",NONE,26,Census batch geocode + point-in-district,no,yes
023893,Pharmacy,ECKERD CORPORATION,RITE AID PHARMACY,C/O PHARMACY 209 MT. ZOAR STREET ELMIRA NY 14904,209 MT. ZOAR STREET,ELMIRA,14904,CHEMUNG,Discontinued,"December 31, 1998","June 24, 2025","June 24, 2025",NONE,23,county wholly in NY-23,yes,yes
023892,Pharmacy,ECKERD CORPORATION,RITE AID PHARMACY,C/O PHARMACY 119 WEST SECOND ST. ELMIRA NY 14901,119 WEST SECOND ST,. ELMIRA,14901,CHEMUNG,Discontinued,"December 31, 1998","February 01, 2024","February 01, 2024",NONE,23,county wholly in NY-23,yes,yes
023891,Pharmacy,ECKERD CORPORATION,RITE AID PHARMACY,C/0 PHARMACY 3249 SHERIDAN DR. AMHERST NY 14226,C/0 PHARMACY 3249 SHERIDAN DR,. AMHERST,14226,ERIE,Discontinued,"December 31, 1998","April 15, 2024","April 15, 2024",NONE,26,Census batch geocode + point-in-district,no,yes
023890,Pharmacy,ECKERD CORPORATION,RITE AID PHARMACY,C/O PHARMACY 8079 NORTH MAIN STREET EDEN NY 14057,8079 NORTH MAIN STREET,EDEN,14057,ERIE,Discontinued,"December 31, 1998","July 29, 2025","July 29, 2025",NONE,23,Census batch geocode + point-in-district,yes,yes
023886,Pharmacy,ECKERD CORPORATION,RITE AID PHARMACY,C/O PHARMACY 190 MAIN STREET EAST AURORA NY 14052,190 MAIN STREET,EAST AURORA,14052,ERIE,Discontinued,"December 31, 1998","August 21, 2025","August 21, 2025",NONE,23,Census batch geocode + point-in-district,yes,yes
023885,Pharmacy,ECKERD CORPORATION,RITE AID PHARMACY,C/O PHARMACY 1166 CENTRAL AVENUE DUNKIRK NY 14048,1166 CENTRAL AVENUE,DUNKIRK,14048,CHAUTAUQUA,Discontinued,"December 31, 1998","August 22, 2025","August 22, 2025",NONE,23,county wholly in NY-23,yes,yes
023882,Pharmacy,ECKERD CORPORATION,RITE AID PHARMACY,C/O PHARMACY 6939 ERIE ROAD DERBY NY 14047,6939 ERIE ROAD,DERBY,14047,ERIE,Discontinued,"December 31, 1998","July 29, 2025","July 29, 2025",NONE,23,Census batch geocode + point-in-district,yes,yes
023880,Pharmacy,ECKERD CORPORATION,RITE AID PHARMACY,C/O PHARMACY 4900 BROADWAY DEPEW NY 14043,4900 BROADWAY,DEPEW,14043,ERIE,Discontinued,"December 31, 1998","September 13, 2023","September 13, 2023",NONE,23,Census batch geocode + point-in-district,yes,yes
023879,Pharmacy,ECKERD CORPORATION,RITE AID PHARMACY,C/O PHARMACY 10 WEST MAIN STREET CUBA NY 14727,10 WEST MAIN STREET,CUBA,14727,ALLEGANY,Transfer,"December 31, 1998","February 22, 2018","February 22, 2018",036251,23,county wholly in NY-23,yes,yes
023874,Pharmacy,ECKERD CORPORATION,RITE AID PHARMACY,C/O PHARMACY 100 CONHOCTON STREET CORNING NY 14830,100 CONHOCTON STREET,CORNING,14830,STEUBEN,Discontinued,"December 31, 1998","July 14, 2025","July 14, 2025",NONE,23,county wholly in NY-23,yes,yes
023872,Pharmacy,ECKERD CORPORATION,RITE AID PHARMACY,C/O PHARMACY 375 PULTENEY STREET CORNING NY 14830,375 PULTENEY STREET,CORNING,14830,STEUBEN,Transfer,"December 31, 1998","February 22, 2018","February 22, 2018",036248,23,county wholly in NY-23,yes,yes
023867,Pharmacy,ECKERD CORPORATION,RITE AID PHARMACY,C/O PHARMACY 2401 GENESEE STREET CHEEKTOWAGA NY 14225,2401 GENESEE STREET,CHEEKTOWAGA,14225,ERIE,Discontinued,"December 31, 1998","October 23, 2025","October 23, 2025",NONE,26,unmatched address; city wholly outside NY-23 (assumed),no,yes
023857,Pharmacy,ECKERD CORPORATION,RITE AID PHARMACY,C/O PHARMACY 1625 BROADWAY ST. BUFFALO NY 14212,1625 BROADWAY ST,. BUFFALO,14212,ERIE,Discontinued,"December 31, 1998","May 08, 2023","May 08, 2023",NONE,,,unknown,yes
023854,Pharmacy,ECKERD CORPORATION,RITE AID PHARMACY,C/O PHARMACY 2175 SOUTH PARK AVENUE BUFFALO NY 14220,2175 SOUTH PARK AVENUE,BUFFALO,14220,ERIE,Discontinued,"December 31, 1998","July 03, 2025","July 03, 2025",NONE,26,Census batch geocode + point-in-district,no,yes
023852,Pharmacy,ECKERD CORPORATION,RITE AID PHARMACY,C/O PHARMACY 4271 LAKE AVENUE BLASDELL NY 14219,4271 LAKE AVENUE,BLASDELL,14219,ERIE,Discontinued,"December 31, 1998","February 27, 2018","February 27, 2018",NONE,,,unknown,yes
023846,Pharmacy,ECKERD CORPORATION,RITE AID PHARMACY,C/O PHARMACY 400 WEST MORRIS STREET BATH NY 14810,400 WEST MORRIS STREET,BATH,14810,STEUBEN,Discontinued,"December 31, 1998","May 12, 2008","May 12, 2008",NONE,23,county wholly in NY-23,yes,yes
023831,Pharmacy,ECKERD CORPORATION,RITE AID PHARMACY,C/O PHARMACY 13090 BROADWAY ALDEN NY 14004,13090 BROADWAY,ALDEN,14004,ERIE,Discontinued,"December 31, 1998","October 23, 2025","October 23, 2025",NONE,23,Census batch geocode + point-in-district,yes,yes
023826,Pharmacy,ECKERD CORPORATION,RITE AID PHARMACY,C/O PHARMACY 12983 MAIN RD. AKRON NY 14001,12983 MAIN RD,. AKRON,14001,ERIE,Discontinued,"December 31, 1998","July 17, 2025","July 17, 2025",NONE,23,Census batch geocode + point-in-district,yes,yes
024683,Pharmacy,ECKERD CORPORATION,RITE AID PHARMACY,C/O PHARMACY 1454 UNION ROAD WEST SENECA NY 14224,1454 UNION ROAD,WEST SENECA,14224,ERIE,Discontinued,"April 05, 2000","July 10, 2025","July 10, 2025",NONE,26,Census batch geocode + point-in-district,no,yes
023984,Pharmacy,ECKERD CORPORATION,RITE AID PHARMACY,C/O PHARMACY 265 NORTH UNION STREET OLEAN NY 14760,265 NORTH UNION STREET,OLEAN,14760,CATTARAUGUS,Discontinued,"December 31, 1998","August 22, 2025","August 22, 2025",NONE,23,county wholly in NY-23,yes,yes
023980,Pharmacy,ECKERD CORPORATION,RITE AID PHARMACY,C/O PHARMACY 1381 NASH ROAD NORTH TONAWANDA NY 14120,1381 NASH ROAD,NORTH TONAWANDA,14120,NIAGARA,Discontinued,"December 31, 1998","September 14, 2023","September 14, 2023",NONE,26,Census batch geocode + point-in-district,no,yes
023975,Pharmacy,ECKERD CORPORATION,RITE AID PHARMACY,C/O PHARMACY 21 NORTH MAIN STREET NEWARK VALLEY NY 13811,21 NORTH MAIN STREET,NEWARK VALLEY,13811,TIOGA,Transfer,"December 31, 1998","February 22, 2018","February 22, 2018",036266,23,county wholly in NY-23,yes,yes
023994,Pharmacy,ECKERD CORPORATION # 5090,,98 VICTORY HIGHWAY PAINTED POST NY 14870,98 VICTORY HIGHWAY,PAINTED POST,14870,STEUBEN,Discontinued,"December 31, 1998","November 08, 2006","November 08, 2006",NONE,23,county wholly in NY-23,yes,yes
023939,Pharmacy,ECKERD CORPORATION #5648,,7326 SENECA ROAD NORTH HORNELL NY 14843,7326 SENECA ROAD,NORTH HORNELL,14843,STEUBEN,Discontinued,"December 31, 1998","August 02, 1999","August 02, 1999",NONE,23,county wholly in NY-23,yes,yes
024082,Pharmacy,ECKERD CORPORATION #5657,,6001 PORTER-PACKARD ROAD NIAGARA FALLS NY 14304,6001 PORTER-PACKARD ROAD,NIAGARA FALLS,14304,NIAGARA,Discontinued,"December 31, 1998","April 21, 2003","April 21, 2003",NONE,26,unmatched address; town wholly in/out of NY-23 (assumed),no,yes
023881,Pharmacy,ECKERD CORPORATION #5778,ECKERD DRUGS,C/O PHARMACY 2094 GEORGE URBAN BLVD. DEPEW NY 14043,2094 GEORGE URBAN BLVD,. DEPEW,14043,ERIE,Discontinued,"December 31, 1998","April 21, 2003","April 21, 2003",NONE,,,unknown,yes
023956,Pharmacy,ECKERD CORPORATION #5779,,34 CHESTNUT STREET LOCKPORT NY 14094,34 CHESTNUT STREET,LOCKPORT,14094,NIAGARA,Discontinued,"December 31, 1998","December 09, 2002","December 09, 2002",NONE,,,unknown,yes
023856,Pharmacy,ECKERD CORPORATION #5782,ECKERD DRUGS,C/O PHARMACY 2396 SENECA STREET BUFFALO NY 14210,2396 SENECA STREET,BUFFALO,14210,ERIE,Discontinued,"December 31, 1998","March 24, 2000","March 24, 2000",NONE,26,unmatched address; town wholly in/out of NY-23 (assumed),no,yes
024094,Pharmacy,ECKERD CORPORATION #5810,,C/O PHARMACY 1000 HERTEL AVENUE BUFFALO NY 14216,1000 HERTEL AVENUE,BUFFALO,14216,ERIE,Discontinued,"December 31, 1998","February 24, 2000","February 24, 2000",NONE,26,unmatched address; town wholly in/out of NY-23 (assumed),no,yes
023855,Pharmacy,ECKERD CORPORATION #5823,ECKERD DRUGS,C/O PHARMACY 2215 NIAGARA STREET BUFFALO NY 14207,2215 NIAGARA STREET,BUFFALO,14207,ERIE,Discontinued,"December 31, 1998","March 25, 2000","March 25, 2000",NONE,26,unmatched address; town wholly in/out of NY-23 (assumed),no,yes
023894,Pharmacy,ECKERD CORPORATION #5894,ECKERD DRUGS,C/O PHARMACY 209 MT. ZOAR STREET ELMIRA NY 14904,209 MT. ZOAR STREET,ELMIRA,14904,CHEMUNG,Discontinued,"December 31, 1998","June 28, 1999","June 28, 1999",NONE,23,county wholly in NY-23,yes,yes
024060,Pharmacy,ECKERD CORPORATION #5913,,C/O PHARMACY 125 BOLIVAR ROAD WELLSVILLE NY 14895,125 BOLIVAR ROAD,WELLSVILLE,14895,ALLEGANY,Discontinued,"December 31, 1998","April 29, 2005","April 29, 2005",NONE,23,county wholly in NY-23,yes,yes
024087,Pharmacy,ECKERD CORPORATION #5941,,C/O PHARMACY 3497 DELAWARE AVENUE KENMORE NY 14217,3497 DELAWARE AVENUE,KENMORE,14217,ERIE,Discontinued,"December 31, 1998","March 16, 2000","March 16, 2000",NONE,,,unknown,yes
023847,Pharmacy,ECKERD CORPORATION #5944,ECKERD DRUGS,C/O PHARMACY 84 CANAL STREET PO BOX 451 BIG FLATS NY 14814,84 CANAL STREET,BIG,14814,CHEMUNG,Discontinued,"December 31, 1998","March 25, 2000","March 25, 2000",NONE,23,county wholly in NY-23,yes,yes
023873,Pharmacy,ECKERD CORPORATION #5950,ECKERD DRUGS,C/O PHARMACY 326 PARK AVENUE CORNING NY 14830,326 PARK AVENUE,CORNING,14830,STEUBEN,Discontinued,"December 31, 1998","May 24, 1999","May 24, 1999",NONE,23,county wholly in NY-23,yes,yes
024069,Pharmacy,ECKERD CORPORATION #5965,,497 WEST KLEIN ROAD WILLIAMSVILLE NY 14221,497 WEST KLEIN ROAD,WILLIAMSVILLE,14221,ERIE,Discontinued,"December 31, 1998","March 16, 2000","March 16, 2000",NONE,,,unknown,yes
023845,Pharmacy,ECKERD CORPORATION #5981,ECKERD DRUGS,C/O PHARMACY 354 WEST WASHINGTON ST. BATH NY 14810,354 WEST WASHINGTON ST,. BATH,14810,STEUBEN,Discontinued,"December 31, 1998","March 16, 2000","March 16, 2000",NONE,23,county wholly in NY-23,yes,yes
024067,Pharmacy,ECKERD CORPORTATION #5630,,8202 TRANSIT ROAD WILLIAMSVILLE NY 14221,8202 TRANSIT ROAD,WILLIAMSVILLE,14221,ERIE,Not Active,Not On File,"May 22, 2007","May 22, 2007",NONE,,,unknown,yes
018243,Pharmacy,ECMC OUTER EAST SIDE HEALTH CENTER,GAJEWSKI HUMAN SERVICES CENTER (X-REF),C/O PHARMACY 1500 BROADWAY BUFFALO NY 14212,1500 BROADWAY,BUFFALO,14212,ERIE,Discontinued,"August 15, 1984","July 08, 2009","July 08, 2009",NONE,26,unmatched address; town wholly in/out of NY-23 (assumed),no,no
030723,Pharmacy,"EHS, INC.",THE PHARMACY AT EVERGREEN,206 S. ELMWOOD AVE. BUFFALO NY 14201-2313,206 S. ELMWOOD AVE,. BUFFALO,14201,ERIE,Active,"July 07, 2011","June 30, 2029",,NONE,26,Census batch geocode + point-in-district,no,yes
039611,Pharmacy,"EHS, INC.",THE PHARMACY AT EVERGREEN,800 HERTEL AVE SUITE 105 BUFFALO NY 14207,800 HERTEL AVE,BUFFALO,14207,ERIE,Active,"October 06, 2022","September 30, 2028",,NONE,26,unmatched address; city wholly outside NY-23 (assumed),no,yes
022022,Pharmacy,EIGHT EAST 5TH STREET INC.,"MEDICINE CENTER PHARMACY, THE",8 EAST 5TH ST. JAMESTOWN NY 14710,8 EAST 5TH ST,. JAMESTOWN,14710,CHAUTAUQUA,Discontinued,"February 28, 1994","October 19, 2006","October 19, 2006",NONE,23,county wholly in NY-23,yes,yes
101055,Manufacturer,"ELF ATOCHEM NORTH AMERICA, INC.","ATOCHEM NORTH AMERICA, INC. (X-REF.)",1740 MILITARY RD. P.O. BOX 1048 BUFFALO NY 14240-1048,1740 MILITARY RD,. BUFFALO,14240,ERIE,Discontinued,"March 31, 1969","August 08, 1996","August 08, 1996",NONE,,,unknown,no
303221,Wholesaler,ELLICOTT DRUG COMPANY,,1650 WALDEN AVE. CHEEKTOWAGA NY 14225,1650 WALDEN AVE,. CHEEKTOWAGA,14225,ERIE,Discontinued,"September 01, 1939","October 03, 1996","October 03, 1996",NONE,,,unknown,no
017405,Pharmacy,ELLICOTTVILLE PHARMACY INC.,,6133 ROUTE 219 SUITE 1004 ELLICOTTVILLE NY 14731,6133 ROUTE 219,ELLICOTTVILLE,14731,CATTARAUGUS,Active,"March 19, 1982","March 31, 2028",,NONE,23,county wholly in NY-23,yes,yes
019257,Pharmacy,"ELLICOTTVILLE PHARMACY, INC.",PARK PHARMACY,DEPARTMENT 445 BROAD STREET SALAMANCA NY 14779,445 BROAD STREET,SALAMANCA,14779,CATTARAUGUS,Discontinued,"October 28, 1986","November 05, 2014","November 05, 2014",NONE,23,county wholly in NY-23,yes,yes
000829,Pharmacy,ELMIRA HEIGHTS DRUG CO. INC.,,172 E. 14TH ST. ELMIRA HEIGHTS NY 14903,172 E. 14TH ST,. ELMIRA HEIGHTS,14903,CHEMUNG,Discontinued,"July 15, 1957","November 30, 1998","November 30, 1998",NONE,23,county wholly in NY-23,yes,yes
014317,Pharmacy,ELMIRA PSYCHIATRIC CENTER,,C/O PHARMACY 100 WASHINGTON ST. ELMIRA NY 14901,100 WASHINGTON ST,. ELMIRA,14901,CHEMUNG,Active,"August 31, 1973","August 31, 2028",,NONE,23,county wholly in NY-23,yes,yes
303193,Wholesaler,"ELMIRA TOBACCO COMPANY, INC.",,3466 UPPER OAKWOOD AVENUE ELMIRA HEIGHTS NY 14903,3466 UPPER OAKWOOD AVENUE,ELMIRA HEIGHTS,14903,CHEMUNG,Discontinued,"January 01, 1939","August 31, 1989","August 31, 1989",NONE,23,county wholly in NY-23,yes,no
017569,Pharmacy,"ELMWOOD VILLAGE DRUG MART, INC.",,202 WEST UTICA ST. BUFFALO NY 14222,202 WEST UTICA ST,. BUFFALO,14222,ERIE,Transfer,"September 21, 1982","September 10, 1993","September 10, 1993",021860,,,unknown,yes
031183,Wholesaler,EQUATOR PHARMA INC.,,1051 CLINTON ST. BUFFALO NY 14206,1051 CLINTON ST,. BUFFALO,14206,ERIE,Not Active,Not On File,"January 03, 2013","January 03, 2013",NONE,,,unknown,no
032935,Wholesaler,EQUATOR PHARMA INC.,,389 DAVISON RD. STORE #1 LOCKPORT NY 14094,389 DAVISON RD,. STORE #1 LOCKPORT,14094,NIAGARA,Not Registered,"June 24, 2014","May 31, 2026",,NONE,,,unknown,no
015940,Pharmacy,ERIE COUNTY CORRECTIONAL FACILITY,,C/O PHARMACY 11581 WALDEN AVE. ALDEN NY 14004,11581 WALDEN AVE,. ALDEN,14004,ERIE,Discontinued,"September 04, 1977","December 31, 2004","December 31, 2004",NONE,,,unknown,no
006510,Pharmacy,ERIE COUNTY MEDICAL CENTER,,C/O PHARMACY DEPARTMENT 462 GRIDER ST. BUFFALO NY 14215,462 GRIDER ST,. BUFFALO,14215,ERIE,Active,"January 01, 1931","January 31, 2028",,NONE,26,Census batch geocode + point-in-district,no,no
039031,Pharmacy,ERIE COUNTY MEDICAL CENTER CORPORATION,,C/O SPECIALTY PHARMACY 462 GRIDER ST RM 111-02D BUFFALO NY 14215,SPECIALTY PHARMACY 462 GRIDER ST,BUFFALO,14215,ERIE,Active,"January 03, 2022","December 31, 2027",,NONE,26,geocoded earlier,no,no
026301,Wholesaler/Repacker,"EXCELLUS HEALTH PLAN, INC.",,120 GARDENVILLE PKWY. WEST SENECA NY 14224-1324,120 GARDENVILLE PKWY,. WEST SENECA,14224,ERIE,Transfer,"September 24, 2003","December 02, 2005","December 02, 2005",027603,,,unknown,no
025999,Pharmacy,"EXCELLUS HEALTH PLAN, INC.",LIFETIME HEALTH,C/O PHARMACY 899 MAIN ST. BUFFALO NY 14203,899 MAIN ST,. BUFFALO,14203,ERIE,Transfer,"June 27, 2003","October 25, 2005","October 25, 2005",027323,,,unknown,yes
025998,Pharmacy,"EXCELLUS HEALTH PLAN, INC.",LIFETIME HEALTH,C/O PHARMACY 1185 SWEET HOME RD. AMHERST NY 14226,1185 SWEET HOME RD,. AMHERST,14226,ERIE,Transfer,"June 27, 2003","November 07, 2005","November 07, 2005",027324,,,unknown,yes
025997,Pharmacy,"EXCELLUS HEALTH PLAN, INC.",LIFETIME HEALTH,C/O PHARMACY 120 GARDENVILLE PKWY WEST SENECA NY 14224,120 GARDENVILLE PKWY,WEST SENECA,14224,ERIE,Transfer,"June 27, 2003","December 05, 2005","December 05, 2005",027322,26,unmatched address; town wholly in/out of NY-23 (assumed),no,yes
025996,Pharmacy,"EXCELLUS HEALTH PLAN, INC.",LIFETIME HEALTH,C/O PHARMACY 151 ELMVIEW AVE. HAMBURG NY 14075,151 ELMVIEW AVE,. HAMBURG,14075,ERIE,Transfer,"June 27, 2003","November 07, 2005","November 07, 2005",027326,,,unknown,yes
025995,Pharmacy,"EXCELLUS HEALTH PLAN, INC.",LIFETIME HEALTH,C/O PHARMACY 2075 SHERIDAN DR. BUFFALO NY 14223,2075 SHERIDAN DR,. BUFFALO,14223,ERIE,Transfer,"June 27, 2003","November 07, 2005","November 07, 2005",027327,,,unknown,yes
039584,Pharmacy,EXPERTSRX PHARMACY INC.,,3871 HARLEM RD SUITE 201 BUFFALO NY 14215,3871 HARLEM RD,BUFFALO,14215,ERIE,Active,"June 06, 2022","May 31, 2028",,NONE,26,geocoded earlier,no,yes
303189,Wholesaler/Repacker,F.M. HOWELL & COMPANY,HOWELL PACKAGING,151 E. FIFTH ST. P.O. BOX 286 ELMIRA NY 14902,151 E. FIFTH ST,. ELMIRA,14902,CHEMUNG,Active,"August 21, 1967","August 31, 2028",,NONE,23,county wholly in NY-23,yes,no
029158,Wholesaler,F.M. HOWELL & COMPANY,HOWELL MARKETING SERVICES,100 EAST MILLER ST PO BOX 286 ELMIRA NY 14902,100 EAST MILLER ST,ELMIRA,14902,CHEMUNG,Active,"December 03, 2008","November 30, 2026",,NONE,23,county wholly in NY-23,yes,no
016522,Pharmacy,FACULTY-STUDENT ASSOCIATION,,"STATE UNIVERSITY COLLEGE AT BUFFALO, INC. 1300 ELMWOOD AVENUE BUFFALO NY 14222","STATE UNIVERSITY COLLEGE AT BUFFALO, INC. 1300 ELMWOOD AVENUE",BUFFALO,14222,ERIE,Discontinued,"September 05, 1979","February 07, 2000","February 07, 2000",NONE,26,unmatched address; town wholly in/out of NY-23 (assumed),no,yes
032211,Pharmacy,FALCONER PHARMACY INC.,,202 WEST MAIN ST. FALCONER NY 14733,202 WEST MAIN ST,. FALCONER,14733,CHAUTAUQUA,Discontinued,"September 10, 2013","July 10, 2019","July 10, 2019",NONE,23,county wholly in NY-23,yes,yes
039885,Pharmacy,"FALLS PHARMACY, INC.",,2401 PINE AVE NIAGARA FALLS NY 14301,2401 PINE AVE,NIAGARA FALLS,14301,NIAGARA,Active,"November 09, 2022","October 31, 2028",,NONE,26,Census batch geocode + point-in-district,no,yes
026549,Pharmacy,"FAMILY MEDICAL PHARMACY, INC.",,120 PLAZA DRIVE WILLIAMSVILLE NY 14221,120 PLAZA DRIVE,WILLIAMSVILLE,14221,ERIE,Transfer,"February 26, 2004","June 30, 2020","June 30, 2020",037859,,,unknown,yes
022443,Pharmacy,FAMILY PHARMACEUTICAL SERVICES L.L.C.,CHILDRENS HOMECARE PHARMACY,C/O PHARMACY 1001 MAIN ST. 2ND FLR. BUFFALO NY 14203-1009,1001 MAIN ST,. 2ND . BUFFALO,14203,ERIE,Discontinued,"April 21, 1995","September 27, 2019","September 27, 2019",NONE,,,unknown,yes
022444,Pharmacy,FAMILY PHARMACEUTICAL SERVICES L.L.C.,HIGH ST. PRESCRIPTION CENTER,100 HIGH ST. BUFFALO NY 14203,100 HIGH ST,. BUFFALO,14203,ERIE,Transfer,"April 21, 1995","June 18, 2024","June 18, 2024",040970,26,Census batch geocode + point-in-district,no,yes
023689,Pharmacy,FAMILY PHARMACEUTICAL SERVICES LLC,FPS LONGTERM PRESCRIPTIONS,2100 WEHRLE DR. WILLIAMSVILLE NY 14221,2100 WEHRLE DR,. WILLIAMSVILLE,14221,ERIE,Discontinued,"July 03, 1998","March 17, 2000","March 17, 2000",NONE,,,unknown,yes
034834,Pharmacy,FAMILY PHARMACEUTICAL SERVICES LLC,CAMPUS FAMILY PHARMACY,1001 MAIN ST. 2ND FL. BUFFALO NY 14203-1009,1001 MAIN ST,. 2ND,14203,ERIE,Discontinued,"April 05, 2017","November 09, 2017","November 09, 2017",NONE,,,unknown,yes
028732,Pharmacy,"FAMILY PHARMACEUTICAL SERVICES, L.L.C.",SUBURBAN FAMILY PHARMACY,1540 MAPLE RD. WILLIAMSVILLE NY 14221,1540 MAPLE RD,. WILLIAMSVILLE,14221,ERIE,Discontinued,"February 21, 2008","December 03, 2021","December 03, 2021",NONE,,,unknown,yes
022839,Pharmacy,"FAMILY PHARMACEUTICAL SERVICES, L.L.C.",,1001 HUMBOLDT PKWY. C BLDG. ROOM 2-9 BUFFALO NY 14208,1001 HUMBOLDT PKWY,. C 2-9 BUFFALO,14208,ERIE,Not Active,Not On File,"April 08, 1996","April 08, 1996",NONE,,,unknown,yes
027053,Pharmacy,FATHER BAKER MANOR,,6400 POWERS ROAD ORCHARD PARK NY 14127,6400 POWERS ROAD,ORCHARD PARK,14127,ERIE,Not Active,Not On File,"June 20, 2005","June 20, 2005",NONE,,,unknown,yes
019349,Pharmacy,FAY'S INCORPORATED,ECKERD,2215 NIAGARA ST. BUFFALO NY 14207,2215 NIAGARA ST,. BUFFALO,14207,ERIE,Transfer,"January 13, 1987","December 31, 1998","December 31, 1998",023855,,,unknown,yes
018857,Pharmacy,FAY'S INCORPORATED,ECKERD,2175 S. PARK AVE. BUFFALO NY 14220,2175 S. PARK AVE,. BUFFALO,14220,ERIE,Transfer,"November 07, 1985","December 31, 1998","December 31, 1998",023854,,,unknown,yes
023611,Pharmacy,FAY'S INCORPORATED,ECKERD DRUGS #5017,C/O PHARMACY 1381 NASH RD. NORTH TONAWANDA NY 14120,1381 NASH RD,. NORTH TONAWANDA,14120,NIAGARA,Transfer,"March 23, 1998","December 31, 1998","December 31, 1998",023980,,,unknown,yes
019176,Pharmacy,FAY'S INCORPORATED,ECKERD,480 EVANS RD. WILLIAMSVILLE NY 14221,480 EVANS RD,. WILLIAMSVILLE,14221,ERIE,Transfer,"July 15, 1986","December 31, 1998","December 31, 1998",024068,,,unknown,yes
018343,Pharmacy,FAY'S INCORPORATED,ECKERD,2585 MAIN ST. BUFFALO NY 14214,2585 MAIN ST,. BUFFALO,14214,ERIE,Transfer,"November 05, 1984","December 31, 1998","December 31, 1998",024085,,,unknown,yes
018054,Pharmacy,FAY'S INCORPORATED,ECKERD,1020 PORTAGE RD. NIAGARA FALLS NY 14301,1020 PORTAGE RD,. NIAGARA FALLS,14301,NIAGARA,Transfer,"February 22, 1984","December 31, 1998","December 31, 1998",024096,,,unknown,yes
020535,Pharmacy,FAY'S INCORPORATED,ECKERD,16 PARK DR. HORNELL NY 14843,16 PARK DR,. HORNELL,14843,STEUBEN,Transfer,"March 19, 1990","December 31, 1998","December 31, 1998",023938,23,county wholly in NY-23,yes,yes
020712,Pharmacy,FAY'S INCORPORATED,FAY'S CORNERDRUG,5495 MAIN ST. WILLIAMSVILLE NY 14221,5495 MAIN ST,. WILLIAMSVILLE,14221,ERIE,Discontinued,"August 23, 1990","August 10, 1995","August 10, 1995",NONE,,,unknown,yes
017014,Pharmacy,FAY'S INCORPORATED,ECKERD,6001 PORTER-PACKARD RDS. NIAGARA FALLS NY 14304,6001 PORTER-PACKARD RDS. NIAGARA,FALLS,14304,NIAGARA,Transfer,"February 24, 1981","December 31, 1998","December 31, 1998",024082,,,unknown,yes
017491,Pharmacy,FAY'S INCORPORATED,ECKERD,1772 BROADWAY AVE. BUFFALO NY 14212,1772 BROADWAY AVE,. BUFFALO,14212,ERIE,Transfer,"June 22, 1982","December 31, 1998","December 31, 1998",023857,,,unknown,yes
019810,Pharmacy,FAY'S INCORPORATED,ECKERD,10 W. MAIN ST. CUBA NY 14727,10 W. MAIN ST,. CUBA,14727,ALLEGANY,Transfer,"April 19, 1988","December 31, 1998","December 31, 1998",023879,23,county wholly in NY-23,yes,yes
014898,Pharmacy,FAY'S INCORPORATED,ECKERD,507 CHEMUNG ST. HORSEHEADS NY 14845,507 CHEMUNG ST,. HORSEHEADS,14845,CHEMUNG,Transfer,"October 18, 1974","December 31, 1998","December 31, 1998",023940,23,county wholly in NY-23,yes,yes
018959,Pharmacy,FAY'S INCORPORATED,ECKERD,245 FLUVANNA AVE. JAMESTOWN NY 14701,245 AVE,. JAMESTOWN,14701,CHAUTAUQUA,Transfer,"January 28, 1986","December 31, 1998","December 31, 1998",023946,23,county wholly in NY-23,yes,yes
017597,Pharmacy,FAY'S INCORPORATED,ECKERD,2094 GEORGE URBAN BLVD. DEPEW NY 14043,2094 GEORGE URBAN BLVD,. DEPEW,14043,ERIE,Transfer,"October 26, 1982","December 31, 1998","December 31, 1998",023881,,,unknown,yes
020383,Pharmacy,FAY'S INCORPORATED,ECKERD,3497 DELAWARE AVE. KENMORE NY 14217,3497 DELAWARE AVE,. KENMORE,14217,ERIE,Transfer,"November 28, 1989","December 31, 1998","December 31, 1998",024087,,,unknown,yes
018019,Pharmacy,FAY'S INCORPORATED,ECKERD,3957 VINEYARD DR. DUNKIRK NY 14048,3957 VINEYARD DR,. DUNKIRK,14048,CHAUTAUQUA,Transfer,"January 20, 1984","December 31, 1998","December 31, 1998",023885,23,county wholly in NY-23,yes,yes
016735,Pharmacy,FAY'S INCORPORATED,ECKERD,3248 SHERIDAN DR. EGGERTSVILLE NY 14226,3248 SHERIDAN DR,. EGGERTSVILLE,14226,ERIE,Transfer,"March 28, 1980","December 31, 1998","December 31, 1998",023891,,,unknown,yes
021633,Pharmacy,FAY'S INCORPORATED,ECKERD,398 MAIN ST. EAST AURORA NY 14052,398 MAIN ST,. EAST AURORA,14052,ERIE,Transfer,"March 18, 1993","December 31, 1998","December 31, 1998",023886,,,unknown,yes
021342,Pharmacy,FAY'S INCORPORATED,ECKERD,40 S. ERIE ST. MAYVILLE NY 14757,40 S. ERIE ST,. MAYVILLE,14757,CHAUTAUQUA,Transfer,"June 11, 1992","December 31, 1998","December 31, 1998",023962,23,county wholly in NY-23,yes,yes
023453,Pharmacy,FAY'S INCORPORATED,ECKERD,C/O PHARMACY 45 E. MARKET ST. CORNING NY 14830-2614,45 E. MARKET ST,. CORNING,14830,STEUBEN,Transfer,"October 02, 1997","December 31, 1998","December 31, 1998",023874,23,county wholly in NY-23,yes,yes
016734,Pharmacy,FAY'S INCORPORATED,ECKERD,706 MINERAL SPRINGS RD. WEST SENECA NY 14224,706 MINERAL SPRINGS RD,. WEST SENECA,14224,ERIE,Transfer,"March 28, 1980","December 31, 1998","December 31, 1998",024062,,,unknown,yes
023608,Pharmacy,FAY'S INCORPORATED,ECKERD DRUGS #5018,C/O PHARMACY 2325 MILLERSPORT HIGHWAY GETZVILLE NY 14068,2325 MILLERSPORT HIGHWAY,GETZVILLE,14068,ERIE,Transfer,"March 23, 1998","December 31, 1998","December 31, 1998",023905,,,unknown,yes
019916,Pharmacy,FAY'S INCORPORATED,ECKERD,2391 GRAND ISLAND BLVD. GRAND ISLAND NY 14072,2391 GRAND ISLAND BLVD,. GRAND ISLAND,14072,ERIE,Transfer,"August 08, 1988","December 31, 1998","December 31, 1998",024083,,,unknown,yes
019264,Pharmacy,FAY'S INCORPORATED,ECKERD,5917 S. TRANSIT RD. LOCKPORT NY 14094,5917 S. TRANSIT RD,. LOCKPORT,14094,NIAGARA,Transfer,"October 30, 1986","December 31, 1998","December 31, 1998",024090,,,unknown,yes
017282,Pharmacy,FAY'S INCORPORATED,ECKERD,343 MEADOW DR. NORTH TONAWANDA NY 14120,343 MEADOW DR,. NORTH TONAWANDA,14120,NIAGARA,Transfer,"October 16, 1981","December 31, 1998","December 31, 1998",024076,,,unknown,yes
020797,Pharmacy,FAY'S INCORPORATED,ECKERD,S-5999 S. PARK AVE. HAMBURG NY 14075,S5999 S. PARK AVE,. HAMBURG,14075,ERIE,Transfer,"November 14, 1990","December 31, 1998","December 31, 1998",023935,,,unknown,yes
018344,Pharmacy,FAY'S INCORPORATED,ECKERD,175 N. UNION ST. SUITE 15 OLEAN NY 14760,175 N. UNION ST,. OLEAN,14760,CATTARAUGUS,Transfer,"November 05, 1984","December 31, 1998","December 31, 1998",023984,23,county wholly in NY-23,yes,yes
020384,Pharmacy,FAY'S INCORPORATED,ECKERD,214 ELMWOOD AVE. BUFFALO NY 14222,214 ELMWOOD AVE,. BUFFALO,14222,ERIE,Discontinued,"November 28, 1989","October 22, 1997","October 22, 1997",NONE,,,unknown,yes
020381,Pharmacy,FAY'S INCORPORATED,ECKERD,265 W. FERRY ST. BUFFALO NY 14213,265 W. FERRY ST,. BUFFALO,14213,ERIE,Transfer,"November 28, 1989","December 31, 1998","December 31, 1998",024088,,,unknown,yes
021668,Pharmacy,FAY'S INCORPORATED,LYNN'S DRUG STORE,62-64 NORTH AVE. OWEGO NY 13827,62-64 NORTH AVE,. OWEGO,13827,TIOGA,Discontinued,"May 20, 1993","August 08, 1996","August 08, 1996",NONE,23,county wholly in NY-23,yes,yes
019210,Pharmacy,FAY'S INCORPORATED,ECKERD,2303 UNION RD. WEST SENECA NY 14224,2303 UNION RD,. WEST SENECA,14224,ERIE,Transfer,"August 19, 1986","December 31, 1998","December 31, 1998",024063,,,unknown,yes
020745,Pharmacy,FAY'S INCORPORATED,ECKERD,279 E. FAIRMONT AVE. LAKEWOOD NY 14750,279 E. FAIRMONT AVE,. LAKEWOOD,14750,CHAUTAUQUA,Transfer,"September 19, 1990","December 31, 1998","December 31, 1998",023951,23,county wholly in NY-23,yes,yes
017879,Pharmacy,FAY'S INCORPORATED,ECKERD,2396 SENECA ST. BUFFALO NY 14210,2396 SENECA ST,. BUFFALO,14210,ERIE,Transfer,"September 15, 1983","December 31, 1998","December 31, 1998",023856,,,unknown,yes
017680,Pharmacy,FAY'S INCORPORATED,ECKERD,34 CHESTNUT ST. LOCKPORT NY 14094,34 CHESTNUT ST,. LOCKPORT,14094,NIAGARA,Transfer,"February 23, 1983","December 31, 1998","December 31, 1998",023956,,,unknown,yes
020544,Pharmacy,FAY'S INCORPORATED,ECKERD,8079 N. MAIN ST. EDEN NY 14057,8079 N. MAIN ST,. EDEN,14057,ERIE,Transfer,"February 26, 1990","December 31, 1998","December 31, 1998",023890,,,unknown,yes
020871,Pharmacy,FAY'S INCORPORATED,ECKERD,326 PARK AVE. CORNING NY 14830,326 PARK AVE,. CORNING,14830,STEUBEN,Transfer,"March 15, 1991","December 31, 1998","December 31, 1998",023873,23,county wholly in NY-23,yes,yes
020382,Pharmacy,FAY'S INCORPORATED,VAN SLYKE PHARMACY,1569 HERTEL AVE. BUFFALO NY 14216,1569 HERTEL AVE,. BUFFALO,14216,ERIE,Discontinued,"November 28, 1989","May 21, 1990","May 21, 1990",NONE,,,unknown,yes
021006,Pharmacy,FAY'S INCORPORATED,FAY'S CORNERDRUG,1030 EAST STATE ST. OLEAN NY 14760,1030 EAST STATE ST,. OLEAN,14760,CATTARAUGUS,Discontinued,"August 07, 1991","March 19, 1996","March 19, 1996",NONE,23,county wholly in NY-23,yes,yes
015625,Pharmacy,FAY'S INCORPORATED,ECKERD,98 VICTORY HWY. PAINTED POST NY 14870,98 VICTORY HWY,. PAINTED POST,14870,STEUBEN,Transfer,"November 01, 1976","December 31, 1998","December 31, 1998",023994,23,county wholly in NY-23,yes,yes
017593,Pharmacy,FAY'S INCORPORATED,ECKERD,40 ADAMS ST. TONAWANDA NY 14150,40 ADAMS ST,. TONAWANDA,14150,ERIE,Transfer,"October 19, 1982","December 31, 1998","December 31, 1998",024075,,,unknown,yes
016733,Pharmacy,FAY'S INCORPORATED,ECKERD,4271 LAKE AVE. BLASDELL NY 14219,4271 LAKE AVE,. BLASDELL,14219,ERIE,Transfer,"March 28, 1980","December 31, 1998","December 31, 1998",023852,,,unknown,yes
016535,Pharmacy,FAY'S INCORPORATED,ECKERD,7326 SENECA RD. N. HORNELL NY 14843,7326 SENECA RD,. N. HORNELL,14843,STEUBEN,Transfer,"September 20, 1979","December 31, 1998","December 31, 1998",023939,23,county wholly in NY-23,yes,yes
018360,Pharmacy,FAY'S INCORPORATED,ECKERD,363 COLLEGE AVE. ELMIRA NY 14901,363 COLLEGE AVE,. ELMIRA,14901,CHEMUNG,Transfer,"November 13, 1984","December 31, 1998","December 31, 1998",023892,23,county wholly in NY-23,yes,yes
021666,Pharmacy,FAY'S INCORPORATED,ECKERD,21 N. MAIN ST. NEWARK VALLEY NY 13811,21 N. MAIN ST,. NEWARK VALLEY,13811,TIOGA,Transfer,"May 20, 1993","December 31, 1998","December 31, 1998",023975,23,county wholly in NY-23,yes,yes
016268,Pharmacy,FAY'S INCORPORATED,ECKERD,4060 N. BUFFALO RD. ORCHARD PARK NY 14127,4060 N. BUFFALO RD,. ORCHARD PARK,14127,ERIE,Transfer,"October 30, 1978","December 31, 1998","December 31, 1998",023990,,,unknown,yes
020614,Pharmacy,FAY'S INCORPORATED,ECKERD,84 CANAL ST. P.O. BOX 451 BIG FLATS NY 14814,84 CANAL ST,. BIG,14814,CHEMUNG,Transfer,"May 30, 1990","December 31, 1998","December 31, 1998",023847,23,county wholly in NY-23,yes,yes
016985,Pharmacy,FAY'S INCORPORATED,ECKERD,2453 ELMWOOD AVE. KENMORE NY 14217,2453 ELMWOOD AVE,. KENMORE,14217,ERIE,Transfer,"January 20, 1981","December 31, 1998","December 31, 1998",024080,,,unknown,yes
018782,Pharmacy,FAY'S INCORPORATED,ECKERD,"110 BOLIVAR RD. HC 64, BOX 1F WELLSVILLE NY 14895",110 BOLIVAR RD,". HC 64, BOX 1F WELLSVILLE",14895,ALLEGANY,Transfer,"September 16, 1985","December 31, 1998","December 31, 1998",024061,23,county wholly in NY-23,yes,yes
020532,Pharmacy,FAY'S INCORPORATED,FAY'S CORNERDRUG,805 MILLERSPORT HWY. EGGERTSVILLE NY 14226,805 MILLERSPORT HWY,. EGGERTSVILLE,14226,ERIE,Discontinued,"March 08, 1990","September 18, 1996","September 18, 1996",NONE,,,unknown,yes
020272,Pharmacy,FAY'S INCORPORATED,ECKERD,2109 HYDE PARK BLVD. NIAGARA FALLS NY 14305,2109 HYDE PARK BLVD,. NIAGARA FALLS,14305,NIAGARA,Discontinued,"August 01, 1989","February 04, 1998","February 04, 1998",NONE,,,unknown,yes
018858,Pharmacy,FAY'S INCORPORATED,ECKERD,1000 HERTEL AVE. BUFFALO NY 14216,1000 HERTEL AVE,. BUFFALO,14216,ERIE,Transfer,"November 07, 1985","December 31, 1998","December 31, 1998",024094,,,unknown,yes
015749,Pharmacy,FAY'S INCORPORATED,ECKERD,4900 BROADWAY DEPEW NY 14043,4900 BROADWAY,DEPEW,14043,ERIE,Transfer,"March 04, 1977","December 31, 1998","December 31, 1998",023880,,,unknown,yes
016210,Pharmacy,FAY'S INCORPORATED,ECKERD,8202 TRANSIT RD. WILLIAMSVILLE NY 14221,8202 TRANSIT RD,. WILLIAMSVILLE,14221,ERIE,Transfer,"September 01, 1978","December 31, 1998","December 31, 1998",024066,,,unknown,yes
021667,Pharmacy,FAY'S INCORPORATED,LYNN'S DRUG STORE,91 MAIN ST. CANDOR NY 13743,91 MAIN ST,. CANDOR,13743,TIOGA,Discontinued,"May 21, 1993","March 04, 1994","March 04, 1994",NONE,23,county wholly in NY-23,yes,yes
020793,Pharmacy,FAY'S INCORPORATED,GEORGETOWN PHARMACY,5225 SHERIDAN DR. WILLIAMSVILLE NY 14221,5225 SHERIDAN DR,. WILLIAMSVILLE,14221,ERIE,Discontinued,"November 02, 1990","February 05, 1993","February 05, 1993",NONE,,,unknown,yes
014895,Pharmacy,FAY'S INCORPORATED,ECKERD,826 ERIE ST. ELMIRA NY 14904,826 ERIE ST,. ELMIRA,14904,CHEMUNG,Transfer,"October 18, 1974","December 31, 1998","December 31, 1998",023893,23,county wholly in NY-23,yes,yes
018247,Pharmacy,FAY'S INCORPORATED,ECKERD,2320 GENESEE ST. CHEEKTOWAGA NY 14225,2320 GENESEE ST,. CHEEKTOWAGA,14225,ERIE,Transfer,"August 15, 1984","December 31, 1998","December 31, 1998",023867,,,unknown,yes
501313,Storekeeper,"FELLOWS, WILLIAM A.",MIDWAY MINI-MART,MIDWAY MINI-MART RD #1 BEMUS POINT NY 14712,MIDWAY MINI-MART RD,#1 BEMUS POINT,14712,CHAUTAUQUA,Discontinued,"March 06, 1979","December 31, 1989","December 31, 1989",NONE,23,county wholly in NY-23,yes,no
017516,Pharmacy,"FERVAN, JACK DONALD",FERVAN'S PROFESSIONAL PHARMACY,FERVAN'S PROFESSIONAL PHARMACY 10 MAIN STREET AVOCA NY 14809,FERVAN'S PROFESSIONAL PHARMACY 10 MAIN STREET,AVOCA,14809,STEUBEN,Discontinued,"July 30, 1982","April 27, 1994","April 27, 1994",NONE,23,county wholly in NY-23,yes,yes
015155,Pharmacy,"FICKENSCHER, PAUL D.",SHOP-RITE PRESCRIPTION CENTER,SHOP RITE PRESCRIPTION CENTER CLINTON-ROSSLER PLAZA CHEEKTOWAGA NY 14206,SHOP RITE PRESCRIPTION CENTER CLINTON-ROSSLER PLAZA,CHEEKTOWAGA,14206,ERIE,Discontinued,"August 15, 1975","September 10, 2001","September 10, 2001",NONE,26,unmatched address; town wholly in/out of NY-23 (assumed),no,yes
500289,Storekeeper,"FIELD, MAURICE L.",FIELD FOOD,FIELD FOOD MAIN STREET BOX 213 SCIO NY 14880,FIELD FOOD MAIN STREET,BOX 213 SCIO,14880,ALLEGANY,Discontinued,"January 01, 1966","June 20, 1989","June 20, 1989",NONE,23,county wholly in NY-23,yes,no
001153,Pharmacy,"FIFTY-SIX DELAMERE ROAD, INC.",,540 NIAGARA FALLS BLVD. BUFFALO NY 14223,540 NIAGARA FALLS BLVD,. BUFFALO,14223,ERIE,Transfer,"December 07, 1949","August 02, 1990","August 02, 1990",020682,,,unknown,yes
013716,Pharmacy,"FILLMORE & FISHER PHARMACY, INC.",,10560 RTE. 19 FILLMORE NY 14735,10560 RTE. 19,FILLMORE,14735,ALLEGANY,Active,"February 29, 1972","March 31, 2028",,NONE,23,county wholly in NY-23,yes,yes
020318,Pharmacy,"FILLMORE AND FISHER PHARMACY, INC.",CUBA PHARMACY,2 CENTER ST. CUBA NY 14727,2 CENTER ST,. CUBA,14727,ALLEGANY,Active,"October 11, 1989","October 31, 2028",,NONE,23,county wholly in NY-23,yes,yes
014331,Pharmacy,"FILLMORE AND FISHER PHARMACY,INC.",,138 N. MAIN ST. WELLSVILLE NY 14895,138 N. MAIN ST,. WELLSVILLE,14895,ALLEGANY,Active,"July 01, 1973","July 31, 2028",,NONE,23,county wholly in NY-23,yes,yes
021851,Wholesaler/Repacker,FIRST COMMUNITY CARE INC.,,210 JOHN GLENN DR. SUITE 12 AMHERST NY 14228,210 JOHN GLENN DR,. AMHERST,14228,ERIE,Transfer,"September 07, 1993","January 12, 1999","January 12, 1999",023806,,,unknown,no
016770,Pharmacy,FISHER JAMES DEAN,FISHER'S DRUG,CONVENIENT PLAZA MAIN AND ALLEN STS HORNELL NY 14843,CONVENIENT PLAZA MAIN,AND ALLEN STS HORNELL,14843,STEUBEN,Discontinued,"April 25, 1980","November 17, 1987","November 17, 1987",NONE,23,county wholly in NY-23,yes,yes
500302,Storekeeper,"FLINT, ALFRED ELLSWORTH",KIRK & FLINT GENERAL STORE,"KIRK & FLINT GENERAL STORE MAIN & MILL STS.,BOX 248 WOODHULL NY 14898",KIRK & GENERAL STORE MAIN,"& MILL STS.,BOX 248 WOODHULL",14898,STEUBEN,Discontinued,"June 01, 1956","December 17, 1992","December 17, 1992",NONE,23,county wholly in NY-23,yes,no
019219,Pharmacy,FORSTER'S PHARMACY INC.,,3713 S PARK AVE BLASDELL NY 14219,3713 S PARK AVE,BLASDELL,14219,ERIE,Discontinued,"August 29, 1986","October 10, 2016","October 10, 2016",NONE,,,unknown,yes
202491,Wholesaler/Repacker,FOSTER MEDICAL CORPORATION,,"R.D.#1, FLUVANNA AVENUE JAMESTOWN NY 14701","R.D.#1, AVENUE",JAMESTOWN,14701,CHAUTAUQUA,Discontinued,"August 13, 1987","December 31, 1989","December 31, 1989",NONE,23,county wholly in NY-23,yes,no
500308,Storekeeper,"FOY, CLAYTON EDWARD",FOY'S VARIETY STORE,FOY'S VARIETY STORE VILLAGE SQUARE BOX 439 ELLINGTON NY 14732,FOY'S VARIETY STORE VILLAGE SQUARE,BOX 439 ELLINGTON,14732,CHAUTAUQUA,Discontinued,"February 11, 1949","November 12, 1992","November 12, 1992",NONE,23,county wholly in NY-23,yes,no
018859,Pharmacy,"FREDDY'S OF AMHERST, N.Y., INC.",FREDDY'S,3330 SHERIDAN DRIVE AMHERST NY 14226,3330 SHERIDAN DRIVE,AMHERST,14226,ERIE,Transfer,"November 07, 1985","September 19, 1991","September 19, 1991",021074,,,unknown,yes
020273,Pharmacy,"FREDDY'S OF BUFFALO, NY., INC.",FREDDY'S RX,2152 DELAWARE AVE. BUFFALO NY 14216,2152 DELAWARE AVE,. BUFFALO,14216,ERIE,Transfer,"August 09, 1989","September 19, 1991","September 19, 1991",021076,,,unknown,yes
020387,Pharmacy,"FREDDY'S OF CHEEKTOWAGA, NY, INC.",FREDDY'S RX,3735 UNION RD. CHEEKTOWAGA NY 14225,3735 UNION RD,. CHEEKTOWAGA,14225,ERIE,Transfer,"December 07, 1989","September 19, 1991","September 19, 1991",021075,,,unknown,yes
018877,Pharmacy,"FREDDY'S OF NIAGARA FALLS, N.Y., INC.",FREDDY'S,1900 MILITARY RD. NIAGARA FALLS NY 14304,1900 MILITARY RD,. NIAGARA FALLS,14304,NIAGARA,Transfer,"November 19, 1985","September 19, 1991","September 19, 1991",021079,,,unknown,yes
019568,Pharmacy,"FREDDY'S OF WEST SENECA N.Y., INC.",FREDDY'S RX,1900 RIDGE ROAD WEST SENECA NY 14224,1900 RIDGE ROAD,WEST SENECA,14224,ERIE,Transfer,"October 09, 1987","September 19, 1991","September 19, 1991",021081,26,unmatched address; town wholly in/out of NY-23 (assumed),no,yes
012466,Pharmacy,FREDONIA PHARMACY INC.,HY-TOP PHARMACY,260 E. MAIN ST. FREDONIA NY 14063,260 E. MAIN ST,. FREDONIA,14063,CHAUTAUQUA,Transfer,"April 09, 1969","October 05, 1992","October 05, 1992",021450,23,county wholly in NY-23,yes,yes
019484,Pharmacy,"FREDONIA SUPER MARKETS, INC.",TOPS PHARMACY,4000 VINEYARD DR. DUNKIRK NY 14048,4000 VINEYARD DR,. DUNKIRK,14048,CHAUTAUQUA,Transfer,"July 16, 1987","February 25, 1993","February 25, 1993",021550,23,county wholly in NY-23,yes,yes
029146,Manufacturer,"FRESENIUS KABI USA, LLC",,3159 STALEY RD GRAND ISLAND NY 14072,3159 STALEY RD,GRAND ISLAND,14072,ERIE,Active,"November 04, 2008","October 31, 2026",,NONE,,,unknown,no
021967,Wholesaler,FRESENIUS USA INC.,,200 SONWIL DR. BUFFALO NY 14225,200 SONWIL DR,. BUFFALO,14225,ERIE,Discontinued,"December 27, 1993","May 04, 1998","May 04, 1998",NONE,,,unknown,no
022725,Pharmacy,"FRESENIUS USA, INC.",,200 SONWIL DR. CHEEKTOWAGA NY 14225,200 SONWIL DR,. CHEEKTOWAGA,14225,ERIE,Discontinued,"December 05, 1995","May 04, 1998","May 04, 1998",NONE,,,unknown,yes
023742,Manufacturer,FUJISAWA HEALTHCARE INC.,,3125 STALEY ROAD GRAND ISLAND NY 14072,3125 STALEY ROAD,GRAND ISLAND,14072,ERIE,Transfer,"August 10, 1998","April 04, 2005","April 04, 2005",027196,,,unknown,no
021238,Manufacturer,"FUJISAWA USA, INC.",,3159 STALEY RD. GRAND ISLAND NY 14072,3159 STALEY RD,. GRAND ISLAND,14072,ERIE,Discontinued,"April 13, 1992","April 08, 1999","April 08, 1999",NONE,,,unknown,no
021237,Wholesaler,"FUJISAWA USA, INC.",LYPHOMED,1800 ELMWOOD AVE. BUFFALO NY 14207,1800 ELMWOOD AVE,. BUFFALO,14207,ERIE,Discontinued,"April 13, 1992","July 21, 1998","July 21, 1998",NONE,,,unknown,no
303224,Wholesaler,"G & G SALES & SERVICE OF W.N.Y., INC.",,T.C. INDUSTRIAL PARK TAYLOR DRIVE DEPEW NY 14043,T.C. INDUSTRIAL PARK TAYLOR DRIVE,DEPEW,14043,ERIE,Discontinued,"November 06, 1963","December 31, 1988","December 31, 1988",NONE,,,unknown,no
028805,Pharmacy,"GARDEN GATE HEALTH CARE FACILITY, LLC",,C/O PHARMACY 2365 UNION ROAD CHEEKTOWAGA NY 14227,2365 UNION ROAD,CHEEKTOWAGA,14227,ERIE,Discontinued,"March 03, 2008","May 12, 2023","May 12, 2023",NONE,26,Census batch geocode + point-in-district,no,no
018569,Pharmacy,"GENESEE PHARMACY, INC.",,1266 GENESEE ST. BUFFALO NY 14211,1266 GENESEE ST,. BUFFALO,14211,ERIE,Discontinued,"April 26, 1985","February 04, 1994","February 04, 1994",NONE,,,unknown,yes
027603,Wholesaler/Repacker,GENESEE VALLEY GROUP HEALTH ASSOCIATION,LIFETOME HEALTH MEDICAL GROUP,120 GARDENVILL PKWY. WES C/O PHARMACY WEST SENECA NY 14224,120 GARDENVILL PKWY,. WES WEST SENECA,14224,ERIE,Transfer,"December 02, 2005","January 29, 2015","January 29, 2015",026301,,,unknown,no
027327,Pharmacy,GENESEE VALLEY GROUP HEALTH ASSOCIATION,LIFETIME HEALTH MEDICAL GROUP,2075 SHERIDAN DRIVE BUFFALO NY 14223-1432,2075 SHERIDAN DRIVE,BUFFALO,14223,ERIE,Discontinued,"November 07, 2005","January 20, 2009","January 20, 2009",NONE,26,unmatched address; town wholly in/out of NY-23 (assumed),no,yes
027326,Pharmacy,GENESEE VALLEY GROUP HEALTH ASSOCIATION,LIFETIME HEALTH MEDICAL GROUP,151 ELMVIEW AVENUE HAMBURG NY 14075,151 ELMVIEW AVENUE,HAMBURG,14075,ERIE,Discontinued,"November 07, 2005","October 24, 2017","October 24, 2017",NONE,,,unknown,yes
027324,Pharmacy,GENESEE VALLEY GROUP HEALTH ASSOCIATION,"LIFETIME HEALTH PLAN, INC",1185 SWEET HOME ROAD AMHERST NY 14226-1018,1185 SWEET HOME ROAD,AMHERST,14226,ERIE,Discontinued,"November 07, 2005","October 25, 2017","October 25, 2017",NONE,,,unknown,yes
027323,Pharmacy,GENESEE VALLEY GROUP HEALTH ASSOCIATION,"LIFETIME HEALTH PLAN, INC",899 MAIN STREET BUFFALO NY 14203-1185,899 MAIN STREET,BUFFALO,14203,ERIE,Discontinued,"October 27, 2005","October 26, 2017","October 26, 2017",NONE,26,unmatched address; town wholly in/out of NY-23 (assumed),no,yes
027322,Pharmacy,GENESEE VALLEY GROUP HEALTH ASSOCIATION,"LIFETIME HEALTH PLAN, INC",120 GARDENVILLE PKWY.WEST WEST SENECA NY 14224-1324,120 GARDENVILLE PKWY.,WEST SENECA,14224,ERIE,Transfer,"December 02, 2005","January 29, 2015","January 29, 2015",025997,26,unmatched address; town wholly in/out of NY-23 (assumed),no,yes
041615,Pharmacy,GENOA HEALTHCARE LLC,,1010 WAYNE ST SUITE P OLEAN NY 14760,1010 WAYNE ST,OLEAN,14760,CATTARAUGUS,Active,"May 20, 2025","April 30, 2028",,NONE,23,county wholly in NY-23,yes,yes
011947,Pharmacy,"GEORGETOWN PHARMACY, INC.",,5225 SHERIDAN DRIVE WILLIAMSVILLE NY 14221,5225 SHERIDAN DRIVE,WILLIAMSVILLE,14221,ERIE,Transfer,"December 11, 1967","November 02, 1990","November 02, 1990",020793,,,unknown,yes
000831,Pharmacy,"GEROULD'S PROFESSIONAL PHARMACY, INC.",,130 S. MAIN STREET ELMIRA NY 14904,130 S. MAIN STREET,ELMIRA,14904,CHEMUNG,Active,"July 01, 1955","July 31, 2028",,NONE,23,county wholly in NY-23,yes,yes
026262,Pharmacy,"GEROULD'S PROFESSIONAL PHARMACY, INC.",,98 W. PULTNEY ST. CORNING NY 14830,98 W. PULTNEY ST,. CORNING,14830,STEUBEN,Active,"November 14, 2003","November 30, 2028",,NONE,23,county wholly in NY-23,yes,yes
013979,Pharmacy,"GEROULD'S PROFESSIONAL PHARMACY, INC.",,215 HOFFMAN ST. ELMIRA NY 14905,215 HOFFMAN ST,. ELMIRA,14905,CHEMUNG,Active,"November 08, 1972","November 30, 2028",,NONE,23,county wholly in NY-23,yes,yes
019375,Pharmacy,"GEROULD'S PROFESSIONAL PHARMACY, INC.",,2887 WESTINGHOUSE RD. HORSEHEADS NY 14845,2887 WESTINGHOUSE RD,. HORSEHEADS,14845,CHEMUNG,Active,"February 23, 1987","February 29, 2028",,NONE,23,county wholly in NY-23,yes,yes
022987,Pharmacy,"GERRY NURSING HOME COMPANY, INC.",,C/O PHARMACY 4600 RTE 60 GERRY NY 14740-0351,4600 RTE 60,GERRY,14740,CHAUTAUQUA,Transfer,"August 30, 1996","May 07, 2008","May 07, 2008",028815,23,county wholly in NY-23,yes,no
010925,Pharmacy,"GETZVILLE PHARMACY, INC.",,2325 MILLERSPORT HWY. GETZVILLE NY 14068,2325 MILLERSPORT HWY,. GETZVILLE,14068,ERIE,Transfer,"June 30, 1965","March 23, 1998","March 23, 1998",023608,,,unknown,yes
031502,Pharmacy,GGG61 CORP,CONCORD PHARMACY,10220 ROUTE 60 FREDONIA NY 14063-1420,10220 ROUTE 60,FREDONIA,14063,CHAUTAUQUA,Active,"December 27, 2012","November 30, 2027",,NONE,23,county wholly in NY-23,yes,yes
020320,Wholesaler/Repacker,GLASROCK HOME HEALTH CARE INC.,GLASROCK HOME HEALTH EQUIPMENT,67 BENBRO DR. CHEEKTOWAGA NY 14225,67 BENBRO DR,. CHEEKTOWAGA,14225,ERIE,Transfer,"April 09, 1990","April 29, 1993","April 29, 1993",021589,,,unknown,no
202458,Wholesaler/Repacker,"GLASROCK HOME HEALTH CARE OF NEW YORK, INC.",GLASROCK HOME HEALTH EQUIPMENT,67 BENBRO DRIVE CHEEKTOWAGA NY 14225,67 BENBRO DRIVE,CHEEKTOWAGA,14225,ERIE,Transfer,"December 03, 1986","April 09, 1990","April 09, 1990",020320,,,unknown,no
019607,Pharmacy,"GLASROCK HOME HEALTH CARE, INC.",,630 10TH STREET NIAGARA FALLS NY 14301,630 10TH STREET,NIAGARA FALLS,14301,NIAGARA,Discontinued,"November 27, 1987","December 31, 1989","December 31, 1989",NONE,26,unmatched address; town wholly in/out of NY-23 (assumed),no,yes
035840,Wholesaler,GLOBYZ PHARMA LLC,,255 GREAT ARROW AVE. SUITE 311 BUFFALO NY 14207,255 GREAT ARROW AVE,. BUFFALO,14207,ERIE,Not Active,Not On File,"October 03, 2017","October 03, 2017",NONE,,,unknown,no
019120,Pharmacy,"GOLOMBEK, RICHARD A.",FORESTVILLE DRUG STORE,FORESTVILLE DRUG STORE 8 MAIN ST. FORESTVILLE NY 14062,FORESTVILLE DRUG STORE 8 MAIN ST,. FORESTVILLE,14062,CHAUTAUQUA,Discontinued,"May 22, 1986","June 30, 1988","June 30, 1988",NONE,23,county wholly in NY-23,yes,yes
011996,Pharmacy,GOWANDA PHARMACY INC.,,41-43 W. MAIN ST. BOX 229 GOWANDA NY 14070,41-43 W. MAIN ST,. BOX 229 GOWANDA,14070,CATTARAUGUS,Discontinued,"October 01, 1967","August 05, 1997","August 05, 1997",NONE,23,county wholly in NY-23,yes,yes
006491,Pharmacy,GOWANDA PSYCHIATRIC CENTER,,C/O PHARMACY DEPT. HELMUTH NY 14079,DEPT.,HELMUTH,14079,ERIE,Discontinued,"January 01, 1931","March 14, 1992","March 14, 1992",NONE,,,unknown,yes
039628,Pharmacy,"GRAND ISLAND PHARMACY, INC.",ISLAND PRESCRIPTION CENTER,1728 GRAND ISLAND BLVD GRAND ISLAND NY 14072,1728 GRAND ISLAND BLVD,GRAND ISLAND,14072,ERIE,Active,"July 12, 2022","June 30, 2028",,NONE,26,Census batch geocode + point-in-district,no,yes
014834,Pharmacy,"GRANDYLE PHARMACY, INC.",,1771 LOVE ROAD GRAND ISLAND NY 14072,1771 LOVE ROAD,GRAND ISLAND,14072,ERIE,Discontinued,"December 10, 1974","November 12, 1993","November 12, 1993",NONE,,,unknown,yes
027120,Pharmacy,"GRANT STREET PHARMACY, LLC",,85 GRANT ST BUFFALO NY 14213-1906,85 GRANT ST,BUFFALO,14213,ERIE,Discontinued,"February 11, 2005","November 06, 2013","November 06, 2013",NONE,26,unmatched address; town wholly in/out of NY-23 (assumed),no,yes
022253,Wholesaler,GRAYCO SYSTEMS INC.,U.S.I.V.,8050 WEHRLE DR. WILLIAMSVILLE NY 14221-7272,8050 WEHRLE DR,. WILLIAMSVILLE,14221,ERIE,Not Active,Not On File,"November 20, 1996","November 20, 1996",NONE,,,unknown,no
021791,Pharmacy,GREATER BUFFALO ATHLETIC CORPORATION,WORLD UNIVERSITY,C/O PHARMACY 112 PORTER SUNYAB BUFFALO NY 14260,112 PORTER SUNYAB,BUFFALO,14260,ERIE,Discontinued,"July 01, 1993","February 21, 1994","February 21, 1994",NONE,26,unmatched address; town wholly in/out of NY-23 (assumed),no,yes
021069,Pharmacy,"GREEN ACRES PHARMACY, INC.",AMHERST APOTHECARY,"1150 YOUNGS RD., STE 103 WILLIAMSVILLE NY 14221",1150 YOUNGS RD,"., WILLIAMSVILLE",14221,ERIE,Discontinued,"August 22, 1991","June 19, 1998","June 19, 1998",NONE,,,unknown,yes
023205,Pharmacy,"GREEN ACRES PHARMACY, INC.",LOCKPORT PHARMACY,6000 BROCTON AVE. LOCKPORT NY 14094,6000 BROCTON AVE,. LOCKPORT,14094,NIAGARA,Discontinued,"April 07, 1997","June 19, 1998","June 19, 1998",NONE,,,unknown,yes
021334,Pharmacy,"GREEN ACRES PHARMACY, INC.",PARKVIEW HOME CARE PHARMACY,1770 COLVIN AVE. BUFFALO NY 14223,1770 COLVIN AVE,. BUFFALO,14223,ERIE,Transfer,"June 12, 1992","February 21, 1997","February 21, 1997",023173,,,unknown,no
020790,Wholesaler,"GREEN ACRES PHARMACY, INC.",PARKVIEW MEDICAL SUPPLY,"1600 NIAGARA FALLS BLVD. ""REAR"" BUFFALO NY 14150",1600 NIAGARA FALLS BLVD,". ""REAR"" BUFFALO",14150,ERIE,Discontinued,"January 10, 1991","August 12, 1998","August 12, 1998",NONE,,,unknown,no
020678,Pharmacy,"GREEN ACRES PHARMACY, INC.",PARKVIEW DRUGS,2189 SENECA ST. BUFFALO NY 14210,2189 SENECA ST,. BUFFALO,14210,ERIE,Discontinued,"July 19, 1990","March 21, 1995","March 21, 1995",NONE,,,unknown,yes
019748,Pharmacy,"GREEN ACRES PHARMACY, INC.",CAROUSEL PHARMACY,90 MANHATTAN AVE. NORTH TONAWANDA NY 14120,90 MANHATTAN AVE,. NORTH TONAWANDA,14120,NIAGARA,Transfer,"March 08, 1988","June 26, 1990","June 26, 1990",020668,,,unknown,yes
024466,Pharmacy,"GREETING CARDS PLUS, INC.",PARKER HERTEL PHARMACY,1862 HERTEL AVENUE BUFFALO NY 14216-3005,1862 HERTEL AVENUE,BUFFALO,14216,ERIE,Discontinued,"November 19, 1999","August 24, 2005","August 24, 2005",NONE,26,unmatched address; town wholly in/out of NY-23 (assumed),no,yes
022893,Pharmacy,"GREGORY, MARLENE A",CORNER DRUG STORE,CORNER DRUG STORE 1 WASHINGTON ST. CATTARAUGUS NY 14719,CORNER DRUG STORE 1 WASHINGTON ST,. CATTARAUGUS,14719,CATTARAUGUS,Transfer,"June 05, 1996","January 29, 2015","January 29, 2015",033273,23,county wholly in NY-23,yes,yes
001085,Pharmacy,"GROVER CLEVELAND PHARMACY, INC.",,805 MILLERSPORT HWY. EGGERTSVILLE NY 14226,805 MILLERSPORT HWY,. EGGERTSVILLE,14226,ERIE,Transfer,"August 01, 1950","March 08, 1990","March 08, 1990",020532,,,unknown,yes
033029,Pharmacy,GUARDIAN PHARMACY LLC.,,3980 SHERIDAN DR. SUITE 304 AMHERST NY 14226,3980 SHERIDAN DR,. AMHERST,14226,ERIE,Discontinued,"October 21, 2014","December 08, 2015","December 08, 2015",NONE,,,unknown,yes
033030,Wholesaler,GUARDIAN PHARMACY LLC.,,3980 SHERIDAN DR. SUITE 304 AMHERST NY 14226,3980 SHERIDAN DR,. AMHERST,14226,ERIE,Discontinued,"October 21, 2014","December 08, 2015","December 08, 2015",NONE,,,unknown,no
038058,Pharmacy,GUY PARK PHARMACY LLC,,151 GUY PARK AVE AMSTERDAM NY 12010,151 GUY PARK AVE,AMSTERDAM,12010,CATTARAUGUS,Active,"February 26, 2020","January 31, 2029",,NONE,23,county wholly in NY-23,yes,yes
023490,Wholesaler,H & H X-RAY CORP.,,135 GUNNVILLE RD. P.O. BOX 308 LANCASTER NY 14086,135 GUNNVILLE RD,. LANCASTER,14086,ERIE,Discontinued,"December 23, 1997","August 31, 2001","August 31, 2001",NONE,,,unknown,no
015850,Pharmacy,"HAMBURG CLINTON STORES, INC.",CVS PHARMACY,SCRANTON & CAMP ROAD HAMBURG NY 14075,SCRANTON & CAMP ROAD,HAMBURG,14075,ERIE,Discontinued,"June 06, 1977","June 28, 1992","June 28, 1992",NONE,,,unknown,yes
018150,Pharmacy,"HAMBURG MAIN PRESCRIPTION CENTER, INC.",,206 LAKE STREET HAMBURG NY 14075,206 LAKE STREET,HAMBURG,14075,ERIE,Transfer,"May 08, 1984","December 21, 1992","December 21, 1992",021498,,,unknown,yes
027903,Pharmacy,HAMBURG PHARMACY INC.,,206 LAKE STREET HAMBURG NY 14075,206 LAKE STREET,HAMBURG,14075,ERIE,Discontinued,"July 27, 2006","March 17, 2022","March 17, 2022",NONE,,,unknown,yes
018940,Pharmacy,"HAMBURG VILLAGE DRUG MART, INC.",,141 BUFFALO AVENUE HAMBURG NY 14075,141 BUFFALO AVENUE,HAMBURG,14075,ERIE,Transfer,"January 09, 1985","March 26, 1993","March 26, 1993",021594,,,unknown,yes
028754,Pharmacy,HARRIS HILL NURSING FACILITY LLC,,C/O PHARMACY 2699 WEHRLE DR. WILLIAMSVILLE NY 14221,2699 WEHRLE DR,. WILLIAMSVILLE,14221,ERIE,Discontinued,"February 21, 2008","February 28, 2023","February 28, 2023",NONE,23,Census batch geocode + point-in-district,yes,no
010073,Pharmacy,"HARRIS HILL PHARMACY, INC.",,8619 MAIN ST. WILLIAMSVILLE NY 14221,8619 MAIN ST,. WILLIAMSVILLE,14221,ERIE,Discontinued,"July 23, 1963","March 08, 1995","March 08, 1995",NONE,,,unknown,yes
008345,Pharmacy,HARRYS LEADER DRUGS INC.,HARRYS DRUGS,363 SO. PARK AVENUE BUFFALO NY 14204,363 SO. PARK AVENUE,BUFFALO,14204,ERIE,Discontinued,"October 23, 1959","May 20, 1990","May 20, 1990",NONE,26,unmatched address; town wholly in/out of NY-23 (assumed),no,yes
028550,Wholesaler/Repacker,"HAUN WELDING SUPPLY, INC.",HAUN COMPANIES,300 WOODWARD AVE. TONAWANDA NY 14150,300 WOODWARD AVE,. TONAWANDA,14150,ERIE,Active,"August 22, 2007","July 31, 2028",,NONE,,,unknown,no
202264,Wholesaler/Repacker,"HAWKINS FIRE EXTINGUISHER SERVICE, INC.",,160 CEMETERY ROAD LANCASTER NY 14086,160 CEMETERY ROAD,LANCASTER,14086,ERIE,Discontinued,"April 03, 1978","August 31, 1989","August 31, 1989",NONE,,,unknown,no
014443,Pharmacy,HAYMAN'S MAIN VILLAGE PHARMACY OF WILLIAMSVILLE,,INC. 5495 MAIN ST. WILLIAMSVILLE NY 14221,INC. 5495 MAIN ST,. WILLIAMSVILLE,14221,ERIE,Transfer,"October 01, 1973","August 23, 1990","August 23, 1990",020712,,,unknown,yes
019501,Pharmacy,"HEALTH CARE PLAN INC., THE",,899 MAIN ST. BUFFALO NY 14203,899 MAIN ST,. BUFFALO,14203,ERIE,Transfer,"July 29, 1987","June 27, 2003","June 27, 2003",025999,,,unknown,yes
017557,Pharmacy,"HEALTH CARE PLAN INC., THE",,C/O PHARMACY 2075 SHERIDAN DR. BUFFALO NY 14223,2075 SHERIDAN DR,. BUFFALO,14223,ERIE,Transfer,"September 13, 1982","June 27, 2003","June 27, 2003",025995,,,unknown,yes
016204,Pharmacy,"HEALTH CARE PLAN INC., THE",,C/O PHARMACY 120 GARDENVILLE PKY W. WEST SENECA NY 14224,120 GARDENVILLE PKY W. WEST,SENECA,14224,ERIE,Transfer,"September 01, 1978","June 27, 2003","June 27, 2003",025997,,,unknown,yes
304360,Wholesaler,"HEALTH CARE PLAN, INC., THE",,130 EMPIRE DR. WEST SENECA NY 14224,130 EMPIRE DR,. WEST SENECA,14224,ERIE,Transfer,"September 02, 1982","September 24, 2003","September 24, 2003",026301,,,unknown,no
021335,Pharmacy,"HEALTH CARE PLAN, INC., THE",,130 EMPIRE DR. WEST SENECA NY 14224,130 EMPIRE DR,. WEST SENECA,14224,ERIE,Discontinued,"May 28, 1992","July 07, 2003","July 07, 2003",NONE,,,unknown,yes
020717,Pharmacy,"HEALTH CARE PLAN, INC., THE",,2710 GRAND ISLAND BLVD. GRAND ISLAND NY 14072,2710 GRAND ISLAND BLVD,. GRAND ISLAND,14072,ERIE,Discontinued,"August 17, 1990","October 15, 2001","October 15, 2001",NONE,,,unknown,yes
018056,Pharmacy,"HEALTH CARE PLAN, INC., THE",,1185 SWEETHOME RD. AMHERST NY 14226,1185 SWEETHOME RD,. AMHERST,14226,ERIE,Transfer,"February 23, 1984","June 27, 2003","June 27, 2003",025998,,,unknown,yes
019483,Pharmacy,"HEALTH CARE PLAN, INC., THE",,151 ELMVIEW AVE. HAMBURG NY 14075,151 ELMVIEW AVE,. HAMBURG,14075,ERIE,Transfer,"July 16, 1987","June 27, 2003","June 27, 2003",025996,,,unknown,yes
024670,Pharmacy,HEALTH SYSTEM SERVICES LTD.,,C/O PHARMACY 4816 TOMSON AVE. NIAGARA FALLS NY 14304,4816 TOMSON AVE,. NIAGARA FALLS,14304,NIAGARA,Discontinued,"June 13, 2000","July 31, 2007","July 31, 2007",NONE,,,unknown,no
041245,Wholesaler/Repacker,"HEALTH SYSTEM SERVICES, LTD.",,6867 WILLIAMS RD NIAGARA FALLS NY 14304,6867 WILLIAMS RD,NIAGARA FALLS,14304,NIAGARA,Not Active,Not On File,"June 30, 2026","June 30, 2026",NONE,,,unknown,no
033603,Wholesaler,HEALTHCARE HUB LLC.,,73 HIGH ST. SUITE 107A BUFFALO NY 14203,73 HIGH ST,. BUFFALO,14203,ERIE,Discontinued,"June 10, 2015","May 15, 2019","May 15, 2019",NONE,,,unknown,no
030743,Pharmacy,"HEMOPHILIA CENTER OF WESTERN NEW YORK, INC.",,936 DELAWARE AVE. SUITE 300 BUFFALO NY 14209,936 DELAWARE AVE,. BUFFALO,14209,ERIE,Not Active,Not On File,"May 01, 2011","May 01, 2011",NONE,,,unknown,yes
025563,Pharmacy,HENDERSON'S DRUG STORE INC.,MONTOUR PHARMACY,320 WEST MAIN STREET MONTOUR FALLS NY 14865,320 WEST MAIN STREET,MONTOUR FALLS,14865,SCHUYLER,Discontinued,"January 28, 2003","December 06, 2011","December 06, 2011",NONE,23,county wholly in NY-23,yes,yes
027457,Pharmacy,HENDERSON'S DRUG STORE INC.,PARK PHARMACY,27 SHETHAR ST. P.O. BOX 188 HAMMONDSPORT NY 14840,27 SHETHAR ST,. HAMMONDSPORT,14840,STEUBEN,Transfer,"November 17, 2005","March 07, 2012","March 07, 2012",031160,23,county wholly in NY-23,yes,yes
028815,Pharmacy,"HERITAGE VILLAGE REHAB & SKILLED NURSING, INC.",,P.O BOX 350 4600 RT 60 GERRY NY 14740,4600 RT 60,GERRY,14740,CHAUTAUQUA,Active,"May 07, 2008","April 30, 2029",,NONE,23,county wholly in NY-23,yes,no
010989,Pharmacy,HERMAN-STALL PHARMACY INC.,,251 FOREST AVENUE BUFFALO NY 14213,251 FOREST AVENUE,BUFFALO,14213,ERIE,Transfer,"September 03, 1965","December 17, 1990","December 17, 1990",020840,26,unmatched address; town wholly in/out of NY-23 (assumed),no,yes
022704,Pharmacy,"HIGH STREET HOME HEALTH SERVICES, INC.",ADVANCED HOMECARE OF WESTERN NEW YORK,40 JOHN GLENN DR. SUITE 200 AMHERST NY 14228,40 JOHN GLENN DR,. AMHERST,14228,ERIE,Transfer,"October 16, 1995","August 22, 1996","August 22, 1996",022960,,,unknown,yes
011121,Pharmacy,"HIGHGATE PROFESSIONAL PHARMACY, INC.",,3435 BAILEY AVENUE BUFFALO NY 14215,3435 BAILEY AVENUE,BUFFALO,14215,ERIE,Discontinued,"December 30, 1965","January 28, 2008","January 28, 2008",NONE,26,unmatched address; town wholly in/out of NY-23 (assumed),no,yes
041226,Pharmacy,HIKMAH PHARMACIES INC.,HIKMAH PHARMACY,25 GRANT ST BUFFALO NY 14213,25 GRANT ST,BUFFALO,14213,ERIE,Active,"December 09, 2024","November 30, 2027",,NONE,26,Census batch geocode + point-in-district,no,yes
013935,Pharmacy,"HILL, WILLIAM JOHN",EDEN PHARMACY,EDEN PHARMACY 8384 NO. MAIN STREET EDEN NY 14057,EDEN PHARMACY 8384 NO. MAIN STREET,EDEN,14057,ERIE,Discontinued,"November 01, 1971","March 06, 1990","March 06, 1990",NONE,,,unknown,yes
031437,Pharmacy,HMB II PHARMACY MANAGEMENT LLC,METCARE RX,462 GRIDER ST. DRIVEWAY 1 BUFFALO NY 14215,462 GRIDER ST,. DRIVEWAY 1 BUFFALO,14215,ERIE,Discontinued,"August 28, 2012","April 29, 2013","April 29, 2013",NONE,,,unknown,yes
029866,Pharmacy,"HMB PHARMACY MANAGEMENT, LLC.",METCARE RX,462 GRIDER ST. DRIVEWAY 3 BUFFALO NY 14215,462 GRIDER ST,. DRIVEWAY 3 BUFFALO,14215,ERIE,Discontinued,"February 24, 2010","April 11, 2025","April 11, 2025",NONE,26,geocoded earlier,no,yes
029867,Pharmacy,"HMB PHARMACY MANAGEMENT, LLC.",METCARE RX,34 BENWOOD AVE. BUFFALO NY 14214,34 BENWOOD AVE,. BUFFALO,14214,ERIE,Active,"February 24, 2010","January 31, 2028",,NONE,26,Census batch geocode + point-in-district,no,yes
021493,Pharmacy,"HODGE BRYANT, INC.",CHILDREN'S HOME CARE PHARMACY,219 BRYANT ST. BUFFALO NY 14222,219 BRYANT ST,. BUFFALO,14222,ERIE,Transfer,"December 03, 1992","April 21, 1995","April 21, 1995",022443,,,unknown,no
008954,Pharmacy,HOLLAND PHARMACY INC.,,19 N. MAIN ST. PO BOX 21 HOLLAND NY 14080,19 N. MAIN ST,. HOLLAND,14080,ERIE,Transfer,"November 01, 1960","May 02, 2018","May 02, 2018",035905,,,unknown,yes
018946,Pharmacy,HOLZMAN'S PHARMACY INC.,,227 DELAWARE AVE. BUFFALO NY 14202,227 DELAWARE AVE,. BUFFALO,14202,ERIE,Discontinued,"January 14, 1986","December 31, 1995","December 31, 1995",NONE,,,unknown,yes
021151,Pharmacy,"HOME CARE SUPPORT SERVICES, INC.",VNA PHARMACY,6000 BROCTON DR. LOCKPORT NY 14094,6000 BROCTON DR,. LOCKPORT,14094,NIAGARA,Transfer,"December 02, 1991","April 07, 1997","April 07, 1997",023205,,,unknown,no
020706,Pharmacy,"HOME CARE SUPPORT SERVICES, INC.",VNA PHARMACY,6020 NORTH BAILEY AVE. AMHERST DEV. PARK BLDG. B. N. BAILEY AVE. AMHERST NY 14226,6020 NORTH BAILEY AVE. AMHERST DEV. PARK . N. BAILEY AVE,. AMHERST,14226,ERIE,Transfer,"August 30, 1990","July 30, 1992","July 30, 1992",021367,,,unknown,no
018100,Pharmacy,HORWITZ PHARMACY INC.,,1372 FILLMORE AVENUE BUFFALO NY 14211,1372 FILLMORE AVENUE,BUFFALO,14211,ERIE,Transfer,"March 28, 1984","July 23, 1990","July 23, 1990",020693,26,unmatched address; town wholly in/out of NY-23 (assumed),no,yes
023450,Pharmacy,HOSPICE ASSOCIATION OF WESTERN NEW YORK INC.,,225 COMO PARK BLVD. CHEEKTOWAGA NY 14227-1480,225 COMO PARK BLVD,. CHEEKTOWAGA,14227,ERIE,Not Active,Not On File,"February 11, 1999","February 11, 1999",NONE,,,unknown,no
017672,Pharmacy,"HUNTER, ROBERT BRUCE",NICHOLSON PHARMACY,NICHOLSON PHARMACY 36 SCHUYLER STREET BELMONT NY 14813,NICHOLSON PHARMACY 36 SCHUYLER STREET,BELMONT,14813,ALLEGANY,Transfer,"February 14, 1983","September 03, 2003","September 03, 2003",026164,23,county wholly in NY-23,yes,yes
101266,Manufacturer,"I. PUTNAM INC., KLUTCH COMPANY, MANUFACTURING DIV.","PUTNAM, I., INC.     (X-REF.)","27 HARRIS HILL RD., RD #3 TOWN OF BIG FLATS ELMIRA NY 14903","27 HARRIS HILL RD., RD",#3 TOWN OF BIG ELMIRA,14903,CHEMUNG,Discontinued,"November 01, 1975","August 31, 1998","August 31, 1998",NONE,23,county wholly in NY-23,yes,no
004384,Pharmacy,"IMSON PHARMACY, INC.",,6910 BUFFALO AVE. NIAGARA FALLS NY 14304,6910 BUFFALO AVE,. NIAGARA FALLS,14304,NIAGARA,Discontinued,"October 13, 1955","November 16, 1994","November 16, 1994",NONE,,,unknown,yes
015035,Pharmacy,"INKLEY, CLAIR C. & ZINK, DENNIS K.",INKLEY PHARMACY,INKLEY PHARMACY 113 MAIN ST. RANDOLPH NY 14772,INKLEY PHARMACY 113 MAIN ST,. RANDOLPH,14772,CATTARAUGUS,Discontinued,"April 01, 1975","August 12, 2022","August 12, 2022",NONE,23,county wholly in NY-23,yes,yes
011817,Pharmacy,"INTER-COMMUNITY MEMORIAL HOSPITAL AT NEWFANE, INC.",,C/O PHARMACY 2600 WILLIAM ST. NEWFANE NY 14108,2600 WILLIAM ST,. NEWFANE,14108,NIAGARA,Transfer,"September 13, 1967","May 15, 2009","May 15, 2009",029417,,,unknown,no
040176,Manufacturer,"INTERNATIONAL REHABILITATIVE SCIENCES, INC.",RS MEDICAL,1275 MAIN ST STE 120 BUFFALO NY 14209,1275 MAIN ST,BUFFALO,14209,ERIE,Not Active,Not On File,"August 18, 2023","August 18, 2023",NONE,,,unknown,no
041937,Wholesaler,"INTERNATIONAL REHABILITATIVE SCIENCES, INC.",RS MEDICAL,255 DELAWARE AVE #1B BUFFALO NY 14202,255 DELAWARE AVE,#1B BUFFALO,14202,ERIE,Active,"September 19, 2025","August 31, 2028",,NONE,,,unknown,no
014851,Pharmacy,IRA DAVENPORT MEMORIAL HOSPITAL INC.,"DAVENPORT, IRA, MEMORIAL HOSPITAL INC. (X-REF.)",C/O PHARMACY 7571 STATE RT 54 BATH NY 14810,7571 STATE RT 54,BATH,14810,STEUBEN,Active,"December 01, 1974","December 31, 2028",,NONE,23,county wholly in NY-23,yes,no
028339,Pharmacy,"ISLAND PRESCRIPTION CENTER, LLC",ISLAND PRESCRIPTION CENTER,1728 GRAND ISLAND BLVD GRAND ISLAND NY 14072,1728 GRAND ISLAND BLVD,GRAND ISLAND,14072,ERIE,Transfer,"April 19, 2007","July 12, 2022","July 12, 2022",039628,,,unknown,yes
028936,Pharmacy,"IVYLEA PHARMACY, INC.",IVYLEA PHARMACY,2446 ELMWOOD AVE KENMORE NY 14217,2446 ELMWOOD AVE,KENMORE,14217,ERIE,Active,"July 29, 2008","June 30, 2029",,NONE,26,Census batch geocode + point-in-district,no,yes
041177,Pharmacy,J HORN LLC,DAN HORN PHARMACY & HEALTH SERVICES,111 EAST GREEN STREET OLEAN NY 14760,111 EAST GREEN STREET,OLEAN,14760,CATTARAUGUS,Active,"August 29, 2024","July 31, 2027",,NONE,23,county wholly in NY-23,yes,yes
028512,Pharmacy,J. RUTOWSKI OF ELMA INC.,CY'S ELMA PHARMACY,2317 BOWEN RD. ELMA NY 14059,2317 BOWEN RD,. ELMA,14059,ERIE,Active,"August 22, 2007","July 31, 2028",,NONE,23,Census batch geocode + point-in-district,yes,yes
024197,Pharmacy,J. RUTOWSKI OF WANAKAH INC.,WANAKAH PHARMACY,S. 4923 LAKESHORE ROAD HAMBURG NY 14075,S. 4923 LAKESHORE ROAD,HAMBURG,14075,ERIE,Active,"January 25, 1999","January 31, 2028",,NONE,23,Census batch geocode + point-in-district,yes,yes
016239,Pharmacy,"J. RUTOWSKI, INC.",TILE PHARMACY,1031 CLEVELAND DR. CHEEKTOWAGA NY 14225,1031 CLEVELAND DR,. CHEEKTOWAGA,14225,ERIE,Active,"September 29, 1978","September 30, 2028",,NONE,26,Census batch geocode + point-in-district,no,yes
018825,Pharmacy,J.N. ADAM DEVELOPMENTAL CENTER,"ADAM, J.N. DEVELOPMENTAL CENTER","C/O PHARMACY SOUTH ROAD,  BLDG. #65 HELMUTH NY 14079",SOUTH ROAD,", HELMUTH",14079,ERIE,Discontinued,"October 10, 1985","July 01, 1993","July 01, 1993",NONE,,,unknown,yes
013747,Pharmacy,J.N. ADAM DEVELOPMENTAL CENTER,"ADAM, J.N., DEVELOPMENTAL CENTER",C/O PHARMACY 10310 COUNTY RD. 58 PERRYSBURG NY 14129-9702,10310 COUNTY RD,. 58 PERRYSBURG,14129,CATTARAUGUS,Discontinued,"May 11, 1972","August 07, 1996","August 07, 1996",NONE,23,county wholly in NY-23,yes,yes
303185,Wholesaler,"JACOBSON-WEAKLEY-OLSON, INC.",,2240 WASHINGTON STREET JAMESTOWN NY 14701,2240 WASHINGTON STREET,JAMESTOWN,14701,CHAUTAUQUA,Transfer,"January 01, 1939","November 09, 1989","November 09, 1989",020323,23,county wholly in NY-23,yes,no
006499,Pharmacy,JAMESTOWN GENERAL HOSPITAL,,51 GLASGLOW AVE. JAMESTOWN NY 14701,51 GLASGLOW AVE,. JAMESTOWN,14701,CHAUTAUQUA,Discontinued,"January 01, 1933","September 02, 1988","September 02, 1988",NONE,23,county wholly in NY-23,yes,no
023785,Pharmacy,"JARE, LLC",FILLMORE PHARMACY,C/O PHARMACY 1408 FILLMORE AVE. BUFFALO NY 14211,1408 FILLMORE AVE,. BUFFALO,14211,ERIE,Discontinued,"January 19, 1999","November 07, 2013","November 07, 2013",NONE,,,unknown,yes
304527,Wholesaler,"JEFFREY FELL COMPANY, INC.",,2829 SHERIDAN AVE. BUFFALO NY 14150,2829 SHERIDAN AVE,. BUFFALO,14150,ERIE,Discontinued,"April 09, 1985","March 31, 1989","March 31, 1989",NONE,,,unknown,no
018544,Pharmacy,"JEFFREY FELL COMPANY, INC.",,2829 SHERIDAN DRIVE BUFFALO NY 14150,2829 SHERIDAN DRIVE,BUFFALO,14150,ERIE,Discontinued,"April 09, 1985","March 31, 1989","March 31, 1989",NONE,26,unmatched address; town wholly in/out of NY-23 (assumed),no,yes
037042,Pharmacy,JERICHO ROAD MINISTRIES INC.,JRCHC PHARMACY @ BROADWAY,1021 BROADWAY STREET BUFFALO NY 14212-1460,1021 BROADWAY STREET,BUFFALO,14212,ERIE,Active,"May 06, 2019","April 30, 2028",,NONE,26,Census batch geocode + point-in-district,no,yes
039258,Pharmacy,JERICHO ROAD MINISTRIES INC.,JRCHC PHARMACY @ BARTON,184 BARTON ST BUFFALO NY 14213-1573,184 BARTON ST,BUFFALO,14213,ERIE,Active,"December 07, 2021","November 30, 2027",,NONE,26,Census batch geocode + point-in-district,no,yes
014370,Pharmacy,JESSE E. NASH HEALTH CENTER,"NASH, JESSE E., HEALTH CENTER",OWNED & OPERATED BY THE ERIE COUNTY HEALTH DEPT. 608 WILLIAM ST. BUFFALO NY 14206,OWNED & OPERATED BY THE ERIE COUNTY HEALTH DEPT. 608 WILLIAM ST,. BUFFALO,14206,ERIE,Discontinued,"October 16, 1973","December 31, 1995","December 31, 1995",NONE,,,unknown,no
026965,Pharmacy,"JOHN, ROSS L., SR.",NATIVE PHARMACEUTICAL DIRECT,"NATIVE PHARMACEUTICAL DIRECT, SOVEREING SENECA 77 MAIN ST. SALAMANCA NY 14779","NATIVE PHARMACEUTICAL DIRECT, SOVEREING SENECA 77 MAIN ST",. SALAMANCA,14779,CATTARAUGUS,Discontinued,"February 14, 2005","June 23, 2009","June 23, 2009",NONE,23,county wholly in NY-23,yes,yes
025317,Pharmacy,JOHNSON'S VILLAGE PHARMACY INC.,,99 E. CHAUTAUQUA ST. SUITE #3 MAYVILLE NY 14757-1017,99 E. CHAUTAUQUA ST,. MAYVILLE,14757,CHAUTAUQUA,Discontinued,"September 27, 2002","December 19, 2018","December 19, 2018",NONE,23,county wholly in NY-23,yes,yes
010704,Pharmacy,"JORDAN, DONALD J.",VALLEY PHARMACY,VALLEY PHARMACY MAIN STREET NEWARK VALLEY NY 13811,VALLEY PHARMACY MAIN STREET,NEWARK VALLEY,13811,TIOGA,Transfer,"December 15, 1964","November 09, 1989","November 09, 1989",020365,23,county wholly in NY-23,yes,yes
024160,Pharmacy,"JRX,LLC",LOCKPORT APOTHECARY,6606 LINCOLN AVENUE LOCKPORT NY 14094,6606 LINCOLN AVENUE,LOCKPORT,14094,NIAGARA,Active,"December 08, 1998","December 31, 2028",,NONE,23,Census batch geocode + point-in-district,yes,yes
019435,Pharmacy,"JSJ PHARMACIES, INC.","MEDICINE SHOPPE, THE",111 E. GREEN ST. OLEAN NY 14760,111 E. GREEN ST,. OLEAN,14760,CATTARAUGUS,Discontinued,"May 08, 1987","October 19, 1998","October 19, 1998",NONE,23,county wholly in NY-23,yes,yes
007831,Pharmacy,JUDD DONALD B,VALLEY PHARMACY,100-102 MAIN ST. LITTLE VALLEY NY 14755,100-102 MAIN ST,. LITTLE VALLEY,14755,CATTARAUGUS,Discontinued,"October 02, 1958","February 03, 1988","February 03, 1988",NONE,23,county wholly in NY-23,yes,yes
020323,Wholesaler,"JWO, INC.",JACOBSON WEAKLEY OLSON,165 WEST FAIRMOUNT AVE. P.O. BOX 137 LAKEWOOD NY 14750,165 WEST FAIRMOUNT AVE,. LAKEWOOD,14750,CHAUTAUQUA,Discontinued,"November 09, 1989","February 16, 1993","February 16, 1993",NONE,23,county wholly in NY-23,yes,no
016191,Pharmacy,K MART CORPORATION,K MART PHARMACY #4207,S 3195 SOUTHWESTERN BLVD. ORCHARD PARK NY 14127,S 3195 SOUTHWESTERN BLVD,. ORCHARD PARK,14127,ERIE,Discontinued,"August 11, 1978","November 21, 1998","November 21, 1998",NONE,,,unknown,yes
022644,Pharmacy,K MART CORPORATION,,"C/O PHARMACY 6000 S. PARK AVE., STE 19 HAMBURG NY 14075",6000 S. PARK AVE,"., HAMBURG",14075,ERIE,Discontinued,"August 23, 1995","November 21, 1998","November 21, 1998",NONE,,,unknown,yes
021809,Pharmacy,K MART CORPORATION,,3901 VINEYARD DR. DUNKIRK NY 14048,3901 VINEYARD DR,. DUNKIRK,14048,CHAUTAUQUA,Discontinued,"July 26, 1993","July 31, 1996","July 31, 1996",NONE,23,county wholly in NY-23,yes,yes
021157,Pharmacy,K MART CORPORATION,K MART PHARMACY #3694,998 BROADWAY BUFFALO NY 14212,998 BROADWAY,BUFFALO,14212,ERIE,Discontinued,"November 15, 1991","August 08, 1996","August 08, 1996",NONE,26,unmatched address; town wholly in/out of NY-23 (assumed),no,yes
021386,Pharmacy,K MART CORPORATION,,1020 CENTER ST. HORSEHEADS NY 14845,1020 CENTER ST,. HORSEHEADS,14845,CHEMUNG,Discontinued,"September 03, 1992","July 23, 1996","July 23, 1996",NONE,23,county wholly in NY-23,yes,yes
016114,Pharmacy,K MART CORPORATION,K MART PHARMACY #4199,1701 NIAGARA FALLS BLVD. AMHERST NY 14228,1701 NIAGARA FALLS BLVD,. AMHERST,14228,ERIE,Discontinued,"May 16, 1978","November 21, 1998","November 21, 1998",NONE,,,unknown,yes
025379,Pharmacy,KALEIDA HEALTH,,C/O PHARMACY 219 BRYANT ST. BUFFALO NY 14222,219 BRYANT ST,. BUFFALO,14222,ERIE,Discontinued,"May 21, 2002","December 12, 2017","December 12, 2017",NONE,,,unknown,yes
042034,Pharmacy,KALEIDA HEALTH,KALEIDA HEALTH OUTPATIENT PHARMACY II,100 HIGH ST. SUITE B1 BUFFALO NY 14203,100 HIGH ST,. BUFFALO,14203,ERIE,Active,"January 09, 2026","December 31, 2028",,NONE,26,geocoded earlier,no,yes
041686,Wholesaler,KALEIDA HEALTH,,100 HIGH ST.-8TH FL. BUFFALO NY 14203,100 HIGH ST,.-8TH,14203,ERIE,Active,"June 03, 2025","May 31, 2028",,NONE,,,unknown,no
040970,Pharmacy,KALEIDA HEALTH,KALEIDA HEALTH OUTPATIENT PHARMACY,100 HIGH ST. SUITE A2 BUFFALO NY 14203,100 HIGH ST,. BUFFALO,14203,ERIE,Active,"June 18, 2024","May 31, 2027",,NONE,26,geocoded earlier,no,yes
037470,Pharmacy,KALEIDA HEALTH,,C/O PHARMACY 45 SPINDRIFT DRIVE 2ND FLOOR WILLIAMSVILLE NY 14221,45 SPINDRIFT DRIVE,2ND,14221,ERIE,Active,"July 22, 2019","June 30, 2028",,NONE,26,Census batch geocode + point-in-district,no,yes
035663,Pharmacy,KALEIDA HEALTH,GOLISANO CHILDREN'S HOSPITAL OF BUFFALO,C/O PHARMACY 818 ELLICOTT ST. BUFFALO NY 14203,818 ELLICOTT ST,. BUFFALO,14203,ERIE,Active,"September 19, 2017","August 31, 2029",,NONE,26,Census batch geocode + point-in-district,no,no
025384,Pharmacy,KALEIDA HEALTH,,C/O PHARMACY 1540 MAPLE RD. WILLIAMSVILLE NY 14221,1540 MAPLE RD,. WILLIAMSVILLE,14221,ERIE,Active,"May 21, 2002","May 31, 2028",,NONE,26,Census batch geocode + point-in-district,no,yes
025382,Pharmacy,KALEIDA HEALTH,,C/O PHARMACY 3 GATES CIRCLE BUFFALO NY 14209,3 GATES CIRCLE,BUFFALO,14209,ERIE,Discontinued,"May 21, 2002","April 06, 2012","April 06, 2012",NONE,26,unmatched address; town wholly in/out of NY-23 (assumed),no,yes
025381,Pharmacy,KALEIDA HEALTH,,C/O PHARMACY 1031 MICHIGAN AVENUE BUFFALO NY 14203,1031 MICHIGAN AVENUE,BUFFALO,14203,ERIE,Active,"May 21, 2002","May 31, 2028",,NONE,26,Census batch geocode + point-in-district,no,yes
025380,Pharmacy,KALEIDA HEALTH,,C/O PHARMACY 445 TREMONT ST. P.O. BOX 750 NORTH TONAWANDA NY 14120-0750,445 TREMONT ST,. NORTH TONAWANDA,14120,NIAGARA,Active,"May 21, 2002","May 31, 2028",,NONE,26,geocoded earlier,no,yes
025383,Pharmacy,KALEIDA HEALTH BUFFALO GENERAL MEDICAL CENTER,,C/O PHARMACY 100 HIGH ST.-8TH FL. BUFFALO NY 14203,100 HIGH ST,.-8TH,14203,ERIE,Active,"May 21, 2002","May 31, 2028",,NONE,26,geocoded earlier,no,no
017517,Pharmacy,"KANIA, WILLIAM F.",RIDGEWOOD PHARMACY,RIDGEWOOD PHARMACY 1385 ABBOTT RD. LACKAWANNA NY 14218,RIDGEWOOD PHARMACY 1385 ABBOTT RD,. LACKAWANNA,14218,ERIE,Discontinued,"August 02, 1982","October 28, 2010","October 28, 2010",NONE,,,unknown,yes
013405,Pharmacy,"KARAM, HIKEL F.",SHOPPERS PRESCRIPTION CENTER,SHOPPERS PRESCRIPTION CTR 956 ABBOTT RD. BUFFALO NY 14220,SHOPPERS PRESCRIPTION CTR 956 ABBOTT RD,. BUFFALO,14220,ERIE,Discontinued,"August 05, 1971","March 18, 2009","March 18, 2009",NONE,,,unknown,yes
020619,Storekeeper,"KELLEY, PERRY J.",CHAPMAN'S MARKET,CHAPMAN'S MARKET 9202 RIDGE ROAD MIDDLEPORT NY 14105,CHAPMAN'S MARKET 9202 RIDGE ROAD,MIDDLEPORT,14105,NIAGARA,Discontinued,"April 25, 1990","December 03, 1992","December 03, 1992",NONE,,,unknown,no
304555,Wholesaler,"KENDALL MC GAW LABORATORIES, INC.",,100 SONWILL DRIVE BUFFALO NY 14225,100 SONWILL DRIVE,BUFFALO,14225,ERIE,Transfer,"December 01, 1987","March 25, 1991","March 25, 1991",020886,,,unknown,no
007464,Pharmacy,KENMORE MERCY HOSPITAL OF,,C/O PHARMACY 2950 ELMWOOD AVE. 3RD. FLOOR KENMORE NY 14217,2950 ELMWOOD AVE,. 3RD.,14217,ERIE,Active,"February 01, 1957","February 29, 2028",,NONE,26,geocoded earlier,no,no
042083,Pharmacy,KENMORE VILLAGE PHARMACY LLC,,747 KENMORE AVE BUFFALO NY 14223,747 KENMORE AVE,BUFFALO,14223,ERIE,Active,"October 28, 2025","September 30, 2028",,NONE,26,Census batch geocode + point-in-district,no,yes
010918,Pharmacy,KENTPHARM CORPORATION,KENTS LEADER DRUG,KENTS PHARMACY DIV. 1999 CLINTON STREET BUFFALO NY 14206,KENTS PHARMACY DIV. 1999 CLINTON STREET,BUFFALO,14206,ERIE,Discontinued,"June 25, 1965","May 02, 1995","May 02, 1995",NONE,26,unmatched address; town wholly in/out of NY-23 (assumed),no,yes
016144,Pharmacy,KMART CORPORATION,K MART PHARMACY #3008,8150 TRANSIT ROAD WILLIAMSVILLE NY 14221,8150 TRANSIT ROAD,WILLIAMSVILLE,14221,ERIE,Discontinued,"June 21, 1978","April 16, 2002","April 16, 2002",NONE,,,unknown,yes
022575,Pharmacy,KMART CORPORATION,,C/O PHARMACY 2801 W. STATE ST. OLEAN NY 14760,2801 W. STATE ST,. OLEAN,14760,CATTARAUGUS,Transfer,"July 25, 1995","January 06, 2016","January 06, 2016",034057,23,county wholly in NY-23,yes,yes
022472,Pharmacy,KMART CORPORATION,K MART PHARMACY #4726,C/O PHARMACY 975 FAIRMOUNT AVE. W. E. JAMESTOWN NY 14701,975 FAIRMOUNT AVE,. W. E. JAMESTOWN,14701,CHAUTAUQUA,Discontinued,"May 10, 1995","November 14, 2016","November 14, 2016",NONE,23,county wholly in NY-23,yes,yes
022358,Pharmacy,KMART CORPORATION,,C/O PHARMACY 121 BOLIVAR RD. WELLSVILLE NY 14895,121 BOLIVAR RD,. WELLSVILLE,14895,ALLEGANY,Discontinued,"January 18, 1995","January 21, 2019","January 21, 2019",NONE,23,county wholly in NY-23,yes,yes
022087,Pharmacy,KMART CORPORATION,,C/O PHARMACY DEPT. 300 S. HAMILTON ST. PAINTED POST NY 14870,DEPT. 300 S. HAMILTON ST,. PAINTED POST,14870,STEUBEN,Discontinued,"April 25, 1994","February 10, 2003","February 10, 2003",NONE,23,county wholly in NY-23,yes,yes
016205,Pharmacy,KMART CORPORATION,K MART PHARMACY #3415,C/O PHARMACY 1001 HERTEL AVE. BUFFALO NY 14216,1001 HERTEL AVE,. BUFFALO,14216,ERIE,Discontinued,"September 14, 1978","May 17, 2017","May 17, 2017",NONE,,,unknown,yes
016243,Pharmacy,KMART CORPORATION,,C/O PHARMACY 349 ORCHARD PARK RD. WEST SENECA NY 14224,349 ORCHARD PARK RD,. WEST SENECA,14224,ERIE,Discontinued,"October 26, 1978","April 26, 2017","April 26, 2017",NONE,,,unknown,yes
016087,Pharmacy,KMART CORPORATION,,C/O PHARMACY DEPT. 1460 FRENCH RD. DEPEW NY 14043,DEPT. 1460 FRENCH RD,. DEPEW,14043,ERIE,Discontinued,"March 22, 1978","December 02, 2013","December 02, 2013",NONE,,,unknown,yes
016480,Pharmacy,KMART CORPORATION,,C/O PHARMACY 2590 MILITARY RD NIAGARA FALLS NY 14304,2590 MILITARY RD,NIAGARA FALLS,14304,NIAGARA,Discontinued,"July 17, 1979","July 25, 2018","July 25, 2018",NONE,26,unmatched address; town wholly in/out of NY-23 (assumed),no,yes
016109,Pharmacy,KMART CORPORATION,K MART PHARMACY #4176,C/O PHARMACY 2055 WALDEN AVE. CHEEKTOWAGA NY 14225,2055 WALDEN AVE,. CHEEKTOWAGA,14225,ERIE,Discontinued,"April 28, 1978","October 16, 2016","October 16, 2016",NONE,,,unknown,yes
016579,Pharmacy,KMART CORPORATION,,5770-A  S. TRANSIT ROAD LOCKPORT NY 14094,5770-A S. TRANSIT ROAD,LOCKPORT,14094,NIAGARA,Discontinued,"October 11, 1979","April 11, 2002","April 11, 2002",NONE,,,unknown,yes
025202,Pharmacy,KMART CORPORATION,,C/O PHARMACY 6000 SOUTH PARK AVE. SUITE 19 HAMBURG NY 14075,6000 SOUTH PARK AVE,. HAMBURG,14075,ERIE,Discontinued,"November 08, 2001","February 10, 2003","February 10, 2003",NONE,,,unknown,yes
034057,Pharmacy,KMART OPERATIONS LLC,KMART PHARMACY #7695,2801 WEST STATE STREET OLEAN NY 14760,2801 WEST STATE STREET,OLEAN,14760,CATTARAUGUS,Discontinued,"January 06, 2016","June 05, 2017","June 05, 2017",NONE,23,county wholly in NY-23,yes,yes
016173,Pharmacy,"KREZMIEN, CHARLES E., INC.",WALTER'S PHARMACY,210 EAST MAIN STREET SPRINGVILLE NY 14141,210 EAST MAIN STREET,SPRINGVILLE,14141,ERIE,Discontinued,"July 01, 1978","April 14, 1993","April 14, 1993",NONE,,,unknown,yes
023064,Pharmacy,KRISHNA MAHAVIR CORP.,"MEDICINE SHOPPE, THE",2142 DELAWARE AVE. BUFFALO NY 14207,2142 DELAWARE AVE,. BUFFALO,14207,ERIE,Discontinued,"October 30, 1996","December 31, 1998","December 31, 1998",NONE,,,unknown,yes
023263,Pharmacy,KRISHNA MAHAVIR CORP.,"MEDICINE SHOPPE, THE",3040 AMSDELL RD. HAMBURG NY 14075,3040 AMSDELL RD,. HAMBURG,14075,ERIE,Discontinued,"May 02, 1997","December 31, 1998","December 31, 1998",NONE,,,unknown,yes
023141,Pharmacy,KRISHNA MAHAVIR CORP.,"MEDICINE SHOPPE, THE",1151 UNION RD. WEST SENECA NY 14224,1151 UNION RD,. WEST SENECA,14224,ERIE,Discontinued,"February 03, 1997","December 31, 1998","December 31, 1998",NONE,,,unknown,yes
028128,Pharmacy,"LAKE ERIE HOME CARE, INC",,5763 SENECA STREET ELMA NY 14059,5763 SENECA STREET,ELMA,14059,ERIE,Discontinued,"January 31, 2007","July 30, 2009","July 30, 2009",NONE,,,unknown,no
015899,Pharmacy,LAKE SHORE HOSPITAL INC.,,C/O PHARMACY 845 ROUTES 5 & 20 IRVING NY 14081,845 ROUTES 5 & 20,IRVING,14081,CHAUTAUQUA,Transfer,"August 12, 1977","March 22, 2002","March 22, 2002",025264,23,county wholly in NY-23,yes,no
010930,Pharmacy,"LAKE SHORE PHARMACY, INC.",,ERIE RD. ROUTE 5 & LAKE ST. ANGOLA NY 14006,ERIE RD. ROUTE 5 & LAKE ST,. ANGOLA,14006,ERIE,Transfer,"July 01, 1965","September 05, 1996","September 05, 1996",023051,,,unknown,yes
020393,Pharmacy,LAKEVIEW SHOCK INCARCERATION CORRECTIONAL FACILITY,,P.O. BOX T BROCTON NY 14746,P.O. BOX T,BROCTON,14746,CHAUTAUQUA,Discontinued,"December 08, 1989","December 03, 1991","December 03, 1991",NONE,23,county wholly in NY-23,yes,no
027528,Pharmacy,LAKEWOOD APOTHECARY & NATURAL HEALTH CENTER INC.,,130 CHAUTAUQUA AVE LAKEWOOD NY 14750,130 CHAUTAUQUA AVE,LAKEWOOD,14750,CHAUTAUQUA,Discontinued,"February 16, 2006","March 30, 2021","March 30, 2021",NONE,23,county wholly in NY-23,yes,no
017745,Pharmacy,"LAKEWOOD DRUG STORE, INC.",,110 CHAUTAUQUA AVENUE LAKEWOOD NY 14750-1299,110 CHAUTAUQUA AVENUE,LAKEWOOD,14750,CHAUTAUQUA,Discontinued,"April 26, 1983","September 22, 1990","September 22, 1990",NONE,23,county wholly in NY-23,yes,yes
025091,Pharmacy,"LAKEWOOD HEALTH CARE CENTER, INC.",,C/O PHARMACY 5775 MAELOU DR. HAMBURG NY 14075,5775 MAELOU DR,. HAMBURG,14075,ERIE,Transfer,"October 19, 2001","August 06, 2013","August 06, 2013",031934,,,unknown,yes
022109,Pharmacy,"LALKIYA, JAYSUKH M.",APALACHIN PHARMACY,APALACHIN PHARMACY 6278 STATE RTE 434 P.O. BOX 376 APALACHIN NY 13732-0376,APALACHIN PHARMACY 6278 STATE RTE 434,APALACHIN,13732,TIOGA,Transfer,"May 19, 1994","April 29, 1998","April 29, 1998",023577,23,county wholly in NY-23,yes,yes
016728,Pharmacy,LANCASTER PHARMACY INC.,ASK ME PHARMACY OF LANCASTER,1-3 WEST MAIN ST. LANCASTER NY 14086,1-3 WEST MAIN ST,. LANCASTER,14086,ERIE,Discontinued,"March 25, 1980","April 06, 1994","April 06, 1994",NONE,,,unknown,yes
021122,Pharmacy,"LANDY DRUGS, INC.",,709 W. THIRD ST. JAMESTOWN NY 14701,709 W. THIRD ST,. JAMESTOWN,14701,CHAUTAUQUA,Transfer,"October 09, 1991","October 21, 1994","October 21, 1994",022279,23,county wholly in NY-23,yes,yes
006733,Pharmacy,"LANDY, DECIO F.",LANDY DRUGS,LANDY DRUGS 707 W. 3RD STREET JAMESTOWN NY 14701,LANDY DRUGS 707 W. 3RD STREET,JAMESTOWN,14701,CHAUTAUQUA,Transfer,"April 05, 1956","October 09, 1991","October 09, 1991",021122,23,county wholly in NY-23,yes,yes
008425,Pharmacy,"LARWOOD PHARMACY, INC.",,597 OAKWOOD AVE. EAST AURORA NY 14052,597 OAKWOOD AVE,. EAST AURORA,14052,ERIE,Transfer,"January 01, 1960","September 02, 2021","September 02, 2021",038898,,,unknown,yes
020753,Pharmacy,LAWRENCE KENT INC.,WARDS WEST SIDE LEADER DRUG MART,315 WEST FERRY ST. BUFFALO NY 14213,315 WEST FERRY ST,. BUFFALO,14213,ERIE,Transfer,"September 27, 1990","April 30, 1999","April 30, 1999",024134,,,unknown,yes
039056,Pharmacy,"LEMED PHARMACY BUFFALO, LLC",,1091 MAIN STREET SUITE 110 BUFFALO NY 14209-0121,1091 MAIN STREET,BUFFALO,14209,ERIE,Discontinued,"September 24, 2021","May 19, 2025","May 19, 2025",NONE,26,geocoded earlier,no,yes
027194,Pharmacy,"LEWISTON APOTHECARY, LLC",,400 PLAIN STREET LEWISTON NY 14092,400 PLAIN STREET,LEWISTON,14092,NIAGARA,Discontinued,"March 29, 2005","June 21, 2007","June 21, 2007",NONE,26,unmatched address; town wholly in/out of NY-23 (assumed),no,yes
303538,Wholesaler,"LICATA BROTHERS, INC.",,20 LOCK STREET LOCKPORT NY 14094,20 LOCK STREET,LOCKPORT,14094,NIAGARA,Discontinued,"January 01, 1953","August 31, 1989","August 31, 1989",NONE,,,unknown,no
029106,Wholesaler,LINCARE INC.,,99 PEARCE AVE TONAWANDA NY 14150,99 PEARCE AVE,TONAWANDA,14150,ERIE,Active,"December 03, 2008","November 30, 2026",,NONE,,,unknown,no
024993,Wholesaler/Repacker,LINCARE INC.,,21-41 MAIN ST. LOCKVIEW PLAZA LOCKPORT NY 14094,21-41 MAIN ST. LOCKVIEW PLAZA,LOCKPORT,14094,NIAGARA,Discontinued,"April 23, 2001","November 16, 2005","November 16, 2005",NONE,,,unknown,no
023175,Wholesaler/Repacker,LINCARE INC.,,"40 CENTRE DR. , STE. 700 ORCHARD PARK NY 14127",40 CENTRE DR,". , ORCHARD PARK",14127,ERIE,Discontinued,"April 23, 1997","August 27, 2026","August 27, 2026",NONE,,,unknown,no
023059,Wholesaler/Repacker,LINCARE INC.,,2329 FOOTE AVENUE EXT. JAMESTOWN NY 14701,2329 FOOTE AVENUE,EXT. JAMESTOWN,14701,CHAUTAUQUA,Discontinued,"October 07, 1996","March 03, 2003","March 03, 2003",NONE,23,county wholly in NY-23,yes,no
020442,Wholesaler/Repacker,LINCARE INC.,,5917 S. PARK AVE. HAMBURG NY 14075,5917 S. PARK AVE,. HAMBURG,14075,ERIE,Discontinued,"June 25, 1990","March 31, 2014","March 31, 2014",NONE,,,unknown,no
304509,Wholesaler,"LINCOLN HALL PRODUCTS CO., INC.",WENTWORTH HALL CO.,763 CAYUGA STREET SUITE 2 LEWISTON NY 14092,763 CAYUGA STREET,LEWISTON,14092,NIAGARA,Discontinued,"May 06, 1986","March 31, 1989","March 31, 1989",NONE,,,unknown,no
020682,Pharmacy,LINCOLN PARK PHARMACY INC.,,540 NIAGARA FALLS BLVD. BUFFALO NY 14223,540 NIAGARA FALLS BLVD,. BUFFALO,14223,ERIE,Discontinued,"August 02, 1990","October 24, 2005","October 24, 2005",NONE,,,unknown,yes
031471,Wholesaler/Repacker,LINDE GAS & EQUIPMENT INC.,,1811 BROADWAY ST BUFFALO NY 14212,1811 BROADWAY ST,BUFFALO,14212,ERIE,Active,"September 20, 2012","August 31, 2027",,NONE,,,unknown,no
040691,Wholesaler/Repacker,LINDE GAS & EQUIPMENT INC.,,158 SONWIL DR BUFFALO NY 14225,158 SONWIL DR,BUFFALO,14225,ERIE,Not Active,Not On File,"March 28, 2024","March 28, 2024",NONE,,,unknown,no
040838,Wholesaler/Repacker,LINDE GAS & EQUIPMENT INC.,,1811 BROADWAY AVE. BUFFALO NY 14212,1811 BROADWAY AVE,. BUFFALO,14212,ERIE,Not Active,Not On File,"March 20, 2024","March 20, 2024",NONE,,,unknown,no
034811,Wholesaler,LINDE GAS & EQUIPMENT INC.,,1120 SULLIVAN ST. ELMIRA NY 14901,1120 SULLIVAN ST,. ELMIRA,14901,CHEMUNG,Active,"August 09, 2016","July 31, 2028",,NONE,23,county wholly in NY-23,yes,no
028878,Wholesaler/Repacker,LINDE GAS NORTH AMERICA LLC,,158 SONWIL DR. BUFFALO NY 14225,158 SONWIL DR,. BUFFALO,14225,ERIE,Discontinued,"January 27, 2009","March 31, 2024","March 31, 2024",NONE,,,unknown,no
020847,Wholesaler/Repacker,LINDE GASES OF THE GREAT LAKES INC.,LINDE GASES OF GREAT LAKES,1811 BROADWAY BUFFALO NY 14212,1811 BROADWAY,BUFFALO,14212,ERIE,Transfer,"January 03, 1991","October 29, 1993","October 29, 1993",021461,,,unknown,no
202419,Wholesaler/Repacker,LINDE HOMECARE MEDICAL SYSTEMS INC.,,1225 W. WATER ST. ELMIRA NY 14905,1225 W. WATER ST,. ELMIRA,14905,CHEMUNG,Transfer,"May 30, 1985","June 25, 1990","June 25, 1990",020689,23,county wholly in NY-23,yes,no
202494,Wholesaler/Repacker,"LINDE HOMECARE MEDICAL SYSTEMS, INC.",,4390 QUINBY DRIVE HAMBURG NY 14075,4390 QUINBY DRIVE,HAMBURG,14075,ERIE,Transfer,"September 29, 1987","June 25, 1990","June 25, 1990",020442,,,unknown,no
015856,Pharmacy,LIONEL R. JOHN HEALTH CENTER,,SENECA NATION OF INDIANS C/O PHARMACY 987 R C HOAG DR. SALAMANCA NY 14779,SENECA NATION OF INDIANS 987 R C HOAG DR,. SALAMANCA,14779,CATTARAUGUS,Active,"September 15, 1976","September 30, 2028",,NONE,23,county wholly in NY-23,yes,no
023778,Pharmacy,LOCKPORT MEMORIAL HOSPITAL,COMMUNITY PHARMACY,COMMUNITY PHARMACY 521 EAST AVE. LOCKPORT NY 14094-3299,COMMUNITY PHARMACY 521 EAST AVE,. LOCKPORT,14094,NIAGARA,Discontinued,"December 07, 1998","April 01, 1999","April 01, 1999",NONE,,,unknown,no
018674,Pharmacy,"LOCKPORT PHARMACY, INC.",,120 MAIN STREET LOCKPORT NY 14094,120 MAIN STREET,LOCKPORT,14094,NIAGARA,Discontinued,"June 24, 1985","November 24, 1992","November 24, 1992",NONE,,,unknown,yes
022021,Pharmacy,"LOMBARDI, LINDA J.","MEDICINE SHOPPE, THE",THE MEDICINE SHOPPE 8 EAST FIFTH ST. JAMESTOWN NY 14701-5010,THE MEDICINE SHOPPE 8 EAST FIFTH ST,. JAMESTOWN,14701,CHAUTAUQUA,Transfer,Not On File,"February 28, 1994","February 28, 1994",022022,23,county wholly in NY-23,yes,yes
018604,Pharmacy,"LOMBARDI, LOUIS J. & LOMBARDI, LINDA J.","MEDICINE SHOPPE, THE",THE MEDICINE SHOPPE 8 EAST 5TH ST. JAMESTOWN NY 14701,THE MEDICINE SHOPPE 8 EAST 5TH ST,. JAMESTOWN,14701,CHAUTAUQUA,Transfer,"May 24, 1985","February 26, 1994","February 26, 1994",022021,23,county wholly in NY-23,yes,yes
028315,Pharmacy,"LOYOLA RECOVERY FOUNDATION, INC.",,76 VETERANS AVE 6TH FLOOR BATH NY 14810-0810,76 VETERANS AVE,6TH,14810,STEUBEN,Discontinued,"May 10, 2007","February 28, 2018","February 28, 2018",NONE,23,county wholly in NY-23,yes,yes
020236,Pharmacy,"LUTHERAN SOCIAL SERVICES OF UPPER NEW YORK, INC.",,C/O PHARMACY DEPT. 715 FALCONER ST. JAMESTOWN NY 14701,DEPT. 715 FALCONER ST,. JAMESTOWN,14701,CHAUTAUQUA,Discontinued,"January 29, 1990","November 09, 1998","November 09, 1998",NONE,23,county wholly in NY-23,yes,yes
011689,Pharmacy,MAC LEOD PRESCRIPTION PHARMACY INC.,,8672 BUFFALO AVE. NIAGARA FALLS NY 14304,8672 BUFFALO AVE,. NIAGARA FALLS,14304,NIAGARA,Discontinued,"April 01, 1966","December 04, 2017","December 04, 2017",NONE,,,unknown,yes
034224,Pharmacy,MADINA PHARMACY INC.,,1105 BROADWAY SUITE 8 BUFFALO NY 14212,1105 BROADWAY,BUFFALO,14212,ERIE,Active,"January 06, 2016","December 31, 2027",,NONE,26,geocoded earlier,no,yes
010884,Pharmacy,MAGNANO MICHAEL R,MAGNANO'S PHARMACY,8-10 W MAIN ST CUBA NY 14727,8-10 W MAIN ST,CUBA,14727,ALLEGANY,Transfer,"June 17, 1965","April 19, 1988","April 19, 1988",019810,23,county wholly in NY-23,yes,yes
015835,Pharmacy,MAGNANO PHARMACY INC,,535 MAIN ST OLEAN NY 14760,535 MAIN ST,OLEAN,14760,CATTARAUGUS,Discontinued,"May 18, 1977","April 09, 1988","April 09, 1988",NONE,23,county wholly in NY-23,yes,yes
022865,Pharmacy,"MAIN VILLAGE PHARMACY, INC.",,5429 MAIN ST. WILLIAMSVILLE NY 14221,5429 MAIN ST,. WILLIAMSVILLE,14221,ERIE,Discontinued,"April 16, 1996","November 12, 1996","November 12, 1996",NONE,,,unknown,yes
041750,Wholesaler/Repacker,MAINE OXY NY INC.,STRATE WELDING SUPPLY,101 COMET AVE BUFFALO NY 14216,101 COMET AVE,BUFFALO,14216,ERIE,Not Active,Not On File,"March 06, 2026","March 06, 2026",NONE,,,unknown,no
016932,Pharmacy,"MALNIKOF, PHILIP IRVING",FAMILY PRESCRIPTION CENTER,FAMILY PRESCRIPTION CTR. 5864 TRANSIT RD. DEPEW NY 14043,FAMILY PRESCRIPTION CTR. 5864 TRANSIT RD,. DEPEW,14043,ERIE,Discontinued,"November 10, 1980","December 31, 1995","December 31, 1995",NONE,,,unknown,yes
017842,Pharmacy,"MANTEI, KENNETH E.",NICHOLS PHARMACY,NICHOLS PHARMACY 18 MAIN STREET NICHOLS NY 13812,NICHOLS PHARMACY 18 MAIN STREET,NICHOLS,13812,TIOGA,Discontinued,"July 28, 1983","April 06, 1990","April 06, 1990",NONE,23,county wholly in NY-23,yes,yes
017432,Pharmacy,"MANTEI, KENNETH EDWARD",APALACHIN PHARMACY,"APALACHIN PHARMACY 79 W. MAIN ST. APALACHIN, NY 13732",APALACHIN PHARMACY 79 W. MAIN ST,". APALACHIN,",13732,TIOGA,Transfer,"April 16, 1982","November 02, 1990","November 02, 1990",020787,23,county wholly in NY-23,yes,yes
025363,Pharmacy,MAPLEWOOD HEALTH CARE CENTER INC.,,C/O PHARMACY 225 BENNETT RD. CHEEKTOWAGA NY 14227,225 BENNETT RD,. CHEEKTOWAGA,14227,ERIE,Discontinued,"November 15, 2002","April 27, 2010","April 27, 2010",NONE,,,unknown,yes
021336,Pharmacy,"MARIAN MEDICAL PHARMACY, INC.",,515 ABBOTT RD. BUFFALO NY 14220,515 ABBOTT RD,. BUFFALO,14220,ERIE,Discontinued,"April 29, 1993","September 03, 2013","September 03, 2013",NONE,,,unknown,yes
028647,Pharmacy,MARKET STREET APOTHECARY LLC,,76-78 WEST MARKET STREET CORNING NY 14830,76-78 WEST MARKET STREET,CORNING,14830,STEUBEN,Not Active,Not On File,"August 25, 2008","August 25, 2008",NONE,23,county wholly in NY-23,yes,yes
029137,Pharmacy,MARKET STREET APOTHECARY LLC,,78 WEST MARKET STREET CORNING NY 14830,78 WEST MARKET STREET,CORNING,14830,STEUBEN,Discontinued,"September 17, 2008","February 10, 2022","February 10, 2022",NONE,23,county wholly in NY-23,yes,yes
018096,Pharmacy,MARKNER INC.,MEADOWLANDS PHARMACY,1000 YOUNGS ROAD AMHERST NY 14221,1000 YOUNGS ROAD,AMHERST,14221,ERIE,Discontinued,"March 27, 1984","July 20, 1988","July 20, 1988",NONE,,,unknown,yes
017629,Pharmacy,"MARKNER, INC.",TRANSIT HILL PHARMACY,6344 TRANSIT RD DEPEW NY 14043,6344 TRANSIT RD,DEPEW,14043,ERIE,Transfer,"December 07, 1982","October 03, 1988","October 03, 1988",019919,,,unknown,yes
021983,Pharmacy,"MARKS, JEFFREY A.",FRIENDSHIP PHARMACY,FRIENDSHIP PHARMACY 9 WEST MAIN ST. PO BOX 128 FRIENDSHIP NY 14739,FRIENDSHIP PHARMACY 9 WEST MAIN ST,. FRIENDSHIP,14739,ALLEGANY,Active,"February 23, 1994","February 29, 2028",,NONE,23,county wholly in NY-23,yes,yes
021934,Pharmacy,"MARRANO, SUSAN A.",TENEROWICZ PHARMACY,TENEROWICZ PHARMACY 581 RIDGE RD. LACKAWANNA NY 14218,TENEROWICZ PHARMACY 581 RIDGE RD,. LACKAWANNA,14218,ERIE,Discontinued,"February 15, 1994","May 25, 2001","May 25, 2001",NONE,,,unknown,yes
025537,Wholesaler,"MASUNE FIRST AID & SAFETY, INC.",,500 FILLMORE AVENUE TONAWANDA NY 14150,500 FILLMORE AVENUE,TONAWANDA,14150,ERIE,Discontinued,"April 11, 2003","September 17, 2004","September 17, 2004",NONE,,,unknown,no
024410,Wholesaler,MASUNE FIRST AID INC.,MASUNE/MEDCO SUPPLY,500 FILLMORE AVE. TONAWANDA NY 14150-2509,500 FILLMORE AVE,. TONAWANDA,14150,ERIE,Discontinued,"June 22, 1999","April 11, 2003","April 11, 2003",NONE,,,unknown,no
020003,Wholesaler,"MATRX MEDICAL, INC.",,145 MID COUNTY DR. ORCHARD PARK NY 14127,145 MID COUNTY DR,. ORCHARD PARK,14127,ERIE,Discontinued,"November 10, 1988","August 31, 2001","August 31, 2001",NONE,,,unknown,no
008845,Pharmacy,"MAY, JACK TRACY",FRIENDSHIP PHARMACY,FRIENDSHIP PHARMACY 9 MAIN STREET FRIENDSHIP NY 14739,FRIENDSHIP PHARMACY 9 MAIN STREET,FRIENDSHIP,14739,ALLEGANY,Transfer,"October 27, 1960","February 23, 1994","February 23, 1994",021983,23,county wholly in NY-23,yes,yes
013875,Pharmacy,MAYVILLE PHARMACY LTD.,,40 SO. ERIE STREET MAYVILLE NY 14757,40 SO. ERIE STREET,MAYVILLE,14757,CHAUTAUQUA,Transfer,"July 01, 1972","June 11, 1992","June 11, 1992",021342,23,county wholly in NY-23,yes,yes
018240,Pharmacy,"MC NERNEY'S PHARMACY, INC.",,2264 SOUTH PARK AVENUE BUFFALO NY 14220,2264 SOUTH PARK AVENUE,BUFFALO,14220,ERIE,Discontinued,"August 13, 1984","June 17, 1990","June 17, 1990",NONE,26,unmatched address; town wholly in/out of NY-23 (assumed),no,yes
027049,Pharmacy,"MCAULEY RESIDENCE, THE",,1503 MILITARY ROAD KENMORE NY 14217,1503 MILITARY ROAD,KENMORE,14217,ERIE,Not Active,Not On File,"June 20, 2005","June 20, 2005",NONE,,,unknown,yes
020886,Wholesaler,"MCGAW, INC.",,200 SONWIL DR. BUFFALO NY 14225,200 SONWIL DR,. BUFFALO,14225,ERIE,Discontinued,"March 25, 1991","August 31, 1998","August 31, 1998",NONE,,,unknown,no
020576,Pharmacy,"MCGUIRE GROUP PHARMACY CORP., THE",,C/O PHARMACY 2355 UNION AVE. SUITE 200 CHEEKTOWAGA NY 14227,2355 UNION AVE,. CHEEKTOWAGA,14227,ERIE,Transfer,"June 26, 1990","December 01, 2015","December 01, 2015",034006,,,unknown,yes
021617,Wholesaler,"MCGUIRE GROUP PHARMACY CORP., THE",,2355 UNION RD. SUITE 200 CHEEKTOWAGA NY 14227,2355 UNION RD,. CHEEKTOWAGA,14227,ERIE,Transfer,"March 10, 1993","November 27, 2015","November 27, 2015",034007,,,unknown,no
303234,Wholesaler,MCKESSON CORPORATION,,2700 NO. AMERICA DR. WEST SENECA NY 14224-5178,2700 NO. AMERICA DR,. WEST SENECA,14224,ERIE,Discontinued,"January 01, 1939","June 26, 2026","June 26, 2026",NONE,,,unknown,no
025361,Wholesaler,MDS ASSOCIATES INC.,,61 INNSBRUCK DR. CHEEKTOWAGA NY 14227,61 INNSBRUCK DR,. CHEEKTOWAGA,14227,ERIE,Discontinued,"June 10, 2002","September 27, 2016","September 27, 2016",NONE,,,unknown,no
031643,Wholesaler/Repacker,"MEDCARE EQUIPMENT COMPANY, LLC.",MEDCARE HOME MEDICAL EQUIPMENT COMPANY,512 WEST THIRD STREET JAMESTOWN NY 14701-4857,512 WEST THIRD STREET,JAMESTOWN,14701,CHAUTAUQUA,Not Registered,"March 05, 2013","February 28, 2025",,NONE,23,county wholly in NY-23,yes,no
024545,Wholesaler,"MEDCO SUPPLY COMPANY, INC.",,500 FILLMORE AVE. TONAWANDA NY 14150-2509,500 FILLMORE AVE,. TONAWANDA,14150,ERIE,Transfer,"November 05, 1999","October 22, 2004","October 22, 2004",026924,,,unknown,no
026924,Wholesaler,"MEDCO SUPPLY COMPANY, INC.",MASUNE FIRST AID & SAFETY,500 FILLMORE AVE. TONAWANDA NY 14150,500 FILLMORE AVE,. TONAWANDA,14150,ERIE,Transfer,"October 22, 2004","July 10, 2009","July 10, 2009",029551,,,unknown,no
101051,Manufacturer,MEDEX PRODUCTS CORPORATION,,444 YOUNG STREET TONAWANDA NY 14150,444 YOUNG STREET,TONAWANDA,14150,ERIE,Discontinued,"January 02, 1967","August 31, 1998","August 31, 1998",NONE,,,unknown,no
021198,Wholesaler,MEDICAL PARK PHARMACY INC.,,550 ORCHARD PARK RD. WEST SENECA NY 14224,550 ORCHARD PARK RD,. WEST SENECA,14224,ERIE,Discontinued,"December 25, 1991","May 19, 1995","May 19, 1995",NONE,,,unknown,no
021201,Pharmacy,"MEDICAL PARK PHARMACY, INC.",,550 ORCHARD PARK RD. WEST SENECA NY 14224,550 ORCHARD PARK RD,. WEST SENECA,14224,ERIE,Discontinued,"December 25, 1991","October 22, 2015","October 22, 2015",NONE,,,unknown,yes
025352,Pharmacy,"MEDICAN GROUP, LLC",,C/O PHARMACY 908 NIAGARA FALLS BLVD. SUITE 245 NORTH TONAWANDA NY 14120,908 NIAGARA FALLS BLVD,. NORTH TONAWANDA,14120,NIAGARA,Discontinued,"June 10, 2002","July 06, 2005","July 06, 2005",NONE,,,unknown,yes
011770,Pharmacy,MEMORIAL HOSPITAL OF WILLIAM F. & GERTRUDE F.,JONES MEMORIAL HOSPITAL,"JONES, THE JONES MEM HOSP- PHARMACY 191 NO. MAIN ST. WELLSVILLE NY 14895","JONES, THE JONES MEM HOSP- PHARMACY 191 NO. MAIN ST",. WELLSVILLE,14895,ALLEGANY,Active,"July 24, 1967","July 31, 2028",,NONE,23,county wholly in NY-23,yes,no
041818,Pharmacy,MEMORIAL HOSPITAL OF WILLIAM F. AND GERTRUDE,JONES MEMORIAL HOSPITAL OUTPATIENT PHARMACY,"F. JONES, INC., THE C/O PHARMACY 191 NORTH MAIN ST 1ST FLOOR CORRIDOR WELLSVILLE NY 14895","F. JONES, INC., THE 191 NORTH MAIN ST",1ST WELLSVILLE,14895,ALLEGANY,Active,"November 18, 2025","October 31, 2028",,NONE,23,county wholly in NY-23,yes,no
101052,Manufacturer,"MENTHOLATUM CO., INC., THE",,707 STERLING DR. ORCHARD PARK NY 14127-1587,707 DR,. ORCHARD PARK,14127,ERIE,Active,"January 01, 1929","January 31, 2028",,NONE,,,unknown,no
026649,Wholesaler,"MENTHOLATUM CO., INC., THE",,ALLIED DRIVE 125 CHEEKTOWAGA NY 14227,ALLIED DRIVE,125 CHEEKTOWAGA,14227,ERIE,Discontinued,"October 29, 2004","August 01, 2022","August 01, 2022",NONE,,,unknown,no
039564,Wholesaler,MERCY HOSPITAL OF BUFFALO,,565 ABBOTT RD BUFFALO NY 14220,565 ABBOTT RD,BUFFALO,14220,ERIE,Active,"June 21, 2022","May 31, 2028",,NONE,,,unknown,no
007463,Pharmacy,MERCY HOSPITAL OF BUFFALO,,C/O PHARMACY 565 ABBOTT RD. BUFFALO NY 14220,565 ABBOTT RD,. BUFFALO,14220,ERIE,Active,"February 01, 1957","February 29, 2028",,NONE,26,Census batch geocode + point-in-district,no,no
025514,Pharmacy,"METCARE RX BUFFALO, INC.",,DRIVEWAY 1 462 GRIDER ST. BUFFALO NY 14215,DRIVEWAY 1 462 GRIDER ST,. BUFFALO,14215,ERIE,Transfer,"February 11, 2003","February 23, 2010","February 23, 2010",029867,,,unknown,yes
025521,Pharmacy,"METCARE RX BUFFALO, INC.",METCARE RX ECMC BUFFALO,SUSSEX ST. ENTRANCE 462 GRIDER ST. BUFFALO NY 14215,SUSSEX ST. ENTRANCE 462 GRIDER ST,. BUFFALO,14215,ERIE,Transfer,"November 03, 2003","February 24, 2010","February 24, 2010",029866,,,unknown,yes
027836,Pharmacy,"METCARERX SHEEHAN PHARMACEUTICAL SERVICES, LLC",,SHEENAN MEMORIAL HOSP 425 MICHIGAN AVE BUFFALO NY 14203,SHEENAN MEMORIAL HOSP 425 MICHIGAN AVE,BUFFALO,14203,ERIE,Discontinued,"July 27, 2006","October 01, 2007","October 01, 2007",NONE,26,unmatched address; town wholly in/out of NY-23 (assumed),no,yes
024714,Pharmacy,METRO PHARMACY INC,PROFESSIONAL COMPOUNDING PHARMACY,8750 TRANSIT ROAD SUITE 102 EAST AMHERST NY 14051,8750 TRANSIT ROAD,EAST AMHERST,14051,ERIE,Discontinued,"June 27, 2000","October 01, 2009","October 01, 2009",NONE,,,unknown,yes
018047,Pharmacy,"MILLAR, DAVID A., JR., & MC GINNESS, JOHN H.",MILLAR BROS. PHARMACY,MILLAR BROS. PHARMACY S5999 SOUTH PARK AVE. HAMBURG NY 14075-4998,MILLAR BROS. PHARMACY S5999 SOUTH PARK AVE,. HAMBURG,14075,ERIE,Transfer,"February 16, 1984","March 09, 1995","March 09, 1995",018047,,,unknown,yes
025467,Pharmacy,MILLARD FILLMORE AMBULATORY SURGERY CENTER INC.,KALEIDA HEALTH,C/O PHARMACY 215 KLEIN RD. WILLIAMSVILLE NY 14221,215 KLEIN RD,. WILLIAMSVILLE,14221,ERIE,Transfer,"October 10, 2002","August 13, 2008","August 13, 2008",028889,,,unknown,yes
020048,Pharmacy,"MILLARD FILLMORE AMBULATORY SURGERY CENTER, INC.",,C/O PHARMACY 215 KLEIN RD. WILLIAMSVILLE NY 14221,215 KLEIN RD,. WILLIAMSVILLE,14221,ERIE,Discontinued,"December 09, 1988","February 13, 2001","February 13, 2001",NONE,,,unknown,yes
001176,Pharmacy,MILLARD FILLMORE HOSPITAL,,C/O PHARMACY 3 GATES CIRCLE BUFFALO NY 14209,3 GATES CIRCLE,BUFFALO,14209,ERIE,Transfer,"January 01, 1931","May 21, 2002","May 21, 2002",025382,26,unmatched address; town wholly in/out of NY-23 (assumed),no,no
014678,Pharmacy,MILLARD FILLMORE HOSPITAL,MILLARD FILLMORE SUBURBAN HOSPITAL,C/O PHARMACY 1540 MAPLE RD. WILLIAMSVILLE NY 14221,1540 MAPLE RD,. WILLIAMSVILLE,14221,ERIE,Discontinued,"August 01, 1974","May 21, 2002","May 21, 2002",NONE,,,unknown,no
028889,Pharmacy,"MILLARD FILLMORE SURGERY CENTER, LLC",,215 KLEIN RD WILLIAMSVILLE NY 14221,215 KLEIN RD,WILLIAMSVILLE,14221,ERIE,Discontinued,"August 13, 2008","February 02, 2026","February 02, 2026",NONE,26,Census batch geocode + point-in-district,no,yes
303237,Wholesaler,MINETTE PHARMACEUTICAL CORP.,,2930 GENESEE ST. BUFFALO NY 14225,2930 GENESEE ST,. BUFFALO,14225,ERIE,Discontinued,"September 01, 1959","November 24, 1995","November 24, 1995",NONE,,,unknown,no
008063,Pharmacy,"MINNER, LEO A.",CORNER DRUG STORE,CORNER DRUG STORE 1 WASHINGTON ST. CATTARAUGUS NY 14719,CORNER DRUG STORE 1 WASHINGTON ST,. CATTARAUGUS,14719,CATTARAUGUS,Transfer,"April 06, 1959","June 05, 1996","June 05, 1996",022893,23,county wholly in NY-23,yes,yes
017837,Pharmacy,MODEN-GIROUX INC.,MIDDLEPORT FAMILY HEALTH CENTER,81 ROCHESTER RD. P.O. BOX 188 MIDDLEPORT NY 14105,81 ROCHESTER RD,. MIDDLEPORT,14105,NIAGARA,Active,"July 18, 1983","July 31, 2028",,NONE,,,unknown,no
019919,Pharmacy,"MODEN-GIROUX, INC.",TRANSIT HILL PHARMACY,6344 TRANSIT RD. DEPEW NY 14043,6344 TRANSIT RD,. DEPEW,14043,ERIE,Active,"October 03, 1988","October 31, 2028",,NONE,26,Census batch geocode + point-in-district,no,yes
005791,Pharmacy,MONTOUR PHARMACY CORP.,,320 W. MAIN ST. P.O. BOX 817 MONTOUR FALLS NY 14865-0817,320 W. MAIN ST,. MONTOUR FALLS,14865,SCHUYLER,Transfer,"September 21, 1951","January 28, 2003","January 28, 2003",025563,23,county wholly in NY-23,yes,yes
019271,Pharmacy,MONTOUR PHARMACY CORP.,,315 N FRANKLIN ST WATKINS GLEN NY 14891,315 N FRANKLIN ST,WATKINS GLEN,14891,SCHUYLER,Discontinued,"November 07, 1986","June 16, 1988","June 16, 1988",NONE,23,county wholly in NY-23,yes,yes
021794,Pharmacy,"MOON, RICHARD",SOUTHERN TIER HOME PHARMACY,SOUTHERN TIER HOME PHCY 25 EAST FOURTH ST. 2ND. FL. JAMESTOWN NY 14701,SOUTHERN TIER HOME PHCY 25 EAST FOURTH ST,. 2ND.,14701,CHAUTAUQUA,Transfer,"August 13, 1993","March 25, 1995","March 25, 1995",022433,23,county wholly in NY-23,yes,yes
004401,Pharmacy,MOUNT ST. MARY'S HOSPITAL OF NIAGARA FALLS,,C/O PHARMACY 5300 MILITARY RD. LEWISTON NY 14092,5300 MILITARY RD,. LEWISTON,14092,NIAGARA,Active,"January 01, 1931","January 31, 2028",,NONE,,,unknown,no
040184,Pharmacy,MOUNT ST. MARY'S HOSPITAL OF NIAGARA FALLS,,6001 SHIMER DR. LOCKPORT NY 14094,6001 SHIMER DR,. LOCKPORT,14094,NIAGARA,Active,"September 22, 2023","August 31, 2029",,NONE,,,unknown,no
039376,Wholesaler,MOUNT ST. MARY'S HOSPITAL OF NIAGARA FALLS,,5300 MILITARY RD. LEWISTON NY 14092,5300 MILITARY RD,. LEWISTON,14092,NIAGARA,Active,"February 17, 2022","January 31, 2028",,NONE,,,unknown,no
012471,Pharmacy,MOUNT VIEW HEALTH FACILITY,,COUNTY OF NIAGARA 5465 UPPER MOUNTAIN RD. LOCKPORT NY 14094,COUNTY OF NIAGARA 5465 UPPER MOUNTAIN RD,. LOCKPORT,14094,NIAGARA,Discontinued,"April 03, 1969","April 09, 1993","April 09, 1993",NONE,,,unknown,yes
010660,Pharmacy,"MROCZYNSKI, JOSEPH I.",FISCHER'S PHARMACY,FISCHERS PHARMACY 301 PAYNE AVENUE NORTH TONAWANDA NY 14120,FISCHERS PHARMACY 301 PAYNE AVENUE,NORTH TONAWANDA,14120,NIAGARA,Discontinued,"November 09, 1964","March 13, 1990","March 13, 1990",NONE,,,unknown,yes
024231,Manufacturer,MUNCO LLC,REPUBLIC DRUG COMPANY,175 GREAT ARROW AVE. BUFFALO NY 14207,175 GREAT ARROW AVE,. BUFFALO,14207,ERIE,Discontinued,"April 05, 1999","January 07, 2003","January 07, 2003",NONE,,,unknown,no
018735,Pharmacy,"MUTO, ALFONSE",PINE PHARMACY AND HOME CARE CENTER,PINE PHARMACY 2316 PINE AVE. NIAGARA FALLS NY 14301,PINE PHARMACY 2316 PINE AVE,. NIAGARA FALLS,14301,NIAGARA,Transfer,"August 09, 1985","September 29, 1995","September 29, 1995",022572,,,unknown,no
016050,Pharmacy,"MYKA PHARMACY, INC.",,1634 ELECTRIC AVE. LACKAWANNA NY 14218,1634 ELECTRIC AVE,. LACKAWANNA,14218,ERIE,Discontinued,"January 26, 1978","December 31, 1995","December 31, 1995",NONE,,,unknown,yes
034013,Wholesaler,NATIVE HEALTH MEDS LLC.,,1411 ROUTE 438 GOWANDA NY 14070,1411 ROUTE 438,GOWANDA,14070,ERIE,Not Active,Not On File,"April 03, 2017","April 03, 2017",NONE,,,unknown,no
027827,Wholesaler,NATIVE NATIONS PHARMACEUTICAL COMPANY,,135 SOUTH MAIN SUITE B SALAMANCA NY 14779,135 SOUTH MAIN,SALAMANCA,14779,CATTARAUGUS,Discontinued,"August 14, 2006","September 21, 2009","September 21, 2009",NONE,23,county wholly in NY-23,yes,no
027050,Pharmacy,NAZARETH HOME,,291 NORTH STREET BUFFALO NY 14201,291 NORTH STREET,BUFFALO,14201,ERIE,Not Active,Not On File,"June 20, 2005","June 20, 2005",NONE,26,unmatched address; town wholly in/out of NY-23 (assumed),no,yes
023590,Pharmacy,"NCS HEALTHCARE OF NEW YORK, INC.","NCS HEALTHCARE, BUFFALO",C/O PHARMACY 2470 WALDEN AVE. BUFFALO NY 14225,2470 WALDEN AVE,. BUFFALO,14225,ERIE,Discontinued,"April 17, 1998","May 21, 2003","May 21, 2003",NONE,,,unknown,yes
500682,Storekeeper,"NECKERS, HAROLD EVERETT",NECKERS',NECKERS' WEST MAIN STREET CLYMER NY 14724,NECKERS' WEST MAIN STREET,CLYMER,14724,CHAUTAUQUA,Discontinued,"January 01, 1962","November 23, 1992","November 23, 1992",NONE,23,county wholly in NY-23,yes,no
023577,Pharmacy,"NEEL-PATH, LLC",APALACHIN PHARMACY,6845 STATE RT. 434 APALACHIN NY 13732,6845 STATE RT. 434,APALACHIN,13732,TIOGA,Discontinued,"April 29, 1998","March 29, 2022","March 29, 2022",NONE,23,county wholly in NY-23,yes,yes
033793,Pharmacy,"NEIGHBORHOOD HEALTH CENTER OF WNY, INC.",PHARMACY @ MATTINA,300 NIAGARA ST. BUFFALO NY 14201,300 NIAGARA ST,. BUFFALO,14201,ERIE,Active,"September 15, 2015","August 31, 2027",,NONE,26,Census batch geocode + point-in-district,no,no
039665,Pharmacy,"NEIGHBORHOOD HEALTH CENTER OF WNY, INC.",PHARMACY AT RIVERWAY,1569 NIAGARA ST BUFFALO NY 14213-1011,1569 NIAGARA ST,BUFFALO,14213,ERIE,Active,"July 29, 2022","June 30, 2028",,NONE,26,Census batch geocode + point-in-district,no,no
035642,Pharmacy,"NEIGHBORHOOD HEALTH CENTER OF WNY, INC.",PHARMACY AT BLASDELL,4233 LAKE AVE. BLASDELL NY 14219-1216,4233 LAKE AVE,. BLASDELL,14219,ERIE,Active,"September 29, 2017","August 31, 2029",,NONE,23,Census batch geocode + point-in-district,yes,no
001192,Pharmacy,NEIL PHARMACY INC.,,S4184  N. BUFFALO ST. ORCHARD PARK NY 14127,S4184 N. BUFFALO ST,. ORCHARD PARK,14127,ERIE,Discontinued,"February 01, 1953","July 22, 1999","July 22, 1999",NONE,,,unknown,yes
007733,Pharmacy,NEUMAN'S PHARMACY INC.,,2264 GENESEE ST. BUFFALO NY 14211,2264 GENESEE ST,. BUFFALO,14211,ERIE,Discontinued,"July 01, 1958","April 20, 1996","April 20, 1996",NONE,,,unknown,yes
031310,Pharmacy,NEWFANE PHARMACY INC.,,2780 MAIN STREET NEWFANE NY 14108,2780 MAIN STREET,NEWFANE,14108,NIAGARA,Active,"June 08, 2012","May 31, 2027",,NONE,24,unmatched address; town wholly in/out of NY-23 (assumed),no,yes
023249,Pharmacy,"NIAGARA APOTHECARY, INC.",,8745 NIAGARA FALLS BLVD. NIAGARA FALLS NY 14304,8745 NIAGARA FALLS BLVD,. NIAGARA FALLS,14304,NIAGARA,Active,"May 22, 1997","May 31, 2028",,NONE,,,unknown,yes
025199,Pharmacy,NIAGARA COUNTY JAIL - MEDICAL DEPARTMENT,,C/O PHARMACY 5526 NIAGARA ST. EXT. P.O. BOX 496   . LOCKPORT NY 14075-0496,5526 NIAGARA ST,. EXT. . LOCKPORT,14075,NIAGARA,Discontinued,"June 25, 2002","March 01, 2010","March 01, 2010",NONE,,,unknown,yes
004402,Pharmacy,NIAGARA FALLS MEMORIAL MEDICAL CENTER,,C/O PHARMACY 621  10TH ST. NIAGARA FALLS NY 14302,621 10TH ST,. NIAGARA FALLS,14302,NIAGARA,Active,"January 01, 1937","January 31, 2028",,NONE,26,geocoded earlier,no,no
025099,Pharmacy,"NIAGARA LUTHERAN DEVELOPMENT, INC.",DBA/GREENFIELD HEALTH & REHABILITATION CENTER,5949 BROADWAY AVENUE LANCASTER NY 14086,5949 BROADWAY AVENUE,LANCASTER,14086,ERIE,Not Active,Not On File,"January 23, 2003","January 23, 2003",NONE,,,unknown,no
022709,Pharmacy,"NIAGARA PHARMACY, INC.",ARROW PRESCRIPTION CENTER,455 NIAGARA ST. BUFFALO NY 14201,455 NIAGARA ST,. BUFFALO,14201,ERIE,Discontinued,"November 10, 1995","November 06, 2013","November 06, 2013",NONE,,,unknown,yes
020889,Pharmacy,"NIAGARA SERVICES, INC.",SUMMIT PARK MEDICAL MALL PHARMACY,6934 WILLIAMS RD. NIAGARA FALLS NY 14304,6934 WILLIAMS RD,. NIAGARA FALLS,14304,NIAGARA,Transfer,"May 01, 1991","September 06, 1995","September 06, 1995",022569,,,unknown,yes
032701,Pharmacy,"NIAGARA STREET PHARMACY, INC.",,469 NIAGARA STREET BUFFALO NY 14201,469 NIAGARA STREET,BUFFALO,14201,ERIE,Discontinued,"April 25, 2014","October 23, 2017","October 23, 2017",NONE,26,unmatched address; town wholly in/out of NY-23 (assumed),no,yes
018535,Pharmacy,"NIAGARA-LOCKPORT ENTERPRISES, INC.",TOPS MARKET #21,C/O PHARMACY 5827 S. TRANSIT RD. LOCKPORT NY 14094,5827 S. TRANSIT RD,. LOCKPORT,14094,NIAGARA,Transfer,"April 05, 1985","February 05, 2025","February 05, 2025",041158,23,Census batch geocode + point-in-district,yes,yes
026164,Pharmacy,"NICHOLSON PHARMACY, INC.",,36 SCHUYLER ST. BELMONT NY 14813,36 SCHUYLER ST,. BELMONT,14813,ALLEGANY,Active,"September 03, 2003","September 30, 2028",,NONE,23,county wholly in NY-23,yes,yes
027834,Pharmacy,NICKEL CITY PHARMACY,,1791 SOUTH PARK AVENUE BUFFALO NY 14220,1791 SOUTH PARK AVENUE,BUFFALO,14220,ERIE,Active,"May 11, 2006","March 31, 2027",,NONE,26,Census batch geocode + point-in-district,no,yes
016012,Pharmacy,"NICOLETTI, DAVID A.",PRESCRIPTION LABORATORY OF LOCKPORT,PRESCRIPTION LABORATORY OF LOCKPORT 6624 LINCOLN AVE. LOCKPORT NY 14094,PRESCRIPTION LABORATORY OF LOCKPORT 6624 LINCOLN AVE,. LOCKPORT,14094,NIAGARA,Discontinued,"October 19, 1977","March 31, 1997","March 31, 1997",NONE,,,unknown,yes
021850,Pharmacy,"NMC HOMECARE, INC.",,305 CAYUGA RD. #200 CHEEKTOWAGA NY 14225,305 CAYUGA RD,. #200 CHEEKTOWAGA,14225,ERIE,Transfer,"September 30, 1993","October 31, 1996","October 31, 1996",023083,,,unknown,yes
202485,Wholesaler/Repacker,"NMC HOMECARE, INC.",,452 E. WATER ST. ELMIRA NY 14901,452 E. WATER ST,. ELMIRA,14901,CHEMUNG,Discontinued,"June 24, 1987","November 01, 1996","November 01, 1996",NONE,23,county wholly in NY-23,yes,no
202487,Wholesaler/Repacker,"NMC HOMECARE, INC.",,305 CAYUGA RD. CHEEKTOWAGA NY 14225,305 CAYUGA RD,. CHEEKTOWAGA,14225,ERIE,Discontinued,"June 24, 1987","October 31, 1996","October 31, 1996",NONE,,,unknown,no
012162,Pharmacy,"NORMAN, MANUEL AND BRENNER, MERWYN",KELLER'S PHARMACY,KELLER'S PHARMACY 755 SENECA STREET BUFFALO NY 14210,KELLER'S PHARMACY 755 SENECA STREET,BUFFALO,14210,ERIE,Discontinued,"May 20, 1968","December 14, 1991","December 14, 1991",NONE,26,unmatched address; town wholly in/out of NY-23 (assumed),no,yes
028774,Pharmacy,NORTH GATE HEALTH CARE FACILITY LLC,,C/O PHARMACY 7264 NASH RD. NORTH TONAWANDA NY 14120,7264 NASH RD,. NORTH TONAWANDA,14120,NIAGARA,Discontinued,"March 03, 2008","May 02, 2023","May 02, 2023",NONE,26,Census batch geocode + point-in-district,no,no
015902,Pharmacy,"NORTH TONAWANDA CVS STORE, INC.",CVS PHARMACY,90 MANHATTAN ST. NO. TONAWANDA NY 14120,90 MANHATTAN ST,. NO. TONAWANDA,14120,NIAGARA,Transfer,"August 09, 1977","March 08, 1988","March 08, 1988",019748,,,unknown,yes
023806,Wholesaler/Repacker,NORTHEAST MEDICAL EQUIPMENT INC.,FIRST COMMUNITY CARE,210 JOHN GLENN DR. SUITE 5 AMHERST NY 14228,210 JOHN GLENN DR,. AMHERST,14228,ERIE,Discontinued,"January 12, 1999","January 29, 2013","January 29, 2013",NONE,,,unknown,no
032266,Wholesaler,NORTHEAST MEDICAL EQUIPMENT INC.,ROTECH,210 JOHN GLENN DRIVE SUITE 5 AMHERST NY 14228,210 JOHN GLENN DRIVE,AMHERST,14228,ERIE,Active,"January 13, 2014","December 31, 2028",,NONE,,,unknown,no
010068,Pharmacy,"NORTHTOWN PHARMACY, INC.",,3091 SHERIDAN DRIVE EGGERTSVILLE NY 14226,3091 SHERIDAN DRIVE,EGGERTSVILLE,14226,ERIE,Discontinued,"July 19, 1963","August 19, 1990","August 19, 1990",NONE,,,unknown,yes
022302,Pharmacy,NYS DOCCS COLLINS CORRECTIONAL FACILITY,,C/O PHARMACY MIDDLE RD PO BOX 490 COLLINS NY 14034,MIDDLE RD,COLLINS,14034,ERIE,Active,"November 09, 1994","November 30, 2028",,NONE,23,unmatched address; town wholly in/out of NY-23 (assumed),yes,no
016329,Pharmacy,NYS DOCCS ELMIRA CORRECTIONAL FACILITY,,C/O PHARMACY 1879 DAVIS STREET P.O. BOX 500 ELMIRA NY 14902,1879 DAVIS STREET,ELMIRA,14902,CHEMUNG,Active,"January 11, 1979","January 31, 2028",,NONE,23,county wholly in NY-23,yes,no
017983,Pharmacy,NYS DOCCS WENDE CORRECTIONAL FACILITY,WENDE CORRECTIONAL FACILITY,C/O PHARMACY P.O.BOX 1187 3622 WENDE ROAD ALDEN NY 14004-1187,P.O.BOX 1187 3622 WENDE ROAD,ALDEN,14004,ERIE,Active,"December 13, 1983","December 31, 2028",,NONE,23,Census batch geocode + point-in-district,yes,no
025214,Pharmacy,"OAKWOOD HEALTH CARE CENTER, INC.",ELDERWOOD HEALTH CARE AT OAKWOOD,C/O PHARMACY 200 BASSETT RD. WILLIAMSVILLE NY 14221,200 BASSETT RD,. WILLIAMSVILLE,14221,ERIE,Transfer,"February 19, 2002","August 06, 2013","August 06, 2013",031932,,,unknown,yes
022745,Pharmacy,OCR-RA ACQUISITION CORPORATION,LONG TERM CARE SERVICES OF BUFFALO,621 DELAWARE AVE. TONAWANDA NY 14150,621 DELAWARE AVE,. TONAWANDA,14150,ERIE,Discontinued,"December 11, 1995","October 26, 1998","October 26, 1998",NONE,,,unknown,no
012737,Pharmacy,OKIE'S PHARMACY INC.,,279 YOUNG ST. WILSON NY 14172,279 YOUNG ST,. WILSON,14172,NIAGARA,Discontinued,"October 10, 1969","June 09, 1998","June 09, 1998",NONE,,,unknown,yes
015574,Pharmacy,"OKIE'S PHARMACY OF NEWFANE, INC.",,2897 LOCKPORT-OLCOTT RD. NEWFANE NY 14108,2897 LOCKPORT-OLCOTT RD,. NEWFANE,14108,NIAGARA,Discontinued,"August 30, 1976","June 09, 1998","June 09, 1998",NONE,,,unknown,yes
014198,Pharmacy,OLEAN CLINTON STORES INC.,CVS PHARMACY,2503 W. STATE STREET OLEAN NY 14760,2503 W. STATE STREET,OLEAN,14760,CATTARAUGUS,Discontinued,"May 18, 1973","November 17, 1993","November 17, 1993",NONE,23,county wholly in NY-23,yes,yes
024816,Wholesaler/Repacker,"OLEAN GENERAL HEALTH CARE SYSTEMS, LLC",,234 HOMER ST. OLEAN NY 14760,234 HOMER ST,. OLEAN,14760,CATTARAUGUS,Discontinued,"January 29, 2001","July 28, 2004","July 28, 2004",NONE,23,county wholly in NY-23,yes,no
023646,Pharmacy,OLEAN GENERAL HEALTHCARE SERVICES L.L.C.,OLEAN GENERAL HEALTHCARE SYSTEMS PHARMACY,C/O PHARMACY 234 HOMER STREET OLEAN NY 14760,234 HOMER STREET,OLEAN,14760,CATTARAUGUS,Discontinued,"July 02, 1998","July 24, 2000","July 24, 2000",NONE,23,county wholly in NY-23,yes,yes
000760,Pharmacy,OLEAN GENERAL HOSPITAL,,C/O PHARMACY 515 MAIN ST. OLEAN NY 14760,515 MAIN ST,. OLEAN,14760,CATTARAUGUS,Active,"September 01, 1952","September 30, 2028",,NONE,23,county wholly in NY-23,yes,no
021004,Pharmacy,OLEAN GENERAL HOSPITAL,,C/O PHARMACY 2221 W. STATE ST. OLEAN NY 14760,2221 W. STATE ST,. OLEAN,14760,CATTARAUGUS,Discontinued,"July 03, 1991","February 25, 2001","February 25, 2001",NONE,23,county wholly in NY-23,yes,no
023596,Wholesaler,OLEAN GENERAL HOSPITAL,,C/O PHARMACY 234 HOMER ST. OLEAN NY 14760,234 HOMER ST,. OLEAN,14760,CATTARAUGUS,Discontinued,"April 08, 1998","May 03, 2007","May 03, 2007",NONE,23,county wholly in NY-23,yes,no
303180,Wholesaler,OLEAN WHOLESALE GROCERY CO'OP INC.,,HASKELL ROAD OLEAN NY 14760,HASKELL ROAD,OLEAN,14760,CATTARAUGUS,Discontinued,"January 01, 1939","November 10, 1992","November 10, 1992",NONE,23,county wholly in NY-23,yes,no
030717,Pharmacy,ONCOMED THE ONCOLOGY PHARMACY OF BUFFALO NY LLC,ONCO360,140 JOHN JAMES AUDUBON PARKWAY STE 101 AMHERST NY 14228,140 JOHN JAMES AUDUBON PARKWAY,AMHERST,14228,ERIE,Active,"May 10, 2011","April 30, 2029",,NONE,26,geocoded earlier,no,no
031895,Wholesaler,ONCOMED THE ONCOLOGY PHARMACY OF BUFFALO NY LLC.,ONCO360,1100 MAIN STREET SUITE 120 BUFFALO NY 14209,1100 MAIN STREET,BUFFALO,14209,ERIE,Discontinued,"April 05, 2013","November 15, 2018","November 15, 2018",NONE,,,unknown,no
202401,Wholesaler/Repacker,"ONONDAGA MEDICAL INSTRUMENTS, INC.",NATIONAL MEDICAL HOMECARE,385 NAGEL DRIVE CHEETOWAGA NY 14225,385 NAGEL DRIVE,CHEETOWAGA,14225,ERIE,Discontinued,"August 20, 1984","August 31, 1989","August 31, 1989",NONE,,,unknown,no
021202,Pharmacy,OUR LADY OF VICTORY HOSPITAL OF LACKAWANNA,OLV PRIMARY CARE AND SURGERY CENTER,OLV PRIMARY CARE & SURG 6300 POWERS RD. ORCHARD PARK NY 14127,OLV PRIMARY CARE & SURG 6300 POWERS RD,. ORCHARD PARK,14127,ERIE,Discontinued,"January 15, 1992","December 31, 2001","December 31, 2001",NONE,,,unknown,no
001208,Pharmacy,OUR LADY OF VICTORY HOSPITAL OF LACKAWANNA,"OUR LADY OF VICTORY HOSPITAL, INC. (X-REF.)",PHARMACY DEPT. 55 MELROY AT RIDGE RD. LACKAWANNA NY 14218,. 55 MELROY AT RIDGE RD,. LACKAWANNA,14218,ERIE,Discontinued,"January 01, 1931","December 31, 2004","December 31, 2004",NONE,,,unknown,no
031036,Pharmacy,"OWEGO PHARMACY, INC. THE",THE OWEGO PHARMACY,1135 ST RT 17C OWEGO NY 13827,1135 ST RT 17C,OWEGO,13827,TIOGA,Active,"February 14, 2012","January 31, 2027",,NONE,23,county wholly in NY-23,yes,yes
013833,Pharmacy,"P.R.N. PHARMACEUTICALS, INC.",KENMORE RX CENTER,2890 ELMWOOD AVE. KENMORE NY 14217,2890 ELMWOOD AVE,. KENMORE,14217,ERIE,Transfer,"July 24, 1972","December 12, 2000","December 12, 2000",024886,,,unknown,yes
303242,Wholesaler,PAKS DRUG INC.,,3435 BAILEY AVENUE BUFFALO NY 14215,3435 BAILEY AVENUE,BUFFALO,14215,ERIE,Discontinued,"May 04, 1970","September 30, 1991","September 30, 1991",NONE,,,unknown,no
018444,Pharmacy,"PARK PHARMACY OF HAMMONDSPORT, INC.",PARK PHARMACY,27 SHEATHER ST. HAMMONDSPORT NY 14840,27 SHEATHER ST,. HAMMONDSPORT,14840,STEUBEN,Transfer,"January 18, 1985","November 17, 2005","November 17, 2005",027457,23,county wholly in NY-23,yes,yes
031160,Pharmacy,"PARK PHARMACY OF HAMMONDSPORT, LLC",PARK PHARMACY OF HAMMONDSPORT,27 SHETHAR ST. HAMMONDSPORT NY 14840,27 SHETHAR ST,. HAMMONDSPORT,14840,STEUBEN,Active,"March 07, 2012","February 28, 2027",,NONE,23,county wholly in NY-23,yes,yes
030772,Pharmacy,PARKER PHARMACY INC.,,1388 HERTEL AVE. BUFFALO NY 14216,1388 HERTEL AVE,. BUFFALO,14216,ERIE,Active,"July 01, 2011","June 30, 2029",,NONE,26,Census batch geocode + point-in-district,no,yes
001213,Pharmacy,PARKER'S PHARMACY INC.,,1862 HERTEL AVENUE BUFFALO NY 14216,1862 HERTEL AVENUE,BUFFALO,14216,ERIE,Transfer,"November 01, 1943","November 19, 1999","November 19, 1999",024466,26,unmatched address; town wholly in/out of NY-23 (assumed),no,yes
017653,Pharmacy,"PARKSIDE PHARMACY, INC.",,975 BROADWAY BUFFALO NY 14212,975 BROADWAY,BUFFALO,14212,ERIE,Discontinued,"January 12, 1983","February 26, 2018","February 26, 2018",NONE,26,unmatched address; town wholly in/out of NY-23 (assumed),no,yes
019522,Pharmacy,"PARKVIEW FAMILY CENTERS, INC.",PARKVIEW DRUGS,2189 SENECA ST. BUFFALO NY 14210,2189 SENECA ST,. BUFFALO,14210,ERIE,Transfer,"August 21, 1987","July 19, 1990","July 19, 1990",020678,,,unknown,yes
033387,Pharmacy,PARKVIEW HEALTH SERVICES LLC,,3920 MAIN ST SUITE 100 AMHERST NY 14226,3920 MAIN ST,AMHERST,14226,ERIE,Active,"March 23, 2015","February 28, 2027",,NONE,26,geocoded earlier,no,yes
027825,Pharmacy,PARKVIEW HEALTH SERVICES OF NEW YORK LLC,,1770 COLVIN BOULEVARD BUFFALO NY 14223,1770 COLVIN BOULEVARD,BUFFALO,14223,ERIE,Discontinued,"July 13, 2006","March 23, 2015","March 23, 2015",NONE,26,unmatched address; town wholly in/out of NY-23 (assumed),no,yes
018596,Pharmacy,"PARKVIEW HEALTH SERVICES, INC.",,C/O PHARMACY 1770 COLVIN BLVD. BUFFALO NY 14223,1770 COLVIN BLVD,. BUFFALO,14223,ERIE,Transfer,"May 21, 1985","July 13, 2006","July 13, 2006",027825,,,unknown,yes
036719,Pharmacy,"PARKVIEW NIAGARA STREET, LLC",RIVERVIEW PROFESSIONAL PHARMACY,3920 MAIN ST SUITE 150 AMHERST NY 14226,3920 MAIN ST,AMHERST,14226,ERIE,Active,"July 24, 2018","June 30, 2027",,NONE,26,geocoded earlier,no,yes
015618,Pharmacy,"PARKVIEW PHARMACY, INC.",,988-998 ELMWOOD AVE. BUFFALO NY 14222,988-998 ELMWOOD AVE,. BUFFALO,14222,ERIE,Discontinued,"October 19, 1976","August 31, 1995","August 31, 1995",NONE,,,unknown,yes
040378,Pharmacy,"PARKVIEW WEST SIDE RX, LLC",,1050 NIAGARA ST SUITE 110 BUFFALO NY 14213,1050 NIAGARA ST,BUFFALO,14213,ERIE,Active,"August 28, 2023","July 31, 2029",,NONE,26,geocoded earlier,no,yes
024205,Wholesaler,PARMED PHARMACEUTICALS INC.,,1755 MARYLAND AVE. NIAGARA FALLS NY 14305,1755 MARYLAND AVE,. NIAGARA FALLS,14305,ERIE,Discontinued,"March 01, 1999","May 05, 2006","May 05, 2006",NONE,,,unknown,no
202438,Wholesaler,PARMED PHARMACEUTICALS LLC.,,4220 HYDE PARK BLVD. NIAGARA FALLS NY 14305,4220 HYDE PARK BLVD,. NIAGARA FALLS,14305,NIAGARA,Transfer,"July 14, 1986","April 13, 2016","April 13, 2016",034426,,,unknown,no
022020,Wholesaler,"PARMED PHARMACEUTICALS, INC.",,1920 MARYLAND AVE. NIAGARA FALLS NY 14305,1920 MARYLAND AVE,. NIAGARA FALLS,14305,NIAGARA,Not Active,Not On File,"January 03, 1995","January 03, 1995",NONE,,,unknown,no
011535,Pharmacy,"PARSONS DRUG STORE OF TONAWANDA, INC.",,40 MAIN STREET TONAWANDA NY 14150,40 MAIN STREET,TONAWANDA,14150,ERIE,Discontinued,"January 19, 1967","July 30, 1988","July 30, 1988",NONE,,,unknown,yes
018000,Pharmacy,"PATERNITI, GUY GAVIN",SOUTH DAYTON PHARMACY,SOUTH DAYTON PHARMACY PINE STREET SOUTH DAYTON NY 14138,SOUTH DAYTON PHARMACY PINE STREET,SOUTH DAYTON,14138,CATTARAUGUS,Transfer,"January 02, 1984","July 05, 2007","July 05, 2007",028482,23,county wholly in NY-23,yes,yes
031921,Pharmacy,PATIENT'S PHARMACY INC.,PATIENT'S PHARMACY AND MEDICAL,436 CENTRAL AVE. DUNKIRK NY 14048,436 CENTRAL AVE,. DUNKIRK,14048,CHAUTAUQUA,Discontinued,"July 12, 2013","September 30, 2018","September 30, 2018",NONE,23,county wholly in NY-23,yes,yes
028570,Pharmacy,"PATIENT'S PHARMACY, INC.",,707 FAIRMOUNT AVE STE 6 JAMESTOWN NY 14701,707 FAIRMOUNT AVE,JAMESTOWN,14701,CHAUTAUQUA,Active,"October 22, 2007","September 30, 2028",,NONE,23,county wholly in NY-23,yes,yes
042137,Pharmacy,"PATIENT'S PHARMACY, INC.",PATIENT'S PHARMACY RANDOLPH,117 MAIN ST SUITE #3 RANDOLPH NY 14772,117 MAIN ST,RANDOLPH,14772,CATTARAUGUS,Active,"November 21, 2025","October 31, 2028",,NONE,23,county wholly in NY-23,yes,yes
304299,Wholesaler,PATTERSON DENTAL CO.,,15 HAZELWOOD DR. SUITE 112 AMHERST NY 14228,15 HAZELWOOD DR,. AMHERST,14228,ERIE,Transfer,"March 07, 1980","August 15, 1996","August 15, 1996",022986,,,unknown,no
022986,Wholesaler,"PATTERSON DENTAL SUPPLY, INC.",,405 CROSSPOINT PARKWAY SUITE 110 AMHERST NY 14068,405 CROSSPOINT PARKWAY,AMHERST,14068,ERIE,Discontinued,"August 15, 1996","August 31, 2019","August 31, 2019",NONE,,,unknown,no
028672,Wholesaler,"PATTERSON LOGISTICS SERVICES, INC",,101 WALES AVE. TONAWANDA NY 14150,101 WALES AVE,. TONAWANDA,14150,ERIE,Discontinued,"June 12, 2008","March 03, 2017","March 03, 2017",NONE,,,unknown,no
025935,Wholesaler/Repacker,PATTERSON MEDICAL REPAIRS INC.,,45 BOXWOOD LANE CHEEKTOWAGA NY 14225,45 BOXWOOD LANE,CHEEKTOWAGA,14225,ERIE,Transfer,"May 19, 2003","January 27, 2009","January 27, 2009",028878,,,unknown,no
033948,Wholesaler,"PATTERSON MEDICAL SUPPLY, INC.",,500 FILLMORE AVENUE TONAWANDA NY 14150,500 FILLMORE AVENUE,TONAWANDA,14150,ERIE,Not Active,Not On File,"December 16, 2015","December 16, 2015",NONE,,,unknown,no
032351,Pharmacy,PENDLETON STAR PHARMACY INC.,,6503 CAMPBELL BLVD. LOCKPORT NY 14094,6503 CAMPBELL BLVD,. LOCKPORT,14094,NIAGARA,Active,"November 21, 2013","October 31, 2028",,NONE,23,Census batch geocode + point-in-district,yes,yes
022101,Pharmacy,PENN TRAFFIC COMPANY,,QUALITY MARKETS PHARMACY 7134 ROCHESTER RD. LOCKPORT NY 14094,QUALITY MARKETS PHARMACY 7134 ROCHESTER RD,. LOCKPORT,14094,NIAGARA,Transfer,"May 09, 1994","April 08, 2010","April 08, 2010",030102,,,unknown,yes
021708,Pharmacy,"PENN TRAFFIC COMPANY, THE",P & C FOOD MARKETS,D/B/A P & C FOOD MARKETS 1600 CEDAR ST. ELMIRA NY 14905,D/B/A P & C FOOD MARKETS 1600 CEDAR ST,. ELMIRA,14905,CHEMUNG,Transfer,"June 30, 1993","April 08, 2010","April 08, 2010",030098,23,county wholly in NY-23,yes,yes
025420,Pharmacy,"PENN TRAFFIC COMPANY, THE",P & C FOOD MARKET & PHARMACY,C/O PHARMACY 300 SO.HAMILTON ST. PAINTED POST NY 14870,300 SO.HAMILTON ST,. PAINTED POST,14870,STEUBEN,Discontinued,"July 01, 2002","November 05, 2003","November 05, 2003",NONE,23,county wholly in NY-23,yes,yes
022515,Pharmacy,"PENN TRAFFIC COMPANY, THE",QUALITY MARKETS FOOD & PHARMACY,C/O PHARMACY 738 FOOTE AVE. JAMESTOWN NY 14701,738 FOOTE AVE,. JAMESTOWN,14701,CHAUTAUQUA,Transfer,"June 01, 1995","April 08, 2010","April 08, 2010",030101,23,county wholly in NY-23,yes,yes
025262,Pharmacy,"PENN TRAFFIC COMPANY, THE",QUALITY MARKETS,C/O PHARMACY 5274 MAIN & UNION WILLIAMSVILLE NY 14221,5274 MAIN,& UNION WILLIAMSVILLE,14221,ERIE,Transfer,"January 28, 2002","April 08, 2010","April 08, 2010",030095,,,unknown,yes
021713,Pharmacy,"PENN TRAFFIC COMPANY, THE",D/B/A QUALITY MARKETS,249 FLUVANNA AVE. JAMESTOWN NY 14701,249 AVE,. JAMESTOWN,14701,CHAUTAUQUA,Discontinued,"June 08, 1993","June 12, 2009","June 12, 2009",NONE,23,county wholly in NY-23,yes,yes
022439,Pharmacy,"PENN TRAFFIC COMPANY, THE/QUALITY MARKETS DIV.",QUALITY MARKETS PHARMACY,D/B/A QUALITY MARKETS PHARMACY S-5999 S. PARK AVE. HAMBURG NY 14075,D/B/A QUALITY MARKETS PHARMACY S-5999 S. PARK AVE,. HAMBURG,14075,ERIE,Discontinued,"March 09, 1995","April 03, 1999","April 03, 1999",NONE,,,unknown,yes
101263,Manufacturer,"PERDIZ, MANUEL LORENZO",ZIDREP LABS,ZIDREP LABS 257 FRANKLIN ST. BUFFALO NY 14202,ZIDREP LABS 257 FRANKLIN ST,. BUFFALO,14202,ERIE,Discontinued,"January 01, 1939","August 31, 1995","August 31, 1995",NONE,,,unknown,no
029551,Wholesaler,"PERFORMANCE HEALTH SUPPLY, INC.",MEDCO SUPPLY COMPANY,25 NORTHPOINTE PARKWAY SUITE 25 AMHERST NY 14228-1891,25 NORTHPOINTE PARKWAY,AMHERST,14228,ERIE,Discontinued,"July 10, 2009","July 12, 2022","July 12, 2022",NONE,,,unknown,no
025741,Pharmacy,PERNA-NIAGARA INC.,TOPS MARKET #113,C/O PHARMACY 425 NIAGARA ST. BUFFALO NY 14201,425 NIAGARA ST,. BUFFALO,14201,ERIE,Transfer,"April 03, 2003","February 05, 2025","February 05, 2025",041156,26,Census batch geocode + point-in-district,no,yes
018471,Pharmacy,"PERSELL, FREDERICK R.",DAVIS DRUG STORE,DAVIS DRUG STORE 214 FAIRMOUNT AVENUE JAMESTOWN NY 14701,DAVIS DRUG STORE 214 FAIRMOUNT AVENUE,JAMESTOWN,14701,CHAUTAUQUA,Discontinued,"February 12, 1985","April 14, 1992","April 14, 1992",NONE,23,county wholly in NY-23,yes,yes
018009,Pharmacy,"PETE 'N' LARRY'S DRUG CO., INC.",,4101 TRANSIT ROAD WILLIAMSVILLE NY 14221,4101 TRANSIT ROAD,WILLIAMSVILLE,14221,ERIE,Transfer,"January 11, 1984","January 19, 1995","January 19, 1995",022333,,,unknown,yes
021111,Wholesaler,"PETERSON DRUG CO. OF WESTERN NEW YORK, INC.",FAY'S CORNERDRUG,9215 ORCHARD ST. OAKFIELD NY 14125,9215 ORCHARD ST,. OAKFIELD,14125,ERIE,Discontinued,"October 04, 1991","August 31, 1995","August 31, 1995",NONE,,,unknown,no
016493,Pharmacy,PETERSON DRUG COMPANY ALDEN INC.,,13069 BROADWAY ALDEN NY 14004,13069 BROADWAY,ALDEN,14004,ERIE,Transfer,"July 31, 1979","July 30, 1991","July 30, 1991",021031,,,unknown,yes
009830,Pharmacy,"PETERSON DRUG COMPANY OF AKRON, N.Y., INC.",,"81 BUELL ST. AKRON, NY 14001",81 BUELL ST,". AKRON,",14001,ERIE,Transfer,"January 18, 1963","July 30, 1991","July 30, 1991",021029,,,unknown,yes
013122,Pharmacy,"PETERSON DRUG COMPANY OF ARCADE, NEW YORK, INC.",PETERSON DRUG CO.,BIG N PLAZA 12181 OLEAN BUFFALO RD. CHAFFEE NY 14030,BIG N PLAZA 12181 OLEAN BUFFALO RD,. CHAFFEE,14030,CATTARAUGUS,Transfer,"November 11, 1970","July 30, 1991","July 30, 1991",021034,23,county wholly in NY-23,yes,yes
009740,Pharmacy,PETERSON DRUG COMPANY OF MIDDLEPORT INC.,,7134 ROCHESTER RD. LOCKPORT NY 14094,7134 ROCHESTER RD,. LOCKPORT,14094,NIAGARA,Transfer,"November 16, 1962","May 09, 1994","May 09, 1994",022101,,,unknown,yes
009819,Pharmacy,"PETERSON DRUG COMPANY OF NEWFANE, N.Y., INC.",,2740 MAIN ST. NEWFANE NY 14108,2740 MAIN ST,. NEWFANE,14108,NIAGARA,Discontinued,"January 09, 1963","May 19, 2011","May 19, 2011",NONE,,,unknown,yes
010883,Pharmacy,"PETERSON DRUG COMPANY OF THE SOUTHERN TIER, INC.",,BATH SHOPPING PLAZA BATH NY 14810,BATH SHOPPING PLAZA,BATH,14810,STEUBEN,Transfer,"June 05, 1965","July 30, 1991","July 30, 1991",021032,23,county wholly in NY-23,yes,yes
015972,Pharmacy,"PETERSON DRUG COMPANY OF WELLSVILLE, NEW YORK, INC",,BOLIVAR ROAD & RT. 417 WELLSVILLE NY 14895,BOLIVAR ROAD & RT. 417,WELLSVILLE,14895,ALLEGANY,Transfer,"October 20, 1977","July 30, 1991","July 30, 1991",021039,23,county wholly in NY-23,yes,yes
021032,Pharmacy,"PETERSON DRUG COMPANY OF WESTERN NEW YORK, INC.",FAY'S CORNERDRUG,326 WEST WASHINGTON ST. BATH NY 14810-1097,326 WEST WASHINGTON ST,. BATH,14810,STEUBEN,Transfer,"July 30, 1991","March 22, 1995","March 22, 1995",022404,23,county wholly in NY-23,yes,yes
021039,Pharmacy,"PETERSON DRUG COMPANY OF WESTERN NEW YORK, INC.",FAY'S CORNERDRUG,K-MART SHOPPING PLAZA BOLIVAR RD. WELLSVILLE NY 14895,K-MART SHOPPING PLAZA BOLIVAR RD,. WELLSVILLE,14895,ALLEGANY,Transfer,"July 30, 1991","February 23, 1995","February 23, 1995",022397,23,county wholly in NY-23,yes,yes
021035,Pharmacy,"PETERSON DRUG COMPANY OF WESTERN NEW YORK, INC.",FAY'S CORNERDRUG,6918 ERIE ROAD DERBY NY 14047,6918 ERIE ROAD,DERBY,14047,ERIE,Transfer,"July 30, 1991","March 16, 1995","March 16, 1995",022401,,,unknown,yes
021040,Pharmacy,"PETERSON DRUG COMPANY OF WESTERN NEW YORK, INC.",FAY'S CORNERDRUG,497 W. KLEIN RD. WILLIAMSVILE NY 14221,497 W. KLEIN RD,. WILLIAMSVILE,14221,ERIE,Transfer,"July 30, 1991","March 04, 1995","March 04, 1995",022398,,,unknown,yes
021034,Pharmacy,"PETERSON DRUG COMPANY OF WESTERN NEW YORK, INC.",FAY'S CORNERDRUG,12181 OLEAN-BUFFALO RD. CHAFFEE NY 14530,12181 OLEAN-BUFFALO RD,. CHAFFEE,14530,CATTARAUGUS,Transfer,"July 30, 1991","March 10, 1995","March 10, 1995",021034,23,county wholly in NY-23,yes,yes
021031,Pharmacy,"PETERSON DRUG COMPANY OF WESTERN NEW YORK, INC.",FAY'S CORNERDRUG,13069 BROADWAY ALDEN NY 14001,13069 BROADWAY,ALDEN,14001,ERIE,Transfer,"July 30, 1991","March 10, 1995","March 10, 1995",022403,,,unknown,yes
021029,Pharmacy,"PETERSON DRUG COMPANY OF WESTERN NEW YORK, INC.",FAY'S CORNERDRUG,81 BUELL ST. AKRON NY 14001,81 BUELL ST,. AKRON,14001,ERIE,Transfer,"July 30, 1991","March 11, 1995","March 11, 1995",022402,,,unknown,yes
016391,Pharmacy,"PETERSON DRUG COMPANY WILLIAMSVILLE, INC.",,497 W. KLEIN ROAD WILLIAMSVILLE NY 14221,497 W. KLEIN ROAD,WILLIAMSVILLE,14221,ERIE,Transfer,"March 26, 1979","July 30, 1991","July 30, 1991",021040,,,unknown,yes
019248,Pharmacy,"PETERSON HEALTHCARE PHARMACY, INC.",PETERSON KARE PHARMACY,SO. 5999 SOUTHPARK AVE. HAMBURG NY 14075,SO. 5999 SOUTHPARK AVE,. HAMBURG,14075,ERIE,Discontinued,"October 09, 1986","October 29, 1988","October 29, 1988",NONE,,,unknown,yes
019322,Pharmacy,"PETERSON HEALTHCARE PHARMACY, INC.",PETERSON KARE PHARMACY,1234 ABBOTT ROAD LACKAWANNA NY 14218,1234 ABBOTT ROAD,LACKAWANNA,14218,ERIE,Transfer,"November 26, 1986","May 17, 1993","May 17, 1993",021677,,,unknown,yes
020641,Manufacturer,"PETERSON'S HEALTH & BEAUTY PRODUCTS, INC.",,257 FRANKLIN ST. BUFFALO NY 14202,257 FRANKLIN ST,. BUFFALO,14202,ERIE,Discontinued,"July 31, 1990","August 07, 1992","August 07, 1992",NONE,,,unknown,no
021116,Pharmacy,"PHAR-MOR OF DELAWARE, INC.",PHAR-MOR,2429 MILITARY RD. NIAGARA FALLS NY 14304,2429 MILITARY RD,. NIAGARA FALLS,14304,NIAGARA,Transfer,"November 19, 1991","April 09, 1993","April 09, 1993",021656,,,unknown,yes
020579,Manufacturer,PHARMA-TEK INC.,,744 BALDWIN ST. ELMIRA NY 14901,744 BALDWIN ST,. ELMIRA,14901,CHEMUNG,Transfer,"May 04, 1990","April 02, 2004","April 02, 2004",026598,23,county wholly in NY-23,yes,no
022803,Pharmacy,PHARMACY ASSOCIATES OF GLENS FALLS INC.,ROYAL CARE PHARMACY SERVICE,LONG TERM CARE FACILITY 4228 RIDGE LEA RD. AMHERST NY 14226,LONG TERM CARE FACILITY 4228 RIDGE LEA RD,. AMHERST,14226,ERIE,Discontinued,"March 07, 1996","May 28, 1999","May 28, 1999",NONE,,,unknown,yes
034006,Pharmacy,PHARMACY CORPORATION OF AMERICA,PHARMERICA,2355 UNION RD. SUITE 200 CHEEKTOWAGA NY 14227-2234,2355 UNION RD,. CHEEKTOWAGA,14227,ERIE,Discontinued,"November 27, 2015","September 30, 2022","September 30, 2022",NONE,,,unknown,yes
034007,Wholesaler,PHARMACY CORPORATION OF AMERICA,PHARMERICA,2355 UNION RD. SUITE 200 CHEEKTOWAGA NY 14227-2234,2355 UNION RD,. CHEEKTOWAGA,14227,ERIE,Discontinued,"November 27, 2015","September 30, 2022","September 30, 2022",NONE,,,unknown,no
035725,Pharmacy,"PHARMACY IN THE SQUARE, INC.",,940 UNION RD. WEST SENECA NY 14224-2332,940 UNION RD,. WEST SENECA,14224,ERIE,Active,"October 25, 2017","September 30, 2029",,NONE,26,Census batch geocode + point-in-district,no,yes
028502,Pharmacy,"PHARMACY OPERATIONS OF NEW YORK, INC.","MEDICINE SHOPPE, THE",2156 GRAND ISLAND BLVD GRAND ISLAND NY 14072,2156 GRAND ISLAND BLVD,GRAND ISLAND,14072,ERIE,Discontinued,"July 10, 2007","July 24, 2008","July 24, 2008",NONE,,,unknown,yes
028520,Pharmacy,"PHARMACY OPERATIONS OF NEW YORK, INC.","MEDICINE SHOPPE, THE",941 STATE ROUTE 17C OWEGO NY 13827,941 STATE ROUTE 17C,OWEGO,13827,TIOGA,Transfer,"August 03, 2007","February 02, 2009","February 02, 2009",023449,23,county wholly in NY-23,yes,yes
028440,Pharmacy,"PHARMACY OPERATIONS OF NEW YORK, INC.","MEDICINE SHOPPE, THE",1806 PINE AVE NIAGARA FALLS NY 14301,1806 PINE AVE,NIAGARA FALLS,14301,NIAGARA,Transfer,"May 25, 2007","August 05, 2009","August 05, 2009",029619,26,unmatched address; town wholly in/out of NY-23 (assumed),no,yes
023422,Pharmacy,"PHARMACY OPERATIONS OF NEW YORK, INC.","MEDICINE SHOPPE, THE",8836 STATE RTE 434 APALACHIN NY 13732,8836 STATE RTE 434,APALACHIN,13732,TIOGA,Transfer,"September 23, 1997","October 20, 2000","October 20, 2000",024752,23,county wholly in NY-23,yes,yes
022792,Wholesaler,PHARMASCIENCE LABORATORIES INC.,,175 RANO ST. BUFFALO NY 14207,175 RANO ST,. BUFFALO,14207,ERIE,Discontinued,"March 29, 1996","November 12, 2002","November 12, 2002",NONE,,,unknown,no
017174,Pharmacy,PHARMHOUSE CORP.,S.E. NICHOLS (X-REF),NICHOLS PLAZA 7451 SENECA RD. NORTH HORNELL NY 14843-1003,NICHOLS PLAZA 7451 SENECA RD,. NORTH HORNELL,14843,STEUBEN,Discontinued,"January 31, 1980","March 04, 1997","March 04, 1997",NONE,23,county wholly in NY-23,yes,yes
017178,Pharmacy,PHARMHOUSE CORP.,PHAR-MOR,C/O PHARMACY 2077 LAKE RD. ELMIRA NY 14903,2077 LAKE RD,. ELMIRA,14903,CHEMUNG,Discontinued,"January 31, 1980","October 30, 2001","October 30, 2001",NONE,23,county wholly in NY-23,yes,yes
017177,Pharmacy,PHARMHOUSE CORP.,S.E. NICHOLS INC.  (X-REF),300 S. HAMILTON ST. PAINTED POST NY 14870-9703,300 S. HAMILTON ST,. PAINTED POST,14870,STEUBEN,Discontinued,"January 31, 1980","June 27, 1993","June 27, 1993",NONE,23,county wholly in NY-23,yes,yes
038856,Pharmacy,"PHS NFM, LLC",PARKVIEW RX NIAGARA FALLS,621 10TH STREET SUITE 172 NIAGARA FALLS NY 14302-1813,621 10TH STREET,NIAGARA FALLS,14302,NIAGARA,Active,"May 24, 2021","April 30, 2027",,NONE,26,geocoded earlier,no,yes
027005,Wholesaler,"PHYSICIAN'S PHARMACY SERVICES, INC.",RHEUMATOLOGY PHARMACY SERVICES,3085 SOUTHWESTERN BLVD. SUITE 207 ORCHARD PARK NY 14127,3085 SOUTHWESTERN BLVD,. ORCHARD PARK,14127,ERIE,Discontinued,"December 28, 2004","April 01, 2006","April 01, 2006",NONE,,,unknown,no
032992,Pharmacy,PINE PHARMACEUTICALS LLC.,,355 RIVERWALK PARKWAY TONAWANDA NY 14150,355 RIVERWALK PARKWAY,TONAWANDA,14150,ERIE,Discontinued,"September 16, 2014","May 27, 2026","May 27, 2026",NONE,26,Census batch geocode + point-in-district,no,yes
033051,Wholesaler,PINE PHARMACEUTICALS LLC.,,100 COLVIN WOODS PARKWAY SUITE 300 TONAWANDA NY 14150,100 COLVIN WOODS PARKWAY,TONAWANDA,14150,ERIE,Not Active,Not On File,"October 05, 2016","October 05, 2016",NONE,,,unknown,no
033021,Outsource Facility,PINE PHARMACEUTICALS LLC.,,355 RIVERWALK PARKWAY TONAWANDA NY 14150,355 RIVERWALK PARKWAY,TONAWANDA,14150,ERIE,Active,"October 30, 2014","September 30, 2026",,NONE,,,unknown,no
022571,Wholesaler,"PINE PHARMACY AND HOME CARE PRODUCTS CENTER, INC.",,2316 PINE AVE. NIAGARA FALLS NY 14301,2316 PINE AVE,. NIAGARA FALLS,14301,NIAGARA,Discontinued,"September 28, 1995","April 21, 1999","April 21, 1999",NONE,,,unknown,no
026390,Pharmacy,"PINE PHARMACY AND HOME CARE PRODUCTS CENTER, INC.",PINE PHARMACY,5110 MAIN ST. STORE # 101 WILLIAMSVILLE NY 14221,5110 MAIN ST,. STORE # 101 WILLIAMSVILLE,14221,ERIE,Active,"March 19, 2004","March 31, 2028",,NONE,26,geocoded earlier,no,no
022572,Pharmacy,"PINE PHARMACY AND HOME CARE PRODUCTS CENTER, INC.",,1806 PINE AVENUE NIAGARA FALLS NY 14301,1806 PINE AVENUE,NIAGARA FALLS,14301,NIAGARA,Transfer,"September 29, 1995","May 29, 2007","May 29, 2007",028440,26,unmatched address; town wholly in/out of NY-23 (assumed),no,no
022711,Pharmacy,"PINE PHARMACY HOME CARE PRODUCTS CENTER, INC.",PINE LONG TERM CARE PHARMACY,2307 PINE AVE. NIAGARA FALLS NY 14301,2307 PINE AVE,. NIAGARA FALLS,14301,NIAGARA,Discontinued,"November 21, 1995","February 24, 1998","February 24, 1998",NONE,,,unknown,no
029619,Pharmacy,"PINE PHARMACY OF NIAGARA FALLS, LLC",,1806 PINE AVE. NIAGARA FALLS NY 14301,1806 PINE AVE,. NIAGARA FALLS,14301,NIAGARA,Transfer,"August 05, 2009","December 11, 2017","December 11, 2017",035817,,,unknown,yes
007434,Pharmacy,PINEWOODS PHARMACY INC.,,395 DIVISION ST. N. TONAWANDA NY 14120,395 DIVISION ST,. N. TONAWANDA,14120,NIAGARA,Discontinued,"November 08, 1957","July 13, 1998","July 13, 1998",NONE,,,unknown,yes
017472,Pharmacy,PORTVILLE PHARMACY INC.,DUNN'S DRUG STORE,323 MAIN STREET BOLIVAR NY 14715,323 MAIN STREET,BOLIVAR,14715,ALLEGANY,Discontinued,"June 07, 1982","June 28, 2013","June 28, 2013",NONE,23,county wholly in NY-23,yes,yes
017467,Pharmacy,PORTVILLE PHARMACY INC.,,12 SOUTH MAIN STREET PORTVILLE NY 14770,12 SOUTH MAIN STREET,PORTVILLE,14770,CHAUTAUQUA,Discontinued,"June 03, 1982","April 18, 2008","April 18, 2008",NONE,23,county wholly in NY-23,yes,yes
032197,Wholesaler/Repacker,PRAXAIR DISTRIBUTION INC.,,85 GREAT ARROW AVE. BUFFALO NY 14216,85 GREAT ARROW AVE,. BUFFALO,14216,ERIE,Discontinued,"September 05, 2013","August 31, 2022","August 31, 2022",NONE,,,unknown,no
027046,Wholesaler,PRAXAIR DISTRIBUTION INC.,,175 EAST PARK DRIVE BLDG 43B ROOM 101 TONAWANDA NY 14150,175 EAST PARK DRIVE,TONAWANDA,14150,ERIE,Not Active,Not On File,"December 12, 2005","December 12, 2005",NONE,,,unknown,no
035741,Pharmacy,PREMIER MEDICAL PHARMACY LLC,,5844 SOUTHWESTERN BLVD. HAMBURG NY 14075,5844 SOUTHWESTERN BLVD,. HAMBURG,14075,ERIE,Not Active,Not On File,"October 31, 2017","October 31, 2017",NONE,,,unknown,yes
041215,Pharmacy,PREMIER PHARMACY LLC,PREMIER PHARMACY,476 GRANT STREET BUFFALO NY 14213,476 GRANT STREET,BUFFALO,14213,ERIE,Active,"December 12, 2024","November 30, 2027",,NONE,26,Census batch geocode + point-in-district,no,yes
018553,Pharmacy,"PRENDERGAST, JAMES E. & ARCESE, NELS F.",WARD'S PHARMACY,WARD'S PHARMACY 916 ELMWOOD AVE. BUFFALO NY 14222,WARD'S PHARMACY 916 ELMWOOD AVE,. BUFFALO,14222,ERIE,Transfer,"April 16, 1985","January 11, 1989","January 11, 1989",020083,,,unknown,yes
010783,Pharmacy,"PRITCHARD, MEARL D., PHARMACY, INC.","MEARL D. PRITCHARD PHARMACY, INC.  (X-REF)",50 HIGH STREET BUFFALO NY 14203,50 HIGH STREET,BUFFALO,14203,ERIE,Discontinued,"February 27, 1965","August 03, 1993","August 03, 1993",NONE,26,unmatched address; town wholly in/out of NY-23 (assumed),no,yes
019853,Pharmacy,"PRIZEL, ROBERT J.",PRIZEL'S PHARMACY,PRIZEL'S PHARMACY 535 MAIN ST. OLEAN NY 14760,PRIZEL'S PHARMACY 535 MAIN ST,. OLEAN,14760,CATTARAUGUS,Discontinued,"June 03, 1988","April 01, 2019","April 01, 2019",NONE,23,county wholly in NY-23,yes,yes
202433,Wholesaler/Repacker,"PRO-CONS LABORATORIES, INC.",,25 WOODRIDGE DR. AMHERST NY 14228,25 WOODRIDGE DR,. AMHERST,14228,ERIE,Discontinued,"March 07, 1986","August 31, 1995","August 31, 1995",NONE,,,unknown,no
030367,Wholesaler/Repacker,PRO2 MEDGAS LLC,,3596 CALIFORNIA RD. ORCHARD PARK NY 14127,3596 CALIFORNIA RD,. ORCHARD PARK,14127,ERIE,Discontinued,"December 08, 2010","December 31, 2020","December 31, 2020",NONE,,,unknown,no
013140,Pharmacy,PROFESSIONAL COMMUNITY PHARMACIES INC.,CARLSON PHARMACY,11 W. MAIN ST. FALCONER NY 14733,11 W. MAIN ST,. FALCONER,14733,CHAUTAUQUA,Discontinued,"October 19, 1970","November 02, 1992","November 02, 1992",NONE,23,county wholly in NY-23,yes,yes
013095,Pharmacy,"PROFESSIONAL COMMUNITY PHARMACIES, INC.",NORTH MAIN PHARMACY,843 NORTH MAIN STREET JAMESTOWN NY 14701,843 NORTH MAIN STREET,JAMESTOWN,14701,CHAUTAUQUA,Transfer,"June 27, 1968","June 08, 1993","June 08, 1993",021713,23,county wholly in NY-23,yes,yes
033277,Pharmacy,"PROFESSIONAL COMMUNITY PHARMACIES, INC.",WESTFIELD COMMUNITY PHARMACY,55-57 EAST MAIN ST. WESTFIELD NY 14787,55-57 EAST MAIN ST,. WESTFIELD,14787,CHAUTAUQUA,Discontinued,"January 20, 2015","November 07, 2019","November 07, 2019",NONE,23,county wholly in NY-23,yes,yes
026201,Pharmacy,"PROFESSIONAL COMMUNITY PHARMACIES, INC.",FREWSBURG PHARMACY,P.O. BOX 503 26 W. MAIN STREET FREWSBURG NY 14738-0503,26 W. MAIN STREET,FREWSBURG,14738,CHAUTAUQUA,Discontinued,"August 27, 2003","December 05, 2019","December 05, 2019",NONE,23,county wholly in NY-23,yes,yes
021205,Pharmacy,"PROFESSIONAL COMMUNITY PHARMACIES, INC.",,26-B W. MAIN ST. FREWSBURG NY 14738,26-B W. MAIN ST,. FREWSBURG,14738,CHAUTAUQUA,Transfer,"February 21, 1992","June 08, 1993","June 08, 1993",021715,23,county wholly in NY-23,yes,yes
019541,Pharmacy,"PROFESSIONAL COMMUNITY PHARMACIES, INC.",WESTFIELD PHARMACY,53 E. MAIN STREET WESTFIELD NY 14787,53 E. MAIN STREET,WESTFIELD,14787,CHAUTAUQUA,Transfer,"September 16, 1987","June 08, 1993","June 08, 1993",021714,23,county wholly in NY-23,yes,yes
015214,Pharmacy,"PROFESSIONAL COMMUNITY PHARMACIES, INC.",FREWSBURG PHARMACY,26 EAST MAIN STREET FREWSBURG NY 14738,26 EAST MAIN STREET,FREWSBURG,14738,CHAUTAUQUA,Transfer,"November 01, 1975","June 08, 1993","June 08, 1993",021712,23,county wholly in NY-23,yes,yes
022845,Wholesaler/Repacker,"PROMEX MEDICAL, INC.",,1001 BUFFALO AVE. NIAGARA FALLS NY 14303,1001 BUFFALO AVE,. NIAGARA FALLS,14303,NIAGARA,Discontinued,"March 27, 1996","October 05, 2006","October 05, 2006",NONE,,,unknown,no
024704,Wholesaler/Repacker,"PURITAN MEDICAL PRODUCTS, INC.",PURITAN-BENNETT MEDICAL GASES,2775 BROADWAY CHEEKTOWAGA NY 14227,2775 BROADWAY,CHEEKTOWAGA,14227,ERIE,Transfer,"July 16, 2001","September 19, 2005","September 19, 2005",027353,,,unknown,no
202418,Wholesaler/Repacker,PURITAN-BENNETT CORPORATION,NELLCOR PURITAN BENNETT,2775 BROADWAY CHEEKTOWAGA NY 14227,2775 BROADWAY,CHEEKTOWAGA,14227,ERIE,Transfer,"May 23, 1985","July 16, 2001","July 16, 2001",024704,,,unknown,no
030805,Manufacturer,"QUADPHARMA, INC.",,11342 MAIN ST. CLARENCE NY 14031,11342 MAIN ST,. CLARENCE,14031,ERIE,Transfer,"July 01, 2011","April 25, 2017","April 25, 2017",035379,,,unknown,no
021712,Pharmacy,"QUALITY MARKETS, INC.",,26 WEST MAIN ST. P.O. BOX 596 FREWSBURG NY 14738,26 WEST MAIN ST,. FREWSBURG,14738,CHAUTAUQUA,Discontinued,"June 08, 1993","July 02, 2003","July 02, 2003",NONE,23,county wholly in NY-23,yes,yes
021673,Pharmacy,QUALITY MARKETS/PENN TRAFFIC CO.,,1717 SHERIDAN DR. TONAWANDA NY 14223,1717 SHERIDAN DR,. TONAWANDA,14223,ERIE,Discontinued,"May 17, 1993","November 05, 2003","November 05, 2003",NONE,,,unknown,yes
021434,Pharmacy,"QUALITY MARKETS/PENN TRAFFIC CO., THE",,110 SOUTH WORK ST. FALCONER NY 14733,110 SOUTH WORK ST,. FALCONER,14733,CHAUTAUQUA,Transfer,"October 26, 1992","April 08, 2010","April 08, 2010",030099,23,county wholly in NY-23,yes,yes
021715,Pharmacy,"QUALITY MARKETS/PENN TRAFFIC CO., THE",,C/O PHARMACY 26-B W. MAIN ST. FREWSBURG NY 14738,26-B W. MAIN ST,. FREWSBURG,14738,CHAUTAUQUA,Discontinued,"June 08, 1993","April 02, 2002","April 02, 2002",NONE,23,county wholly in NY-23,yes,yes
021677,Pharmacy,"QUALITY MARKETS/PENN TRAFFIC CO., THE",,1234 ABBOTT RD. LACKAWANNA NY 14218,1234 ABBOTT RD,. LACKAWANNA,14218,ERIE,Discontinued,"May 17, 1993","November 05, 2003","November 05, 2003",NONE,,,unknown,yes
021714,Pharmacy,"QUALITY MARKETS/PENN TRAFFIC CO., THE",,53 EAST MAIN ST. WESTFIELD NY 14787,53 EAST MAIN ST,. WESTFIELD,14787,CHAUTAUQUA,Discontinued,"June 08, 1993","January 03, 2007","January 03, 2007",NONE,23,county wholly in NY-23,yes,yes
022279,Pharmacy,"QUALITY MARKETS/PENN TRAFFIC COMPANY, THE",QUALITY MARKETS,C/O PHARMACY 709 W. THIRD ST. JAMESTOWN NY 14701,709 W. THIRD ST,. JAMESTOWN,14701,CHAUTAUQUA,Discontinued,"October 21, 1994","June 07, 2002","June 07, 2002",NONE,23,county wholly in NY-23,yes,yes
031691,Wholesaler,QUALITY WELDING SUPPLY CORP.,,1120 SULLIVAN ST. ELMIRA NY 14901,1120 SULLIVAN ST,. ELMIRA,14901,CHEMUNG,Discontinued,"February 08, 2013","January 19, 2016","January 19, 2016",NONE,23,county wholly in NY-23,yes,no
304168,Wholesaler,QUALITY WELDING SUPPLY CORP.,,1120 SULLIVAN STREET ELMIRA NY 14901,1120 SULLIVAN STREET,ELMIRA,14901,CHEMUNG,Discontinued,"October 18, 1979","August 30, 2006","August 30, 2006",NONE,23,county wholly in NY-23,yes,no
031366,Pharmacy,QUINLAN'S PHARMACY INC.,,336 WEST MAIN ST. P.O BOX 548 MONTOUR FALLS NY 14865-9998,336 WEST MAIN ST,. MONTOUR FALLS,14865,SCHUYLER,Active,"June 29, 2012","May 31, 2027",,NONE,23,county wholly in NY-23,yes,yes
023241,Pharmacy,"QUINLAN'S PHARMACY, INC.",QUINLAN'S MEDICAL EQUIPMENT AND SUPPLY,107 N. MAIN ST. WAYLAND NY 14572,107 N. MAIN ST,. WAYLAND,14572,STEUBEN,Active,"July 08, 1997","July 31, 2028",,NONE,23,county wholly in NY-23,yes,yes
018957,Pharmacy,"QUINLAN, THOMAS M.",QUINLAN'S PHARMACY,QUINLAN'S PHARMACY 107 N. MAIN ST. WAYLAND NY 14572,QUINLAN'S PHARMACY 107 N. MAIN ST,. WAYLAND,14572,STEUBEN,Transfer,"January 28, 1986","July 08, 1997","July 08, 1997",023241,23,county wholly in NY-23,yes,yes
033273,Pharmacy,"RABBIT RABBIT, INC.",CORNER DRUG STORE,1 WASHINGTON ST. CATTARAUGUS NY 14719,1 WASHINGTON ST,. CATTARAUGUS,14719,CATTARAUGUS,Discontinued,"January 29, 2015","April 03, 2020","April 03, 2020",NONE,23,county wholly in NY-23,yes,yes
038604,Pharmacy,RAHMA PHARMACY INC,RAHMA PHARMACY,964 BROADWAY ST BUFFALO NY 14212,964 BROADWAY ST,BUFFALO,14212,ERIE,Transfer,"May 27, 2021","September 16, 2025","September 16, 2025",041954,26,Census batch geocode + point-in-district,no,yes
034106,Pharmacy,RANDOLPH J WEAVER,VILLAGE PHARMACY,7181 STATE ROUTE 54 BATH NY 14810,7181 STATE ROUTE 54,BATH,14810,STEUBEN,Discontinued,"December 23, 2015","July 12, 2021","July 12, 2021",NONE,23,county wholly in NY-23,yes,yes
202413,Wholesaler/Repacker,"RATHKE, WILBERT O.",RATHKE'S,3973 LOCKPORT- OLCOTT RD. LOCKPORT NY 14094,3973 LOCKPORT- OLCOTT RD,. LOCKPORT,14094,NIAGARA,Discontinued,"April 03, 1985","August 31, 1989","August 31, 1989",NONE,,,unknown,no
011866,Pharmacy,"REA AND DERICK, INCORPORATED",,ARNOT MALL HORSEHEADS NY 14845,ARNOT MALL,HORSEHEADS,14845,CHEMUNG,Discontinued,"November 02, 1967","January 26, 1991","January 26, 1991",NONE,23,county wholly in NY-23,yes,yes
012335,Pharmacy,"REA AND DERICK, INCORPORATED",,CORNING PARK PLAZA CORNING NY 14830,CORNING PARK PLAZA,CORNING,14830,STEUBEN,Transfer,"December 06, 1968","March 15, 1991","March 15, 1991",020871,23,county wholly in NY-23,yes,yes
041886,Pharmacy,"RED FOX PHARMACY, LLC",TRANSIT VILLAGE PHARMACY,268 S. TRANSIT ST. STORE 1 LOCKPORT NY 14094,268 S. TRANSIT ST,. STORE 1 LOCKPORT,14094,NIAGARA,Active,"August 22, 2025","July 31, 2028",,NONE,24,geocoded earlier,no,yes
012129,Pharmacy,"REIN, MARTIN",FISK-PFENNIG PHARMACY,FISK-PFENNIG PHARMACY 1220 COLVIN AVE. KENMORE NY 14223,FISK-PFENNIG PHARMACY 1220 COLVIN AVE,. KENMORE,14223,ERIE,Discontinued,"April 27, 1968","August 16, 1995","August 16, 1995",NONE,,,unknown,yes
037620,Wholesaler/Repacker,RELIANT PHARMACY CORP,,3807 HARLEM ROAD BUFFALO NY 14215,3807 HARLEM ROAD,BUFFALO,14215,ERIE,Not Active,Not On File,"June 04, 2020","June 04, 2020",NONE,,,unknown,no
032793,Pharmacy,RELIANT PHARMACY CORP.,RELIANT MEDICAL PHARMACY,4114 UNION RD. SUITE A CHEEKTOWAGA NY 14225,4114 UNION RD,. CHEEKTOWAGA,14225,ERIE,Discontinued,"May 09, 2014","March 21, 2016","March 21, 2016",NONE,,,unknown,yes
038502,Wholesaler,RELIANT PHARMACY CORP.,RELIANT MEDICAL SOLUTIONS,3807 HARLEM RD. BUFFALO NY 14215,3807 HARLEM RD,. BUFFALO,14215,ERIE,Not Registered,"January 25, 2022","December 31, 2024",,NONE,,,unknown,no
101354,Manufacturer,REPUBLIC DRUG COMPANY INCORPORATED,,175 GREAT ARROW BUFFALO NY 14207,175 GREAT ARROW,BUFFALO,14207,ERIE,Transfer,"December 21, 1955","April 05, 1999","April 05, 1999",024231,,,unknown,no
013770,Pharmacy,REVCO DRUG CENTERS,CVS PHARMACY #4192,C/O PHARMACY 180 FLUVANNA AVE. JAMESTOWN NY 14701,180 AVE,. JAMESTOWN,14701,CHAUTAUQUA,Discontinued,"June 03, 1972","October 29, 2002","October 29, 2002",NONE,23,county wholly in NY-23,yes,yes
500796,Storekeeper,"RICHARDS, ROBERT J.",RICHARD'S MARKET,RICHARD'S MARKET RD #2 CORNING NY 14830,RICHARD'S MARKET RD,#2 CORNING,14830,STEUBEN,Discontinued,"January 01, 1970","June 20, 1987","June 20, 1987",NONE,23,county wholly in NY-23,yes,no
018819,Pharmacy,"RITE AID DRUG PALACE, INC.",RITE AID PHARMACY,C/O PHARMACY DEL-TON PLAZA 4220 DELAWARE AVENUE TONAWANDA NY 14150-6120,DEL-TON PLAZA 4220 DELAWARE AVENUE,TONAWANDA,14150,ERIE,Discontinued,"October 09, 1985","August 21, 2025","August 21, 2025",NONE,26,Census batch geocode + point-in-district,no,yes
018865,Pharmacy,"RITE AID DRUG PALACE, INC.",RITE AID PHARMACY,C/O PHARMACY 3950 UNION RD. CHEEKTOWAGA NY 14225,3950 UNION RD,. CHEEKTOWAGA,14225,ERIE,Discontinued,"November 13, 1985","August 29, 2025","August 29, 2025",NONE,26,Census batch geocode + point-in-district,no,yes
013060,Pharmacy,RITE AID OF NEW YORK INC.,,39 DENISON PKWY W CORNING NY 14830,39 DENISON PKWY,W CORNING,14830,STEUBEN,Discontinued,"April 28, 1975","January 02, 1988","January 02, 1988",NONE,23,county wholly in NY-23,yes,yes
018781,Pharmacy,"RITE AID OF NEW YORK, INC.",,C/O PHARMACY 81 WEST MAIN STREET GOWANDA NY 14070,81 WEST MAIN STREET,GOWANDA,14070,CATTARAUGUS,Discontinued,"September 12, 1985","July 14, 2025","July 14, 2025",NONE,23,county wholly in NY-23,yes,yes
023540,Pharmacy,"RITE AID OF NEW YORK, INC.",,C/O PHARMACY 1640 HOPKINS RD. WILLIAMSVILLE NY 14221-1752,1640 HOPKINS RD,. WILLIAMSVILLE,14221,ERIE,Discontinued,"January 13, 1998","August 19, 2025","August 19, 2025",NONE,26,Census batch geocode + point-in-district,no,yes
013259,Pharmacy,"RITE AID OF NEW YORK, INC.",,2297 HARLEM ROAD CHEEKTOWAGA NY 14225,2297 HARLEM ROAD,CHEEKTOWAGA,14225,ERIE,Discontinued,"April 28, 1975","April 06, 1993","April 06, 1993",NONE,26,unmatched address; town wholly in/out of NY-23 (assumed),no,yes
021674,Pharmacy,"RITE AID OF NEW YORK, INC.",,C/O PHARMACY 60 CENTRAL AVENUE LANCASTER NY 14086,60 CENTRAL AVENUE,LANCASTER,14086,ERIE,Discontinued,"April 30, 1993","October 23, 2025","October 23, 2025",NONE,23,Census batch geocode + point-in-district,yes,yes
018758,Pharmacy,"RITE AID OF NEW YORK, INC.",RITE AID PHARMACY #1646,1907 SOUTH PARK BUFFALO NY 14220-1828,1907 SOUTH PARK,BUFFALO,14220,ERIE,Discontinued,"August 27, 1985","October 08, 1996","October 08, 1996",NONE,26,unmatched address; town wholly in/out of NY-23 (assumed),no,yes
024134,Pharmacy,"RITE AID OF NEW YORK, INC.",RITE AID #2577,C/O PHARMACY 315 WEST FERRY ST. BUFFALO NY 14213-1911,315 WEST FERRY ST,. BUFFALO,14213,ERIE,Discontinued,"April 30, 1999","November 13, 2000","November 13, 2000",NONE,,,unknown,yes
020840,Pharmacy,"RITE AID OF NEW YORK, INC.",RITE AID PHARMACY #2680,492 GRANT ST. BUFFALO NY 14213,492 GRANT ST,. BUFFALO,14213,ERIE,Discontinued,"December 17, 1990","May 11, 1995","May 11, 1995",NONE,,,unknown,yes
018342,Pharmacy,"RITE AID OF NEW YORK, INC.",,C/O PHARMACY 731 CENTER STREET LEWISTON NY 14092,731 CENTER STREET,LEWISTON,14092,NIAGARA,Discontinued,"October 31, 1984","August 26, 2025","August 26, 2025",NONE,24,Census batch geocode + point-in-district,no,yes
018322,Pharmacy,"RITE AID OF NEW YORK, INC.",RITE AID PHARMACY #1536,38 MAIN ST. LOCKPORT NY 14094,38 MAIN ST,. LOCKPORT,14094,NIAGARA,Discontinued,"October 19, 1984","June 01, 1995","June 01, 1995",NONE,,,unknown,yes
014362,Pharmacy,"RITE AID OF NEW YORK, INC.",,C/O PHARMACY 9 BROAD ST. SALAMANCA NY 14779-1418,9 BROAD ST,. SALAMANCA,14779,CATTARAUGUS,Discontinued,"April 28, 1975","June 06, 2025","June 06, 2025",NONE,23,county wholly in NY-23,yes,yes
017666,Pharmacy,"RITE AID OF NEW YORK, INC.",,C/O PHARMACY 738-742 PORTAGE ROAD NIAGARA FALLS NY 14301,738-742 PORTAGE ROAD,NIAGARA FALLS,14301,NIAGARA,Discontinued,"January 24, 1983","January 27, 2009","January 27, 2009",NONE,26,unmatched address; town wholly in/out of NY-23 (assumed),no,yes
013986,Pharmacy,"RITE AID OF NEW YORK, INC.",,C/O PHARMACY 2887 HARLEM RD. CHEEKTOWAGA NY 14225,2887 HARLEM RD,. CHEEKTOWAGA,14225,ERIE,Discontinued,"April 28, 1975","October 10, 2023","October 10, 2023",NONE,26,Census batch geocode + point-in-district,no,yes
019171,Pharmacy,"RITE AID OF NEW YORK, INC.",,C/O PHARMACY 1224 LOVEJOY STREET BUFFALO NY 14206,1224 LOVEJOY STREET,BUFFALO,14206,ERIE,Discontinued,"July 14, 1986","August 27, 2025","August 27, 2025",NONE,26,Census batch geocode + point-in-district,no,yes
017359,Pharmacy,"RITE AID OF NEW YORK, INC.",,C/O PHARMACY 1941 SENECA STREET BUFFALO NY 14210,1941 SENECA STREET,BUFFALO,14210,ERIE,Discontinued,"January 20, 1982","July 09, 2025","July 09, 2025",NONE,26,Census batch geocode + point-in-district,no,yes
019490,Pharmacy,"RITE AID OF NEW YORK, INC.",,C/O PHARMACY 2047 SHERIDAN DRIVE BUFFALO NY 14223-1432,2047 SHERIDAN DRIVE,BUFFALO,14223,ERIE,Discontinued,"July 17, 1987","April 30, 2024","April 30, 2024",NONE,26,Census batch geocode + point-in-district,no,yes
019491,Pharmacy,"RITE AID OF NEW YORK, INC.",RITE AID PHARMACY #2811,266 BUFFALO STREET HAMBURG NY 14075,266 BUFFALO STREET,HAMBURG,14075,ERIE,Discontinued,"July 17, 1987","June 16, 1993","June 16, 1993",NONE,,,unknown,yes
011033,Pharmacy,"RITE AID OF NEW YORK, INC.",RITE AID STORE #681,MAPLE FOREST PLAZA 722 MAPLE RD. AMHERST P.O. WILLIAMSVILLE NY 14221,MAPLE FOREST PLAZA 722 MAPLE RD,. AMHERST P.O. WILLIAMSVILLE,14221,ERIE,Discontinued,"April 28, 1975","November 14, 1998","November 14, 1998",NONE,,,unknown,yes
023477,Pharmacy,"RITE AID OF NEW YORK, INC.",,C/O PHARMACY 338 W. WASHINGTON ST. BATH NY 14810-1024,338 W. WASHINGTON ST,. BATH,14810,STEUBEN,Discontinued,"October 30, 1997","June 11, 2025","June 11, 2025",NONE,23,county wholly in NY-23,yes,yes
017386,Pharmacy,"RITE AID OF NEW YORK, INC.",,C/O PHARMACY 8015 NIAGARA FALLS BLVD. NIAGARA FALLS NY 14304,8015 NIAGARA FALLS BLVD,. NIAGARA FALLS,14304,NIAGARA,Discontinued,"February 19, 1982","August 22, 2025","August 22, 2025",NONE,,,unknown,yes
013346,Pharmacy,"RITE AID OF NEW YORK, INC.",,C/O PHARMACY 4018 SENECA STREET SOUTHGATE PLAZA WEST SENECA NY 14224,4018 SENECA STREET SOUTHGATE PLAZA,WEST SENECA,14224,ERIE,Discontinued,"April 28, 1975","September 04, 2025","September 04, 2025",NONE,26,Census batch geocode + point-in-district,no,yes
015859,Pharmacy,"RITE AID OF NEW YORK, INC.",RITE AID PHARMACY #453,#1 BROADWAY MALL HORNELL NY 14843,#1 BROADWAY MALL,HORNELL,14843,STEUBEN,Discontinued,"June 15, 1977","January 26, 2001","January 26, 2001",NONE,23,county wholly in NY-23,yes,yes
019399,Pharmacy,"RITE AID OF NEW YORK, INC.",,C/O PHARMACY 214 CENTRAL AVE. SILVER CREEK NY 14136,214 CENTRAL AVE,. SILVER CREEK,14136,CHAUTAUQUA,Discontinued,"March 20, 1987","August 26, 2025","August 26, 2025",NONE,23,county wholly in NY-23,yes,yes
018905,Pharmacy,"RITE AID OF NEW YORK, INC.",,C/O PHARMACY 476 WILLIAM ST. BUFFALO NY 14206,476 WILLIAM ST,. BUFFALO,14206,ERIE,Discontinued,"December 09, 1985","July 10, 2025","July 10, 2025",NONE,26,Census batch geocode + point-in-district,no,yes
018866,Pharmacy,"RITE AID OF NEW YORK, INC.",RITE AID PHARMACY #1675,1185 GENESEE ST. BUFFALO NY 14211,1185 GENESEE ST,. BUFFALO,14211,ERIE,Discontinued,"November 13, 1985","December 16, 1997","December 16, 1997",NONE,,,unknown,yes
018480,Pharmacy,"RITE AID OF NEW YORK, INC.",,C/O PHARMACY 125 SOUTH TRANSIT ST LOCKPORT NY 14094,125 SOUTH TRANSIT ST,LOCKPORT,14094,NIAGARA,Discontinued,"February 25, 1985","July 24, 2025","July 24, 2025",NONE,24,Census batch geocode + point-in-district,no,yes
018277,Pharmacy,"RITE AID OF NEW YORK, INC.",,1630 MAIN ST. NIAGARA FALLS NY 14305,1630 MAIN ST,. NIAGARA FALLS,14305,NIAGARA,Discontinued,"September 11, 1984","September 28, 1998","September 28, 1998",NONE,,,unknown,yes
019521,Pharmacy,"RITE AID OF NEW YORK, INC.",,C/O PHARMACY 963 FAIRMOUNT AVE. WE JAMESTOWN NY 14701-2452,963 FAIRMOUNT AVE,. WE JAMESTOWN,14701,CHAUTAUQUA,Discontinued,"August 21, 1987","June 16, 2025","June 16, 2025",NONE,23,county wholly in NY-23,yes,yes
018233,Pharmacy,"RITE AID OF NEW YORK, INC.",,918-920 ABBOTT ROAD BUFFALO NY 14220,918-920 ABBOTT ROAD,BUFFALO,14220,ERIE,Discontinued,"July 31, 1984","March 16, 2000","March 16, 2000",NONE,26,unmatched address; town wholly in/out of NY-23 (assumed),no,yes
016948,Pharmacy,"RITE AID OF NEW YORK, INC.",,392 KENMORE AVE BUFFALO NY 14223,392 KENMORE AVE,BUFFALO,14223,ERIE,Discontinued,"September 23, 1980","February 03, 1989","February 03, 1989",NONE,26,unmatched address; town wholly in/out of NY-23 (assumed),no,yes
020668,Pharmacy,"RITE AID OF NEW YORK, INC.",RITE AID PHARMACY #2627,90 MANHATTAN ST. NORTH TONAWANDA NY 14120,90 MANHATTAN ST,. NORTH TONAWANDA,14120,NIAGARA,Discontinued,"June 26, 1990","January 02, 1997","January 02, 1997",NONE,,,unknown,yes
017849,Pharmacy,"RITE AID OF NEW YORK, INC.",,C/O PHARMACY 4407 MILITARY ROAD NIAGARA FALLS NY 14305,4407 MILITARY ROAD,NIAGARA FALLS,14305,NIAGARA,Discontinued,"August 02, 1983","August 29, 2025","August 29, 2025",NONE,26,Census batch geocode + point-in-district,no,yes
021408,Pharmacy,"RITE AID OF NEW YORK, INC.",RITE AID LONG TERM CARE #1154,621 DELAWARE AVE. TONAWANDA NY 14150,621 DELAWARE AVE,. TONAWANDA,14150,ERIE,Transfer,"September 01, 1992","December 09, 1995","December 09, 1995",022745,,,unknown,no
013258,Pharmacy,"RITE AID OF NEW YORK, INC.",,772 WEHRLE DRIVE BUFFALO NY 14225,772 WEHRLE DRIVE,BUFFALO,14225,ERIE,Discontinued,"April 28, 1975","August 27, 1993","August 27, 1993",NONE,26,unmatched address; town wholly in/out of NY-23 (assumed),no,yes
018369,Pharmacy,"RITE AID OF NEW YORK, INC.",,DEPARTMENT C/O PHARMACY 2474 BAILEY AVENUE BUFFALO NY 14215,2474 BAILEY AVENUE,BUFFALO,14215,ERIE,Discontinued,"November 16, 1984","March 13, 2024","March 13, 2024",NONE,26,Census batch geocode + point-in-district,no,yes
018913,Pharmacy,"RITE AID OF NEW YORK, INC.",RITE AID PHARMACY,C/O PHARMACY 3071-3085 S. PARK AVENUE LACKAWANNA NY 14218,3071-3085 S. PARK AVENUE,LACKAWANNA,14218,ERIE,Discontinued,"December 12, 1985","August 19, 2025","August 19, 2025",NONE,26,Census batch geocode + point-in-district,no,yes
018234,Pharmacy,"RITE AID OF NEW YORK, INC.",,C/O PHARMACY 1018 BROADWAY BUFFALO NY 14212,1018 BROADWAY,BUFFALO,14212,ERIE,Discontinued,"July 31, 1984","February 09, 2010","February 09, 2010",NONE,26,unmatched address; town wholly in/out of NY-23 (assumed),no,yes
014351,Pharmacy,"RITE AID OF NEW YORK, INC.",,C/O PHARMACY 10 NORTH MAIN STREET WELLSVILLE NY 14895,10 NORTH MAIN STREET,WELLSVILLE,14895,ALLEGANY,Transfer,"April 28, 1975","December 24, 2007","December 24, 2007",028751,23,county wholly in NY-23,yes,yes
020037,Pharmacy,"RITE AID OF NEW YORK, INC.",RITE AID OF NEW YORK #1960,C/O PHARMACY 1315 JEFFERSON AVE. BUFFALO NY 14208,1315 JEFFERSON AVE,. BUFFALO,14208,ERIE,Discontinued,"November 15, 1988","June 15, 2004","June 15, 2004",NONE,,,unknown,yes
018327,Pharmacy,"RITE AID OF NEW YORK, INC.",RITE AID PHARMACY #677,5718 SOUTH TRANSIT ROAD LOCKPORT NY 14094,5718 SOUTH TRANSIT ROAD,LOCKPORT,14094,NIAGARA,Discontinued,"October 19, 1984","July 22, 1993","July 22, 1993",NONE,,,unknown,yes
020110,Pharmacy,"RITE AID OF NEW YORK, INC.",,C/O PHARMACY 284 CONNECTICUT STREET BUFFALO NY 14213-2542,284 CONNECTICUT STREET,BUFFALO,14213,ERIE,Discontinued,"February 13, 1989","July 17, 2025","July 17, 2025",NONE,26,Census batch geocode + point-in-district,no,yes
013184,Pharmacy,"RITE AID OF NEW YORK, INC.",,C/O PHARMACY 419 DIVISION ST. NORTH TONAWANDA NY 14120,419 DIVISION ST,. NORTH TONAWANDA,14120,NIAGARA,Discontinued,"April 28, 1975","July 15, 2025","July 15, 2025",NONE,26,Census batch geocode + point-in-district,no,yes
016365,Pharmacy,"RITE AID OF NEW YORK, INC.",,1350-2 HERTEL AVE. BUFFALO NY 14216,1350-2 HERTEL AVE,. BUFFALO,14216,ERIE,Discontinued,"March 05, 1979","March 12, 1996","March 12, 1996",NONE,,,unknown,yes
016027,Pharmacy,"RITE AID OF NEW YORK, INC.",RITE AID PHARMACY,MAIN PLACE MALL 99 MAIN PLACE BUFFALO NY 14202,MAIN PLACE MALL 99 MAIN PLACE,BUFFALO,14202,ERIE,Discontinued,"January 06, 1978","October 03, 1998","October 03, 1998",NONE,26,unmatched address; town wholly in/out of NY-23 (assumed),no,yes
014829,Pharmacy,"RITE AID OF NEW YORK, INC.",RITE AID PHARMACY #892,AMES SHOPPING CTR STATE RTE 219 SPRINGVILLE NY 14141,AMES SHOPPING CTR STATE RTE 219,SPRINGVILLE,14141,ERIE,Discontinued,"April 28, 1975","March 04, 1997","March 04, 1997",NONE,,,unknown,yes
019485,Pharmacy,"RITE AID OF NEW YORK, INC.",RITE AID PHARMACY,UNIVERSITY PLAZA 3500 MAIN ST. BUFFALO NY 14226,UNIVERSITY PLAZA 3500 MAIN ST,. BUFFALO,14226,ERIE,Discontinued,"July 17, 1987","October 25, 1990","October 25, 1990",NONE,,,unknown,yes
013185,Pharmacy,"RITE AID OF NEW YORK, INC.",,2309 EGGERT RD. PARK EDGE PLAZA TONAWANDA NY 14150,2309 EGGERT RD. PARK EDGE PLAZA,TONAWANDA,14150,ERIE,Discontinued,"April 28, 1975","May 09, 1994","May 09, 1994",NONE,,,unknown,yes
019520,Pharmacy,"RITE AID OF NEW YORK, INC.",RITE AID PHARMACY #3070,41 SOUTH MAIN ST. JAMESTOWN NY 14701,41 SOUTH MAIN ST,. JAMESTOWN,14701,CHAUTAUQUA,Discontinued,"August 21, 1987","September 07, 1999","September 07, 1999",NONE,23,county wholly in NY-23,yes,yes
016854,Pharmacy,"RITE AID OF NEW YORK, INC.",,"GRAND CENTRAL PLAZA RT. 17 & CHEMUNG ST. HORSEHEADS, NY 14845",GRAND CENTRAL PLAZA RT. 17 & CHEMUNG ST,". HORSEHEADS,",14845,CHEMUNG,Discontinued,"August 12, 1980","September 23, 1989","September 23, 1989",NONE,23,county wholly in NY-23,yes,yes
019475,Pharmacy,"RITE AID OF NEW YORK, INC.",RITE AID PHARMACY #1872,2112 HYDE PARK BLVD. NIAGARA FALLS NY 14305,2112 HYDE PARK BLVD,. NIAGARA FALLS,14305,NIAGARA,Discontinued,"July 08, 1987","June 23, 1997","June 23, 1997",NONE,,,unknown,yes
018292,Pharmacy,"RITE AID OF NEW YORK, INC.",,C/O PHARMACY 6000 TRANSIT RD. AT FRENCH RD. DEPEW NY 14043,6000 TRANSIT RD. AT FRENCH RD,. DEPEW,14043,ERIE,Discontinued,"September 20, 1984","July 15, 2025","July 15, 2025",NONE,,,unknown,yes
011566,Pharmacy,"RITE AID OF NEW YORK, INC.",RITE AID PHARMACY #520,134 W. WATER ST. ELMIRA NY 14901,134 W. WATER ST,. ELMIRA,14901,CHEMUNG,Discontinued,"April 28, 1975","November 25, 1994","November 25, 1994",NONE,23,county wholly in NY-23,yes,yes
019031,Pharmacy,"RITE AID OF NEW YORK, INC.",,C/O PHARMACY 1384 MAIN ST. BUFFALO NY 14208,1384 MAIN ST,. BUFFALO,14208,ERIE,Discontinued,"March 28, 1986","May 18, 1998","May 18, 1998",NONE,,,unknown,yes
013904,Pharmacy,"RITE AID OF NEW YORK, INC.",,C/O PHARMACY 50 SOUTH MAIN STREET JAMESTOWN NY 14701,50 SOUTH MAIN STREET,JAMESTOWN,14701,CHAUTAUQUA,Discontinued,"April 28, 1975","August 25, 2025","August 25, 2025",NONE,23,county wholly in NY-23,yes,yes
013183,Pharmacy,"RITE AID OF NEW YORK, INC.",,2050 ELMWOOD AVE. BUFFALO NY 14207,2050 ELMWOOD AVE,. BUFFALO,14207,ERIE,Discontinued,"April 28, 1975","January 03, 1988","January 03, 1988",NONE,,,unknown,yes
202106,Wholesaler,"RIVERSIDE CHEMICAL COMPANY, INC.",,871 RIVER ROAD P.O. BOX 197 NORTH TONAWANDA NY 14120,871 RIVER ROAD,NORTH TONAWANDA,14120,NIAGARA,Discontinued,"January 01, 1939","December 10, 2009","December 10, 2009",NONE,,,unknown,no
016282,Pharmacy,"RIVERSIDE DRUG MART, INC.",,288 ONTARIO ST. BUFFALO NY 14207,288 ONTARIO ST,. BUFFALO,14207,ERIE,Transfer,"November 16, 1978","April 10, 1998","April 10, 1998",023642,,,unknown,yes
023306,Wholesaler,"RIZZO, ANTHONY",UNION PHARMACY OF JAMESTOWN,UNION PHARMACY OF JAMESTOWN 600 CAYUGA RD. CHEEKTOWAGA NY 14225,UNION PHARMACY OF JAMESTOWN 600 CAYUGA RD,. CHEEKTOWAGA,14225,ERIE,Not Active,Not On File,"December 23, 1997","December 23, 1997",NONE,,,unknown,no
014410,Pharmacy,"RIZZO, ANTHONY T.",UNION PHARMACY OF JAMESTOWN,UNION PHARMACY OF JAMESTOWN 83 ALLEN ST. JAMESTOWN NY 14701,UNION PHARMACY OF JAMESTOWN 83 ALLEN ST,. JAMESTOWN,14701,CHAUTAUQUA,Discontinued,"December 04, 1973","April 15, 1998","April 15, 1998",NONE,23,county wholly in NY-23,yes,yes
019937,Wholesaler,"RIZZO, ANTHONY T.",UNION PHARMACY OF JAMESTOWN,UNION PHARMACY OF JAMESTOWN 83 ALLEN ST. JAMESTOWN NY 14701,UNION PHARMACY OF JAMESTOWN 83 ALLEN ST,. JAMESTOWN,14701,CHAUTAUQUA,Discontinued,"October 20, 1988","April 15, 1998","April 15, 1998",NONE,23,county wholly in NY-23,yes,no
031767,Pharmacy,RML PHARMACY PC,BROOKS PHARMACY,4481 LAKESHORE RD. HAMBURG NY 14075,4481 LAKESHORE RD,. HAMBURG,14075,ERIE,Active,"February 14, 2013","January 31, 2028",,NONE,23,Census batch geocode + point-in-district,yes,yes
013150,Pharmacy,"ROBINS, JEROME H.",CY'S ELMA PHARMACY,CY'S ELMA PHARMACY 2317 BOWEN RD. ELMA NY 14059,CY'S ELMA PHARMACY 2317 BOWEN RD,. ELMA,14059,ERIE,Transfer,"November 15, 1970","August 22, 2007","August 22, 2007",028512,,,unknown,yes
017194,Pharmacy,"ROSSETTIE PHARMACY, INC.",,35 CHEMUNG STREET CORNING NY 14830,35 CHEMUNG STREET,CORNING,14830,STEUBEN,Discontinued,"July 28, 1981","October 01, 2002","October 01, 2002",NONE,23,county wholly in NY-23,yes,yes
013853,Pharmacy,"ROSSETTIE PHARMACY, INCORPORATED",,98 W. PULTENEY STREET CORNING NY 14830,98 W. PULTENEY STREET,CORNING,14830,STEUBEN,Discontinued,"August 02, 1972","October 01, 2002","October 01, 2002",NONE,23,county wholly in NY-23,yes,yes
006528,Pharmacy,ROSWELL PARK CANCER INSTITUTE CORPORATION,,C/O PHARMACY ELM & CARLTON STS. BUFFALO NY 14263,ELM & CARLTON STS.,BUFFALO,14263,ERIE,Active,"January 01, 1946","January 31, 2028",,NONE,26,Census batch geocode + point-in-district,no,no
028135,Pharmacy,ROSWELL PARK CANCER INSTITUTE CORPORATION,,C/O PHARMACY 203 PARK CLUB LANE WILLIAMSVILLE NY 14221,203 PARK CLUB LANE,WILLIAMSVILLE,14221,ERIE,Active,"February 05, 2007","January 31, 2028",,NONE,26,Census batch geocode + point-in-district,no,no
023799,Wholesaler,ROSWELL PARK CANCER INSTITUTE CORPORATION,,C/O PHARMACY ELM & CARLTON STS. BUFFALO NY 14263,ELM & CARLTON STS.,BUFFALO,14263,ERIE,Active,"September 14, 1998","August 31, 2027",,NONE,,,unknown,no
035699,Pharmacy,ROSWELL PARK PHARMACY CORPORATION,,ELM & CARLTON ST. BUFFALO NY 14263,ELM & CARLTON ST,. BUFFALO,14263,ERIE,Active,"August 27, 2018","July 31, 2027",,NONE,26,Census batch geocode + point-in-district,no,yes
035905,Pharmacy,ROUTE 16 PHARMACY LLC,HOLLAND PHARMACY,19 N. MAIN ST. HOLLAND NY 14080-0021,19 N. MAIN ST,. HOLLAND,14080,ERIE,Active,"May 02, 2018","April 30, 2027",,NONE,23,Census batch geocode + point-in-district,yes,yes
011345,Pharmacy,"RUSLINK PLAZA DRUGS, INC.",,716 FOOTE AVE. JAMESTOWN NY 14701,716 FOOTE AVE,. JAMESTOWN,14701,CHAUTAUQUA,Transfer,"July 11, 1966","June 01, 1995","June 01, 1995",022515,23,county wholly in NY-23,yes,yes
040114,Pharmacy,RUTOWSKI OF ALDEN INC.,ALDEN PHARMACY,13203 BROADWAY ALDEN NY 14004,13203 BROADWAY,ALDEN,14004,ERIE,Active,"March 31, 2023","February 28, 2029",,NONE,23,Census batch geocode + point-in-district,yes,yes
037859,Pharmacy,RUTOWSKI OF AMHERST INC.,FAMILY MEDICAL PHARMACY,120 PLAZA DR. WILLIAMSVILLE NY 14221,120 PLAZA DR,. WILLIAMSVILLE,14221,ERIE,Active,"June 30, 2020","May 31, 2029",,NONE,26,Census batch geocode + point-in-district,no,yes
038898,Pharmacy,RUTOWSKI OF EAST AURORA INC.,LARWOOD PHARMACY,597 OAKWOOD AVE EAST AURORA NY 14052,597 OAKWOOD AVE,EAST AURORA,14052,ERIE,Active,"September 02, 2021","August 31, 2027",,NONE,23,Census batch geocode + point-in-district,yes,yes
033966,Pharmacy,"RWKII, INC.",COMMUNITY MEDICAL PHARMACY,918 MICHIGAN AVE. NIAGARA FALLS NY 14305,918 MICHIGAN AVE,. NIAGARA FALLS,14305,NIAGARA,Active,"October 07, 2015","September 30, 2027",,NONE,26,Census batch geocode + point-in-district,no,yes
023548,Wholesaler,"S & W X-RAY, INC.",,250 COOPER AVE. SUITE 110 TONAWANDA NY 14150-6633,250 COOPER AVE,. TONAWANDA,14150,ERIE,Discontinued,"February 19, 1998","August 31, 2001","August 31, 2001",NONE,,,unknown,no
101318,Manufacturer,"SALAMANCA HERB SALVE, INC.",,305 E. FAIRMOUNT AVENUE LAKEWOOD NY 14750,305 E. FAIRMOUNT AVENUE,LAKEWOOD,14750,CHAUTAUQUA,Discontinued,"December 19, 1979","August 31, 1989","August 31, 1989",NONE,23,county wholly in NY-23,yes,no
016894,Pharmacy,SALAMANCA HOSPITAL DISTRICT AUTHORITY,,150 PARKWAY DR. SALAMANCA NY 14779,150 PARKWAY DR,. SALAMANCA,14779,CATTARAUGUS,Discontinued,"September 29, 1980","April 01, 1990","April 01, 1990",NONE,23,county wholly in NY-23,yes,no
022746,Pharmacy,SALAMANCA HOSPITAL DISTRICT AUTHORITY,SALAMANCA HEALTHCARE COMPLEX,C/O PHARMACY 150 PARKWAY DR. SALAMANCA NY 14779-1999,150 PARKWAY DR,. SALAMANCA,14779,CATTARAUGUS,Not Active,Not On File,"March 13, 1998","March 13, 1998",NONE,23,county wholly in NY-23,yes,no
028015,Pharmacy,"SAM'S EAST, INC.",SAM'S PHARMACY,830 COUNTY ROAD 64 ELMIRA NY 14903-9716,830 COUNTY ROAD,64 ELMIRA,14903,CHEMUNG,Active,"August 25, 2006","April 30, 2028",,NONE,23,county wholly in NY-23,yes,yes
026199,Pharmacy,"SAM'S EAST, INC.",SAM'S PHARMACY,C/O PHARMACY 3735 UNION RD. CHEEKTOWAGA NY 14225,3735 UNION RD,. CHEEKTOWAGA,14225,ERIE,Active,"August 08, 2003","April 30, 2028",,NONE,26,Census batch geocode + point-in-district,no,yes
028621,Pharmacy,"SAM'S EAST, INC.",SAM'S PHARMACY,1580 MILITARY RD. NIAGARA FALLS NY 14304,1580 MILITARY RD,. NIAGARA FALLS,14304,NIAGARA,Active,"October 19, 2007","April 30, 2028",,NONE,26,Census batch geocode + point-in-district,no,yes
014840,Pharmacy,"SANDY, GAIL CHESTER","VILLAGE PHARMACY, THE",THE VILLAGE PHARMACY 25 WEST MAIN ST. FALCONER NY 14733,THE VILLAGE PHARMACY 25 WEST MAIN ST,. FALCONER,14733,CHAUTAUQUA,Discontinued,"January 02, 1975","October 28, 2005","October 28, 2005",NONE,23,county wholly in NY-23,yes,yes
018267,Pharmacy,"SARVAIYA, SHAKUR",SHERMAN PHARMACY,SHERMAN PHARMACY 105 W. MAIN ST. P.O. BOX 647 SHERMAN NY 14781,SHERMAN PHARMACY 105 W. MAIN ST,. SHERMAN,14781,CHAUTAUQUA,Transfer,"September 04, 1984","November 08, 2012","November 08, 2012",030510,23,county wholly in NY-23,yes,yes
032725,Pharmacy,SAV-RITE PHARMACY LLC.,,290 CENTER ROAD WEST SENECA NY 14224,290 CENTER ROAD,WEST SENECA,14224,ERIE,Discontinued,"September 11, 2014","January 12, 2018","January 12, 2018",NONE,26,unmatched address; town wholly in/out of NY-23 (assumed),no,yes
019222,Pharmacy,"SCHMITT PETER J. CO., INC.",KARE PHARMACY,5274 MAIN ST WILLIAMSVILLE NY 14221,5274 MAIN ST,WILLIAMSVILLE,14221,ERIE,Transfer,"September 05, 1986","July 28, 1988","July 28, 1988",019902,,,unknown,yes
018381,Pharmacy,"SCHMITT, PETER J., CO., INC.",BELLS PHARMACY,1717 SHERIDAN DRIVE TONAWANDA NY 14223,1717 SHERIDAN DRIVE,TONAWANDA,14223,ERIE,Transfer,"November 21, 1984","October 01, 1990","October 01, 1990",020635,,,unknown,yes
018319,Pharmacy,"SCHMITT, PETER J., CO., INC.",CARE DRUGS,2160 GENESEE ST. BUFFALO NY 14211,2160 GENESEE ST,. BUFFALO,14211,ERIE,Discontinued,"October 18, 1984","March 04, 1989","March 04, 1989",NONE,,,unknown,yes
025535,Wholesaler/Repacker,SCHUYLER ASSOCIATES MEDICAL MANUFACTURING,,CORPORATION 4760 COTTON HANLON RD. P.O. BOX 50 ODESSA NY 14869,CORPORATION 4760 COTTON HANLON RD,. ODESSA,14869,SCHUYLER,Discontinued,"December 02, 2002","October 04, 2004","October 04, 2004",NONE,23,county wholly in NY-23,yes,no
012569,Pharmacy,"SCHUYLER HOSPITAL, INC.",,C/O PHARMACY 220 STEUBEN ST. MONTOUR FALLS NY 14865,220 ST,. MONTOUR FALLS,14865,SCHUYLER,Active,"July 09, 1969","July 31, 2028",,NONE,23,county wholly in NY-23,yes,no
024886,Pharmacy,"SECUNDUM ARTEM PHARMACY, INC.",KENMORE RX CENTER,2818 DELAWARE AVE. KENMORE NY 14217,2818 DELAWARE AVE,. KENMORE,14217,ERIE,Transfer,"December 12, 2000","February 16, 2018","February 16, 2018",035923,,,unknown,yes
304348,Wholesaler,"SENECA CAZENOVIA OSTOMY SURGICAL SUPPLY, INC.",SENECA HEALTHCARE CENTER,2152 SENECA STREET BUFFALO NY 14210,2152 SENECA STREET,BUFFALO,14210,ERIE,Discontinued,"April 30, 1982","April 03, 1992","April 03, 1992",NONE,,,unknown,no
028552,Pharmacy,"SENECA PHARMACY OF WNY, INC.",,1979 SENECA STREET BUFFALO NY 14210,1979 SENECA STREET,BUFFALO,14210,ERIE,Active,"September 12, 2007","August 31, 2028",,NONE,26,Census batch geocode + point-in-district,no,yes
027585,Wholesaler,SHAKUR I SARVAIYA,SHERMAN DISTRIBUTORS,107 MAIN STREET SHERMAN NY 14781,107 MAIN STREET,SHERMAN,14781,CHAUTAUQUA,Discontinued,"January 24, 2006","November 27, 2013","November 27, 2013",NONE,23,county wholly in NY-23,yes,no
008434,Pharmacy,SHEEHAN MEMORIAL HOSPITAL,,C/O PHARMACY 425 MICHIGAN AVE. BUFFALO NY 14203,425 MICHIGAN AVE,. BUFFALO,14203,ERIE,Discontinued,"January 01, 1960","October 18, 2016","October 18, 2016",NONE,,,unknown,no
019433,Pharmacy,"SHER PARK CO., INC.",,1143 SHERIDAN DRIVE TONAWANDA NY 14150,1143 SHERIDAN DRIVE,TONAWANDA,14150,ERIE,Discontinued,"May 07, 1987","November 15, 1994","November 15, 1994",NONE,,,unknown,yes
006724,Pharmacy,SHER-DRIVE PHARMACY CORP.,,2339 SHERIDAN DR. TONAWANDA NY 14150,2339 SHERIDAN DR,. TONAWANDA,14150,ERIE,Discontinued,"March 14, 1956","July 13, 1998","July 13, 1998",NONE,,,unknown,yes
034331,Pharmacy,SHERMAN AREA PHARMACY INC.,SHERMAN PHARMACY,105 WEST MAIN STREET SHERMAN NY 14781,105 WEST MAIN STREET,SHERMAN,14781,CHAUTAUQUA,Active,"March 22, 2016","February 29, 2028",,NONE,23,county wholly in NY-23,yes,yes
030510,Pharmacy,SHERMAN PHARMACY INC.,,105 WEST MAIN ST. SHERMAN NY 14781,105 WEST MAIN ST,. SHERMAN,14781,CHAUTAUQUA,Transfer,"November 08, 2012","March 22, 2016","March 22, 2016",034331,23,county wholly in NY-23,yes,yes
019454,Pharmacy,"SILVER CREEK SUPER PHARMACY, INC.",,ROUTE 5 & 20 SILVER CREEK NY 14136,ROUTE 5,& 20 SILVER CREEK,14136,CHAUTAUQUA,Discontinued,"June 05, 1987","April 13, 1989","April 13, 1989",NONE,23,county wholly in NY-23,yes,yes
029489,Pharmacy,"SISTERS OF CHARITY HOSPITAL OF BUFFALO, N.Y",,ST. JOSEPH CAMPUS 2605 HARLEM RD. CHEEKTOWAGA NY 14225,ST. JOSEPH CAMPUS 2605 HARLEM RD,. CHEEKTOWAGA,14225,ERIE,Active,"June 01, 2009","May 31, 2027",,NONE,26,Census batch geocode + point-in-district,no,no
001258,Pharmacy,"SISTERS OF CHARITY HOSPITAL OF BUFFALO, N.Y.",,C/O PHARMACY 2157 MAIN ST. BUFFALO NY 14214,2157 MAIN ST,. BUFFALO,14214,ERIE,Active,"January 01, 1936","January 31, 2028",,NONE,26,Census batch geocode + point-in-district,no,no
042191,Wholesaler,"SISTERS OF CHARITY HOSPITAL OF BUFFALO, NEW YORK",,2157 MAIN ST. BUFFALO NY 14214,2157 MAIN ST,. BUFFALO,14214,ERIE,Active,"February 17, 2026","January 31, 2029",,NONE,,,unknown,no
028655,Pharmacy,SISTERS OF CHARITY HOSPITAL OF BUFFALO. N.Y.,SISTERS AMBULATORY SURGERY CENTER,45 SPINDRIFT DRIVE WILLIAMSVILLE NY 14221,45 SPINDRIFT DRIVE,WILLIAMSVILLE,14221,ERIE,Discontinued,"May 13, 2008","June 13, 2014","June 13, 2014",NONE,,,unknown,no
018042,Pharmacy,"SLISH, KEVIN STEPHEN",RANSOMVILLE PHARMACY,RANSOMVILLE PHARMACY 3509 RANSOMVILLE ROAD RANSOMVILLE NY 14131,RANSOMVILLE PHARMACY 3509 RANSOMVILLE ROAD,RANSOMVILLE,14131,NIAGARA,Discontinued,"February 09, 1984","December 04, 2006","December 04, 2006",NONE,,,unknown,yes
008050,Pharmacy,"SNYDER PHARMACY, INC.",,4536 MAIN STREET SNYDER NY 14226,4536 MAIN STREET,SNYDER,14226,ERIE,Active,"February 22, 1959","February 29, 2028",,NONE,26,Census batch geocode + point-in-district,no,yes
028253,Pharmacy,"SOUTH PARK PHARMACY, LLC",,2707 SOUTH PARK AVENUE LACKAWANNA NY 14218,2707 SOUTH PARK AVENUE,LACKAWANNA,14218,ERIE,Discontinued,"February 21, 2007","April 08, 2020","April 08, 2020",NONE,,,unknown,yes
022433,Pharmacy,"SOUTHERN TIER HOME INFUSION, INC.",PHARMACY INNOVATIONS,863 FAIRMOUNT AVE. JAMESTOWN NY 14701,863 FAIRMOUNT AVE,. JAMESTOWN,14701,CHAUTAUQUA,Active,"March 27, 1995","March 31, 2028",,NONE,23,county wholly in NY-23,yes,no
025185,Pharmacy,"SOUTHERN TIER HOME INFUSION, INC.",PHARMACY INNOVATIONS,C/O PHARMACY 865 FAIRMOUNT AVE. JAMESTOWN NY 14738,865 FAIRMOUNT AVE,. JAMESTOWN,14738,CHAUTAUQUA,Discontinued,"January 02, 2002","January 16, 2002","January 16, 2002",NONE,23,county wholly in NY-23,yes,no
023575,Pharmacy,"SOUTHERN TIER INFUSION, INC.",JAMESTOWN PHARMACY,107 W. 3RD ST. JAMESTOWN NY 14701,107 W. 3RD ST,. JAMESTOWN,14701,CHAUTAUQUA,Discontinued,"March 13, 1998","May 24, 2001","May 24, 2001",NONE,23,county wholly in NY-23,yes,no
025883,Pharmacy,"SOUTHGATE MEDICAL PHARMACY, INC.",,1026 UNION RD. WEST SENECA NY 14224,1026 UNION RD,. WEST SENECA,14224,ERIE,Discontinued,"May 21, 2003","September 01, 2022","September 01, 2022",NONE,,,unknown,yes
020204,Pharmacy,SOUTHPORT CORRECTIONAL FACILITY,,C/O PHARMACY INSTITUTION RD. P.O. BOX 2000 PINE CITY NY 14871,INSTITUTION RD,. PINE CITY,14871,CHEMUNG,Discontinued,"May 09, 1989","December 15, 1994","December 15, 1994",NONE,23,county wholly in NY-23,yes,no
027526,Pharmacy,"SOUTHSIDE PHARMACY, INC",SOUTHSIDE PHARMACY,766 FOOTE AVE PO BOX 2031 JAMESTOWN NY 14701,766 FOOTE AVE,JAMESTOWN,14701,CHAUTAUQUA,Discontinued,"November 10, 2005","August 12, 2019","August 12, 2019",NONE,23,county wholly in NY-23,yes,yes
023011,Pharmacy,"SOUTHTOWNS MEDICAL PHARMACY, LLP",,4855 CAMP RD. SUITE 600 HAMBURG NY 14075,4855 CAMP RD,. HAMBURG,14075,ERIE,Discontinued,"November 18, 1996","November 30, 2019","November 30, 2019",NONE,,,unknown,yes
030138,Pharmacy,SPECIALTY PHARMACY MANAGEMENT LLC,RELIANCE RX,15 EARHART DR. SUITE 101 AMHERST NY 14221,15 EARHART DR,. AMHERST,14221,ERIE,Active,"August 19, 2010","July 31, 2028",,NONE,26,geocoded earlier,no,yes
033186,Wholesaler,SPECIALTY PHARMACY MANAGEMENT LLC,RELIANCE RX DISTRIBUTION,15 EARHART DRIVE SUITE 101 AMHERST NY 14221,15 EARHART DRIVE,AMHERST,14221,ERIE,Active,"November 19, 2014","October 31, 2026",,NONE,,,unknown,no
024443,Pharmacy,"SPRINGCREEK PHARMACY, INC.",,227 WEST MAIN ST. SPRINGVILLE NY 14141,227 WEST MAIN ST,. SPRINGVILLE,14141,ERIE,Discontinued,"August 18, 1999","December 16, 2017","December 16, 2017",NONE,,,unknown,yes
013352,Pharmacy,SPRINGVILLE PHARMACY INC.,,21.5  E. MAIN ST. (REAR) SPRINGVILLE NY 14141,21.5 E. MAIN ST,. (REAR) SPRINGVILLE,14141,ERIE,Transfer,"July 01, 1970","December 10, 1997","December 10, 1997",023326,,,unknown,yes
023326,Pharmacy,"SPRINGVILLE PHARMACY INFUSION THERAPY, INC.",,40 CENTRE DRIVE ORCHARD PARK NY 14127,40 CENTRE DRIVE,ORCHARD PARK,14127,ERIE,Active,"December 10, 1997","December 31, 2028",,NONE,23,Census batch geocode + point-in-district,yes,no
027592,Wholesaler,"SPRINGVILLE PHARMACY INFUSION THERAPY, INC.",OPTION CARE,40 CENTRE DRIVE ORCHARD PARK NY 14127,40 CENTRE DRIVE,ORCHARD PARK,14127,ERIE,Discontinued,"August 04, 2006","June 30, 2015","June 30, 2015",NONE,,,unknown,no
037338,Pharmacy,SPRINGVILLE PHARMACY LLC,,13 E. MAIN STREET SPRINGVILLE NY 14141,13 E. MAIN STREET,SPRINGVILLE,14141,ERIE,Active,"May 15, 2019","April 30, 2028",,NONE,23,Census batch geocode + point-in-district,yes,yes
019549,Pharmacy,"SPROUT, JOSEPH E.",ALLEGANY PHARMACY,ALLEGANY PHARMACY 76 W. MAIN STREET ALLEGANY NY 14706,ALLEGANY PHARMACY 76 W. MAIN STREET,ALLEGANY,14706,CATTARAUGUS,Discontinued,"September 21, 1987","March 30, 1990","March 30, 1990",NONE,23,county wholly in NY-23,yes,yes
009822,Pharmacy,"ST. FRANCIS GERIATRIC & HEALTHCARE SERVICES, INC.","ST. FRANCIS HOSPITAL OF BUFFLAO, N.Y. (X-REF ONLY)",C/O PHARMACY DEPT. 2787 MAIN STREET BUFFALO NY 14214,DEPT. 2787 MAIN STREET,BUFFALO,14214,ERIE,Discontinued,"January 11, 1963","August 03, 1993","August 03, 1993",NONE,26,unmatched address; town wholly in/out of NY-23 (assumed),no,no
023758,Pharmacy,"ST. FRANCIS GERIATRIC AND HEALTHCARE SERVICES,INC.",,C/O PHARMACY 45 SPINDRIFT DR. WILLIAMSVILLE NY 14221,45 SPINDRIFT DR,. WILLIAMSVILLE,14221,ERIE,Transfer,"July 20, 1998","May 13, 2008","May 13, 2008",028655,,,unknown,yes
010545,Pharmacy,"ST. FRANCIS HOSPITAL, OLEAN, NEW YORK",,2221 W. STATE STREET OLEAN NY 14760,2221 W. STATE STREET,OLEAN,14760,CATTARAUGUS,Transfer,"August 05, 1964","July 03, 1991","July 03, 1991",021004,23,county wholly in NY-23,yes,no
027052,Pharmacy,ST. FRANCIS OF BUFFALO,,34 BENWOOD AVENUE BUFFALO NY 14214,34 BENWOOD AVENUE,BUFFALO,14214,ERIE,Not Active,Not On File,"June 20, 2005","June 20, 2005",NONE,26,unmatched address; town wholly in/out of NY-23 (assumed),no,yes
027051,Pharmacy,ST. FRANCIS OF WILLIAMSVILLE,,147 REIST STREET WILLIAMSVILLE NY 14221,147 REIST STREET,WILLIAMSVILLE,14221,ERIE,Not Active,Not On File,"June 20, 2005","June 20, 2005",NONE,,,unknown,yes
006909,Pharmacy,ST. JAMES HOSPITAL,,C/O PHARMACY 7329 SENECA RD. NORTH HORNELL NY 14843,7329 SENECA RD,. NORTH HORNELL,14843,STEUBEN,Active,"June 13, 1956","June 30, 2028",,NONE,23,county wholly in NY-23,yes,no
019459,Pharmacy,ST. JAMES MERCY HOSPITAL,MERCYCARE,C/O PHARMACY BETHESDA DRIVE NORTH HORNELL NY 14843,BETHESDA DRIVE,NORTH HORNELL,14843,STEUBEN,Discontinued,"June 08, 1987","July 07, 2014","July 07, 2014",NONE,23,county wholly in NY-23,yes,no
008801,Pharmacy,"ST. JOSEPH HOSPITAL OF CHEEKTOWAGA, NEW YORK",,C/O PHARMACY 2605 HARLEM ROAD CHEEKTOWAGA NY 14225,2605 HARLEM ROAD,CHEEKTOWAGA,14225,ERIE,Transfer,"September 08, 1960","June 01, 2009","June 01, 2009",029489,26,unmatched address; town wholly in/out of NY-23 (assumed),no,no
000838,Pharmacy,ST. JOSEPH'S HOSPITAL,,C/O PHARMACY 555 ST. JOSEPH'S BLVD ELMIRA NY 14901,555 ST. JOSEPH'S BLVD,ELMIRA,14901,CHEMUNG,Active,"January 01, 1954","January 31, 2028",,NONE,23,county wholly in NY-23,yes,no
004420,Pharmacy,"STACK, BERNARD L.",STACHOWSKI'S PHARMACY,"STACHOWSKI'S PHARMACY 615 OLIVER STREET NORTH TONAWANDA, NY 14120",STACHOWSKI'S PHARMACY 615 OLIVER STREET,"NORTH TONAWANDA,",14120,NIAGARA,Discontinued,"January 01, 1931","November 16, 1990","November 16, 1990",NONE,,,unknown,yes
040486,Pharmacy,"STARLING PHARMACY II, INC.",STARLING PHARMACY,1049 BROADWAY BUFFALO NY 14212,1049 BROADWAY,BUFFALO,14212,ERIE,Active,"November 27, 2023","October 31, 2026",,NONE,26,Census batch geocode + point-in-district,no,yes
000021,Pharmacy,STATE UNIVERSITY OF NEW YORK AT BUFFALO,BUFFALO SCHOOL OF PHARMACY,BUFFALO SCHOOL PHARMACY 130 PHARMACY BUILDING BUFFALO NY 14214-8033,BUFFALO SCHOOL PHARMACY 130 PHARMACY BUILDING,BUFFALO,14214,ERIE,Active,"January 01, 1931","January 31, 2028",,NONE,26,unmatched address; city wholly outside NY-23 (assumed),no,yes
037824,Pharmacy,STATE UNIVERSITY OF NEW YORK AT BUFFALO,,4350 MAPLE RD AMHERST NY 14226,4350 MAPLE RD,AMHERST,14226,ERIE,Discontinued,"December 19, 2019","February 01, 2024","February 01, 2024",NONE,26,Census batch geocode + point-in-district,no,yes
015478,Pharmacy,STATE UNIVERSITY OF NEW YORK AT BUFFALO,SUB-BOARD I. STUDENT HEALTH PHARMACY,SUB-BOARD I STUDENT HLTH PHCY - D-17 MICHAEL HALL 3435 MAIN ST. BUFFALO NY 14214,SUB-BOARD I STUDENT HLTH PHCY - D-17 MICHAEL HALL 3435 MAIN ST,. BUFFALO,14214,ERIE,Transfer,"January 01, 1976","December 19, 2019","December 19, 2019",037824,,,unknown,yes
035401,Pharmacy,STEED ENTERPRISES LLC,BEAVERS PHARMACY,7 MAIN ST. CANISTEO NY 14823,7 MAIN ST,. CANISTEO,14823,STEUBEN,Discontinued,"June 23, 2017","October 17, 2019","October 17, 2019",NONE,23,county wholly in NY-23,yes,yes
027674,Pharmacy,STEED'S PHARMACY LLC,,1141 BROADWAY SUITE #8 ELMIRA NY 14904,1141 BROADWAY,ELMIRA,14904,CHEMUNG,Discontinued,"February 25, 2006","October 23, 2012","October 23, 2012",NONE,23,county wholly in NY-23,yes,yes
028977,Wholesaler,"STEPHAN ACQUISITION, LLC",BENSON'S SURGICAL SUPPLY CO.,5375 TRANSIT RD. WILLIAMSVILLE NY 14221,5375 TRANSIT RD,. WILLIAMSVILLE,14221,ERIE,Discontinued,"June 10, 2008","January 01, 2015","January 01, 2015",NONE,,,unknown,no
012801,Pharmacy,STEUBEN COUNTY INFIRMARY,,BATH-HAMMONDSPORT ROAD BATH NY 14810,BATH-HAMMONDSPORT ROAD,BATH,14810,STEUBEN,Discontinued,"January 07, 1970","March 01, 1989","March 01, 1989",NONE,23,county wholly in NY-23,yes,yes
501465,Storekeeper,"STORNELLI, ALPHONSO",CHAPMAN'S MARKET,CHAPMAN'S MARKET 9202 RIDGE ROAD MIDDLEPORT NY 14105,CHAPMAN'S MARKET 9202 RIDGE ROAD,MIDDLEPORT,14105,NIAGARA,Discontinued,"May 24, 1984","August 31, 1988","August 31, 1988",NONE,,,unknown,no
304363,Wholesaler,"STRATE WELDING SUPPLY CO., INC.",AIRCO MEDICAL GASES,6776 CANAL RD. LOCKPORT NY 14094,6776 CANAL RD,. LOCKPORT,14094,NIAGARA,Discontinued,"September 13, 1982","December 17, 2001","December 17, 2001",NONE,,,unknown,no
202317,Wholesaler/Repacker,"STRATE WELDING SUPPLY CO., INC.",AIRCO MEDICAL GASES,101 COMET ST. BUFFALO NY 14216,101 COMET ST,. BUFFALO,14216,ERIE,Not Registered,"July 22, 1980","July 31, 2025",,041750,,,unknown,no
304266,Wholesaler,"STRATE WELDING SUPPLY CO., INC.",AIRCO MEDICAL GASES,19 CLIFTON AVE. JAMESTOWN NY 14701,19 CLIFTON AVE,. JAMESTOWN,14701,CHAUTAUQUA,Discontinued,"March 18, 1981","December 11, 2000","December 11, 2000",NONE,23,county wholly in NY-23,yes,no
030698,Wholesaler,SUBURBAN ADULT SERVICES INC.,,13339 ROUTE 39 SARDINIA NY 14134,13339 ROUTE 39,SARDINIA,14134,ERIE,Discontinued,"July 27, 2011","June 30, 2017","June 30, 2017",NONE,,,unknown,no
022569,Pharmacy,"SUMMIT PARK FAMILY PHARMACY, INC.",,6934 WILLIAMS RD. SUITE 500 NIAGARA FALLS NY 14304,6934 WILLIAMS RD,. NIAGARA FALLS,14304,NIAGARA,Discontinued,"September 06, 1995","March 13, 1997","March 13, 1997",NONE,,,unknown,yes
027337,Pharmacy,SUMMIT PARK PHARMACY INC.,SUMMIT PARK PHARMACY,2578 NIAGARA FALLS BLVD. SUITE 100 WHEATFIELD NY 14304,2578 NIAGARA FALLS BLVD,. WHEATFIELD,14304,NIAGARA,Active,"November 18, 2005","October 31, 2026",,NONE,26,geocoded earlier,no,yes
040938,Pharmacy,SUPER CARE PHARMACY INC.,,2756 BAILEY AVE. BUFFALO NY 14215,2756 BAILEY AVE,. BUFFALO,14215,ERIE,Active,"October 18, 2024","September 30, 2027",,NONE,26,Census batch geocode + point-in-district,no,yes
101424,Manufacturer,"SWEENEY, PATRICIA M.",PETERSON OINTMENT CO.,PETERSON OINTMENT CO. 257 FRANKLIN ST. BUFFALO NY 14202,PETERSON OINTMENT CO. 257 FRANKLIN ST,. BUFFALO,14202,ERIE,Transfer,"June 18, 1987","July 31, 1990","July 31, 1990",020641,,,unknown,no
021307,Pharmacy,SYNCOR INTERNATIONAL CORPORATION,,"303 CAYUGA DR. - ""OSG"" CHEEKTOWAGA NY 14225",303 CAYUGA DR,". - ""OSG"" CHEEKTOWAGA",14225,ERIE,Transfer,"June 12, 1992","September 30, 1993","September 30, 1993",021850,,,unknown,yes
022149,Wholesaler,SYSCO CORPORATION,,"2063 ALLEN ST., EXT. FALCONER NY 14733",2063 ALLEN ST,"., EXT. FALCONER",14733,CHAUTAUQUA,Discontinued,"October 31, 1994","August 31, 2004","August 31, 2004",NONE,23,county wholly in NY-23,yes,no
023569,Pharmacy,TARGET CORPORATION,TARGET   (T-1010),C/O PHARMACY 1575 NIAGARA FALLS BLVD. AMHERST NY 14228,1575 NIAGARA FALLS BLVD,. AMHERST,14228,ERIE,Transfer,"January 30, 1998","April 29, 2016","April 29, 2016",034147,,,unknown,yes
028011,Pharmacy,TARGET CORPORATION,TARGET PHARMACY,4920 TRANSIT ROAD DEPEW NY 14043,4920 TRANSIT ROAD,DEPEW,14043,ERIE,Transfer,"August 11, 2006","May 17, 2016","May 17, 2016",034165,,,unknown,yes
027892,Pharmacy,TARGET CORPORATION,TARGET PHARMACY,930 COUNTY RD 64 ELMIRA NY 14903,930 COUNTY RD,64 ELMIRA,14903,CHEMUNG,Transfer,"May 22, 2006","May 09, 2016","May 09, 2016",034168,23,county wholly in NY-23,yes,yes
023042,Pharmacy,TARGET CORPORATION,TARGET   (T-1011),C/O PHARMACY 8290 TRANSIT RD. WILLIAMSVILLE NY 14221,8290 TRANSIT RD,. WILLIAMSVILLE,14221,ERIE,Transfer,"September 18, 1996","April 29, 2016","April 29, 2016",034217,,,unknown,yes
023036,Pharmacy,TARGET CORPORATION,TARGET   (T-1014),C/O PHARMACY 1750 WALDEN AVE. CHEEKTOWAGA NY 14225,1750 WALDEN AVE,. CHEEKTOWAGA,14225,ERIE,Transfer,"September 18, 1996","June 10, 2016","June 10, 2016",034157,,,unknown,yes
023041,Pharmacy,TARGET CORPORATION,TARGET   *T-1012),C/O PHARMACY 7414 NIAGARA FALLS BLVD. NIAGARA FALLS NY 14304,7414 NIAGARA FALLS BLVD,. NIAGARA FALLS,14304,ERIE,Transfer,"September 18, 1996","April 29, 2016","April 29, 2016",034189,,,unknown,yes
023037,Pharmacy,TARGET CORPORATION,TARGET   (T-1013),C/O PHARMACY 2626 DELAWARE AVE. BUFFALO NY 14216,2626 DELAWARE AVE,. BUFFALO,14216,ERIE,Transfer,"September 18, 1996","April 29, 2016","April 29, 2016",034155,,,unknown,yes
023430,Pharmacy,TARGET CORPORATION,TARGET   (T-1057),C/O PHARMACY 5622 AMANDA LN. ORCHARD PARK NY 14127,5622 AMANDA LN,. ORCHARD PARK,14127,ERIE,Transfer,"September 17, 1997","April 29, 2016","April 29, 2016",034190,,,unknown,yes
031733,Wholesaler,TECHNICAL GAS PRODUCTS INC.,,2727 BROADWAY CHEEKTOWAGA NY 14227,2727 BROADWAY,CHEEKTOWAGA,14227,ERIE,Discontinued,"August 06, 2013","March 01, 2016","March 01, 2016",NONE,,,unknown,no
013619,Pharmacy,"TENEROWICZ, DANIEL S.",TENEROWICZ PHARMACY,TENEROWICZ PHARMACY 581 RIDGE ROAD LACKAWANNA NY 14218,TENEROWICZ PHARMACY 581 RIDGE ROAD,LACKAWANNA,14218,ERIE,Transfer,"November 10, 1971","February 15, 1994","February 15, 1994",021934,,,unknown,yes
011119,Pharmacy,"TERRANA, JOSEPH S.",MILL PHARMACY,MILL PHARMACY 4180 SENECA ST WEST SENECA NY 14224,MILL PHARMACY 4180 SENECA ST,WEST SENECA,14224,ERIE,Discontinued,"December 31, 1965","July 20, 1988","July 20, 1988",NONE,26,unmatched address; town wholly in/out of NY-23 (assumed),no,yes
028773,Manufacturer,"TEVA WOMEN'S HEALTH, INC.",TEVA PHARMACEUTICALS,825 WURLITZER DRIVE NORTH TONAWANDA NY 14120-2089,825 WURLITZER DRIVE,NORTH TONAWANDA,14120,NIAGARA,Transfer,"May 07, 2008","April 12, 2018","April 12, 2018",036048,,,unknown,no
040831,Pharmacy,THE FREDERICK FERRIS THOMPSON HOSPITAL,UR MEDICINE THOMPSON HEALTH VICTOR MEDICAL GRP PHA,53 W MAIN ST VICTOR NY 14564,53 W MAIN ST,VICTOR,14564,ERIE,Not Active,Not On File,"November 14, 2024","November 14, 2024",NONE,25,Census batch geocode + point-in-district,no,no
008956,Pharmacy,"TILLMAN'S DRUG STORE, INC.",PAINTED POST PHARMACY,100 VILLAGE SQUARE PAINTED POST NY 14870,100 VILLAGE SQUARE,PAINTED POST,14870,STEUBEN,Transfer,"November 23, 1960","July 24, 1991","July 24, 1991",020954,23,county wholly in NY-23,yes,yes
013532,Pharmacy,"TIOGA HEALTHCARE FACILITY, INC.",,C/O PHARMACY 37 NORTH CHEMUNG ST. WAVERLY NY 14892,37 NORTH CHEMUNG ST,. WAVERLY,14892,TIOGA,Discontinued,"December 17, 1971","March 02, 2006","March 02, 2006",NONE,23,county wholly in NY-23,yes,yes
014150,Pharmacy,"TIOGA PHARMACIST SERVICES, INC.",LYNN'S DRUG STORE,62-64 NORTH AVE. OWEGO NY 13827,62-64 NORTH AVE,. OWEGO,13827,TIOGA,Transfer,"March 27, 1973","May 20, 1993","May 20, 1993",021668,23,county wholly in NY-23,yes,yes
020365,Pharmacy,"TIOGA PHARMACIST SERVICES, INC.",,MAIN ST. NEWARK VALLEY NY 13811,MAIN ST,. NEWARK VALLEY,13811,TIOGA,Transfer,"November 09, 1989","May 20, 1993","May 20, 1993",020365,23,county wholly in NY-23,yes,yes
018422,Pharmacy,"TIOGA PHARMACIST SERVICES, INC.",LYNN'S DRUG STORE,91 MAIN ST. CANDOR NY 13743,91 MAIN ST,. CANDOR,13743,TIOGA,Transfer,"January 02, 1985","May 21, 1993","May 21, 1993",021667,23,county wholly in NY-23,yes,yes
025264,Pharmacy,TLC HEALTH NETWORK INC.,,C/O PHARMACY 845 ROUTES 5 & 20 IRVING NY 14081,845 ROUTES 5 & 20,IRVING,14081,CHAUTAUQUA,Transfer,"March 22, 2002","March 29, 2019","March 29, 2019",036856,23,county wholly in NY-23,yes,yes
024431,Pharmacy,TODAMAR INC.,FAMILY PHARMACY PLUS,320 SOUTH TRANSIT STREET LOCKPORT NY 14094,320 SOUTH TRANSIT STREET,LOCKPORT,14094,NIAGARA,Discontinued,"October 01, 1999","October 24, 2023","October 24, 2023",NONE,24,Census batch geocode + point-in-district,no,yes
026802,Pharmacy,TOPS MARKETS LLC,,301 MEADOW DRIVE NORTH TONAWANDA NY 14120,301 MEADOW DRIVE,NORTH TONAWANDA,14120,NIAGARA,Active,"June 28, 2004","March 31, 2028",,NONE,26,Census batch geocode + point-in-district,no,yes
026139,Pharmacy,TOPS MARKETS LLC,,1275 JEFFERSON AVENUE BUFFALO NY 14208,1275 JEFFERSON AVENUE,BUFFALO,14208,ERIE,Active,"July 08, 2003","March 31, 2028",,NONE,26,Census batch geocode + point-in-district,no,yes
025290,Pharmacy,TOPS MARKETS LLC,,C/O PHARMACY 3201 SOUTHWESTERN BLVD. ORCHARD PARK NY 14127,3201 SOUTHWESTERN BLVD,. ORCHARD PARK,14127,ERIE,Active,"March 04, 2002","March 31, 2028",,NONE,23,Census batch geocode + point-in-district,yes,yes
042599,Pharmacy,"TOPS MARKETS, LLC",,1000 PORTAGE RD NIAGARA FALLS NY 14301,1000 PORTAGE RD,NIAGARA FALLS,14301,NIAGARA,Active,"July 23, 2026","March 31, 2028",,NONE,26,unmatched address; city wholly outside NY-23 (assumed),no,yes
041156,Pharmacy,"TOPS MARKETS, LLC",,425 NIAGARA ST. BUFFALO NY 14201,425 NIAGARA ST,. BUFFALO,14201,ERIE,Active,"February 05, 2025","January 31, 2028",,NONE,26,Census batch geocode + point-in-district,no,yes
026428,Pharmacy,"TOPS MARKETS, LLC",,C/O PHARMACY 165 DELAWARE AVE. SIDNEY NY 13838-1349,165 DELAWARE AVE,. SIDNEY,13838,ERIE,Transfer,"December 02, 2003","October 20, 2005","October 20, 2005",027497,,,unknown,yes
024913,Pharmacy,"TOPS MARKETS, LLC",,C/O PHARMACY 890 YOUNG ST. TONAWANDA NY 14150,890 YOUNG ST,. TONAWANDA,14150,ERIE,Active,"December 19, 2000","March 31, 2028",,NONE,26,Census batch geocode + point-in-district,no,yes
024821,Pharmacy,"TOPS MARKETS, LLC",TOPS,C/O PHARMACY 65 GREY ST. EAST AURORA NY 14052,65 GREY ST,. EAST AURORA,14052,ERIE,Discontinued,"October 11, 2000","January 19, 2015","January 19, 2015",NONE,,,unknown,yes
024658,Pharmacy,"TOPS MARKETS, LLC",TOPS,C/O PHARMACY 1740 SHERIDAN DR. TONAWANDA NY 14223,1740 SHERIDAN DR,. TONAWANDA,14223,ERIE,Active,"March 03, 2000","March 31, 2028",,NONE,26,Census batch geocode + point-in-district,no,yes
024597,Pharmacy,"TOPS MARKETS, LLC",TOPS,184 SO. CASCADE DR. SPRINGVILLE NY 14141,184 SO. CASCADE DR,. SPRINGVILLE,14141,ERIE,Discontinued,"December 10, 1999","January 19, 2015","January 19, 2015",NONE,,,unknown,yes
024596,Pharmacy,"TOPS MARKETS, LLC",,C/O PHARMACY 6914 ERIE ROAD DERBY NY 14047,6914 ERIE ROAD,DERBY,14047,ERIE,Active,"December 10, 1999","March 31, 2028",,NONE,23,Census batch geocode + point-in-district,yes,yes
024493,Pharmacy,"TOPS MARKETS, LLC",TOPS,12775 BROADWAY ALDEN NY 14004,12775 BROADWAY,ALDEN,14004,ERIE,Active,"September 14, 1999","March 31, 2028",,NONE,23,Census batch geocode + point-in-district,yes,yes
024474,Pharmacy,"TOPS MARKETS, LLC",TOPS,C/O PHARMACY 700 THRUWAY PLAZA DR. CHEEKTOWAGA NY 14225,700 THRUWAY PLAZA DR,. CHEEKTOWAGA,14225,ERIE,Active,"September 14, 1999","March 31, 2028",,NONE,,,unknown,yes
023231,Pharmacy,"TOPS MARKETS, LLC",TOPS,C/O PHARMACY 2000 WASHINGTON ST. JAMESTOWN NY 14701,2000 WASHINGTON ST,. JAMESTOWN,14701,CHAUTAUQUA,Active,"March 26, 1997","March 31, 2028",,NONE,23,county wholly in NY-23,yes,yes
023115,Pharmacy,"TOPS MARKETS, LLC",TOPS,C/O PHARMACY DEPT. 150 NIAGARA ST. TONAWANDA NY 14150,DEPT. 150 NIAGARA ST,. TONAWANDA,14150,ERIE,Active,"November 08, 1996","March 31, 2028",,NONE,26,Census batch geocode + point-in-district,no,yes
023057,Pharmacy,"TOPS MARKETS, LLC",TOPS,C/O PHARMACY DEPT. 299 S. MAIN ST. ELMIRA NY 14094,DEPT. 299 S. MAIN ST,. ELMIRA,14094,CHEMUNG,Discontinued,"September 10, 1996","January 19, 2015","January 19, 2015",NONE,23,county wholly in NY-23,yes,yes
022973,Pharmacy,"TOPS MARKETS, LLC",TOPS,C/O PHARMACY 9660 TRANSIT RD. E. AMHERST NY 14051,9660 TRANSIT RD,. E. AMHERST,14051,ERIE,Active,"July 02, 1996","March 31, 2028",,NONE,26,Census batch geocode + point-in-district,no,yes
022854,Pharmacy,"TOPS MARKETS, LLC",TOPS,C/O PHARMACY 309 W. MORRIS ST. BATH NY 14810,309 W. MORRIS ST,. BATH,14810,STEUBEN,Active,"February 14, 1996","March 31, 2028",,NONE,23,county wholly in NY-23,yes,yes
022350,Pharmacy,"TOPS MARKETS, LLC",TOPS,C/O PHARMACY 2401 W. STATE ST. OLEAN NY 14760,2401 W. STATE ST,. OLEAN,14760,CATTARAUGUS,Active,"January 06, 1995","March 31, 2028",,NONE,23,county wholly in NY-23,yes,yes
022103,Pharmacy,"TOPS MARKETS, LLC",TOPS,C/O PHARMACY 1460 S. PARK AVE. BUFFALO NY 14220,1460 S. PARK AVE,. BUFFALO,14220,ERIE,Active,"May 19, 1994","March 31, 2028",,NONE,26,Census batch geocode + point-in-district,no,yes
021891,Pharmacy,"TOPS MARKETS, LLC",TOPS,C/O PHARMACY CONSUMER SQUARE PLAZA 830 COUNTY RTE 64 ELMIRA NY 14903,CONSUMER SQUARE PLAZA 830 COUNTY RTE 64,ELMIRA,14903,CHEMUNG,Discontinued,"October 12, 1993","January 20, 2015","January 20, 2015",NONE,23,county wholly in NY-23,yes,yes
021857,Pharmacy,"TOPS MARKETS, LLC",TOPS,3035 NIAGARA FALLS BLVD. AMHERST NY 14228,3035 NIAGARA FALLS BLVD,. AMHERST,14228,ERIE,Active,"September 13, 1993","March 31, 2028",,NONE,26,Census batch geocode + point-in-district,no,yes
021550,Pharmacy,"TOPS MARKETS, LLC",MARTIN'S PHARMACY,3955 VINEYARD DR. DUNKIRK NY 14048,3955 VINEYARD DR,. DUNKIRK,14048,CHAUTAUQUA,Active,"February 26, 1993","March 31, 2028",,NONE,23,county wholly in NY-23,yes,yes
024259,Pharmacy,"TOPS MARKETS, LLC",TOPS,C/O PHARMACY 6363 TRANSIT RD. DEPEW NY 14043,6363 TRANSIT RD,. DEPEW,14043,ERIE,Active,"February 24, 1999","March 31, 2028",,NONE,23,Census batch geocode + point-in-district,yes,yes
024728,Pharmacy,"TOPS MARKETS, LLC",TOPS,C/O PHARMACY 2140 GRAND ISLAND BLVD. GRAND ISLAND NY 14072,2140 GRAND ISLAND BLVD,. GRAND ISLAND,14072,ERIE,Active,"May 31, 2000","March 31, 2028",,NONE,26,Census batch geocode + point-in-district,no,yes
021359,Pharmacy,"TOPS MARKETS, LLC",TOPS,S6150 SOUTH PARK AVE. HAMBURG NY 14075,S6150 SOUTH PARK AVE,. HAMBURG,14075,ERIE,Active,"June 23, 1992","March 31, 2028",,NONE,23,Census batch geocode + point-in-district,yes,yes
021303,Pharmacy,"TOPS MARKETS, LLC",TOPS,2101 ELMWOOD AVE. BUFFALO NY 14207,2101 ELMWOOD AVE,. BUFFALO,14207,ERIE,Active,"April 24, 1992","March 31, 2028",,NONE,26,Census batch geocode + point-in-district,no,yes
018345,Pharmacy,"TOPS MARKETS, LLC",TOPS,3500 MAIN ST. AMHERST NY 14226,3500 MAIN ST,. AMHERST,14226,ERIE,Active,"November 05, 1984","March 31, 2028",,NONE,26,Census batch geocode + point-in-district,no,yes
021160,Pharmacy,"TOPS MARKETS, LLC",TOPS,C/O PHARMACY 4777 TRANSIT RD. DEPEW NY 14043,4777 TRANSIT RD,. DEPEW,14043,ERIE,Active,"November 20, 1991","March 31, 2028",,NONE,23,Census batch geocode + point-in-district,yes,yes
041159,Pharmacy,"TOPS MARKETS, LLC",,5175 BROADWAY DEPEW NY 14043,5175 BROADWAY,DEPEW,14043,ERIE,Active,"February 10, 2025","January 31, 2028",,NONE,23,Census batch geocode + point-in-district,yes,yes
018483,Pharmacy,"TOPS MARKETS, LLC",TOPS,2351 MAPLE RD. AMHERST NY 14221,2351 MAPLE RD,. AMHERST,14221,ERIE,Active,"February 26, 1985","March 31, 2028",,NONE,26,Census batch geocode + point-in-district,no,yes
017973,Pharmacy,"TOPS MARKETS, LLC",TOPS,7200 NIAGARA FALLS BLVD. NIAGARA FALLS NY 14304,7200 NIAGARA FALLS BLVD,. NIAGARA FALLS,14304,NIAGARA,Active,"December 08, 1983","March 31, 2028",,NONE,,,unknown,yes
021162,Pharmacy,"TOPS MARKETS, LLC",TOPS,C/O PHARMACY 345 AMHERST ST. BUFFALO NY 14207,345 AMHERST ST,. BUFFALO,14207,ERIE,Active,"November 15, 1991","March 31, 2028",,NONE,26,Census batch geocode + point-in-district,no,yes
041158,Pharmacy,"TOPS MARKETS, LLC",,5827 S. TRANSIT RD LOCKPORT NY 14094,5827 S. TRANSIT RD,LOCKPORT,14094,NIAGARA,Active,"February 05, 2025","January 31, 2028",,NONE,23,Census batch geocode + point-in-district,yes,yes
020913,Pharmacy,"TOPS MARKETS, LLC",TOPS,C/O PHARMACY 355 ORCHARD PARK RD. WEST SENECA NY 14224,355 ORCHARD PARK RD,. WEST SENECA,14224,ERIE,Active,"March 21, 1991","March 31, 2028",,NONE,26,geocoded earlier,no,yes
020926,Pharmacy,"TOPS MARKETS, LLC",MARTIN'S PHARMACY,3980 MAPLE RD. AMHERST NY 14226,3980 MAPLE RD,. AMHERST,14226,ERIE,Active,"March 27, 1991","March 31, 2028",,NONE,26,Census batch geocode + point-in-district,no,yes
025108,Pharmacy,"TOPS MARKETS, LLC.",,C/O PHARMACY 3865 UNION RD. CHEEKTOWAGA NY 14225,3865 UNION RD,. CHEEKTOWAGA,14225,ERIE,Active,"August 07, 2001","March 31, 2028",,NONE,26,Census batch geocode + point-in-district,no,yes
032923,Wholesaler,"TOPS MARKETS, LLC.",,5873 GENESEE STREET LANCASTER NY 14086,5873 GENESEE STREET,LANCASTER,14086,ERIE,Active,"August 01, 2014","March 31, 2028",,NONE,,,unknown,no
030102,Pharmacy,"TOPS PT, LLC",QUALITY FOOD MARKET,7134 ROCHESTER RD. LOCKPORT NY 14094,7134 ROCHESTER RD,. LOCKPORT,14094,NIAGARA,Active,"April 08, 2010","March 31, 2028",,NONE,24,Census batch geocode + point-in-district,no,yes
030101,Pharmacy,"TOPS PT, LLC",QUALITY FOOD MARKET,738 FOOTE AVE. JAMESTOWN NY 14701,738 FOOTE AVE,. JAMESTOWN,14701,CHAUTAUQUA,Discontinued,"April 08, 2010","January 21, 2015","January 21, 2015",NONE,23,county wholly in NY-23,yes,yes
030099,Pharmacy,"TOPS PT, LLC",QUALITY FOOD MARKET,110 S. WORK ST. FALCONER NY 14733,110 S. WORK ST,. FALCONER,14733,CHAUTAUQUA,Discontinued,"April 08, 2010","January 21, 2015","January 21, 2015",NONE,23,county wholly in NY-23,yes,yes
030098,Pharmacy,"TOPS PT, LLC",P & C FOOD MARKETS,1600 CEDAR ST. ELMIRA NY 14904,1600 CEDAR ST,. ELMIRA,14904,CHEMUNG,Discontinued,"April 08, 2010","January 19, 2015","January 19, 2015",NONE,23,county wholly in NY-23,yes,yes
030095,Pharmacy,"TOPS PT, LLC",QUALITY FOOD MARKETS,5274 MAIN & UNION WILLIAMSVILLE NY 14221,5274 MAIN,& UNION WILLIAMSVILLE,14221,ERIE,Discontinued,"April 08, 2010","January 20, 2015","January 20, 2015",NONE,,,unknown,yes
021415,Pharmacy,"TOPS, INC.",VIX PHARMACY #084,101 FRENCH RD. SUITE #20 CHEEKTOWAGA NY 14227,101 FRENCH RD,. CHEEKTOWAGA,14227,ERIE,Transfer,"September 15, 1992","May 05, 1999","May 05, 1999",024278,,,unknown,yes
021551,Pharmacy,"TOPS, INC.",VIX PHARMACY #85,C/O PHARMACY 1740 KENMORE AVE. BUFFALO NY 14216,1740 KENMORE AVE,. BUFFALO,14216,ERIE,Transfer,"January 05, 1993","May 05, 1999","May 05, 1999",024273,,,unknown,yes
021460,Pharmacy,"TOPS, INC.",VIX PHARMACY #088,3401 GENESEE ST. CHEEKTOWAGA NY 14225,3401 GENESEE ST,. CHEEKTOWAGA,14225,ERIE,Transfer,"October 28, 1992","May 05, 1999","May 05, 1999",024275,,,unknown,yes
021656,Pharmacy,"TOPS, INC.",VIX PHARMACY #87,2429 MILITARY RD. NIAGARA FALLS NY 14303,2429 MILITARY RD,. NIAGARA FALLS,14303,NIAGARA,Transfer,"April 09, 1993","May 05, 1999","May 05, 1999",024279,,,unknown,yes
021137,Pharmacy,"TOPS, INC.",VIX PHARMACY #83,C/O VIX PHARMACY #83 705 MAPLE ROAD AMHERST NY 14221,VIX PHARMACY #83 705 MAPLE ROAD,AMHERST,14221,ERIE,Transfer,"October 17, 1991","May 05, 1999","May 05, 1999",024276,,,unknown,yes
007295,Pharmacy,TOWN AND COUNTRY PHARMACY INC.,,6055 TRANSIT RD. DEPEW NY 14043,6055 TRANSIT RD,. DEPEW,14043,ERIE,Discontinued,"June 25, 1957","June 03, 1988","June 03, 1988",NONE,,,unknown,yes
009699,Pharmacy,TOWN PARK PHARMACY INC.,,10440 MAIN STREET CLARENCE NY 14031,10440 MAIN STREET,CLARENCE,14031,ERIE,Discontinued,"October 12, 1962","October 29, 1991","October 29, 1991",NONE,,,unknown,yes
015702,Pharmacy,"TOWNE EDGE PHARMACY, INC.",ASK ME PHARMACY OF DEPEW,518 DICK ROAD DEPEW NY 14043,518 DICK ROAD,DEPEW,14043,ERIE,Discontinued,"February 07, 1977","May 16, 1991","May 16, 1991",NONE,,,unknown,yes
014719,Pharmacy,"TRANSIT VALLEY DRUG MART, INC.",,5841 TRANSIT RD. EAST AMHERST NY 14051,5841 TRANSIT RD,. EAST AMHERST,14051,ERIE,Discontinued,"September 01, 1974","February 10, 1998","February 10, 1998",NONE,,,unknown,yes
017780,Pharmacy,TRAVENOL LABORATORIES INC,TRAVACARE PHARMACY,100 SONWIL DR BUFFALO NY 14225,100 SONWIL DR,BUFFALO,14225,ERIE,Transfer,"June 03, 1983","June 15, 1988","June 15, 1988",019864,26,unmatched address; town wholly in/out of NY-23 (assumed),no,yes
016642,Pharmacy,TRI-COUNTY MEMORIAL HOSPITAL,,C/O PHARMACY 100 MEMORIAL DRIVE GOWANDA NY 14070,100 MEMORIAL DRIVE,GOWANDA,14070,CATTARAUGUS,Discontinued,"December 13, 1979","June 17, 2002","June 17, 2002",NONE,23,county wholly in NY-23,yes,no
501266,Storekeeper,"TUBBS, CARLTON W.",,PRESHER S COUNTRY WAVERLY NY 14892,PRESHER S COUNTRY,WAVERLY,14892,TIOGA,Discontinued,"January 01, 1999","June 30, 1987","June 30, 1987",NONE,23,county wholly in NY-23,yes,no
041862,Pharmacy,UMMAH PHARMACY INC.,UMMAH PHARMACY,2887 HARLEM RD CHEEKTOWAGA NY 14225,2887 HARLEM RD,CHEEKTOWAGA,14225,ERIE,Active,"August 19, 2025","July 31, 2028",,NONE,26,Census batch geocode + point-in-district,no,yes
303945,Wholesaler,UNDERWRITERS SALVAGE COMPANY,,60 ANDERSON ROAD BUFFALO NY 14225,60 ANDERSON ROAD,BUFFALO,14225,ERIE,Discontinued,"June 03, 1975","May 31, 1987","May 31, 1987",NONE,,,unknown,no
202180,Wholesaler/Repacker,UNION CARBIDE CORP. - LINDE DIVISION,LINDE DIVISION,1811 BROADWAY BUFFALO NY 14212,1811 BROADWAY,BUFFALO,14212,ERIE,Transfer,"August 01, 1975","January 03, 1991","January 03, 1991",020847,,,unknown,no
304014,Wholesaler,"UPJOHN COMPANY, THE",,2600 WALDEN AVE CHEEKTOWAGA NY 14225,2600 WALDEN AVE,CHEEKTOWAGA,14225,ERIE,Discontinued,"March 02, 1960","June 30, 1988","June 30, 1988",NONE,,,unknown,no
000820,Pharmacy,UPMC CHAUTAUQUA AT WCA,,C/O PHARMACY 207 FOOTE AVE. JAMESTOWN NY 14701,207 FOOTE AVE,. JAMESTOWN,14701,CHAUTAUQUA,Active,"February 10, 1955","February 29, 2028",,NONE,23,county wholly in NY-23,yes,yes
023581,Pharmacy,"UPSTATE PHARMACY, LTD.",,1900 NORTH AMERICA DRIVE SUITE 100 WEST SENECA NY 14224,1900 NORTH AMERICA DRIVE,WEST SENECA,14224,ERIE,Active,"March 18, 1998","March 31, 2028",,NONE,26,geocoded earlier,no,yes
039142,Pharmacy,URBAN HEALTH PHARMACY INC.,,564 NIAGARA ST BUILDING #2 BUFFALO NY 14201,564 NIAGARA ST,BUILDING #2 BUFFALO,14201,ERIE,Active,"October 19, 2021","September 30, 2027",,NONE,26,geocoded earlier,no,yes
031981,Pharmacy,"URGENT CARE PHARMACY, LLC.",,5965 TRANSIT RD. CLARENCE NY 14051,5965 TRANSIT RD,. CLARENCE,14051,ERIE,Discontinued,"June 04, 2013","October 01, 2014","October 01, 2014",NONE,,,unknown,yes
031850,Wholesaler,US-NIAGARA TRADING CORP.,,11 WEST MAIN STREET SUITE 200 LANCASTER NY 14086,11 WEST MAIN STREET,LANCASTER,14086,ERIE,Discontinued,"June 07, 2013","August 02, 2013","August 02, 2013",NONE,,,unknown,no
020278,Pharmacy,"UTTER, WILLIAM F., JR.",MEDICINE SHOPPE,MEDICINE SHOPPE 627 PENNSYLVANIA AVE. ELMIRA NY 14904,MEDICINE SHOPPE 627 PENNSYLVANIA AVE,. ELMIRA,14904,CHEMUNG,Transfer,"August 14, 1989","January 13, 1999","January 13, 1999",020278,23,county wholly in NY-23,yes,yes
018193,Pharmacy,"UTTER, WILLIAM F., JR.",MEDICINE SHOPPE,MEDICINE SHOPPE 1250 COLLEGE AVE. ELMIRA NY 14901,MEDICINE SHOPPE 1250 COLLEGE AVE,. ELMIRA,14901,CHEMUNG,Transfer,"June 26, 1984","January 13, 1999","January 13, 1999",023721,23,county wholly in NY-23,yes,yes
009080,Pharmacy,VAL DRUGS INC.,,1853 RIDGE RD. WEST SENECA NY 14224,1853 RIDGE RD,. WEST SENECA,14224,ERIE,Discontinued,"June 09, 1961","July 17, 1995","July 17, 1995",NONE,,,unknown,yes
030603,Pharmacy,"VALLEY PHARMACY & MEDICAL SUPPLIES, INC.",,31 WEST MAIN ST GOWANDA NY 14070,31 WEST MAIN ST,GOWANDA,14070,CATTARAUGUS,Active,"March 21, 2011","February 28, 2029",,NONE,23,county wholly in NY-23,yes,yes
304508,Wholesaler,"VALMED PHARMACEUTICAL, INC.",V.I.P. (VALUE IN PHARMACEUTICALS),3000 ALT BLVD. GRAND ISLAND NY 14072,3000 ALT BLVD,. GRAND ISLAND,14072,ERIE,Transfer,"April 28, 1986","August 28, 2000","August 28, 2000",024706,,,unknown,no
024706,Wholesaler,"VALMED PHARMACEUTICAL, INC.",ANDA #28,3000 ALT BLVD. GRAND ISLAND NY 14072,3000 ALT BLVD,. GRAND ISLAND,14072,ERIE,Discontinued,"August 28, 2000","December 31, 2023","December 31, 2023",NONE,,,unknown,no
007727,Pharmacy,VAN SLYKE PHARMACIES INC.,,214 ELMWOOD AVE BUFFALO NY 14222,214 ELMWOOD AVE,BUFFALO,14222,ERIE,Transfer,"July 01, 1958","November 28, 1989","November 28, 1989",020384,26,unmatched address; town wholly in/out of NY-23 (assumed),no,yes
018574,Pharmacy,"VAN SLYKE PHARMACIES, INC.",JAMES SUPER DRUGS,265 W. FERRY STREET BUFFALO NY 14213,265 W. FERRY STREET,BUFFALO,14213,ERIE,Transfer,"May 01, 1985","November 28, 1989","November 28, 1989",020381,26,unmatched address; town wholly in/out of NY-23 (assumed),no,yes
017192,Pharmacy,"VAN SLYKE PHARMACIES, INC.",,3497 DELAWARE AVENUE KENMORE NY 14217,3497 DELAWARE AVENUE,KENMORE,14217,ERIE,Transfer,"September 14, 1979","November 28, 1989","November 28, 1989",020383,,,unknown,yes
007729,Pharmacy,"VAN SLYKE PHARMACIES, INC.",,1569 HERTEL AVENUE BUFFALO NY 14216,1569 HERTEL AVENUE,BUFFALO,14216,ERIE,Transfer,"July 01, 1958","November 28, 1989","November 28, 1989",020382,26,unmatched address; town wholly in/out of NY-23 (assumed),no,yes
040758,Pharmacy,VANTIVE US HEALTHCARE LLC,,C/O PHARMACY 3356 WALDEN AVE DEPEW NY 14043,3356 WALDEN AVE,DEPEW,14043,ERIE,Active,"August 19, 2025","July 31, 2028",,NONE,23,Census batch geocode + point-in-district,yes,no
029447,Pharmacy,VASCUSCRIPT INC.,MOBILE PHARMACY SOLUTIONS,644 ELLICOTT ST. SUITE 104 BUFFALO NY 14203,644 ELLICOTT ST,. BUFFALO,14203,ERIE,Discontinued,"June 08, 2009","November 02, 2018","November 02, 2018",NONE,,,unknown,yes
018816,Pharmacy,"VIC VENA PHARMACY, INC.","VENA, VIC, PHARMACY, INC.",1322 WEST STATE ST. OLEAN NY 14760,1322 WEST STATE ST,. OLEAN,14760,CATTARAUGUS,Discontinued,"October 07, 1985","June 18, 2020","June 18, 2020",NONE,23,county wholly in NY-23,yes,yes
007102,Pharmacy,"VICTOR PROFESSIONAL PHARMACY, INC.",,300 LINWOOD AVENUE BUFFALO NY 14209,300 LINWOOD AVENUE,BUFFALO,14209,ERIE,Discontinued,"January 15, 1957","December 31, 1988","December 31, 1988",NONE,26,unmatched address; town wholly in/out of NY-23 (assumed),no,yes
202414,Wholesaler/Repacker,"VICTOR RENTAL & SALES, INC.",VICTOR MEDICAL,1570 MAIN STREET BUFFALO NY 14209,1570 MAIN STREET,BUFFALO,14209,ERIE,Discontinued,"April 03, 1985","April 24, 1991","April 24, 1991",NONE,,,unknown,no
023127,Pharmacy,VILLAGE PHARMACY INC.,,704 WEST BUFFALO ST. ITHACA NY 14850,704 WEST BUFFALO ST,. ITHACA,14850,ERIE,Discontinued,"January 16, 1997","January 16, 1997","January 16, 1997",NONE,,,unknown,yes
012600,Pharmacy,"VILLAGE PHARMACY OF BATH, NEW YORK, INC., THE",,52 LIBERTY ST. BATH NY 14810,52 LIBERTY ST,. BATH,14810,STEUBEN,Transfer,"June 19, 1967","October 30, 1997","October 30, 1997",023477,23,county wholly in NY-23,yes,yes
039294,Pharmacy,"VILLAGE PHARMACY OF LOCKPORT, INC.",,6478 RIDGE ROAD LOCKPORT NY 14094,6478 RIDGE ROAD,LOCKPORT,14094,NIAGARA,Active,"January 26, 2022","December 31, 2027",,NONE,24,Census batch geocode + point-in-district,no,yes
041952,Pharmacy,"VITAL NIAGARA FALLS, LLC",VITAL PHARMACY,2715 HIGHLAND AVE NIAGARA FALLS NY 14305,2715 HIGHLAND AVE,NIAGARA FALLS,14305,NIAGARA,Discontinued,"August 29, 2025","May 19, 2026","May 19, 2026",NONE,26,Census batch geocode + point-in-district,no,yes
038811,Pharmacy,VITAL SERVICES LLC,VITAL PHARMACY,301 CONNECTICUT STREET BUFFALO NY 14213,301 CONNECTICUT STREET,BUFFALO,14213,ERIE,Active,"April 26, 2021","March 31, 2027",,NONE,26,unmatched address; city wholly outside NY-23 (assumed),no,yes
040397,Pharmacy,VITALITY INFUSIONS LLC,VITAL CARE OF BUFFALO,3980 SHERIDAN DR SUITE 101 AMHERST NY 14226,3980 SHERIDAN DR,AMHERST,14226,ERIE,Active,"November 17, 2023","October 31, 2026",,NONE,26,geocoded earlier,no,no
022960,Pharmacy,VNA HOME CARE SERVICES,,C/O PHARMACY 650 AIRBORNE PARKWAY CHEEKTOWAGA NY 14225-1482,650 AIRBORNE PARKWAY,CHEEKTOWAGA,14225,ERIE,Active,"August 22, 1996","August 31, 2028",,NONE,26,unmatched address; city wholly outside NY-23 (assumed),no,no
026146,Wholesaler/Repacker,VNA HOMECARE SERVICES INC.,,80 CURTWRIGHT DR. AMHERST NY 14221,80 CURTWRIGHT DR,. AMHERST,14221,ERIE,Discontinued,"August 07, 2003","April 29, 2016","April 29, 2016",NONE,,,unknown,no
021367,Pharmacy,"VNA PHARMACY, INC.",,901 WASHINGTON ST. BUFFALO NY 14203,901 WASHINGTON ST,. BUFFALO,14203,ERIE,Transfer,"July 30, 1992","April 16, 1998","April 16, 1998",023499,,,unknown,yes
012006,Pharmacy,"W-B AND SWANSON PHARMACY, INC.",,108-110 E. 3RD ST. JAMESTOWN NY 14701,108-110 E. 3RD ST,. JAMESTOWN,14701,CHAUTAUQUA,Discontinued,"January 02, 1968","June 06, 1995","June 06, 1995",NONE,23,county wholly in NY-23,yes,yes
026367,Pharmacy,"W.N.Y. PHARMACY, L.L.C.",,950-A UNION ROAD SUITE 215 WEST SENECA NY 14224,950-A UNION ROAD,WEST SENECA,14224,ERIE,Discontinued,"December 05, 2003","March 04, 2005","March 04, 2005",NONE,26,unmatched address; town wholly in/out of NY-23 (assumed),no,yes
026690,Wholesaler,"W.N.Y. PHARMACY, L.L.C.",,950 A UNION ROAD SUITE 215 WEST SENECA NY 14224,950 A UNION ROAD,WEST SENECA,14224,ERIE,Discontinued,"May 24, 2004","March 04, 2005","March 04, 2005",NONE,,,unknown,no
023380,Pharmacy,"WAL-MART STORES EAST, LP","WAL-MART STORES, INC.",C/O PHARMACY DEPARTMENT 3290 SHERIDAN DRIVE. AMHERST NY 14226,3290 SHERIDAN DRIVE,. AMHERST,14226,ERIE,Active,"July 19, 1997","April 30, 2028",,NONE,26,Census batch geocode + point-in-district,no,yes
023332,Pharmacy,"WAL-MART STORES EAST, LP",WAL-MART PHARMACY,C/O PHARMACY DEPARTMENT 5033 TRANSIT RD. WILLIAMSVILLE NY 14221,5033 TRANSIT RD,. WILLIAMSVILLE,14221,ERIE,Active,"July 19, 1997","April 30, 2028",,NONE,23,Census batch geocode + point-in-district,yes,yes
023532,Pharmacy,"WAL-MART STORES EAST, LP",WAL-MART,C/O PHARMACY 2500 WALDEN AVENUE CHEEKTOWAGA NY 14225,2500 WALDEN AVENUE,CHEEKTOWAGA,14225,ERIE,Active,"January 05, 1998","April 30, 2028",,NONE,26,Census batch geocode + point-in-district,no,yes
023359,Pharmacy,"WAL-MART STORES EAST, LP",WAL-MART PHARMACY,C/O PHARMACY DEPARTMENT 1400 COUNTY ROAD 64 HORSEHEADS NY 14845,1400 COUNTY ROAD,64 HORSEHEADS,14845,CHEMUNG,Active,"July 19, 1997","April 30, 2028",,NONE,23,county wholly in NY-23,yes,yes
023371,Pharmacy,"WAL-MART STORES EAST, LP",WAL-MART PHARMACY,C/O PHARMACY DEPARTMENT 1540 MILITARY RD. NIAGARA FALLS NY 14304,1540 MILITARY RD,. NIAGARA FALLS,14304,NIAGARA,Active,"July 19, 1997","April 30, 2028",,NONE,26,Census batch geocode + point-in-district,no,yes
023327,Pharmacy,"WAL-MART STORES EAST, LP",WAL-MART PHARMACY,C/O PHARMACY DEPARTMENT 1000 STATE RTE 36 HORNELL NY 14843,1000 STATE RTE 36,HORNELL,14843,STEUBEN,Active,"July 19, 1997","April 30, 2028",,NONE,23,county wholly in NY-23,yes,yes
023339,Pharmacy,"WAL-MART STORES EAST, LP",WAL-MART PHARMACY,C/O PHARMACY DEPARTMENT 317 SOUTH CASCADE DR. SPRINGVILLE NY 14141,317 SOUTH CASCADE DR,. SPRINGVILLE,14141,ERIE,Active,"July 19, 1997","April 30, 2028",,NONE,23,Census batch geocode + point-in-district,yes,yes
025672,Pharmacy,"WAL-MART STORES EAST, LP",WAL-MART,C/O PHARMACY 515 EAST 4TH ST. WATKINS GLEN NY 14891,515 EAST 4TH ST,. WATKINS GLEN,14891,SCHUYLER,Active,"February 28, 2003","April 30, 2028",,NONE,23,county wholly in NY-23,yes,yes
023374,Pharmacy,"WAL-MART STORES EAST, LP",WAL-MART,C/O PHARMACY 10401 BENNETT RD. FREDONIA NY 14063,10401 BENNETT RD,. FREDONIA,14063,CHAUTAUQUA,Active,"July 19, 1997","April 30, 2028",,NONE,23,county wholly in NY-23,yes,yes
023350,Pharmacy,"WAL-MART STORES EAST, LP",WAL-MART PHARMACY,C/O PHARMACY DEPARTMENT 5735 S. TRANSIT RD. LOCKPORT NY 14094,5735 S. TRANSIT RD,. LOCKPORT,14094,NIAGARA,Active,"July 19, 1997","April 30, 2028",,NONE,23,Census batch geocode + point-in-district,yes,yes
025132,Pharmacy,"WAL-MART STORES EAST, LP",WAL-MART PHARMACY,C/O PHARMACY 3217 SILVERBACK LN. PAINTED POST NY 14870,3217 SILVERBACK LN,. PAINTED POST,14870,STEUBEN,Active,"September 14, 2001","April 30, 2028",,NONE,23,county wholly in NY-23,yes,yes
023377,Pharmacy,"WAL-MART STORES EAST, LP",WAL-MART SUPERCENTER,C/O PHARMACY 350 E. FAIRMOUNT AVE. LAKEWOOD NY 14750,350 E. FAIRMOUNT AVE,. LAKEWOOD,14750,CHAUTAUQUA,Active,"July 19, 1997","April 30, 2028",,NONE,23,county wholly in NY-23,yes,yes
023329,Pharmacy,"WAL-MART STORES EAST, LP",WAL-MART PHARMACY,C/O PHARMACY DEPARTMENT 5360 SOUTHWESTERN BLVD HAMBURG NY 14075,5360 SOUTHWESTERN BLVD,HAMBURG,14075,ERIE,Active,"July 19, 1997","April 30, 2028",,NONE,23,Census batch geocode + point-in-district,yes,yes
023338,Pharmacy,"WAL-MART STORES EAST, LP",WAL-MART PHARMACY,C/O PHARMACY DEPARTMENT RTE 417 1869 PLAZA DR. OLEAN NY 14760,RTE 417 1869 PLAZA DR,. OLEAN,14760,CATTARAUGUS,Active,"July 19, 1997","April 30, 2028",,NONE,23,county wholly in NY-23,yes,yes
030322,Pharmacy,"WAL-MART STORES EAST, LP.",WAL-MART PHARMACY,4975 TRANSIT RD. DEPEW NY 14043,4975 TRANSIT RD,. DEPEW,14043,ERIE,Active,"August 19, 2010","April 30, 2028",,NONE,23,Census batch geocode + point-in-district,yes,yes
022738,Pharmacy,"WAL-MART STORES, INC.",WAL-MART,C/O PHARMACY 5033 TRANSIT RD. WILLIAMSVILLE NY 14221,5033 TRANSIT RD,. WILLIAMSVILLE,14221,ERIE,Transfer,"December 18, 1995","July 19, 1997","July 19, 1997",023332,,,unknown,yes
022713,Pharmacy,"WAL-MART STORES, INC.",WAL-MART PHARMACY 10-2405,C/O PHARMACY 4255 MCKINLEY PKY. HAMBURG NY 14075,4255 MCKINLEY PKY.,HAMBURG,14075,ERIE,Transfer,"October 26, 1995","July 19, 1997","July 19, 1997",023329,,,unknown,yes
022703,Pharmacy,"WAL-MART STORES, INC.",WAL-MART PHARMACY 10-2326,C/O PHARMACY 1000 STATE RTE 36 HORNELL NY 14843,1000 STATE RTE 36,HORNELL,14843,STEUBEN,Transfer,"October 25, 1995","July 19, 1997","July 19, 1997",023327,23,county wholly in NY-23,yes,yes
022702,Pharmacy,"WAL-MART STORES, INC.",WAL-MART PHARMACY 10-2107,5783 SOUTH TRANSIT RD. LOCKPORT NY 14094,5783 SOUTH TRANSIT RD,. LOCKPORT,14094,NIAGARA,Transfer,"October 20, 1995","July 19, 1997","July 19, 1997",023350,,,unknown,yes
022360,Pharmacy,"WAL-MART STORES, INC.",WAL-MART PHARMACY 10-1973,C/O PHARMACY DEPT. 350 E. FAIRMOUNT AVE. LAKEWOOD NY 14750-2137,DEPT. 350 E. FAIRMOUNT AVE,. LAKEWOOD,14750,CHAUTAUQUA,Transfer,"February 22, 1995","July 19, 1997","July 19, 1997",023377,23,county wholly in NY-23,yes,yes
022139,Pharmacy,"WAL-MART STORES, INC.",WAL-MART,C/O PHARMACY DEPT. 2055 NIAGARA FALLS BLVD. AMHERST NY 14228,DEPT. 2055 NIAGARA FALLS BLVD,. AMHERST,14228,ERIE,Transfer,"August 19, 1994","July 19, 1997","July 19, 1997",023380,,,unknown,yes
021787,Pharmacy,"WAL-MART STORES, INC.",,C/O PHARMACY DEPT-BLDG 3 830 COUNTY RTE 64 BIG FLATS NY 14903,DEPT- 830 COUNTY RTE 64,BIG,14903,CHEMUNG,Transfer,"July 15, 1993","July 19, 1997","July 19, 1997",023359,23,county wholly in NY-23,yes,yes
021519,Pharmacy,"WAL-MART STORES, INC.",WAL-MART PHARMACY 10-1909,C/O PHARMACY 5555 PORTER RD. NIAGARA FALLS NY 14304,5555 PORTER RD,. NIAGARA FALLS,14304,NIAGARA,Transfer,"January 11, 1993","July 19, 1997","July 19, 1997",023371,,,unknown,yes
021620,Pharmacy,"WAL-MART STORES, INC.",WAL-MART PHARAMCY 10-1949,C/O PHARMACY 10401 BENNETT RD. FREDONIA NY 14063,10401 BENNETT RD,. FREDONIA,14063,CHAUTAUQUA,Transfer,"March 16, 1993","July 19, 1997","July 19, 1997",023374,23,county wholly in NY-23,yes,yes
022591,Pharmacy,"WAL-MART STORES, INC.",WAL-MART PHARMACY 10-2159,"C/O PHARMACY DEPT. RTE 417, 1869 PLAZA DR. OLEAN NY 14760","DEPT. RTE 417, 1869 PLAZA DR",. OLEAN,14760,CATTARAUGUS,Transfer,"July 20, 1995","July 19, 1997","July 19, 1997",023337,23,county wholly in NY-23,yes,yes
029392,Pharmacy,WALGREEN EASTERN CO INC,WALGREENS,1066 PAYNE AVENUE NORTH TONAWANDA NY 14120-2720,1066 PAYNE AVENUE,NORTH TONAWANDA,14120,NIAGARA,Active,"March 10, 2009","July 31, 2028",,NONE,26,Census batch geocode + point-in-district,no,yes
028537,Pharmacy,"WALGREEN EASTERN CO., INC",WALGREENS,815 HARLEM ROAD WEST SENECA NY 14224-1082,815 HARLEM ROAD,WEST SENECA,14224,ERIE,Active,"August 15, 2007","July 31, 2028",,NONE,26,Census batch geocode + point-in-district,no,yes
029592,Pharmacy,"WALGREEN EASTERN CO., INC",WALGREENS,9050 ERIE RD. ANGOLA NY 14006-9556,9050 ERIE RD,. ANGOLA,14006,ERIE,Active,"June 24, 2009","July 31, 2028",,NONE,23,Census batch geocode + point-in-district,yes,yes
028922,Pharmacy,"WALGREEN EASTERN CO., INC",WALGREENS,C/O PHARMACY 321 W WASHINGTON ST BATH NY 14810,321 W WASHINGTON ST,BATH,14810,STEUBEN,Active,"April 17, 2008","July 31, 2028",,NONE,23,county wholly in NY-23,yes,yes
028469,Pharmacy,"WALGREEN EASTERN CO., INC.",WALGREENS,2739 DELAWARE AVE KENMORE NY 14217-2701,2739 DELAWARE AVE,KENMORE,14217,ERIE,Active,"June 12, 2007","July 31, 2028",,NONE,26,Census batch geocode + point-in-district,no,yes
028493,Pharmacy,"WALGREEN EASTERN CO., INC.",WALGREENS,CO PHARMACY 3242 ROUTE 39 YORKSHIRE NY 14173,3242 ROUTE 39,YORKSHIRE,14173,CATTARAUGUS,Active,"June 28, 2007","July 31, 2028",,NONE,23,county wholly in NY-23,yes,yes
028751,Pharmacy,"WALGREEN EASTERN CO., INC.",WALGREENS,C/O PHARMACY 10 NO. MAIN ST. WELLSVILLE NY 14895,10 NO. MAIN ST,. WELLSVILLE,14895,ALLEGANY,Active,"December 24, 2007","July 31, 2028",,NONE,23,county wholly in NY-23,yes,yes
028221,Pharmacy,"WALGREEN EASTERN CO., INC.",WALGREENS,C/O PHARMACY 6785 TRANSIT ROAD. EAST AMHERST NY 14051-1303,6785 TRANSIT ROAD,. EAST AMHERST,14051,ERIE,Active,"January 08, 2007","July 31, 2028",,NONE,23,Census batch geocode + point-in-district,yes,yes
039226,Pharmacy,"WALGREEN EASTERN CO., INC.",MOOG INHEALTH PHARMACY,7060 SENECA ST SUITE 100RX ELMA NY 14059,7060 SENECA ST,ELMA,14059,ERIE,Active,"December 23, 2021","November 30, 2027",,NONE,23,geocoded earlier,yes,no
024653,Pharmacy,"WALGREEN EASTERN CO., INC.",WALGREENS #05592,C/O PHARMACY 5275 TRANSIT ROAD BUFFALO NY 14221,5275 TRANSIT ROAD,BUFFALO,14221,ERIE,Active,"March 01, 2000","July 31, 2028",,NONE,23,Census batch geocode + point-in-district,yes,yes
024563,Pharmacy,"WALGREEN EASTERN CO., INC.",WALGREENS #05610,C/O PHARMACY 3605 SHERIDAN DR. AMHERST NY 14226-1632,3605 SHERIDAN DR,. AMHERST,14226,ERIE,Active,"November 22, 1999","July 31, 2028",,NONE,26,Census batch geocode + point-in-district,no,yes
024218,Pharmacy,"WALGREEN EASTERN CO., INC.",WALGREENS #04968,C/O PHARMACY 5 N TRANSIT ST. LOCKPORT NY 14094,5 N TRANSIT ST,. LOCKPORT,14094,NIAGARA,Active,"January 07, 1999","July 31, 2028",,NONE,24,Census batch geocode + point-in-district,no,yes
024132,Pharmacy,"WALGREEN EASTERN CO., INC.",WALGREENS #04562,C/O PHARMACY 3170 DELAWARE AVE. KENMORE NY 14217,3170 DELAWARE AVE,. KENMORE,14217,ERIE,Discontinued,"October 22, 1998","March 18, 2009","March 18, 2009",NONE,,,unknown,yes
024811,Pharmacy,"WALGREEN EASTERN CO., INC.",WALGREENS #05714,C/O PHARMACY 578 DICK RD. DEPEW NY 14043,578 DICK RD,. DEPEW,14043,ERIE,Active,"October 12, 2000","July 31, 2028",,NONE,26,Census batch geocode + point-in-district,no,yes
023101,Pharmacy,"WALGREEN EASTERN CO., INC.",WALGREENS #03859,C/O PHARMACY 4815 BROADWAY DEPEW NY 14043,4815 BROADWAY,DEPEW,14043,ERIE,Active,"October 23, 1996","July 31, 2028",,NONE,23,Census batch geocode + point-in-district,yes,yes
023100,Pharmacy,"WALGREEN EASTERN CO., INC.",WALGREENS #03267,C/O PHARMACY 2043 KENSINGTON AMHERST NY 14226,2043 KENSINGTON,AMHERST,14226,ERIE,Active,"October 23, 1996","July 31, 2028",,NONE,26,Census batch geocode + point-in-district,no,yes
023099,Pharmacy,"WALGREEN EASTERN CO., INC.",WALGREENS #03897,C/O PHARMACY 10 YOUNG ST. TONAWANDA NY 14150,10 YOUNG ST,. TONAWANDA,14150,ERIE,Active,"October 23, 1996","July 31, 2028",,NONE,26,Census batch geocode + point-in-district,no,yes
023098,Pharmacy,"WALGREEN EASTERN CO., INC.",WALGREENS #03857,C/O PHARMACY 3488 MAIN ST. BUFFALO NY 14214,3488 MAIN ST,. BUFFALO,14214,ERIE,Active,"October 23, 1996","July 31, 2028",,NONE,26,Census batch geocode + point-in-district,no,yes
022215,Pharmacy,"WALGREEN EASTERN CO., INC.",WALGREENS #03288,C/O PHARMACY 650 DELAWARE AVE. BUFFALO NY 14202,650 DELAWARE AVE,. BUFFALO,14202,ERIE,Active,"November 04, 1994","July 31, 2028",,NONE,26,Census batch geocode + point-in-district,no,yes
022214,Pharmacy,"WALGREEN EASTERN CO., INC.",WALGREENS #03270,C/O PHARMACY 2601 SHERIDAN DR. TONAWANDA NY 14150-9413,2601 SHERIDAN DR,. TONAWANDA,14150,ERIE,Active,"November 08, 1994","July 31, 2028",,NONE,26,Census batch geocode + point-in-district,no,yes
022213,Pharmacy,"WALGREEN EASTERN CO., INC.",WALGREENS #03290,C/O PHARMACY 1556 HERTEL AVE. BUFFALO NY 14216,1556 HERTEL AVE,. BUFFALO,14216,ERIE,Active,"April 18, 1995","July 31, 2028",,NONE,26,Census batch geocode + point-in-district,no,yes
022201,Pharmacy,"WALGREEN EASTERN CO., INC.",WALGREENS,C/O PHARMACY 1202 PINE AVE. NIAGARA FALLS NY 14301,1202 PINE AVE,. NIAGARA FALLS,14301,NIAGARA,Active,"February 14, 1995","July 31, 2028",,NONE,26,Census batch geocode + point-in-district,no,yes
022200,Pharmacy,"WALGREEN EASTERN CO., INC.",,C/O PHARMACY 1328 ABBOTT RD. LACKAWANNA NY 14218,1328 ABBOTT RD,. LACKAWANNA,14218,ERIE,Active,"September 20, 1994","July 31, 2028",,NONE,26,Census batch geocode + point-in-district,no,yes
028669,Pharmacy,"WALGREEN EASTERN CO., INC.",WALGREENS,C/O PHARMACY 10 PROSPECT ST. JAMESTOWN NY 14701,10 PROSPECT ST,. JAMESTOWN,14701,CHAUTAUQUA,Active,"November 08, 2007","July 31, 2028",,NONE,23,county wholly in NY-23,yes,yes
028764,Pharmacy,"WALGREEN EASTERN CO., INC.",,C/O PHARMACY 424 S. MAIN ST. ELMIRA NY 14904-1314,424 S. MAIN ST,. ELMIRA,14904,CHEMUNG,Discontinued,"January 09, 2008","November 13, 2019","November 13, 2019",NONE,23,county wholly in NY-23,yes,yes
028292,Pharmacy,"WALGREEN EASTERN CO., INC.",WALGREENS,5305 MAIN STREET WILLIAMSVILLE NY 14221,5305 MAIN STREET,WILLIAMSVILLE,14221,ERIE,Active,"March 01, 2007","July 31, 2028",,NONE,26,Census batch geocode + point-in-district,no,yes
030560,Pharmacy,"WALGREEN EASTERN CO., INC.",WALGREENS,C/0 PHARMACY 1180 FRENCH RD CHEEKTOWAGA NY 14227,C/0 PHARMACY 1180 FRENCH RD,CHEEKTOWAGA,14227,ERIE,Active,"January 14, 2011","July 31, 2028",,NONE,26,Census batch geocode + point-in-district,no,yes
030374,Pharmacy,"WALGREEN EASTERN CO., INC.",WALGREENS,6199 SOUTH PARK AVE. HAMBURG NY 14075,6199 SOUTH PARK AVE,. HAMBURG,14075,ERIE,Active,"October 04, 2010","July 31, 2028",,NONE,23,Census batch geocode + point-in-district,yes,yes
029852,Pharmacy,"WALGREEN EASTERN CO., INC.",WALGREENS,2320 GRAND ISLAND BLVD GRAND ISLAND NY 14072,2320 GRAND ISLAND BLVD,GRAND ISLAND,14072,ERIE,Active,"October 29, 2009","July 31, 2028",,NONE,26,Census batch geocode + point-in-district,no,yes
030538,Pharmacy,"WALGREEN EASTERN CO., INC.",WALGREENS,C/O PHARMACY 3008 UNION RD ORCHARD PARK NY 14127,3008 UNION RD,ORCHARD PARK,14127,ERIE,Active,"January 27, 2011","July 31, 2028",,NONE,26,unmatched address; city wholly outside NY-23 (assumed),no,yes
029339,Pharmacy,"WALGREEN EASTERN CO., INC.",WALGREENS,2970 NIAGARA FALLS BLVD AMHERST NY 14228,2970 NIAGARA FALLS BLVD,AMHERST,14228,ERIE,Active,"February 25, 2009","July 31, 2028",,NONE,26,Census batch geocode + point-in-district,no,yes
029331,Pharmacy,"WALGREEN EASTERN CO., INC.",WALGREENS,80 DENISON PKWY EAST CORNING NY 14830,80 DENISON PKWY,EAST CORNING,14830,STEUBEN,Discontinued,"February 25, 2009","April 10, 2020","April 10, 2020",NONE,23,county wholly in NY-23,yes,yes
029029,Pharmacy,"WALGREEN EASTERN CO., INC.",WALGREENS,C/O PHARMACY 327 MAIN ST DUNKIRK NY 14048,327 MAIN ST,DUNKIRK,14048,CHAUTAUQUA,Discontinued,"June 26, 2008","November 14, 2022","November 14, 2022",NONE,23,county wholly in NY-23,yes,yes
028569,Pharmacy,"WALGREEN EASTERN CO., INC.",WALGREENS,C/O PHARMACY 3564 DELAWARE AVE TONAWANDA NY 14217,3564 DELAWARE AVE,TONAWANDA,14217,ERIE,Active,"August 23, 2007","July 31, 2028",,NONE,26,Census batch geocode + point-in-district,no,yes
028784,Pharmacy,"WALGREEN EASTERN CO.,INC.",WALGREENS,C/O PHARMACY 9217 MAIN ST. CLARENCE NY 14031,9217 MAIN ST,. CLARENCE,14031,ERIE,Active,"January 24, 2008","July 31, 2028",,NONE,23,Census batch geocode + point-in-district,yes,yes
028787,Pharmacy,"WALGREEN EASTERN CO.,INC.",WALGREEN,C/O PHARMACY 402 N. MAIN ST. ELMIRA NY 14901,402 N. MAIN ST,. ELMIRA,14901,CHEMUNG,Active,"January 16, 2008","July 31, 2028",,NONE,23,county wholly in NY-23,yes,yes
018670,Pharmacy,"WANAKAH PHARMACY, INC.",,S-4923 LAKE SHORE RD. HAMBURG NY 14075,S4923 LAKE SHORE RD,. HAMBURG,14075,ERIE,Transfer,"June 21, 1985","January 25, 1999","January 25, 1999",024197,,,unknown,yes
020637,Pharmacy,"WASHINGTON PRESCRIPTION CENTER, INC.",,1029 MAIN STREET BUFFALO NY 14203,1029 MAIN STREET,BUFFALO,14203,ERIE,Discontinued,"June 26, 1990","August 19, 2008","August 19, 2008",NONE,26,unmatched address; town wholly in/out of NY-23 (assumed),no,yes
026689,Pharmacy,"WATERFRONT HEALTH CARE CENTER, INC.",,WATERFRONT HEALTH CARE CT C/O PHARMACY 200 7TH ST. BUFFALO NY 14201-2161,WATERFRONT HEALTH CARE CT 200 7TH ST,. BUFFALO,14201,ERIE,Discontinued,"May 12, 2004","July 22, 2011","July 22, 2011",NONE,,,unknown,yes
021580,Pharmacy,"WATKINS GLEN DRUG & SURGICAL, INC.",,110 N. FRANKLIN ST. P.O. BOX 310 WATKINS GLEN NY 14891,110 N. FRANKLIN ST,. WATKINS GLEN,14891,SCHUYLER,Discontinued,"March 01, 1993","March 10, 2003","March 10, 2003",NONE,23,county wholly in NY-23,yes,yes
025565,Pharmacy,"WEAVER, RANDOLPH",MAPLE CITY PHARMACY,MAPLE CITY PHARMACY 181 SENECA ST. HORNELL NY 14843,MAPLE CITY PHARMACY 181 SENECA ST,. HORNELL,14843,STEUBEN,Discontinued,"December 27, 2002","January 03, 2014","January 03, 2014",NONE,23,county wholly in NY-23,yes,yes
023056,Pharmacy,"WEGMAN'S FOOD MARKETS, INC.",,C/O PHARMACY 8270 TRANSIT RD. WILLIAMSVILLE NY 14221,8270 TRANSIT RD,. WILLIAMSVILLE,14221,ERIE,Active,"September 11, 1996","December 31, 2028",,NONE,26,Census batch geocode + point-in-district,no,yes
022816,Pharmacy,"WEGMAN'S FOOD MARKETS, INC.",,C/O PHARMACY 1100 CLEMENS CENTER PKWY. ELMIRA NY 14901,1100 CLEMENS CENTER PKWY,. ELMIRA,14901,CHEMUNG,Active,"January 18, 1996","December 31, 2028",,NONE,23,county wholly in NY-23,yes,yes
022470,Pharmacy,"WEGMAN'S FOOD MARKETS, INC.",,C/O PHARMACY 1000 HWY 36 NORTH HORNELL NY 14843,1000 HWY,36 NORTH HORNELL,14843,STEUBEN,Active,"April 17, 1995","December 31, 2028",,NONE,23,county wholly in NY-23,yes,yes
022377,Pharmacy,"WEGMAN'S FOOD MARKETS, INC.",,C/O PHARMACY 945 FAIRMOUNT AVE JAMESTOWN NY 14701,945 FAIRMOUNT AVE,JAMESTOWN,14701,CHAUTAUQUA,Active,"March 15, 1995","December 31, 2028",,NONE,23,county wholly in NY-23,yes,yes
022057,Pharmacy,"WEGMAN'S FOOD MARKETS, INC.",,C/O PHARMACY 3135 NIAGARA FALLS BLVD. AMHERST NY 14228,3135 NIAGARA FALLS BLVD,. AMHERST,14228,ERIE,Active,"March 31, 1994","December 31, 2028",,NONE,26,Census batch geocode + point-in-district,no,yes
022359,Pharmacy,"WEGMAN'S FOOD MARKETS, INC.",,C/O PHARMACY 4960 TRANSIT RD. DEPEW NY 14043,4960 TRANSIT RD,. DEPEW,14043,ERIE,Active,"January 17, 1995","December 31, 2028",,NONE,26,Census batch geocode + point-in-district,no,yes
019803,Pharmacy,"WEGMAN'S FOOD MARKETS, INC.",,C/O PHARMACY S-3740 MCKINLEY PKY. BLASDELL NY 14219,S3740 MCKINLEY PKY.,BLASDELL,14219,ERIE,Active,"April 21, 1988","December 31, 2028",,NONE,23,Census batch geocode + point-in-district,yes,yes
019701,Pharmacy,"WEGMAN'S FOOD MARKETS, INC.",,C/O PHARMACY 5275 SHERIDAN DRIVE WILLIAMSVILLE NY 14221,5275 SHERIDAN DRIVE,WILLIAMSVILLE,14221,ERIE,Active,"February 10, 1988","December 31, 2028",,NONE,26,Census batch geocode + point-in-district,no,yes
021109,Pharmacy,"WEGMAN'S FOOD MARKETS, INC.",WEGMANS PHARMACY #185 DIV.,WEGMANS PHARMACY #185 DIV 2001 WALDEN AVE. CHEEKTOWAGA NY 14225,WEGMANS PHARMACY #185 DIV 2001 WALDEN AVE,. CHEEKTOWAGA,14225,ERIE,Discontinued,"October 16, 1991","October 07, 2006","October 07, 2006",NONE,,,unknown,yes
023479,Pharmacy,"WEGMAN'S FOOD MARKETS, INC.",,C/O PHARMACY 601 AMHERST ST. BUFFALO NY 14207,601 AMHERST ST,. BUFFALO,14207,ERIE,Active,"October 24, 1997","December 31, 2028",,NONE,26,Census batch geocode + point-in-district,no,yes
019708,Pharmacy,"WEGMAN'S FOOD MARKETS, INC.",,C/O PHARMACY 651 DICK RD DEPEW NY 14043,651 DICK RD,DEPEW,14043,ERIE,Active,"February 10, 1988","December 31, 2028",,NONE,26,Census batch geocode + point-in-district,no,yes
019707,Pharmacy,"WEGMAN'S FOOD MARKETS, INC.",,C/O PHARMACY 24 S. BRIDGE STREET CORNING NY 14830,24 S. BRIDGE STREET,CORNING,14830,STEUBEN,Active,"February 10, 1988","December 31, 2028",,NONE,23,county wholly in NY-23,yes,yes
019703,Pharmacy,"WEGMAN'S FOOD MARKETS, INC.",,C/O PHARMACY 675 ALBERTA DR. AMHERST NY 14226,675 ALBERTA DR,. AMHERST,14226,ERIE,Active,"February 10, 1988","December 31, 2028",,NONE,26,Census batch geocode + point-in-district,no,yes
019731,Pharmacy,"WEGMAN'S FOOD MARKETS, INC.",,C/O PHARMACY 370 ORCHARD PARK RD. WEST SENECA NY 14224,370 ORCHARD PARK RD,. WEST SENECA,14224,ERIE,Active,"February 10, 1988","December 31, 2028",,NONE,26,geocoded earlier,no,yes
019093,Pharmacy,WEGMAN'S PHARMACY #151,,DIV. WEGMAN'S FOOD MARKETS INC 1 BRIDGE ST CORNING NY 14831,DIV. WEGMAN'S FOOD MARKETS INC 1 BRIDGE ST,CORNING,14831,STEUBEN,Transfer,"May 02, 1986","February 10, 1988","February 10, 1988",019707,23,county wholly in NY-23,yes,yes
015692,Pharmacy,WEGMAN'S PHARMACY #180,,DIV. WEGMAN'S FOOD MARKETS INC 651 DICK ROAD DEPEW NY 14043,DIV. WEGMAN'S FOOD MARKETS INC 651 DICK ROAD,DEPEW,14043,ERIE,Transfer,"February 06, 1977","February 10, 1988","February 10, 1988",019708,,,unknown,yes
015889,Pharmacy,WEGMAN'S PHARMACY #181,,DIV. WEGMAN'S FOOD MARKETS INC 575 ALBERTA DR AMHERST NY 14226,DIV. WEGMAN'S FOOD MARKETS INC 575 ALBERTA DR,AMHERST,14226,ERIE,Transfer,"August 02, 1977","February 10, 1988","February 10, 1988",019703,,,unknown,yes
015959,Pharmacy,WEGMAN'S PHARMACY #182,,DIV. WEGMAN'S FOOD MARKETS INC 350 ORCHARD RD WEST SENECA NY 14224,DIV. WEGMAN'S FOOD MARKETS INC 350 ORCHARD RD,WEST SENECA,14224,ERIE,Transfer,"October 10, 1977","February 10, 1988","February 10, 1988",019731,26,unmatched address; town wholly in/out of NY-23 (assumed),no,yes
018512,Pharmacy,WEGMAN'S PHARMACY #183 DIV. WEGMAN'S FOOD,,MARKETS INC. 5275 SHERIDAN DR. P.O. WILLIAMSVILLE AMHERST NY 14221,MARKETS INC. 5275 SHERIDAN DR,. P.O. WILLIAMSVILLE AMHERST,14221,ERIE,Transfer,"March 19, 1985","February 10, 1988","February 10, 1988",019701,,,unknown,yes
018043,Pharmacy,"WEIS MARKETS, INC.",WEIS PHARMACY #116,401 N. MAIN ST. ELMIRA NY 14901,401 N. MAIN ST,. ELMIRA,14901,CHEMUNG,Active,"February 09, 1984","February 29, 2028",,NONE,23,county wholly in NY-23,yes,yes
030824,Pharmacy,WELLNESS PARK PHARMACY INC.,,8672 BUFFALO AVE. NIAGARA FALLS NY 14304,8672 BUFFALO AVE,. NIAGARA FALLS,14304,NIAGARA,Active,"December 09, 2011","November 30, 2026",,NONE,26,Census batch geocode + point-in-district,no,yes
034124,Pharmacy,WEST SIDE PHARMACY INC.,,311 GRANT STREET BUFFALO NY 14213,311 GRANT STREET,BUFFALO,14213,ERIE,Discontinued,"January 14, 2016","February 17, 2016","February 17, 2016",NONE,26,unmatched address; town wholly in/out of NY-23 (assumed),no,yes
031796,Pharmacy,WESTERN NEW YORK BLOODCARE INC,,1010 MAIN STREET BUFFALO NY 14202-1102,1010 MAIN STREET,BUFFALO,14202,ERIE,Active,"March 18, 2013","February 29, 2028",,NONE,26,Census batch geocode + point-in-district,no,yes
018815,Pharmacy,WESTERN NEW YORK CHILDREN'S PSYCHIATRIC CENTER,,C/O PHARMACY 1010 EAST & WEST RD. WEST SENECA NY 14224,1010 EAST & WEST RD,. WEST SENECA,14224,ERIE,Active,"October 07, 1985","October 31, 2028",,NONE,,,unknown,yes
009869,Pharmacy,WESTERN NEW YORK DEVELOPMENTAL DISABILITIES,,SERVICES OFFICE C/O PHARMACY 1200 EAST & WEST RD. WEST SENECA NY 14224,SERVICES OFFICE 1200 EAST & WEST RD,. WEST SENECA,14224,ERIE,Discontinued,"February 08, 1963","June 13, 2006","June 13, 2006",NONE,,,unknown,yes
304325,Wholesaler,WESTERN NEW YORK SURGICAL SUPPLY INC.,W.N.Y. SURGICAL SUPPLY,80 EARHART DR. SUITE 20 WILLIAMSVILLE NY 14221,80 EARHART DR,. WILLIAMSVILLE,14221,ERIE,Discontinued,"December 02, 1981","April 29, 2016","April 29, 2016",NONE,,,unknown,no
016300,Pharmacy,"WESTFIELD MEMORIAL HOSPITAL, INC.",,C/O PHARMACY 189 E. MAIN ST. WESTFIELD NY 14787,189 E. MAIN ST,. WESTFIELD,14787,CHAUTAUQUA,Active,"December 07, 1978","December 31, 2028",,NONE,23,county wholly in NY-23,yes,no
101061,Manufacturer,WESTWOOD-SQUIBB PHARMACEUTICALS INC.,,100 FOREST AVE. BUFFALO NY 14213,100 FOREST AVE,. BUFFALO,14213,ERIE,Transfer,"July 01, 1969","September 13, 2005","September 13, 2005",027367,,,unknown,no
019902,Pharmacy,"WILLIAMSVILLE MAIN PRESCRIPTION CENTER, INC.",,5274 MAIN ST. WILLIAMSVILLE NY 14221,5274 MAIN ST,. WILLIAMSVILLE,14221,ERIE,Discontinued,"July 28, 1988","March 04, 1989","March 04, 1989",NONE,,,unknown,yes
023775,Pharmacy,"WILSON COMMUNITY PHARMACY, INC.",,272 PETTIT ST. WILSON NY 14172,272 PETTIT ST,. WILSON,14172,NIAGARA,Discontinued,"October 15, 1998","February 23, 2016","February 23, 2016",NONE,,,unknown,yes
008759,Pharmacy,"WIND, EDWARD W. & WIND, LOIS J.",ADDISON PHARMACY,ADDISON PHARMACY 36 MAIN ST. ADDISON NY 14801,ADDISON PHARMACY 36 MAIN ST,. ADDISON,14801,STEUBEN,Discontinued,"August 24, 1960","May 01, 1997","May 01, 1997",NONE,23,county wholly in NY-23,yes,yes
020074,Pharmacy,"WOMAN'S CHRISTIAN ASSOCIATION OF JAMESTOWN, N.Y.",JONES MEMORIAL HEALTH CENTER,C/O PHARMACY 51 GLASGOW AVE. PO BOX 840 JAMESTOWN NY 14702-0840,51 GLASGOW AVE,. JAMESTOWN,14702,CHAUTAUQUA,Discontinued,"December 30, 1988","December 31, 2013","December 31, 2013",NONE,23,county wholly in NY-23,yes,no
020301,Pharmacy,WOMEN'S AND CHILDREN'S SERVICES CORPORATION,,219 BRYANT ST. BUFFALO NY 14222,219 BRYANT ST,. BUFFALO,14222,ERIE,Transfer,"March 19, 1990","December 03, 1992","December 03, 1992",021493,,,unknown,yes
031869,Pharmacy,"WOODMARK PHARMACY OF NEW YORK, LLC.",,1142 WEHRLE DR. WILLIAMSVILLE NY 14221-7748,1142 WEHRLE DR,. WILLIAMSVILLE,14221,ERIE,Active,"August 06, 2013","July 31, 2028",,NONE,26,Census batch geocode + point-in-district,no,yes
021920,Pharmacy,"WOODMARK PHARMACY, INC.",,1142 WEHRLE DR. WILLIAMSVILLE NY 14221,1142 WEHRLE DR,. WILLIAMSVILLE,14221,ERIE,Transfer,"December 06, 1993","August 06, 2013","August 06, 2013",031869,,,unknown,yes
038504,Pharmacy,"WORTHY PHARMACY, LLC",,202 MAIN ST. OLEAN NY 14760,202 MAIN ST,. OLEAN,14760,CATTARAUGUS,Active,"January 07, 2021","December 31, 2026",,NONE,23,county wholly in NY-23,yes,yes
501045,Storekeeper,"WROBLEWSKI, DONNA",FRENCH CREEK GENERAL STORE,FRENCH CREEK GENERAL STORE R.D. #2  P.O. BOX 130 CLYMER NY 14724,FRENCH CREEK GENERAL STORE R.D. #2,CLYMER,14724,CHAUTAUQUA,Discontinued,"August 17, 1974","December 31, 1998","December 31, 1998",NONE,23,county wholly in NY-23,yes,no
008850,Pharmacy,"WROTNIAK PHARMACY, INC.",,2402-04 NIAGARA STREET NIAGARA FALLS NY 14303,2402-04 NIAGARA STREET,NIAGARA FALLS,14303,NIAGARA,Discontinued,"November 01, 1960","August 11, 1989","August 11, 1989",NONE,26,unmatched address; town wholly in/out of NY-23 (assumed),no,yes
031707,Pharmacy,WURLITZER FAMILY PHARMACY INC.,,521 DIVISION ST. N.TONAWANDA NY 14120,521 DIVISION ST,. N.TONAWANDA,14120,NIAGARA,Active,"February 27, 2013","January 31, 2028",,NONE,26,Census batch geocode + point-in-district,no,yes
010424,Pharmacy,"WURLITZER PHARMACY, INC.",,1381 NASH RD. N. TONAWANDA NY 14120,1381 NASH RD,. N. TONAWANDA,14120,NIAGARA,Transfer,"May 04, 1964","March 23, 1998","March 23, 1998",023611,,,unknown,yes
026498,Manufacturer,X-GEN PHARMACEUTICALS INC.,,744 BALDWIN STREET ELMIRA NY 14901,744 BALDWIN STREET,ELMIRA,14901,CHEMUNG,Discontinued,"April 02, 2004","May 08, 2007","May 08, 2007",NONE,23,county wholly in NY-23,yes,no
027525,Manufacturer,X-GEN PHARMACEUTICALS INC.,,300 DANIEL ZENKER DR HORSEHEADS NY 14845,300 DANIEL ZENKER DR,HORSEHEADS,14845,CHEMUNG,Transfer,"January 23, 2006","December 21, 2020","December 21, 2020",038478,23,county wholly in NY-23,yes,no
038478,Wholesaler,"XGEN PHARMACEUTICALS DJB, INC.",,300 DANIEL ZENKER DR. HORSEHEADS NY 14845,300 DANIEL ZENKER DR,. HORSEHEADS,14845,CHEMUNG,Active,"December 21, 2020","November 30, 2026",,NONE,23,county wholly in NY-23,yes,no
303877,Wholesaler,ZIEGLER PHARMACAL CORP.,,703 WEST FERRY STREET BUILDING A BUFFALO NY 14222,703 WEST FERRY STREET,BUILDING A BUFFALO,14222,ERIE,Discontinued,"January 01, 1939","August 31, 1989","August 31, 1989",NONE,,,unknown,no
017927,Pharmacy,"BROOKS DRUG OF NEW YORK, INC.",BROOKS DRUG #709,MAIN & WASHINGTON ST WAYLAND NY 14572,MAIN & WASHINGTON ST,WAYLAND,14572,STEUBEN,Transfer,"November 02, 1983","January 01, 1990","January 01, 1990",020527,23,county wholly in NY-23,yes,yes
016326,Pharmacy,"BROOKS DRUG OF NEW YORK, INC.",ECKERD DRUG #1059,10 SO. WORK ST. FALCONER NY 14733,10 SO. WORK ST,. FALCONER,14733,CHAUTAUQUA,Transfer,"January 10, 1979","January 01, 1990","January 01, 1990",020491,23,county wholly in NY-23,yes,yes
020498,Pharmacy,"BROOKS DRUG, INC.",BROOKS DRUGS,23 LANGDON PLAZA ELMIRA NY 14901,23 LANGDON PLAZA,ELMIRA,14901,CHEMUNG,Discontinued,"January 01, 1990","September 08, 1990","September 08, 1990",NONE,23,county wholly in NY-23,yes,yes
020484,Pharmacy,"BROOKS DRUG, INC.",REVCO DRUG CENTER,C/O PHARMACY TIOGA BLVD. 8836 RTE #434 APALACHIN NY 13732,TIOGA BLVD,. 8836 RTE #434 APALACHIN,13732,TIOGA,Transfer,"January 01, 1990","September 23, 1997","September 23, 1997",023422,23,county wholly in NY-23,yes,yes
015741,Pharmacy,"BROOKS DRUG, INC.",REVCO DRUG CENTER  #2070,1170 CENTRAL AVE. DUNKIRK NY 14048,1170 CENTRAL AVE,. DUNKIRK,14048,CHAUTAUQUA,Discontinued,"April 29, 1972","October 15, 1997","October 15, 1997",NONE,23,county wholly in NY-23,yes,yes
020503,Pharmacy,"BROOKS DRUG, INC.",BROOKS DRUGS,83 MAIN STREET HORNELL NY 14843,83 MAIN STREET,HORNELL,14843,STEUBEN,Discontinued,"March 02, 1990","August 27, 1993","August 27, 1993",NONE,23,county wholly in NY-23,yes,yes
008346,Pharmacy,"BROTHERS, F.R., & CO., INC.","F.R. BROTHER & CO., INC.  (X-REF.)",119 NO. UNION ST. OLEAN NY 14760,119 NO. UNION ST,. OLEAN,14760,CATTARAUGUS,Discontinued,"May 12, 1959","November 12, 1991","November 12, 1991",NONE,23,county wholly in NY-23,yes,yes
034763,Wholesaler,"G BUCKLEY, LLC",,13760 INDIAN FALLS RD. AKRON NY 14001,13760 INDIAN FALLS RD,. AKRON,14001,ERIE,Not Registered,"April 05, 2017","March 31, 2020",,NONE,,,unknown,no
303226,Wholesaler,"GOLEBIEWSKI, W.G., INC.",,1647 GENESEE STREET BUFFALO NY 14212,1647 GENESEE STREET,BUFFALO,14212,ERIE,Discontinued,"January 01, 1939","August 31, 1989","August 31, 1989",NONE,,,unknown,no
101306,Manufacturer,"L.B.B.D. MFG., INC.",,1220 A COLVIN AVE. KENMORE NY 14223,1220 A COLVIN AVE,. KENMORE,14223,ERIE,Discontinued,"January 25, 1979","September 06, 1995","September 06, 1995",NONE,,,unknown,no
025166,Manufacturer,ONY BIOTECH INC.,,BAIRD RESEARCH PARK 1576 SWEET HOME RD. AMHERST NY 14228-2794,BAIRD RESEARCH PARK 1576 SWEET HOME RD,. AMHERST,14228,ERIE,Active,"January 02, 2002","January 31, 2028",,NONE,,,unknown,no
041361,Manufacturer,ONY BIOTECH INC.,,455 COMMERCE DRIVE AMHERST NY 14228,455 COMMERCE DRIVE,AMHERST,14228,ERIE,Active,"February 14, 2025","January 31, 2028",,NONE,,,unknown,no
015561,Pharmacy,"PETERSON DRUG CO. OF DERBY, N.Y., INC.",,6918 ERIE ROAD DERBY NY 14047,6918 ERIE ROAD,DERBY,14047,ERIE,Transfer,"August 23, 1976","July 30, 1991","July 30, 1991",021035,,,unknown,yes
014722,Pharmacy,WIMBLEDON DRUGS INC.,,266 CENTER RD. WEST SENECA NY 14224-1995,266 CENTER RD,. WEST SENECA,14224,ERIE,Discontinued,"August 15, 1974","December 31, 2001","December 31, 2001",NONE,,,unknown,yes
304312,Wholesaler,"CHEMCORE, INC.",,1382 NIAGARA ST. BUFFALO NY 14213,1382 NIAGARA ST,. BUFFALO,14213,ERIE,Discontinued,"April 01, 1969","August 31, 2000","August 31, 2000",NONE,,,unknown,no
020291,Pharmacy,"COMMUNITY DRUG STORES, INC.",ECKER CORNING & ECKERS DRUG STORE,45 E. MARKET ST. CORNING NY 14830,45 E. MARKET ST,. CORNING,14830,STEUBEN,Transfer,"September 12, 1989","October 02, 1997","October 02, 1997",023453,23,county wholly in NY-23,yes,yes
025354,Wholesaler,"CYNERGY PRODUCTS, L.L.C.",,1592 HERTEL AVE. BUFFALO NY 14216,1592 HERTEL AVE,. BUFFALO,14216,ERIE,Active,"July 10, 2002","July 31, 2028",,NONE,,,unknown,no
017951,Pharmacy,DEXTER PRESCRIPTION CENTER INC.,,1453 JEFFERSON AVE. BUFFALO NY 14208,1453 JEFFERSON AVE,. BUFFALO,14208,ERIE,Active,"November 18, 1983","November 30, 2028",,NONE,26,Census batch geocode + point-in-district,no,yes
024279,Pharmacy,"DRUG EMPORIUM, INC.",VIX,C/O PHARMACY 2429 MILITARY ROAD NIAGARA FALLS NY 14304,2429 MILITARY ROAD,NIAGARA FALLS,14304,NIAGARA,Discontinued,"May 05, 1999","October 01, 2003","October 01, 2003",NONE,26,unmatched address; town wholly in/out of NY-23 (assumed),no,yes
024278,Pharmacy,"DRUG EMPORIUM, INC.",VIX,C/O PHARMACY 101 FRENCH ROAD SUITE 20 CHEEKTOWAGA NY 14227,101 FRENCH ROAD,CHEEKTOWAGA,14227,ERIE,Discontinued,"May 05, 1999","October 01, 2003","October 01, 2003",NONE,26,unmatched address; town wholly in/out of NY-23 (assumed),no,yes
024277,Pharmacy,"DRUG EMPORIUM, INC.",VIX,C/O PHARMACY 4101 TRANSIT ROAD WILLIAMSVILLE NY 14221,4101 TRANSIT ROAD,WILLIAMSVILLE,14221,ERIE,Discontinued,"May 05, 1999","October 01, 2003","October 01, 2003",NONE,,,unknown,yes
024276,Pharmacy,"DRUG EMPORIUM, INC.",VIX,C/O PHARMACY 705 MAPLE ROAD AMHERST NY 14221,705 MAPLE ROAD,AMHERST,14221,ERIE,Discontinued,"May 05, 1999","October 01, 2003","October 01, 2003",NONE,,,unknown,yes
024275,Pharmacy,"DRUG EMPORIUM, INC.",VIX,C/O PHARMACY 3401 GENESEE STREET CHEEKTOWAGA NY 14225,3401 GENESEE STREET,CHEEKTOWAGA,14225,ERIE,Discontinued,"May 05, 1999","October 01, 2003","October 01, 2003",NONE,26,unmatched address; town wholly in/out of NY-23 (assumed),no,yes
024274,Pharmacy,"DRUG EMPORIUM, INC.",VIX,C/O PHARMACY 3330 SHERIDAN DRIVE AMHERST NY 14226,3330 SHERIDAN DRIVE,AMHERST,14226,ERIE,Discontinued,"May 05, 1999","November 03, 2003","November 03, 2003",NONE,,,unknown,yes
024273,Pharmacy,"DRUG EMPORIUM, INC.",VIX,C/O PHARMACY 1740 KENMORE AVENUE BUFFALO NY 14216,1740 KENMORE AVENUE,BUFFALO,14216,ERIE,Discontinued,"May 05, 1999","October 01, 2003","October 01, 2003",NONE,26,unmatched address; town wholly in/out of NY-23 (assumed),no,yes
024272,Pharmacy,"DRUG EMPORIUM, INC.",VIX,C/O PHARMACY 1900 RIDGE ROAD WEST SENECA NY 14224,1900 RIDGE ROAD,WEST SENECA,14224,ERIE,Discontinued,"May 05, 1999","October 01, 2003","October 01, 2003",NONE,26,unmatched address; town wholly in/out of NY-23 (assumed),no,yes
024271,Pharmacy,"DRUG EMPORIUM, INC.",VIX,C/O PHARMACY 3640 DELAWARE AVENUE KENMORE NY 14217,3640 DELAWARE AVENUE,KENMORE,14217,ERIE,Discontinued,"May 05, 1999","October 01, 2003","October 01, 2003",NONE,,,unknown,yes
019992,Pharmacy,"DRUG SHOPPE, INC. THE",,525 DIVISION NO. TONAWANDA NY 14120,525 DIVISION NO.,TONAWANDA,14120,NIAGARA,Discontinued,"October 24, 1988","October 24, 2012","October 24, 2012",NONE,,,unknown,yes
027313,Pharmacy,"DRUG SHOPPE, INC., THE",,416 KENMORE AVE BUFFALO NY 14223,416 KENMORE AVE,BUFFALO,14223,ERIE,Discontinued,"July 28, 2005","October 29, 2012","October 29, 2012",NONE,26,unmatched address; town wholly in/out of NY-23 (assumed),no,yes
008795,Pharmacy,"ECKER DRUG STORE, INC.",,47 EAST MARKET STREET CORNING NY 14830,47 EAST MARKET STREET,CORNING,14830,STEUBEN,Transfer,"October 01, 1960","August 28, 1989","August 28, 1989",020291,23,county wholly in NY-23,yes,yes
024096,Pharmacy,ECKERD CORPORATION,RITE AID PHARMACY,C/O PHARMACY 1030 PINE AVE. NIAGARA FALLS NY 14301,1030 PINE AVE,. NIAGARA FALLS,14301,NIAGARA,Discontinued,"December 31, 1998","June 23, 2025","June 23, 2025",NONE,26,Census batch geocode + point-in-district,no,yes
024095,Pharmacy,ECKERD CORPORATION,RITE AID PHARMACY,C/O PHARMACY 2585 MAIN ST BUFFALO NY 14214,2585 MAIN ST,BUFFALO,14214,ERIE,Discontinued,"December 31, 1998","September 04, 2025","September 04, 2025",NONE,26,Census batch geocode + point-in-district,no,yes
024090,Pharmacy,ECKERD CORPORATION,RITE AID PHARMACY,C/O PHARMACY 459 SOUTH TRANSIT STREET LOCKPORT NY 14094,459 SOUTH TRANSIT STREET,LOCKPORT,14094,NIAGARA,Discontinued,"December 31, 1998","April 29, 2024","April 29, 2024",NONE,24,Census batch geocode + point-in-district,no,yes
024088,Pharmacy,ECKERD CORPORATION,RITE AID PHARMACY,C/O PHARMACY 291 WEST FERRY STREET BUFFALO NY 14213,291 WEST FERRY STREET,BUFFALO,14213,ERIE,Discontinued,"December 31, 1998","May 11, 2023","May 11, 2023",NONE,26,Census batch geocode + point-in-district,no,yes
024083,Pharmacy,ECKERD CORPORATION,RITE AID PHARMACY,C/O PHARMACY 2325 GRAND ISLAND BLVD GRAND ISLAND NY 14072,2325 GRAND ISLAND BLVD,GRAND ISLAND,14072,ERIE,Discontinued,"December 31, 1998","July 11, 2025","July 11, 2025",NONE,26,Census batch geocode + point-in-district,no,yes
024080,Pharmacy,ECKERD CORPORATION,RITE AID PHARMACY,C/O PHARMACY 2453 ELMWOOD AVENUE KENMORE NY 14217,2453 ELMWOOD AVENUE,KENMORE,14217,ERIE,Discontinued,"December 31, 1998","November 02, 2023","November 02, 2023",NONE,26,Census batch geocode + point-in-district,no,yes
024079,Pharmacy,ECKERD CORPORATION,RITE AID PHARMACY,C/O PHARMACY 789 TONAWANDA STREET BUFFALO NY 14207,789 TONAWANDA STREET,BUFFALO,14207,ERIE,Discontinued,"December 31, 1998","September 02, 2025","September 02, 2025",NONE,26,Census batch geocode + point-in-district,no,yes
024078,Pharmacy,ECKERD CORPORATION,RITE AID PHARMACY,C/O PHARMACY 202 WEST UTICA STREET BUFFALO NY 14222,202 WEST UTICA STREET,BUFFALO,14222,ERIE,Discontinued,"December 31, 1998","October 15, 2007","October 15, 2007",NONE,26,unmatched address; town wholly in/out of NY-23 (assumed),no,yes
024076,Pharmacy,ECKERD CORPORATION,RITE AID PHARMACY,C/O PHARMACY 343 MEADOW DRIVE NORTH TONAWANDA NY 14120,343 MEADOW DRIVE,NORTH TONAWANDA,14120,NIAGARA,Discontinued,"December 31, 1998","July 09, 2025","July 09, 2025",NONE,26,Census batch geocode + point-in-district,no,yes
024075,Pharmacy,ECKERD CORPORATION,RITE AID PHARMACY,C/O PHARMACY 47 NIAGARA STREET TONAWANDA NY 14150,47 NIAGARA STREET,TONAWANDA,14150,ERIE,Discontinued,"December 31, 1998","May 19, 2024","May 19, 2024",NONE,26,Census batch geocode + point-in-district,no,yes
024072,Pharmacy,ECKERD CORPORATION,RITE AID PHARMACY,C/O PHARMACY 12208 N Y STATE ROUTE 16 P.O. BOX 617 YORKSHIRE NY 14173-0617,12208 N Y STATE ROUTE 16,YORKSHIRE,14173,CATTARAUGUS,Discontinued,"December 31, 1998","June 16, 2025","June 16, 2025",NONE,23,county wholly in NY-23,yes,yes
024068,Pharmacy,ECKERD CORPORATION,RITE AID PHARMACY,C/O PHARMACY 480 EVANS ROAD WILLIAMSVILLE NY 14221,480 EVANS ROAD,WILLIAMSVILLE,14221,ERIE,Discontinued,"December 31, 1998","July 10, 2025","July 10, 2025",NONE,26,Census batch geocode + point-in-district,no,yes
024066,Pharmacy,ECKERD CORPORATION,RITE AID PHARMACY,C/O PHARMACY 8530 TRANSIT ROAD AMHERST NY 14221,8530 TRANSIT ROAD,AMHERST,14221,ERIE,Discontinued,"December 31, 1998","August 22, 2025","August 22, 2025",NONE,26,Census batch geocode + point-in-district,no,yes
024063,Pharmacy,ECKERD CORPORATION,RITE AID PHARMACY,C/O PHARMACY 2561 UNION ROAD CHEEKTOWAGA NY 14227,2561 UNION ROAD,CHEEKTOWAGA,14227,ERIE,Discontinued,"December 31, 1998","August 19, 2025","August 19, 2025",NONE,26,Census batch geocode + point-in-district,no,yes
024062,Pharmacy,ECKERD CORPORATION,RITE AID PHARMACY,C/O PHARMACY 798 HARLEM ROAD WEST SENECA NY 14224,798 HARLEM ROAD,WEST SENECA,14224,ERIE,Discontinued,"December 31, 1998","July 29, 2025","July 29, 2025",NONE,26,Census batch geocode + point-in-district,no,yes
024061,Pharmacy,ECKERD CORPORATION,RITE AID PHARMACY,C/O PHARMACY 110 BOLIVAR ROAD WELLSVILLE NY 14895,110 BOLIVAR ROAD,WELLSVILLE,14895,ALLEGANY,Transfer,"December 31, 1998","February 22, 2018","February 22, 2018",036295,23,county wholly in NY-23,yes,yes
024043,Pharmacy,ECKERD CORPORATION,RITE AID PHARMACY,C/O PHARMACY 2330 NIAGARA FALLS BLVD TONAWANDA NY 14150,2330 NIAGARA FALLS BLVD,TONAWANDA,14150,ERIE,Discontinued,"December 31, 1998","September 02, 2025","September 02, 2025",NONE,26,Census batch geocode + point-in-district,no,yes
023990,Pharmacy,ECKERD CORPORATION,RITE AID PHARMACY,C/O PHARMACY 4060 NORTH BUFFALO STREET ORCHARD PARK NY 14127,4060 NORTH BUFFALO STREET,ORCHARD PARK,14127,ERIE,Discontinued,"December 31, 1998","August 26, 2025","August 26, 2025",NONE,23,Census batch geocode + point-in-district,yes,yes
016816,Pharmacy,ERIE COUNTY HOLDING CENTER LTD.,,ERIE COUNTY SHERIFF'S DPT 10 DELAWARE AVE. BUFFALO NY 14202,ERIE COUNTY SHERIFF'S DPT 10 DELAWARE AVE,. BUFFALO,14202,ERIE,Discontinued,"June 10, 1980","December 04, 2004","December 04, 2004",NONE,,,unknown,yes
006486,Pharmacy,ERIE COUNTY HOME,,C/O PHARMACY DEPT. 11580 WALDEN AVE. ALDEN NY 14004,DEPT. 11580 WALDEN AVE,. ALDEN,14004,ERIE,Discontinued,"January 01, 1931","April 18, 2006","April 18, 2006",NONE,,,unknown,yes
101047,Manufacturer,ETHOX CORP.,,251 SENECA ST. BUFFALO NY 14204,251 SENECA ST,. BUFFALO,14204,ERIE,Discontinued,"August 15, 1966","October 04, 2007","October 04, 2007",NONE,,,unknown,no
024691,Manufacturer,"FEI PRODUCTS, LLC",,825 WURLITZER DRIVE NORTH TONAWANDA NY 14120-2089,825 WURLITZER DRIVE,NORTH TONAWANDA,14120,NIAGARA,Transfer,"June 13, 2000","May 07, 2008","May 07, 2008",028773,,,unknown,no
303184,Wholesaler,"FLICKINGER, S. M., CO., INC.",,"P.O. BOX 160, ALLEN ST. EXT. JAMESTOWN NY 14701",", ALLEN ST",. EXT. JAMESTOWN,14701,CHAUTAUQUA,Discontinued,"November 23, 1966","August 31, 1989","August 31, 1989",NONE,23,county wholly in NY-23,yes,no
029286,Pharmacy,"HENDERSON DRUG 10, INC.",HENDERSON'S DRUG STORE,210 N FRANKLIN ST WATKINS GLEN NY 14891,210 N FRANKLIN ST,WATKINS GLEN,14891,SCHUYLER,Discontinued,"March 06, 2009","July 11, 2011","July 11, 2011",NONE,23,county wholly in NY-23,yes,yes
027540,Pharmacy,"HENDERSON DRUG 9, INC.",,100 N MAIN STREET SUITE LO5 ELMIRA NY 14901,100 N MAIN STREET,ELMIRA,14901,CHEMUNG,Transfer,"November 17, 2005","April 30, 2013","April 30, 2013",031993,23,county wholly in NY-23,yes,yes
007994,Pharmacy,HERZOG'S DRUG STORE INC.,,3168 MAIN STREET BUFFALO NY 14214,3168 MAIN STREET,BUFFALO,14214,ERIE,Discontinued,"January 28, 1959","July 03, 1990","July 03, 1990",NONE,26,unmatched address; town wholly in/out of NY-23 (assumed),no,yes
021289,Pharmacy,"HNS NEW YORK, INC.",,15 HAZELWOOD DR. SUITE 100 AMHERST NY 14228,15 HAZELWOOD DR,. AMHERST,14228,ERIE,Discontinued,"April 16, 1992","July 01, 1994","July 01, 1994",NONE,,,unknown,yes
007767,Pharmacy,JET DRUGS-ELLICOTT CORP.,,2316 NIAGARA FALLS BLVD TONAWANDA NY 14150,2316 NIAGARA FALLS BLVD,TONAWANDA,14150,ERIE,Transfer,"August 04, 1958","March 07, 1994","March 07, 1994",022029,,,unknown,yes
034322,Wholesaler,"JOERNS, LLC",,72-78 BENBRO DRIVE CHEEKTOWAGA NY 14225,72-78 BENBRO DRIVE,CHEEKTOWAGA,14225,ERIE,Not Active,Not On File,"March 07, 2016","March 07, 2016",NONE,,,unknown,no
031993,Pharmacy,"KINNEY DRUGS,INC",HENDERSON DRUG 9 INC,100 MAIN STREET SUITE L05 ELMIRA NY 14901,100 MAIN STREET,ELMIRA,14901,CHEMUNG,Discontinued,"April 30, 2013","October 31, 2013","October 31, 2013",NONE,23,county wholly in NY-23,yes,yes
025201,Pharmacy,KMART CORPORATION,,C/O PHARMACY 1701 NIAGARA FALLS BLVD. AMHERST NY 14228,1701 NIAGARA FALLS BLVD,. AMHERST,14228,ERIE,Discontinued,"November 08, 2001","July 30, 2007","July 30, 2007",NONE,,,unknown,yes
101351,Manufacturer,LINDE INC.,,4501 ROYAL AVE. NIAGARA FALLS NY 14303-2121,4501 ROYAL AVE,. NIAGARA FALLS,14303,NIAGARA,Active,"February 08, 1982","February 29, 2028",,NONE,,,unknown,no
019891,Wholesaler,"LYPHOMED, INC.",,908 NIAGARA FALLS BLVD. NORTH TONAWANDA NY 13120,908 NIAGARA FALLS BLVD,. NORTH TONAWANDA,13120,NIAGARA,Discontinued,"July 21, 1988","January 06, 1992","January 06, 1992",NONE,,,unknown,no
101375,Manufacturer,"LYPHOMED, INC.",,3159 STALEY ROAD GRAND ISLAND NY 14072,3159 STALEY ROAD,GRAND ISLAND,14072,ERIE,Transfer,"December 20, 1983","April 13, 1992","April 13, 1992",021238,,,unknown,no
304546,Wholesaler,"LYPHOMED, INC.",,261 GREAT ARROW AVE BUFFALO NY 14207,261 GREAT ARROW AVE,BUFFALO,14207,ERIE,Discontinued,"April 30, 1987","December 18, 1987","December 18, 1987",NONE,,,unknown,no
024616,Wholesaler,"MEDIQ/PRN LIFE SUPPORT SERVICES, INC.",,70 EARHARDT DR. SUITE 1 & 2 WILLIAMSVILLE NY 14221,70 EARHARDT DR,. & 2 WILLIAMSVILLE,14221,ERIE,Discontinued,"February 09, 2000","April 28, 2004","April 28, 2004",NONE,,,unknown,no
029462,Manufacturer,MESSER LLC,,101 KATHERINE ST. BUFFALO NY 14210,101 KATHERINE ST,. BUFFALO,14210,ERIE,Active,"June 12, 2009","May 31, 2027",,NONE,,,unknown,no
501091,Storekeeper,"NECKERS, GLENN H.",NECKERS',NECKERS' WEST MAIN STREET CLYMER NY 14724,NECKERS' WEST MAIN STREET,CLYMER,14724,CHAUTAUQUA,Discontinued,"January 01, 1976","October 02, 1989","October 02, 1989",NONE,23,county wholly in NY-23,yes,no
031694,Pharmacy,PET RESCUE RX INC.,,13760 INDIAN FALLS RD. AKRON NY 14001,13760 INDIAN FALLS RD,. AKRON,14001,ERIE,Discontinued,"February 14, 2013","March 05, 2021","March 05, 2021",NONE,,,unknown,yes
033980,Wholesaler,PET RESCUE RX INC.,,13760 INDIAN FALLS RD. AKRON NY 14001,13760 INDIAN FALLS RD,. AKRON,14001,ERIE,Not Active,Not On File,"June 15, 2016","June 15, 2016",NONE,,,unknown,no
202289,Wholesaler/Repacker,"PIPE WELDING SUPPLY CO., INC.",,1200 SULLIVAN ST. ELMIRA NY 14901,1200 SULLIVAN ST,. ELMIRA,14901,CHEMUNG,Transfer,"September 10, 1979","March 23, 1993","March 23, 1993",021508,23,county wholly in NY-23,yes,no
025508,Pharmacy,PRO 2 LLC,PRO 2,C/O PHARMACY 3586 CALIFORNIA RD. ORCHARD PARK NY 14127,3586 CALIFORNIA RD,. ORCHARD PARK,14127,ERIE,Discontinued,"November 22, 2002","November 30, 2012","November 30, 2012",NONE,,,unknown,yes
013769,Pharmacy,REVCO DRUG CENTERS,REVCO DRUG CENTERS,C/O PHARMACY ZAYRE PLAZA 366 FAIRMONT AVE. LAKEWOOD NY 14750,ZAYRE PLAZA 366 FAIRMONT AVE,. LAKEWOOD,14750,CHAUTAUQUA,Discontinued,"June 03, 1972","January 22, 1999","January 22, 1999",NONE,23,county wholly in NY-23,yes,yes
035923,Pharmacy,RUTOWSKI OF KENMORE INC.,KENMORE RX CENTER,2818 DELAWARE AVE. KENMORE NY 14217,2818 DELAWARE AVE,. KENMORE,14217,ERIE,Active,"February 16, 2018","January 31, 2027",,NONE,26,Census batch geocode + point-in-district,no,yes
017763,Pharmacy,"SOUTHTOWNS DRUGS, INC.",,5285 CHESTNUT RIDGE ROAD ORCHARD PARK NY 14127,5285 CHESTNUT RIDGE ROAD,ORCHARD PARK,14127,ERIE,Discontinued,"May 12, 1983","February 01, 1989","February 01, 1989",NONE,,,unknown,yes
017673,Pharmacy,SYNCOR CORP.,,84 AERO DR. BUFFALO NY 14225,84 AERO DR,. BUFFALO,14225,ERIE,Discontinued,"February 16, 1983","January 08, 1993","January 08, 1993",NONE,,,unknown,yes
202404,Wholesaler/Repacker,SYNCOR CORP.,,84 AERO DR. BUFFALO NY 14225,84 AERO DR,. BUFFALO,14225,ERIE,Discontinued,"October 22, 1984","January 08, 1993","January 08, 1993",NONE,,,unknown,no
022333,Pharmacy,TOPS INC.,,C/O PHARMACY 4101 TRANSIT RD. WILLIAMSVILLE NY 14221,4101 TRANSIT RD,. WILLIAMSVILLE,14221,ERIE,Transfer,"January 19, 1995","May 05, 1999","May 05, 1999",024277,,,unknown,yes
021985,Pharmacy,"TOPS, INC.",VIX,1900 RIDGE RD. WEST SENECA NY 14224,1900 RIDGE RD,. WEST SENECA,14224,ERIE,Transfer,"January 31, 1994","May 05, 1999","May 05, 1999",024272,,,unknown,yes
021980,Pharmacy,"TOPS, INC.",VIX,C/O PHARMACY 3330 SHERIDAN DR. AMHERST NY 14226,3330 SHERIDAN DR,. AMHERST,14226,ERIE,Transfer,"January 31, 1994","May 05, 1999","May 05, 1999",024274,,,unknown,yes
021560,Pharmacy,"TOPS, INC.",,1717 SHERIDAN DR. TOWN OF TONAWANDA NY 14223,1717 SHERIDAN DR,. TOWN OF TONAWANDA,14223,ERIE,Not Active,Not On File,"January 04, 1993","January 04, 1993",NONE,,,unknown,yes
017897,Pharmacy,"TOPS, INC.",,C/O PHARMACY 2226 DELAWARE AVE. BUFFALO NY 14216,2226 DELAWARE AVE,. BUFFALO,14216,ERIE,Discontinued,"October 13, 1983","May 17, 2000","May 17, 2000",NONE,,,unknown,yes
020031,Pharmacy,"TOPS, INC.",VIX,3640 DELAWARE AVE. KENMORE NY 14217,3640 DELAWARE AVE,. KENMORE,14217,ERIE,Transfer,"December 08, 1988","May 05, 1999","May 05, 1999",024271,,,unknown,yes
018085,Pharmacy,"TOPS, INC.",,3232 SHERIDAN DRIVE AMHERST NY 14226,3232 SHERIDAN DRIVE,AMHERST,14226,ERIE,Discontinued,"March 19, 1984","March 27, 1991","March 27, 1991",NONE,,,unknown,yes
023721,Pharmacy,"UTTER ENTERPRISES, INC.","MEDICINE SHOPPE, THE",1250 COLLEGE AVE. ELMIRA NY 14904,1250 COLLEGE AVE,. ELMIRA,14904,CHEMUNG,Discontinued,"January 13, 1999","October 03, 2002","October 03, 2002",NONE,23,county wholly in NY-23,yes,yes
023722,Pharmacy,"UTTER ENTERPRISES, INC.",THE MEDICINE SHOPPE,627 PENNSYLVANIA AVE. ELMIRA NY 14904,627 PENNSYLVANIA AVE,. ELMIRA,14904,CHEMUNG,Discontinued,"January 13, 1999","May 28, 2008","May 28, 2008",NONE,23,county wholly in NY-23,yes,yes
303254,Wholesaler,VITCO DRUG CORP.,,11200 MAIN RD CLARENCE NY 14031,11200 MAIN RD,CLARENCE,14031,ERIE,Discontinued,"January 01, 1973","January 07, 1988","January 07, 1988",NONE,,,unknown,no
018222,Pharmacy,VIX INC,,3640 DELAWARE AVE KENMORE NY 14217,3640 DELAWARE AVE,KENMORE,14217,ERIE,Transfer,"July 20, 1984","December 08, 1988","December 08, 1988",020031,,,unknown,yes
038348,Wholesaler,"WEGMAN'S FOOD MARKETS, INC.",,2851 BROADWAY ST. SUITE 300 CHEEKTOWAGA NY 14227,2851 BROADWAY ST,. CHEEKTOWAGA,14227,ERIE,Discontinued,"July 28, 2020","February 28, 2021","February 28, 2021",NONE,,,unknown,no
038347,Wholesaler,"WEGMAN'S FOOD MARKETS, INC.",,2873 BROADWAY STREET SUITE 100 CHEEKTOWAGA NY 14227,2873 BROADWAY STREET,CHEEKTOWAGA,14227,ERIE,Active,"July 28, 2020","June 30, 2029",,NONE,,,unknown,no
037807,Pharmacy,"WEGMAN'S FOOD MARKETS, INC.",,2873 BROADWAY STREET SUITE 100 CHEEKTOWAGA NY 14227,2873 BROADWAY STREET,CHEEKTOWAGA,14227,ERIE,Active,"July 28, 2020","June 30, 2029",,NONE,26,geocoded earlier,no,yes
027055,Pharmacy,"WEGMAN'S FOOD MARKETS, INC.",,C/O PHARMACY 2851 BROADWAY CHEEKTOWAGA NY 14227,2851 BROADWAY,CHEEKTOWAGA,14227,ERIE,Discontinued,"December 22, 2004","February 28, 2021","February 28, 2021",NONE,26,unmatched address; town wholly in/out of NY-23 (assumed),no,yes
024228,Pharmacy,"WEGMAN'S FOOD MARKETS, INC.",,C/O PHARMACY 1577 MILITARY RD. NIAGARA FALLS NY 14304,1577 MILITARY RD,. NIAGARA FALLS,14304,NIAGARA,Active,"January 20, 1999","December 31, 2028",,NONE,26,Census batch geocode + point-in-district,no,yes
023643,Pharmacy,FAY'S INCORPORATED,ECKERD DRUGS #5021,C/O PHARMACY 801 TONAWANDA ST. BUFFALO NY 14207,801 TONAWANDA ST,. BUFFALO,14207,ERIE,Transfer,"April 10, 1998","December 31, 1998","December 31, 1998",024079,,,unknown,yes
023642,Pharmacy,FAY'S INCORPORATED,ECKERD DRUGS #5019,C/O PHARMACY 288 ONTARIO ST. BUFFALO NY 14207,288 ONTARIO ST,. BUFFALO,14207,ERIE,Discontinued,"April 10, 1998","September 01, 1998","September 01, 1998",NONE,,,unknown,yes
022513,Pharmacy,"RITE AID OF NEW YORK, INC.",RITE AID PHARMACY #1565,2171 FILLMORE AVE. BUFFALO NY 14214,2171 FILLMORE AVE,. BUFFALO,14214,ERIE,Discontinued,"May 17, 1995","October 17, 1995","October 17, 1995",NONE,,,unknown,yes
022311,Pharmacy,"RITE AID OF NEW YORK, INC.",RITE AID PHARMACY #3703,400 VIRGINIA ST. BUFFALO NY 14201,400 VIRGINIA ST,. BUFFALO,14201,ERIE,Discontinued,"November 22, 1994","September 26, 2002","September 26, 2002",NONE,,,unknown,yes
022298,Pharmacy,"RITE AID OF NEW YORK, INC.",RITE AID PHARMACY #3701,2160 GENESEE ST. BUFFALO NY 14211,2160 GENESEE ST,. BUFFALO,14211,ERIE,Discontinued,"October 27, 1994","November 22, 1998","November 22, 1998",NONE,,,unknown,yes
022183,Pharmacy,"RITE AID OF NEW YORK, INC.",RITE AID PHARMACY #3696,1370 BROADWAY ST. BUFFALO NY 14212-1851,1370 BROADWAY ST,. BUFFALO,14212,ERIE,Discontinued,"August 11, 1994","December 21, 1998","December 21, 1998",NONE,,,unknown,yes
014394,Pharmacy,"RITE AID OF NEW YORK, INC.",RITE AID PHARMACY #870,LAKE & SULLIVAN STS. ELMIRA NY 14901,LAKE & SULLIVAN STS.,ELMIRA,14901,CHEMUNG,Discontinued,"April 28, 1975","April 25, 1995","April 25, 1995",NONE,23,county wholly in NY-23,yes,yes
007473,Pharmacy,"RITE AID OF NEW YORK, INC.",RITE AID PHARMACY #680,YOUNGMAN PLAZA 706 YOUNG ST. TONAWANDA NY 14150,YOUNGMAN PLAZA 706 YOUNG ST,. TONAWANDA,14150,ERIE,Discontinued,"April 28, 1975","July 19, 1996","July 19, 1996",NONE,,,unknown,yes
016148,Pharmacy,"RITE AID OF NEW YORK, INC.",RITE AID PHARMACY #492,TOPS S/C 801 LAKE ST. ELMIRA NY 14901,TOPS S/C 801 LAKE ST,. ELMIRA,14901,CHEMUNG,Discontinued,"July 03, 1978","July 20, 1998","July 20, 1998",NONE,23,county wholly in NY-23,yes,yes
018850,Pharmacy,"RITE AID OF NEW YORK, INC.",RITE AID PHARMACY #1676,600 WALDEN AVE. CORNER BAILEY BUFFALO NY 14211,600 WALDEN AVE,. CORNER BAILEY BUFFALO,14211,ERIE,Discontinued,"November 01, 1985","October 04, 1995","October 04, 1995",NONE,,,unknown,yes
013466,Pharmacy,"RITE AID OF NEW YORK, INC.",RITE AID PHARMACY #577,"C/O PHARMACY 941 STATE RTE 17C, BOX 26 OWEGO NY 13827-4819",941 STATE RTE 17C,", BOX 26 OWEGO",13827,TIOGA,Transfer,"April 28, 1975","August 03, 2007","August 03, 2007",028520,23,county wholly in NY-23,yes,yes
014510,Pharmacy,"RITE AID OF NEW YORK, INC.",RITE AID PHARMACY #678,3041 NIAGARA FALLS BLVD. AMHERST NY 14228,3041 NIAGARA FALLS BLVD,. AMHERST,14228,NIAGARA,Discontinued,"April 28, 1975","October 05, 1994","October 05, 1994",NONE,,,unknown,yes
020608,Pharmacy,"RITE AID OF NEW YORK, INC.",RITE AID PHARMACY #2552,438 SOUTH PARK AVE. BUFFALO NY 14203,438 SOUTH PARK AVE,. BUFFALO,14203,ERIE,Discontinued,"May 14, 1990","April 16, 2001","April 16, 2001",NONE,,,unknown,yes
019488,Pharmacy,"RITE AID OF NEW YORK, INC.",RITE AID PHARMACY #1907,AIRPORT PLAZA SHPPNG CTR 4190 UNION RD. CHEEKTOWAGA NY 14225,AIRPORT PLAZA SHPPNG CTR 4190 UNION RD,. CHEEKTOWAGA,14225,ERIE,Discontinued,"July 17, 1987","July 19, 1996","July 19, 1996",NONE,,,unknown,yes
031433,Pharmacy,"WAL-MART STORES EAST, LP",WAL-MART PHARMACY,886 NIAGARA FALLS BLVD. NORTH TONAWANDA NY 14120,886 NIAGARA FALLS BLVD,. NORTH TONAWANDA,14120,NIAGARA,Active,"August 06, 2012","April 30, 2028",,NONE,26,Census batch geocode + point-in-district,no,yes
035739,Pharmacy,"WALGREEN EASTERN CO., INC.",WALGREENS SPECIALTY PHARMACY #16563,1010 MAIN ST. SUITE 100 BUFFALO NY 14202,1010 MAIN ST,. BUFFALO,14202,ERIE,Active,"October 06, 2017","July 31, 2028",,NONE,26,geocoded earlier,no,yes
021517,Pharmacy,XXXXXXXXXXXXXXXXXXXXXX,XXXXXXXXXXXXXXXXXXXXXXXXXXXXX,XXXXXXXXXXXXXXXXX XXXXXXXXXXXXXXXX NY 14304,XXXXXXXXXXXXXXXXX,XXXXXXXXXXXXXXXX,14304,NIAGARA,Not Active,Not On File,"May 17, 1993","May 17, 1993",NONE,,,unknown,yes
020461,Wholesaler/Repacker,XXXXXXXXXXXXXXXXXXXXXXXXXXXXXXX,,XXXXXXXXXXXXXXXXXXX XXXXXXXXXX NY 14901,XXXXXXXXXXXXXXXXXXX,XXXXXXXXXX,14901,CHEMUNG,Not Active,Not On File,"June 15, 1990","June 15, 1990",NONE,23,county wholly in NY-23,yes,no
