piid,mod,signed,effective,completion,obligated,total_obligated,total_base_all,contracting_office,funding_office,pop_state,pop_city,pop_county,pop_zip,pop_cd,vendor,vendor_state,psc,psc_desc,naics,naics_desc,description,initiative,action_type
36C25022C0187,P00001,2025-01-21,2022-09-19,2025-01-21,-229320.00,13020.00,13020.00,250-NETWORK CONTRACT OFFICE 10 (36C250),583-INDIANAPOLIS(00583),IN,INDIANAPOLIS,MARION,462022375,07,INDEPENDENT ELEVATOR LLC,,C1DA,ARCHITECT AND ENGINEERING- CONSTRUCTION: HOSPITALS AND INFIRMARIES,541330,ENGINEERING SERVICES,"AE UPGRADE A WING AND D WING ELEVATORS - COMMISSIONING - 583-22-101
(TERMINATION FOR CONVENIENCE)",,DEFINITIVE CONTRACT
36C25519F0229,P00003,2025-01-21,2019-07-22,2024-12-16,-294704.80,0.00,0.00,255-NETWORK CONTRACT OFFICE 15 (36C255),589 KAN WESTERN ORBIT,VA,CHANTILLY,FAIRFAX,201513744,11,"FOUR POINTS TECHNOLOGY, L.L.C.",,6515,"MEDICAL AND SURGICAL INSTRUMENTS, EQUIPMENT, AND SUPPLIES",541519,OTHER COMPUTER RELATED SERVICES,TERMINATE FOR CONVENIENCE OF THE GOVERNMENT DUE TO THE FACILITY NO LONGER REQUIRING EQUIPMENT DUE INCOMPATIBILITY.,,DELIVERY ORDER
36C10X24C0035,P00001,2025-01-22,2024-09-30,2025-09-29,0.00,289778.00,289778.00,SAC FREDERICK (36C10X),SAC FREDERICK (36C10X),LA,NEW ORLEANS,JEFFERSON,701232837,01,EMPLOYMENT LEARNING INNOVATIONS INC,,R499,SUPPORT- PROFESSIONAL: OTHER,611430,PROFESSIONAL AND MANAGEMENT DEVELOPMENT TRAINING,NOTICE OF TERMINATION FOR CONVENIENCE.,,DEFINITIVE CONTRACT
36C25924P1484,P00001,2025-01-23,2024-09-27,2024-12-24,-24586.10,0.00,0.00,NETWORK CONTRACT OFFICE 19 (36C259),575-GRAND JUNCTION (00575),FL,JACKSONVILLE,DUVAL,322189434,04,"VETERANS HEALTHCARE SUPPLY SOLUTIONS, INC",,6530,"HOSPITAL FURNITURE, EQUIPMENT, UTENSILS, AND SUPPLIES",339113,SURGICAL APPLIANCE AND SUPPLIES MANUFACTURING,TERMINATION OF EXAM CHAIRS CONTRACT DUE TO ALL PARTIES DETERMINING THE INCORRECT EQUIPMENT THAT DIDN'T MEET THE FACILITY NEEDS WERE ORDERED,,PURCHASE ORDER
36C10B25F0054,P00001,2025-01-24,2025-01-01,2025-01-24,-745662.29,69363.94,69363.94,TECHNOLOGY ACQUISITION CENTER NJ (36C10B),TECHNOLOGY ACQUISITION CENTER NJ (36C10B),UT,LOGAN,CACHE,843214794,01,"CENTEVA, LLC",,DA01,IT AND TELECOM - BUSINESS APPLICATION/APPLICATION DEVELOPMENT SUPPORT SERVICES (LABOR),541611,ADMINISTRATIVE MANAGEMENT AND GENERAL MANAGEMENT CONSULTING SERVICES,TERMINATION FOR CONVENIENCE AND DE-OBLIGATION. OPAL TIER 1 ACQUISITION SYSTEMS SUPPORT.,,DELIVERY ORDER
36C24924P0435,P00001,2025-01-24,2024-03-15,2024-10-31,-15375.00,0.00,0.00,249-NETWORK CONTRACT OFFICE 9 (36C249),596-LEXINGTON(00596),KY,LOUISVILLE,JEFFERSON,402061940,03,"ROBERT HARAGAN, INC.",,6636,ENVIRONMENTAL CHAMBERS AND RELATED EQUIPMENT,333413,INDUSTRIAL AND COMMERCIAL FAN AND BLOWER AND AIR PURIFICATION EQUIPMENT MANUFACTURING,TERMINATION FOR CONVENIENCE,,PURCHASE ORDER
36C25924F0434,P00001,2025-01-24,2024-07-17,2025-02-21,-12654.86,0.00,0.00,NETWORK CONTRACT OFFICE 19 (36C259),554-DENVER (00554),VA,ALEXANDRIA,ALEXANDRIA CITY,223053216,08,"KELLY COVE, INC.",,6515,"MEDICAL AND SURGICAL INSTRUMENTS, EQUIPMENT, AND SUPPLIES",339113,SURGICAL APPLIANCE AND SUPPLIES MANUFACTURING,PROS LIFT,,DELIVERY ORDER
36C77623C0029,P00001,2025-01-24,2023-02-13,2024-05-30,-391784.66,71891.50,172270.07,PCAC (36C776),626-NASHVILLE (00626),GA,ATLANTA,FULTON,303180508,05,TOLAND MIZELL MOLNAR LLC,,C1DA,ARCHITECT AND ENGINEERING- CONSTRUCTION: HOSPITALS AND INFIRMARIES,541330,ENGINEERING SERVICES,TERMINATION FOR CONVENIENCE FOR THE SEISMIC REQUIREMENT AT THE POPLAR BLUFF VAMC.,,DEFINITIVE CONTRACT
36C24424N1190,P00001,2025-01-28,2024-09-27,2025-01-28,-40046.60,0.00,0.00,244-NETWORK CONTRACT OFFICE 4 (36C244),VETERANS HEALTH ADMINISTRATION,PA,LEBANON,LEBANON,170427529,09,"PROAIM AMERICAS, LLC.",,J065,"MAINT/REPAIR/REBUILD OF EQUIPMENT- MEDICAL, DENTAL, AND VETERINARY EQUIPMENT AND SUPPLIES",811210,ELECTRONIC AND PRECISION EQUIPMENT REPAIR AND MAINTENANCE,TERMINATE FOR CONVENIENCE (COMPLETE) - ZEISS EYE EQUIPMENT PM&R,,BPA CALL
36C24724P1042,P00001,2025-01-28,2024-07-18,2024-11-15,-204000.00,0.00,0.00,247-NETWORK CONTRACT OFFICE 7 (36C247),508-ATLANTA (00508)(36C508),CA,IRVINE,ORANGE,926145688,47,EDWARDS LIFESCIENCES LLC,,6515,"MEDICAL AND SURGICAL INSTRUMENTS, EQUIPMENT, AND SUPPLIES",339112,SURGICAL AND MEDICAL INSTRUMENT MANUFACTURING,TERMINATION FOR CONVENIENCE,EO: RADICAL TRANSPARENCY ABOUT WASTEFUL SPENDING,PURCHASE ORDER
36C24425N0338,P00001,2025-01-29,2025-01-03,2025-01-29,-63554.29,0.00,0.00,244-NETWORK CONTRACT OFFICE 4 (36C244),642-PHILADELPHIA (00642)(36C642),PA,PHILADELPHIA,PHILADELPHIA,191044551,03,MARATHON MEDICAL CORPORATION,,J065,"MAINT/REPAIR/REBUILD OF EQUIPMENT- MEDICAL, DENTAL, AND VETERINARY EQUIPMENT AND SUPPLIES",333318,OTHER COMMERCIAL AND SERVICE INDUSTRY MACHINERY MANUFACTURING,TERMINATION FOR CONVENIENCE,,DELIVERY ORDER
36C24523D0131,P00001,2025-01-29,2023-09-25,,0.00,0.00,6034510.59,245-NETWORK CONTRACT OFFICE 5 (36C245),VISN 05-VETERANS INTEGRATED(36C482),,,,,,THE ARBINGER COMPANY,,L069,TECHNICAL REPRESENTATIVE- TRAINING AIDS AND DEVICES,611430,PROFESSIONAL AND MANAGEMENT DEVELOPMENT TRAINING,TERMINATION FOR CONVENIENCE,,IDC
36C24524N0093,P00004,2025-01-29,2023-11-10,2025-01-28,0.00,1020523.20,1020523.20,245-NETWORK CONTRACT OFFICE 5 (36C245),688-WASHINGTON DC (00688)(36C688),DC,WASHINGTON,DISTRICT OF COLUMBIA,204220003,98,THE ARBINGER COMPANY,,L069,TECHNICAL REPRESENTATIVE- TRAINING AIDS AND DEVICES,611430,PROFESSIONAL AND MANAGEMENT DEVELOPMENT TRAINING,TERMINATION FOR CONVENIENCE,EO: RADICAL TRANSPARENCY ABOUT WASTEFUL SPENDING,DELIVERY ORDER
36C25722F0129,P00003,2025-01-29,2022-09-06,2025-01-29,0.00,42187.60,42187.60,257-NETWORK CONTRACT OFFICE 17 (36C257),674-TEMPLE (00674),TX,TEMPLE,BELL,765047115,31,"EBSCO INDUSTRIES, INC.",,DH10,"IT AND TELECOM - PLATFORM AS A SERVICE: DATABASE, MAINFRAME, MIDDLEWARE",511120,PERIODICAL PUBLISHERS,SWRC & LGBTQ+ DATABASE SUBSCRIPTION,,DELIVERY ORDER
36C10F24C50013,P00001,2025-01-30,2024-08-14,2025-06-10,0.00,416917.86,416917.86,OFFICE OF CONSTRUCTION &  FACILITIES MGMT (36C10F),OFFICE OF CONSTRUCTION &  FACILITIES MGMT (36C10F),TX,DALLAS,DALLAS,752167167,30,FFE ENVIRONMENTAL SERVICES INC,,C219,ARCHITECT AND ENGINEERING- GENERAL: OTHER,541330,ENGINEERING SERVICES,NOTICE OF TERMINATION FOR CONVENIENCE. 'EO: RADICAL TRANSPARENCY ABOUT WASTEFUL SPENDING'.,EO: RADICAL TRANSPARENCY ABOUT WASTEFUL SPENDING,DEFINITIVE CONTRACT
36C24224P0978,P00001,2025-01-30,2024-05-01,2025-01-31,-22666.56,68000.10,68000.10,242-NETWORK CONTRACT OFFICE 02 (36C242),242-NETWORK CONTRACT OFFICE 02 (36C242),NY,BUFFALO,ERIE,142151129,26,MAINTENANCE MATRIX LLC,,J065,"MAINT/REPAIR/REBUILD OF EQUIPMENT- MEDICAL, DENTAL, AND VETERINARY EQUIPMENT AND SUPPLIES",811210,ELECTRONIC AND PRECISION EQUIPMENT REPAIR AND MAINTENANCE,TERMINATE FOR CONVENIENCE (COMPLETE OR PARTIAL),EO: RADICAL TRANSPARENCY ABOUT WASTEFUL SPENDING,PURCHASE ORDER
36C25624N0940,P00001,2025-01-30,2024-06-18,2024-09-13,-52826.34,0.00,0.00,256-NETWORK CONTRACT OFFICE 16 (36C256),564-FAYETTEVILLE (00564),OH,MENTOR,LAKE,440601834,14,STERIS CORPORATION,,6515,"MEDICAL AND SURGICAL INSTRUMENTS, EQUIPMENT, AND SUPPLIES",339112,SURGICAL AND MEDICAL INSTRUMENT MANUFACTURING,DELIVERY AND INSTALLATION OF SONIC IRRIGATORS,,DELIVERY ORDER
36C26221P1356,P00001,2025-01-30,2021-07-06,2022-05-26,-17953.77,0.00,0.00,262-NETWORK CONTRACT OFFICE 22 (36C262),605-VA LOMA LINDA HLTHCR SYS(00605),WA,ALGONA,KING,980017408,09,"HOMECARE PRODUCTS, INC.",,6532,HOSPITAL AND SURGICAL CLOTHING AND RELATED SPECIAL PURPOSE ITEMS,339113,SURGICAL APPLIANCE AND SUPPLIES MANUFACTURING,PROSTHETICS:VERTICAL PLATFORM LIFT,,PURCHASE ORDER
36C26221P1746,P00001,2025-01-30,2021-08-30,2025-01-30,-13105.00,0.00,0.00,262-NETWORK CONTRACT OFFICE 22 (36C262),600-VA LONG BEACH HLTCAR SYS(00600),CA,ANAHEIM,ORANGE,928072517,40,"AERO MOBILITY, INC.",,6515,"MEDICAL AND SURGICAL INSTRUMENTS, EQUIPMENT, AND SUPPLIES",339113,SURGICAL APPLIANCE AND SUPPLIES MANUFACTURING,PROSTHETICS:VEHICLE CONVERSION,,PURCHASE ORDER
36C26221P1775,P00001,2025-01-30,2021-09-02,2022-09-29,-13542.09,0.00,0.00,262-NETWORK CONTRACT OFFICE 22 (36C262),600-VA LONG BEACH HLTCAR SYS(00600),MD,BALTIMORE,BALTIMORE CITY,212312819,07,"RESTORATIVE THERAPIES, INC.",,6515,"MEDICAL AND SURGICAL INSTRUMENTS, EQUIPMENT, AND SUPPLIES",339113,SURGICAL APPLIANCE AND SUPPLIES MANUFACTURING,PROSTHETICS:EXERCISE EQUIPMENT,,PURCHASE ORDER
36C26221P1908,P00001,2025-01-30,2021-09-21,2025-01-30,-21950.00,0.00,0.00,262-NETWORK CONTRACT OFFICE 22 (36C262),600-VA LONG BEACH HLTCAR SYS(00600),CA,ANAHEIM,ORANGE,928072517,40,"AERO MOBILITY, INC.",,6515,"MEDICAL AND SURGICAL INSTRUMENTS, EQUIPMENT, AND SUPPLIES",339113,SURGICAL APPLIANCE AND SUPPLIES MANUFACTURING,PROSTHETICS:VAN CONVERSION,,PURCHASE ORDER
36C26224P2225,P00001,2025-01-30,2024-09-06,2024-12-20,-130000.00,0.00,520000.00,262-NETWORK CONTRACT OFFICE 22 (36C262),644-PHOENIX (00644),NY,NEWBURGH,ORANGE,125504207,18,RONRUN L.L.C.,,6515,"MEDICAL AND SURGICAL INSTRUMENTS, EQUIPMENT, AND SUPPLIES",339112,SURGICAL AND MEDICAL INSTRUMENT MANUFACTURING,CATHETER,,PURCHASE ORDER
36C24621C0006,P00003,2025-01-31,2020-12-21,2023-06-30,-475959.64,202760.36,202760.36,246-NETWORK CONTRACTING OFFICE 6 (36C246),637-ASHEVILLE (00637)(36C637),NC,ASHEVILLE,BUNCOMBE,288154505,11,TOLAND MIZELL MOLNAR LLC,,C1DZ,ARCHITECT AND ENGINEERING- CONSTRUCTION: OTHER HOSPITAL BUILDINGS,541310,ARCHITECTURAL SERVICES,TERMINATE FOR CONVENIENCE,,DEFINITIVE CONTRACT
36C24923C0096,P00001,2025-01-31,2023-08-30,2025-01-16,-340945.67,17603.33,17603.33,249-NETWORK CONTRACT OFFICE 9 (36C249),621-MOUNTAIN HOME (00621),TN,JOHNSON CITY,WASHINGTON,376041714,01,CONTEGO ENVIRONMENTAL LLC,,Z1DZ,MAINTENANCE OF OTHER HOSPITAL BUILDINGS,236220,COMMERCIAL AND INSTITUTIONAL BUILDING CONSTRUCTION,"621-23-126 - INSTALL SPS WATER FILTRATION SYSTEM AT THE JAMES H. QUILLEN VA MEDICAL CENTER, MT. HOME, TN.",,DEFINITIVE CONTRACT
36C25723F0016,P00003,2025-01-31,2022-12-17,2027-12-16,0.00,628114.00,1073314.00,257-NETWORK CONTRACT OFFICE 17 (36C257),549-DALLAS (00549),AL,BIRMINGHAM,SHELBY,352426818,06,"EBSCO INDUSTRIES, INC.",,7630,NEWSPAPERS AND PERIODICALS,511120,PERIODICAL PUBLISHERS,PARTIALLY TERMINATION FOR GOVERNMENT CONVENIENCE,EO: RADICAL TRANSPARENCY ABOUT WASTEFUL SPENDING,DELIVERY ORDER
36C25724P0597,P00001,2025-01-31,2024-09-23,2025-02-13,-26030.80,1625.00,1625.00,257-NETWORK CONTRACT OFFICE 17 (36C257),504-AMARILLO (00504),TX,AMARILLO,POTTER,791064019,13,"WL CONCEPTS & PRODUCTION, INC",,7195,MISCELLANEOUS FURNITURE AND FIXTURES,337215,"SHOWCASE, PARTITION, SHELVING, AND LOCKER MANUFACTURING",TERMINATE FOR CONVENIENCE - MUSEUM DISPLAY CASES AND DECOR (AMA),EO: RADICAL TRANSPARENCY ABOUT WASTEFUL SPENDING,PURCHASE ORDER
36C10X23N0165,P00004,2025-02-05,2023-09-29,2024-09-28,-2216715.28,2189643.72,2189643.72,SAC FREDERICK (36C10X),SAC FREDERICK (36C10X),VA,ALEXANDRIA,ALEXANDRIA CITY,223043909,08,"GREEN-GATE TECHNOLOGY, INC",,R408,SUPPORT- PROFESSIONAL: PROGRAM MANAGEMENT/SUPPORT,541611,ADMINISTRATIVE MANAGEMENT AND GENERAL MANAGEMENT CONSULTING SERVICES,"TERMINATION FOR CONVENIENCE.  THIS TERMINATION WAS NOT A RESULT OF THE 'EO: RADICAL TRANSPARENCY ABOUT WASTEFUL SPENDING', AS SUCH THE INITIATIVE IS NOT SELECTED.",,DELIVERY ORDER
36C25024N0893,P00001,2025-02-05,2024-09-26,2025-02-05,-138519.00,12591.00,12591.00,250-NETWORK CONTRACT OFFICE 10 (36C250),539-CINCINNATI (00539),OH,CINCINNATI,HAMILTON,452202213,01,"CALVARY CONTRACTING, INC.",,Z1DA,MAINTENANCE OF HOSPITALS AND INFIRMARIES,236220,COMMERCIAL AND INSTITUTIONAL BUILDING CONSTRUCTION,"539-24-502
UPDATE PRECAST PANEL MISSION STATEMENT
TERMINATIONS FOR CONVENIENCE (T4C)",,DELIVERY ORDER
36C25925P0245,P00001,2025-02-05,2024-12-30,2025-02-10,-44685.98,0.00,0.00,NETWORK CONTRACT OFFICE 19 (36C259),HEALTH REVENUE CENTER (00702),TX,SAN ANTONIO,BEXAR,782321328,21,"DESIGN BUILD CONSORTIUM, LLC",,6150,MISCELLANEOUS ELECTRIC POWER AND DISTRIBUTION EQUIPMENT,335311,"POWER, DISTRIBUTION, AND SPECIALTY TRANSFORMER MANUFACTURING",UPS REPLACEMENT BATTERIES (12HX300-FR AND 12HX400-FR) WITH INSTALLATION - TERMINATION FOR CONVENIENCE,EO: RADICAL TRANSPARENCY ABOUT WASTEFUL SPENDING,PURCHASE ORDER
36A79722N0054,P00004,2025-02-06,2022-01-06,2025-02-06,-1942142.00,0.00,0.00,NAC HIGH TECH ORDERS (36A797),NAC HIGH TECH ORDERS (36A797),WI,WAUKESHA,WAUKESHA,531881615,05,GE PRECISION HEALTHCARE LLC,,6525,"IMAGING EQUIPMENT AND SUPPLIES: MEDICAL, DENTAL, VETERINARY",334517,IRRADIATION APPARATUS MANUFACTURING,"XR MRI
663B13008
VAMC EVERETT WA
REQUIREMENT: THIS UNILATERAL MODIFICATION IS ISSUED PER THE CUSTOMER'S REQUEST AND THE VENDOR'S CONCURRENCE TO TERMINATE THIS ORDER IN ITS ENTIRETY DUE TO THE CONVENIENCE OF THE GOVERNMENT.",,DELIVERY ORDER
36C10X20C0062,P00006,2025-02-06,2020-08-27,2025-02-06,0.00,178202.00,178202.00,SAC FREDERICK (36C10X),SAC FREDERICK (36C10X),VA,ARLINGTON,ARLINGTON,222091800,08,"POLITICO, LLC",,T099,PHOTO/MAP/PRINT/PUBLICATION- OTHER,519130,INTERNET PUBLISHING AND BROADCASTING AND WEB SEARCH PORTALS,TERMINATE FOR CONVENIENCE,EO: RADICAL TRANSPARENCY ABOUT WASTEFUL SPENDING,DEFINITIVE CONTRACT
36C10X24A0015,P00001,2025-02-06,2024-08-21,,0.00,0.00,1130244.25,SAC FREDERICK (36C10X),SAC FREDERICK (36C10X),,,,,,"CPS PROFESSIONAL SERVICES, LLC",,R408,SUPPORT- PROFESSIONAL: PROGRAM MANAGEMENT/SUPPORT,541611,ADMINISTRATIVE MANAGEMENT AND GENERAL MANAGEMENT CONSULTING SERVICES,TERMINATION FOR CONVENIENCE - VIRTUAL HOST SERVICES,,BPA
36C10X24F0095,P00001,2025-02-06,2024-08-26,2024-10-31,-234088.70,0.00,0.00,SAC FREDERICK (36C10X),SAC FREDERICK (36C10X),MD,FREDERICK,FREDERICK,217032817,06,"CPS PROFESSIONAL SERVICES, LLC",,R408,SUPPORT- PROFESSIONAL: PROGRAM MANAGEMENT/SUPPORT,541611,ADMINISTRATIVE MANAGEMENT AND GENERAL MANAGEMENT CONSULTING SERVICES,VIRTUAL HOST SERVICES,,BPA CALL
36C24E21P0034,P00001,2025-02-06,2021-02-08,2022-02-07,-877.78,9830.90,9830.90,RPO EAST (36C24E),635-OKLAHOMA CITY (00635),MD,GERMANTOWN,MONTGOMERY,208741415,06,"QIAGEN, LLC",,AJ12,GENERAL SCIENCE AND TECHNOLOGY R&D SERVICES; GENERAL SCIENCE AND TECHNOLOGY; APPLIED RESEARCH,541380,TESTING LABORATORIES AND SERVICES,GENOMICS SEQUENCING SERVICES,,PURCHASE ORDER
36C26222P0147,P00001,2025-02-06,2021-11-02,2025-02-06,-21000.00,0.00,0.00,262-NETWORK CONTRACT OFFICE 22 (36C262),600-VA LONG BEACH HLTCAR SYS(00600),NH,PORTSMOUTH,ROCKINGHAM,038013251,01,NOVOCURE INC.,,6515,"MEDICAL AND SURGICAL INSTRUMENTS, EQUIPMENT, AND SUPPLIES",339113,SURGICAL APPLIANCE AND SUPPLIES MANUFACTURING,PROISTHETICS:OPTUNE PLUS TRANSDUCERS,,PURCHASE ORDER
36C26222P0274,P00001,2025-02-06,2021-11-29,2025-02-06,-13098.00,0.00,0.00,262-NETWORK CONTRACT OFFICE 22 (36C262),664-SAN DIEGO HEALTHCARE SYS(00664),CA,BRENTWOOD,CONTRA COSTA,945131056,10,"LIFT & TRANSFER SPECIALISTS, INC.",,6515,"MEDICAL AND SURGICAL INSTRUMENTS, EQUIPMENT, AND SUPPLIES",339113,SURGICAL APPLIANCE AND SUPPLIES MANUFACTURING,PROSTHETICS:CEILING LIFT,,PURCHASE ORDER
36C10G22D0014,P00006,2025-02-07,2022-08-01,,0.00,2000.00,50000000.00,STRATEGIC ACQUISITION CENTER FREDERICKSBURG (36C10G),STRATEGIC ACQUISITION CENTER FREDERICKSBURG (36C10G),,,,,,SDV OFFICE SYSTEMS LLC,,4610,WATER PURIFICATION EQUIPMENT,333318,OTHER COMMERCIAL AND SERVICE INDUSTRY MACHINERY MANUFACTURING,"TERMINATION FOR THE GOVERNMENT'S CONVENIENCE, PARTIAL- TERMINATE CLIN/SLINS 2005, 2006, 2008AC, 2008AI, 3005, 3006, 3008AC, 3008AI, 4005, 4006, 4008AC, AND 4008AI.",,IDC
36C10X24P0056,P00002,2025-02-07,2024-06-12,2025-01-23,0.00,10600.00,10600.00,SAC FREDERICK (36C10X),SAC FREDERICK (36C10X),MD,ROCKVILLE,MONTGOMERY,208528758,08,OUT & EQUAL,,U005,EDUCATION/TRAINING- TUITION/REGISTRATION/MEMBERSHIP FEES,611430,PROFESSIONAL AND MANAGEMENT DEVELOPMENT TRAINING,THE PURPOSE OF THIS MODIFICATION IS TO EXECUTE A COMPLETE TERMINATION FOR CONVENIENCE IN ACCORDANCE WITH FAR 52.212-4(L) FOR OUT & EQUAL GOVERNMENT PLUS MEMBERSHIP FOR VA OFFICE OF THE SECRETARY.,,PURCHASE ORDER
36C10X22P0008,P00004,2025-02-10,2021-12-01,2025-02-10,0.00,5162.50,16412.50,SAC FREDERICK (36C10X),SAC FREDERICK (36C10X),CA,MENLO PARK,SAN MATEO,940254737,16,"MIND GARDEN, INC",,Q519,BEHAVIORAL AND MENTAL HEALTH,511130,BOOK PUBLISHERS,"VHA PSYCHOLOGICAL ASSESSMENTS
MOD. TO EXERCISE OPTION PERIOD 3 (CLIN 3001) $2,500.00",,PURCHASE ORDER
36C24823N0828,P00001,2025-02-10,2023-06-30,2023-09-30,-7460.60,0.00,0.00,248-NETWORK CONTRACT OFFICE 8 (36C248),673-TAMPA(00673)(36C673),IL,LINCOLNSHIRE,LAKE,600694325,10,"SYSMEX AMERICA, INC.",,6640,LABORATORY EQUIPMENT AND SUPPLIES,334516,ANALYTICAL LABORATORY INSTRUMENT MANUFACTURING,THIS IS A COMPLETE TERMINATION FOR CONVENIENCE AND NO COST SETTLEMENT AGREEMENT OF THE ORDER.,,BPA CALL
36C24425P0301,P00001,2025-02-11,2025-02-07,2025-02-11,-727121.10,0.00,0.00,244-NETWORK CONTRACT OFFICE 4 (36C244),646-PITTSBURGH (00646)(36C646),OR,NEWBERG,YAMHILL,971329528,06,A-DEC INC,,6520,"DENTAL INSTRUMENTS, EQUIPMENT, AND SUPPLIES",339114,DENTAL EQUIPMENT AND SUPPLIES MANUFACTURING,TERMINATION FOR CONVENIENCE: A-DEC DENTAL CHAIRS AND ACCESSORIES,,PURCHASE ORDER
36C24824P0850,P00001,2025-02-12,2024-02-29,2025-02-28,-24500.00,0.00,0.00,248-NETWORK CONTRACT OFFICE 8 (36C248),248-NETWORK CONTRACT OFFICE 8 (36C248),FL,PALM BEACH GARDENS,PALM BEACH,334101138,21,"FLORIDA STERLING COUNCIL, INC.",,R420,SUPPORT- PROFESSIONAL: CERTIFICATIONS AND ACCREDITATIONS (OTHER THAN EDUC OR INFO TECH C&A),813920,PROFESSIONAL ORGANIZATIONS,STERLING MANAGEMENT CERTIFICATION,,PURCHASE ORDER
36C10B23F0137,P00003,2025-02-13,2023-06-01,2026-03-31,-76170.24,23976289.12,24052459.36,TECHNOLOGY ACQUISITION CENTER NJ (36C10B),TECHNOLOGY ACQUISITION CENTER NJ (36C10B),FL,JUNO BEACH,PALM BEACH,334082478,21,DOCUMENT STORAGE SYSTEMS INC,,DA01,IT AND TELECOM - BUSINESS APPLICATION/APPLICATION DEVELOPMENT SUPPORT SERVICES (LABOR),611420,COMPUTER TRAINING,TERMINATION FOR CONVENIENCE OF OPTIONAL TASK 1.,EO: RADICAL TRANSPARENCY ABOUT WASTEFUL SPENDING,DELIVERY ORDER
36C10X23C0021,P00006,2025-02-13,2023-04-05,2025-02-13,0.00,7355176.39,9951897.33,SAC FREDERICK (36C10X),SAC FREDERICK (36C10X),MA,BOSTON,SUFFOLK,021082503,08,"TECHNICAL ASSISTANCE COLLABORATIVE, INC.",,R410,SUPPORT- PROFESSIONAL: PROGRAM EVALUATION/REVIEW/DEVELOPMENT,624229,OTHER COMMUNITY HOUSING SERVICES,HPO TECHNICAL ASSISTANCE AND STRATEGIC PLANNING SUPPORT (VA-23-00027579),,DEFINITIVE CONTRACT
36C10X23N0126,P00006,2025-02-13,2023-08-14,2026-02-13,0.00,2282705.94,8878769.94,SAC FREDERICK (36C10X),SAC FREDERICK (36C10X),MD,FREDERICK,FREDERICK,217026440,06,"MANAGEMENT SUPPORT TECHNOLOGY, INCORPORATED",,R410,SUPPORT- PROFESSIONAL: PROGRAM EVALUATION/REVIEW/DEVELOPMENT,541611,ADMINISTRATIVE MANAGEMENT AND GENERAL MANAGEMENT CONSULTING SERVICES,NOTICE OF TERMINATION OF CONVENIENCE | EO: RADICAL TRANSPARENCY ABOUT WASTEFUL SPENDING,EO: RADICAL TRANSPARENCY ABOUT WASTEFUL SPENDING,DELIVERY ORDER
36C10X24F0031,P00005,2025-02-13,2024-09-29,2025-02-13,0.00,17191369.00,17328040.61,SAC FREDERICK (36C10X),SAC FREDERICK (36C10X),VA,FALLS CHURCH,FAIRFAX,220422730,08,COGNOSANTE LLC,,R410,SUPPORT- PROFESSIONAL: PROGRAM EVALUATION/REVIEW/DEVELOPMENT,541611,ADMINISTRATIVE MANAGEMENT AND GENERAL MANAGEMENT CONSULTING SERVICES,VHA HIGH RELIABILITY ORGANIZATION (HRO) SUPPORT SERVICES BLANKET PURCHASE AGREEMENT: CALL 6 FOR HRO LEADERSHIP TRAINING/COACHING SUPPORT - P00005 TERMINATE FOR CONVENIENCE PER DOGE,EO: RADICAL TRANSPARENCY ABOUT WASTEFUL SPENDING,BPA CALL
36C24624P0744,P00002,2025-02-13,2024-04-01,2024-07-23,-76634.80,12915.20,12915.20,246-NETWORK CONTRACTING OFFICE 6 (36C246),658-SALEM (00658)(36C658),MS,GULFPORT,HARRISON,395014814,04,RAS ENTERPRISES LLC,,6835,MEDICAL GASES,325120,INDUSTRIAL GAS MANUFACTURING,LIQUID BULK-OXYGEN TERMINATION FOR CONVENIENCE,,PURCHASE ORDER
36C24822N0551,P00004,2025-02-13,2022-07-13,2025-02-06,-334194.73,710230.25,710230.27,248-NETWORK CONTRACT OFFICE 8 (36C248),VETERANS HEALTH ADMINISTRATION,FL,TAMPA,HILLSBOROUGH,336125500,15,"AKEA DESIGN, INC",,C1DA,ARCHITECT AND ENGINEERING- CONSTRUCTION: HOSPITALS AND INFIRMARIES,541330,ENGINEERING SERVICES,"A&E DESIGN SERVICES TO RENOVATE PENTHOUSE AND REPLACE AHUS. MODIFICATION P00003 IS A NO COST TIME EXTENSION WHICH WILL ADD 244 DAYS TO THE TASK ORDER FOR ADDITIONAL VERIFICATION AND 
THOROUGH DESIGN.",,DELIVERY ORDER
36C26322D0084,P00003,2025-02-14,2022-04-01,,0.00,0.00,821600.00,NETWORK CONTRACT OFFICE 23 (36C263),618-MINNEAPOLIS VA MED CTR (00618),,,,,,"DBP, INC.",,R603,SUPPORT- ADMINISTRATIVE: TRANSCRIPTION,561410,DOCUMENT PREPARATION SERVICES,TRANSCRIPTION SERVICES,,IDC
36C26324N0526,P00001,2025-02-14,2024-04-01,2025-03-31,-39294.65,10705.35,10705.35,NETWORK CONTRACT OFFICE 23 (36C263),618-MINNEAPOLIS VA MED CTR (00618),MN,MINNEAPOLIS,HENNEPIN,554172309,05,"DBP, INC.",,R603,SUPPORT- ADMINISTRATIVE: TRANSCRIPTION,561410,DOCUMENT PREPARATION SERVICES,TRANSCRIPTION SERVICES,,DELIVERY ORDER
36C10X24F0106,P00001,2025-02-18,2024-09-30,2025-01-23,-1325627.62,425298.81,425298.81,SAC FREDERICK (36C10X),SAC FREDERICK (36C10X),VA,CHANTILLY,FAIRFAX,201513255,11,PROMETHEUS FEDERAL SERVICES LLC,,R408,SUPPORT- PROFESSIONAL: PROGRAM MANAGEMENT/SUPPORT,541611,ADMINISTRATIVE MANAGEMENT AND GENERAL MANAGEMENT CONSULTING SERVICES,IDEA PROGRAM SUPPORT. TERMINATION FOR GOVERNMENT CONVENIENCE IAW FAR 52.212-4(L).,,DELIVERY ORDER
36C24925F0101,P00001,2025-02-18,2025-02-01,2030-01-31,-367515.20,0.00,0.00,249-NETWORK CONTRACT OFFICE 9 (36C249),626-NASHVILLE (00626),TN,NASHVILLE,DAVIDSON,372125824,07,SAFEGUARD SECURITY SOLUTIONS LLC,,S206,HOUSEKEEPING- GUARD,492210,LOCAL MESSENGERS AND LOCAL DELIVERY,UNARMED SECURITY GUARDS,,DELIVERY ORDER
36C24925P0340,P00001,2025-02-18,2025-02-14,2025-02-18,-12868.63,0.00,0.00,249-NETWORK CONTRACT OFFICE 9 (36C249),596-LEXINGTON(00596),KY,LONDON,LAUREL,407447580,05,ACCESS & MOBILITY ENTERPRISES INC,,6515,"MEDICAL AND SURGICAL INSTRUMENTS, EQUIPMENT, AND SUPPLIES",339113,SURGICAL APPLIANCE AND SUPPLIES MANUFACTURING,"TERMINATION FOR CONVENIENCE - VETERAN DIED. CLINICIAN PRESCRIBED VERTICAL PLATFORM LIFT (VPL) 53"" FOR VETERAN PATIENT.  INCLUDES DELIVERY, INSTALLATION, AND ON-SITE HOME INSTRUCTION. MODEL: VPL-3153",EO: RADICAL TRANSPARENCY ABOUT WASTEFUL SPENDING,PURCHASE ORDER
36C10X24F0081,P00002,2025-02-19,2024-07-12,2025-02-19,0.00,2448757.96,3953089.96,SAC FREDERICK (36C10X),SAC FREDERICK (36C10X),MD,FREDERICK,FREDERICK,217032817,06,"CPS PROFESSIONAL SERVICES, LLC",,U009,EDUCATION/TRAINING- GENERAL,541611,ADMINISTRATIVE MANAGEMENT AND GENERAL MANAGEMENT CONSULTING SERVICES,EXECUTIVE COACHING PROGRAM,EO: RADICAL TRANSPARENCY ABOUT WASTEFUL SPENDING,BPA CALL
36C10X24N0153,P00001,2025-02-19,2024-07-26,2025-02-19,0.00,672471.40,672471.40,SAC FREDERICK (36C10X),SAC FREDERICK (36C10X),MD,FREDERICK,FREDERICK,217038397,06,"RB CONSULTING, INC.",,R408,SUPPORT- PROFESSIONAL: PROGRAM MANAGEMENT/SUPPORT,541611,ADMINISTRATIVE MANAGEMENT AND GENERAL MANAGEMENT CONSULTING SERVICES,TERMINATION FOR CONVENIENCE. EO: RADICAL TRANSPARENCY ABOUT WASTEFUL SPENDING.,EO: RADICAL TRANSPARENCY ABOUT WASTEFUL SPENDING,DELIVERY ORDER
36C25024F0514,P00002,2025-02-19,2024-04-20,2025-02-19,0.00,2393.65,9574.60,250-NETWORK CONTRACT OFFICE 10 (36C250),506-ANN ARBOR (00506),MI,ANN ARBOR,WASHTENAW,481052303,06,"FOUR POINTS TECHNOLOGY, L.L.C.",,DA10,IT AND TELECOM - BUSINESS APPLICATION/APPLICATION DEVELOPMENT SOFTWARE AS A SERVICE,541519,OTHER COMPUTER RELATED SERVICES,ADOBE CONNECT MEETING SOFTWARE - TERMINATE FOR CONVENIENCE,EO: RADICAL TRANSPARENCY ABOUT WASTEFUL SPENDING,DELIVERY ORDER
36C10D23F0030,P00003,2025-02-20,2023-09-28,2025-02-20,0.00,4979543.35,4979543.35,VETERANS BENEFITS ADMIN (36C10D),VBA OFFICE OF AUTOMATED BENEFITS DELIVERY,DC,WASHINGTON,DISTRICT OF COLUMBIA,200061053,98,"SPREZZATURA MANAGEMENT CONSULTING, LLC",,R408,SUPPORT- PROFESSIONAL: PROGRAM MANAGEMENT/SUPPORT,541611,ADMINISTRATIVE MANAGEMENT AND GENERAL MANAGEMENT CONSULTING SERVICES,DIGITAL MODERNIZATION ANALYTICAL SUPPORT SERVICES TO - TERMINATION FOR CONVENIENCE,EO: RADICAL TRANSPARENCY ABOUT WASTEFUL SPENDING,DELIVERY ORDER
36C10D24F0070,P00001,2025-02-20,2024-09-30,2025-02-20,0.00,7174621.34,37513899.52,VETERANS BENEFITS ADMIN (36C10D),VBA OFFICE OF AUTOMATED BENEFITS DELIVERY,DC,WASHINGTON,DISTRICT OF COLUMBIA,200061053,98,"DYNAMIC INTEGRATED SERVICES, LLC",,R499,SUPPORT- PROFESSIONAL: OTHER,541611,ADMINISTRATIVE MANAGEMENT AND GENERAL MANAGEMENT CONSULTING SERVICES,TERMINATION FOR CONVENIENCE - STRATEGIC COMMUNICATION & CHANGE MANAGEMENT SERVICES - REINSTATED,EO: RADICAL TRANSPARENCY ABOUT WASTEFUL SPENDING,DELIVERY ORDER
36C24523C0026,P00002,2025-02-20,2023-09-29,2025-02-14,0.00,4895283.84,12611421.60,245-NETWORK CONTRACT OFFICE 5 (36C245),VHACO UNDERSECRETARY FOR HEALTH,DC,WASHINGTON,DISTRICT OF COLUMBIA,200061053,98,"ANDREW MORGAN CONSULTING, LLC",,R408,SUPPORT- PROFESSIONAL: PROGRAM MANAGEMENT/SUPPORT,541990,"ALL OTHER PROFESSIONAL, SCIENTIFIC, AND TECHNICAL SERVICES",OY 1 PROJECT MANAGEMENT SUPPORT SERVICES,,DEFINITIVE CONTRACT
36C24624F0037,P00005,2025-02-20,2023-11-01,2024-12-31,-1677127.05,1556139.66,1556139.66,246-NETWORK CONTRACTING OFFICE 6 (36C246),658-SALEM (00658)(36C658),VA,SALEM,ROANOKE,241531668,06,EGA ASSOCIATES LLC,,Q401,MEDICAL- NURSING,561320,TEMPORARY HELP SERVICES,TERMINATION FOR CONVENIENCE CRITICAL NURSE STAFFING.,,DELIVERY ORDER
36C24924P1171,P00001,2025-02-20,2024-08-29,2025-02-20,-15289.41,0.00,0.00,249-NETWORK CONTRACT OFFICE 9 (36C249),626-NASHVILLE (00626),CA,SAN DIEGO,SAN DIEGO,921214320,51,OTTO BOCK PATIENT CARE LLC,,6515,"MEDICAL AND SURGICAL INSTRUMENTS, EQUIPMENT, AND SUPPLIES",339113,SURGICAL APPLIANCE AND SUPPLIES MANUFACTURING,"WORK WAS NOT COMPLETED IN 2024, AND EXCEEDED AGENCY POLICY FOR OPEN POS PAST 6-MOS.- TERMINATION FOR CONVENIENCE -",EO: RADICAL TRANSPARENCY ABOUT WASTEFUL SPENDING,PURCHASE ORDER
36C25024C0047,P00001,2025-02-20,2024-07-01,2029-06-30,-10120.00,0.00,0.00,250-NETWORK CONTRACT OFFICE 10 (36C250),541-BRECKSVILLE (00541),OH,CLEVELAND,CUYAHOGA,441062369,11,CASE WESTERN RESERVE UNIVERSITY,,AN14,HEALTH R&D SERVICES; HEALTH CARE SERVICES; R&D ADMINISTRATIVE EXPENSES,611430,PROFESSIONAL AND MANAGEMENT DEVELOPMENT TRAINING,IGF:CT:IGF:LEADERSHIP TRAINING,,DEFINITIVE CONTRACT
36C10D24F0037,P00001,2025-02-21,2024-05-28,2025-02-21,0.00,2708428.40,2708428.40,VETERANS BENEFITS ADMIN (36C10D),VBA HUMAN CAPITAL SERVICES,DC,WASHINGTON,DISTRICT OF COLUMBIA,200061053,98,"FOUR POINTS TECHNOLOGY, L.L.C.",,DH01,"IT AND TELECOM - PLATFORM SUPPORT SERVICES: DATABASE, MAINFRAME, MIDDLEWARE (LABOR)",541519,OTHER COMPUTER RELATED SERVICES,TERMINATION FOR CONVENIENCE - VA DOGE/SECRETARY DIRECTED.,EO: RADICAL TRANSPARENCY ABOUT WASTEFUL SPENDING,DELIVERY ORDER
36C25623P1596,P00002,2025-02-21,2023-09-01,2025-02-28,-25749.98,75750.02,239706.02,256-NETWORK CONTRACT OFFICE 16 (36C256),580-HOUSTON(00580),VA,WOODBRIDGE,PRINCE WILLIAM,221931471,07,TECHANAX LLC,,7A21,IT AND TELECOM - BUSINESS APPLICATION SOFTWARE (PERPETUAL LICENSE SOFTWARE),541519,OTHER COMPUTER RELATED SERVICES,NOTICE OF TERMINATION FOR CONVENIENCE.,EO: RADICAL TRANSPARENCY ABOUT WASTEFUL SPENDING,PURCHASE ORDER
36C25624F0069,P00002,2025-02-21,2023-11-30,2025-02-21,-113078.55,189214.25,656528.45,256-NETWORK CONTRACT OFFICE 16 (36C256),256-NETWORK CONTRACT OFFICE 16 (36C256),LA,SHREVEPORT,CADDO,711014642,06,PERFORMAX 3 INCORPORATED,,DE01,"IT and Telecom - End User: Help Desk; Tier 1-2, Workspace, Print, Output, Productivity Tools (Labor)",611420,COMPUTER TRAINING,NOTICE OF TERMINATION FOR CONVENIENCE.,EO: RADICAL TRANSPARENCY ABOUT WASTEFUL SPENDING,DELIVERY ORDER
36C25723P0798,P00001,2025-02-21,2023-09-28,2024-09-27,-9716.00,0.00,0.00,257-NETWORK CONTRACT OFFICE 17 (36C257),549-DALLAS (00549),TX,DALLAS,DALLAS,752167167,30,"TEXAS SPONSOR A HIGHWAY, INC.",,R426,SUPPORT- PROFESSIONAL: COMMUNICATIONS,541850,INDOOR AND OUTDOOR DISPLAY ADVERTISING,TEXAS HIGHWAY ADVERTISEMENT SERVICES - T4C,,PURCHASE ORDER
36C10G25D0018,P00001,2025-02-24,2024-12-05,,0.00,0.00,4999932.16,STRATEGIC ACQUISITION CENTER FREDERICKSBURG (36C10G),STRATEGIC ACQUISITION CENTER FREDERICKSBURG (36C10G),,,,,,MARATHON MEDICAL CORPORATION,,6515,"MEDICAL AND SURGICAL INSTRUMENTS, EQUIPMENT, AND SUPPLIES",339113,SURGICAL APPLIANCE AND SUPPLIES MANUFACTURING,"THE ACTION TAKEN IS A TERMINATION FOR CONVENIENCE. 

FY25 NX EQ NEGATIVE PRESSURE WOUND THERAPY SYSTEM",,IDC
36C24923P0444,P00001,2025-02-24,2023-04-17,2024-07-01,-316371.37,9672.48,9672.48,249-NETWORK CONTRACT OFFICE 9 (36C249),621-MOUNTAIN HOME (00621),OH,MENTOR,LAKE,440601834,14,STERIS CORPORATION,,6515,"MEDICAL AND SURGICAL INSTRUMENTS, EQUIPMENT, AND SUPPLIES",339112,SURGICAL AND MEDICAL INSTRUMENT MANUFACTURING,STERIS STEAM STERILIZERS - AMSCO 600 AND INSTALLATION AMSCO 400 AND INSTALLATION.,,PURCHASE ORDER
36C25025F0232,P00001,2025-02-24,2025-01-01,2027-12-31,-6883.08,0.00,0.00,250-NETWORK CONTRACT OFFICE 10 (36C250),541-BRECKSVILLE (00541),OH,CLEVELAND,CUYAHOGA,441062369,11,WEST PUBLISHING CORPORATION,,R699,SUPPORT- ADMINISTRATIVE: OTHER,519130,INTERNET PUBLISHING AND BROADCASTING AND WEB SEARCH PORTALS,IGF:CT:IGF:CLEAR LAW ASSOCIATES,,DELIVERY ORDER
36C26024N0476,P00002,2025-02-24,2024-09-29,2025-01-12,-157316.89,0.00,0.00,260-NETWORK CONTRACT OFFICE 20 (36C260),663-SEATTLE (00663),CA,NATIONAL CITY,SAN DIEGO,919503225,52,"CORONADO DISTRIBUTION COMPANY, INC.",,7195,MISCELLANEOUS FURNITURE AND FIXTURES,337215,"SHOWCASE, PARTITION, SHELVING, AND LOCKER MANUFACTURING",SEATTLE VA MEDICAL CENTER AND AMERICAN LAKE SIT-STAND WORKSTATIONS.,,DELIVERY ORDER
36C10D22F0019,P00006,2025-02-25,2022-09-30,2025-02-25,0.00,4936605.46,4936605.46,VETERANS BENEFITS ADMIN (36C10D),VBA LOAN GUARANTY SERVICE,FL,PENSACOLA,ESCAMBIA,325024141,01,"DYNAMIC INTEGRATED SERVICES, LLC",,R699,SUPPORT- ADMINISTRATIVE: OTHER,541611,ADMINISTRATIVE MANAGEMENT AND GENERAL MANAGEMENT CONSULTING SERVICES,LGY STAFFING SUPPORT SERVICES - TERMINATION FOR CONVENIENCE - EO: RADICAL TRANSPARENCY ABOUT WASTEFUL SPENDING,EO: RADICAL TRANSPARENCY ABOUT WASTEFUL SPENDING,DELIVERY ORDER
36C10D23N0030,P00007,2025-02-25,2023-09-29,2025-02-25,0.00,3140250.45,3140250.45,VETERANS BENEFITS ADMIN (36C10D),VBA COMPENSATION SERVICE,DC,WASHINGTON,DISTRICT OF COLUMBIA,200064403,98,ALL IN SOLUTIONS LLC,,R408,SUPPORT- PROFESSIONAL: PROGRAM MANAGEMENT/SUPPORT,541611,ADMINISTRATIVE MANAGEMENT AND GENERAL MANAGEMENT CONSULTING SERVICES,TERMINATE FOR CONVENIENCE - VBA OFFICE OF COMPENSATION SERVICES PROGRAM SUPPORT SERVICES - REINSTATED,EO: RADICAL TRANSPARENCY ABOUT WASTEFUL SPENDING,DELIVERY ORDER
36C10D24F0030,P00001,2025-02-25,2024-03-21,2025-02-25,0.00,12352083.96,34310082.86,VETERANS BENEFITS ADMIN (36C10D),VBA LOAN GUARANTY SERVICE,DC,WASHINGTON,DISTRICT OF COLUMBIA,200600004,98,SAG CORPORATION,,R408,SUPPORT- PROFESSIONAL: PROGRAM MANAGEMENT/SUPPORT,541611,ADMINISTRATIVE MANAGEMENT AND GENERAL MANAGEMENT CONSULTING SERVICES,TERMINATION FOR CONVENIENCE - LGY MISSION SUPPORT SERVICES - REINSTATED,EO: RADICAL TRANSPARENCY ABOUT WASTEFUL SPENDING,DELIVERY ORDER
36C10D24F0089,P00001,2025-02-25,2024-09-30,2025-02-25,0.00,844164.94,844164.94,VETERANS BENEFITS ADMIN (36C10D),VBA LOAN GUARANTY SERVICE,DC,WASHINGTON,DISTRICT OF COLUMBIA,200061053,98,BLAKE WILLSON GROUP LLC,,R702,SUPPORT- MANAGEMENT: DATA COLLECTION,541611,ADMINISTRATIVE MANAGEMENT AND GENERAL MANAGEMENT CONSULTING SERVICES,VBA LGY MORTGAGE MARKET DATA SERVICES PURCHASE - TERMINATION FOR CONVENIENCE,EO: RADICAL TRANSPARENCY ABOUT WASTEFUL SPENDING,DELIVERY ORDER
36C10D25P0025,P00002,2025-02-25,2025-01-15,2025-02-25,0.00,114646.56,114646.56,VETERANS BENEFITS ADMIN (36C10D),VBA OFFICE OF MISSION SUPPORT,DC,WASHINGTON,DISTRICT OF COLUMBIA,200064403,98,440 CONSULTING LLC,,R499,SUPPORT- PROFESSIONAL: OTHER,541690,OTHER SCIENTIFIC AND TECHNICAL CONSULTING SERVICES,INCREASING UNIT QUANTITY ON 4 CLINS AND DECREASING UNIT COST ON SAME CLINS - TERMINATION FOR CONVENIENCE,EO: RADICAL TRANSPARENCY ABOUT WASTEFUL SPENDING,PURCHASE ORDER
36C10E20P0271,P00011,2025-02-25,2020-09-30,2025-02-25,0.00,5244960.41,5244960.41,VETERANS BENEFITS ADMIN (36C10D),VBA LOAN GUARANTY SERVICE,DC,WASHINGTON,DISTRICT OF COLUMBIA,200061004,98,"GI4, LLC",,R499,SUPPORT- PROFESSIONAL: OTHER,541611,ADMINISTRATIVE MANAGEMENT AND GENERAL MANAGEMENT CONSULTING SERVICES,DEOBLIGATING UNUSED FUNDS FROM OPT YR 2 - TERMINATION FOR CONVENIENCE,EO: RADICAL TRANSPARENCY ABOUT WASTEFUL SPENDING,PURCHASE ORDER
36C10F23F0036,P00006,2025-02-25,2023-10-07,2025-02-25,0.00,11259332.82,11259332.82,OFFICE OF CONSTRUCTION &  FACILITIES MGMT (36C10F),OFFICE OF CONSTRUCTION &  FACILITIES MGMT (36C10F),DC,WASHINGTON,DISTRICT OF COLUMBIA,200012924,98,REEFPOINT GROUP LLC,,R408,SUPPORT- PROFESSIONAL: PROGRAM MANAGEMENT/SUPPORT,541611,ADMINISTRATIVE MANAGEMENT AND GENERAL MANAGEMENT CONSULTING SERVICES,TERMINATE THE TASK ORDER FOR CONVENIENCE (EO: RADICAL TRANSPARENCY ABOUT WASTEFUL SPENDING),EO: RADICAL TRANSPARENCY ABOUT WASTEFUL SPENDING,DELIVERY ORDER
36C10X20F0040,P00011,2025-02-25,2020-06-01,2025-02-25,0.00,4534170.87,4534170.87,SAC FREDERICK (36C10X),SAC FREDERICK (36C10X),IN,INDIANAPOLIS,MARION,462681194,07,"GENTECH ASSOCIATES, INC.",,R703,SUPPORT- MANAGEMENT: ACCOUNTING,541611,ADMINISTRATIVE MANAGEMENT AND GENERAL MANAGEMENT CONSULTING SERVICES,TERMINATION FOR CONVENIENCE,,DELIVERY ORDER
36C10X20N0105,P00009,2025-02-25,2020-07-20,2025-02-25,0.00,5532531.13,5532531.13,SAC FREDERICK (36C10X),SAC FREDERICK (36C10X),DC,WASHINGTON,DISTRICT OF COLUMBIA,200010004,98,"DISTRICT COMMUNICATIONS GROUP, LLC (THE)",,R426,SUPPORT- PROFESSIONAL: COMMUNICATIONS,541611,ADMINISTRATIVE MANAGEMENT AND GENERAL MANAGEMENT CONSULTING SERVICES,"IN466 - STRATEGIC COMMUNICATIONS, MARKETING, AND BRANDING 
EXERCISE OPTION PERIOD IV",EO: RADICAL TRANSPARENCY ABOUT WASTEFUL SPENDING,DELIVERY ORDER
36C10X20N0151,P00017,2025-02-25,2020-09-28,2025-02-25,0.00,1639118.96,2696380.04,SAC FREDERICK (36C10X),SAC FREDERICK (36C10X),VA,ALDIE,LOUDOUN,201054012,10,BRENNSYS TECHNOLOGY LLC,,R499,SUPPORT- PROFESSIONAL: OTHER,541611,ADMINISTRATIVE MANAGEMENT AND GENERAL MANAGEMENT CONSULTING SERVICES,"ABOUTFACE WEB DESIGN FOR VHA NATIONAL CENTER FOR PTSD: NOTICE OF 
TERMINATION FOR CONVENIENCE",EO: RADICAL TRANSPARENCY ABOUT WASTEFUL SPENDING,DELIVERY ORDER
36C10X20P0038,P00008,2025-02-25,2020-03-25,2025-02-25,0.00,1339069.78,1339069.78,SAC FREDERICK (36C10X),SAC FREDERICK (36C10X),MD,FREDERICK,FREDERICK,217032817,06,"640 ACRES, LLC",,R408,SUPPORT- PROFESSIONAL: PROGRAM MANAGEMENT/SUPPORT,541611,ADMINISTRATIVE MANAGEMENT AND GENERAL MANAGEMENT CONSULTING SERVICES,"VA ACQUISITION ACADEMY (VAAA) ACQUISITION INTERNSHIP SCHOOL (AIS) OPERATIONAL SUPPORT SERVICES.  TERMINATION FOR GOVERNMENT CONVENIENCE IAW FAR 52.212-4(L). 
EO: RADICAL TRANSPARENCY ABOUT WASTEFUL SPENDING.",EO: RADICAL TRANSPARENCY ABOUT WASTEFUL SPENDING,PURCHASE ORDER
36C10X20P0073,P00012,2025-02-25,2020-06-08,2025-02-25,0.00,3845556.23,4926736.73,SAC FREDERICK (36C10X),SAC FREDERICK (36C10X),MD,FREDERICK,FREDERICK,217031300,06,"GREEN-GATE TECHNOLOGY, INC",,U008,EDUCATION/TRAINING- TRAINING/CURRICULUM DEVELOPMENT,541611,ADMINISTRATIVE MANAGEMENT AND GENERAL MANAGEMENT CONSULTING SERVICES,MODIFICATION ISSUED TO TERMINATE THE CONTRACT IN ACCORDANCE WITH FAR 52.212-4(1) TERMINATION FOR GOVERNMENT'S CONVENIENCE- VAAA PROGRAM MANAGEMENT SCHOOL AND FACILITIES MANAGEMENT SCHOOL CURRICULUM DEVELOPMENT AND ASSESSMENT.,EO: RADICAL TRANSPARENCY ABOUT WASTEFUL SPENDING,PURCHASE ORDER
36C10X21C0067,P00005,2025-02-25,2021-09-27,2025-02-25,0.00,4961640.20,6321723.02,SAC FREDERICK (36C10X),SAC FREDERICK (36C10X),NJ,BUTLER,MORRIS,074051371,11,"FIRST ENVIRONMENT, INC.",,R499,SUPPORT- PROFESSIONAL: OTHER,541620,ENVIRONMENTAL CONSULTING SERVICES,TERMINATION FOR CONVENIENCE,EO: RADICAL TRANSPARENCY ABOUT WASTEFUL SPENDING,DEFINITIVE CONTRACT
36C10X22N0112,P00003,2025-02-25,2022-09-15,2025-03-04,0.00,56166.38,99891.14,SAC FREDERICK (36C10X),SAC FREDERICK (36C10X),VA,ALDIE,LOUDOUN,201052784,10,BRENNSYS TECHNOLOGY LLC,,7610,BOOKS AND PAMPHLETS,541611,ADMINISTRATIVE MANAGEMENT AND GENERAL MANAGEMENT CONSULTING SERVICES,TERMINATED,EO: RADICAL TRANSPARENCY ABOUT WASTEFUL SPENDING,DELIVERY ORDER
36C10X23C0064,P00003,2025-02-25,2023-09-29,2025-02-25,0.00,820910.00,820910.00,SAC FREDERICK (36C10X),ACQUISITION BUSINESS SERVICE (36C10C),CO,GREENWOOD VILLAGE,ARAPAHOE,801113512,06,ZUBER CONSULTING,,R410,SUPPORT- PROFESSIONAL: PROGRAM EVALUATION/REVIEW/DEVELOPMENT,541611,ADMINISTRATIVE MANAGEMENT AND GENERAL MANAGEMENT CONSULTING SERVICES,"PROGRAMMING, DEVELOPMENT, DELIVERY, & SUPPORT OF THE INET ACCELERATOR PROGRAM | NOTICE OF TERMINATION FOR CONVENIENCE",,DEFINITIVE CONTRACT
36C10X23F0089,P00004,2025-02-25,2023-09-26,2025-02-25,0.00,14190159.23,42861239.23,SAC FREDERICK (36C10X),SAC FREDERICK (36C10X),DC,WASHINGTON,DISTRICT OF COLUMBIA,200010001,98,"CRUX FIRM LLC, THE",,U009,EDUCATION/TRAINING- GENERAL,541611,ADMINISTRATIVE MANAGEMENT AND GENERAL MANAGEMENT CONSULTING SERVICES,NOTICE OF TERMINATION FOR CONVENIENCE | 'EO: RADICAL TRANSPARENCY ABOUT WASTEFUL SPENDING'.,EO: RADICAL TRANSPARENCY ABOUT WASTEFUL SPENDING,BPA CALL
36C10X23N0141,P00002,2025-02-25,2023-09-22,2025-02-25,0.00,341831.11,836150.41,SAC FREDERICK (36C10X),SAC FREDERICK (36C10X),VA,ARLINGTON,ARLINGTON,222093709,08,RB MANAGEMENT CONSULTANTS LLC,,R408,SUPPORT- PROFESSIONAL: PROGRAM MANAGEMENT/SUPPORT,541611,ADMINISTRATIVE MANAGEMENT AND GENERAL MANAGEMENT CONSULTING SERVICES,NOTICE OF TERMINATION FOR CONVENIENCE,EO: RADICAL TRANSPARENCY ABOUT WASTEFUL SPENDING,DELIVERY ORDER
36C10X23N0143,P00004,2025-02-25,2023-09-28,2025-02-25,0.00,2370867.49,4962040.89,SAC FREDERICK (36C10X),SAC FREDERICK (36C10X),DC,WASHINGTON,DISTRICT OF COLUMBIA,200010001,98,"ADVANCED MANAGEMENT STRATEGIES GROUP, INC.",,U009,EDUCATION/TRAINING- GENERAL,541611,ADMINISTRATIVE MANAGEMENT AND GENERAL MANAGEMENT CONSULTING SERVICES,NOTICE OF TERMINATION FOR CONVENIENCE,,DELIVERY ORDER
36C10X23P0008,P00009,2025-02-25,2022-10-31,2025-02-25,0.00,201569.82,391134.37,SAC FREDERICK (36C10X),SAC FREDERICK (36C10X),DC,WASHINGTON,DISTRICT OF COLUMBIA,200010001,98,MABBETT & ASSOCIATES INC,,R499,SUPPORT- PROFESSIONAL: OTHER,541620,ENVIRONMENTAL CONSULTING SERVICES,TERMINATION FOR THE GOVERNMENTS CONVENIENCE.,EO: RADICAL TRANSPARENCY ABOUT WASTEFUL SPENDING,PURCHASE ORDER
36C10X23P0117,P00002,2025-02-25,2023-09-25,2025-02-25,0.00,34079.00,78655.00,SAC FREDERICK (36C10X),SAC FREDERICK (36C10X),VA,VIENNA,FAIRFAX,221822664,11,"APPLYLOGIC CONSULTING GROUP, LLC",,R420,SUPPORT- PROFESSIONAL: CERTIFICATIONS AND ACCREDITATIONS (OTHER THAN EDUC OR INFO TECH C&A),541611,ADMINISTRATIVE MANAGEMENT AND GENERAL MANAGEMENT CONSULTING SERVICES,MODIFICATION TO TERMINATE FOR THE GOVERNMENTS CONVENIENCE.,EO: RADICAL TRANSPARENCY ABOUT WASTEFUL SPENDING,PURCHASE ORDER
36C10X24C0027,P00001,2025-02-25,2024-09-01,2025-02-25,0.00,1135610.00,2167380.00,SAC FREDERICK (36C10X),SAC FREDERICK (36C10X),TX,AUSTIN,TRAVIS,787413847,35,LG STRATEGIES LLC,,H965,"OTHER QC/TEST/INSPECT- MEDICAL, DENTAL, AND VETERINARY EQUIPMENT AND SUPPLIES",541690,OTHER SCIENTIFIC AND TECHNICAL CONSULTING SERVICES,NOTICE OF TERMINATION FOR CONVENIENCE,EO: RADICAL TRANSPARENCY ABOUT WASTEFUL SPENDING,DEFINITIVE CONTRACT
36C10X24F0033,P00001,2025-02-25,2024-03-01,2025-02-25,0.00,1090711.40,2693985.80,SAC FREDERICK (36C10X),SAC FREDERICK (36C10X),DC,WASHINGTON,DISTRICT OF COLUMBIA,204200001,98,"OPERATIONS SERVICES, INC.",,R706,SUPPORT- MANAGEMENT: LOGISTICS SUPPORT,541614,"PROCESS, PHYSICAL DISTRIBUTION, AND LOGISTICS CONSULTING SERVICES",WAREHOUSE OPS,,DELIVERY ORDER
36C10X24F0047,P00001,2025-02-25,2024-04-12,2025-02-25,0.00,10990256.03,31913061.48,SAC FREDERICK (36C10X),SAC FREDERICK (36C10X),VA,FALLS CHURCH,FAIRFAX,220424530,08,"CPS PROFESSIONAL SERVICES, LLC",,R704,SUPPORT- MANAGEMENT: AUDITING,541611,ADMINISTRATIVE MANAGEMENT AND GENERAL MANAGEMENT CONSULTING SERVICES,FINANCIAL AUDIT FOR MDE,,DELIVERY ORDER
36C10X24F0089,P00002,2025-02-25,2024-09-28,2025-02-25,0.00,47453.80,47453.80,SAC FREDERICK (36C10X),SAC FREDERICK (36C10X),MD,FREDERICK,FREDERICK,217032817,06,"STAFFORD CONSULTING COMPANY, INC.",,U008,EDUCATION/TRAINING- TRAINING/CURRICULUM DEVELOPMENT,541611,ADMINISTRATIVE MANAGEMENT AND GENERAL MANAGEMENT CONSULTING SERVICES,NOTICE OF TERMINATION FOR CONVENIENCE - EO: RADICAL TRANSPARENCY ABOUT WASTEFUL SPENDING.,EO: RADICAL TRANSPARENCY ABOUT WASTEFUL SPENDING,BPA CALL
36C10X24F0100,P00001,2025-02-25,2024-09-10,2025-02-25,0.00,191555.00,191555.00,SAC FREDERICK (36C10X),SAC FREDERICK (36C10X),OK,DURANT,BRYAN,747010252,02,"KAUFFMAN & ASSOCIATES, INC.",,R499,SUPPORT- PROFESSIONAL: OTHER,541611,ADMINISTRATIVE MANAGEMENT AND GENERAL MANAGEMENT CONSULTING SERVICES,TRIBAL CONSULTATION SERVICES BPA ORDER #8 - 2024/2025 TRIBAL CONSULTATION MEETING,,BPA CALL
36C10X24F0101,P00002,2025-02-25,2024-09-23,2025-02-25,0.00,238473.00,635245.44,SAC FREDERICK (36C10X),SAC FREDERICK (36C10X),VA,ALEXANDRIA,FAIRFAX,223076756,08,MERAKI COMMUNICATIONS GROUP LLC,,R499,SUPPORT- PROFESSIONAL: OTHER,541611,ADMINISTRATIVE MANAGEMENT AND GENERAL MANAGEMENT CONSULTING SERVICES,"COMMERCIAL PROFESSIONAL SVCS-LEADERSHIP MADE THE DECISION TO TERMINATE THIS CONTRACT AS THIS SERVICE IS NO LONGER DEEMED AS REQUIRED FOR THE VA, ACCORDINGLY, IT IS IN THE BEST INTEREST OF THE GOVERNMENT TO TERMINATE FOR CONVENIENCE.",,DELIVERY ORDER
36C10X24F0103,P00001,2025-02-25,2024-09-16,2025-02-25,0.00,56774.07,56774.07,SAC FREDERICK (36C10X),SAC FREDERICK (36C10X),IL,CHICAGO,COOK,606065165,07,DATIX (USA) INC.,,R699,SUPPORT- ADMINISTRATIVE: OTHER,541611,ADMINISTRATIVE MANAGEMENT AND GENERAL MANAGEMENT CONSULTING SERVICES,MISSION ACT: CREDENTIALS VERIFICATION ORGANIZATION FOR NON-COMMUNITY CARE NETWORK (CCN) PROVIDERS - ORDER #4. TERMINATION FOR GOVERNMENT CONVENIENCE IAW FAR 52.212-4(L). EO RADICAL TRANSPARENCY ABOUT WASTEFUL SPENDING.,EO: RADICAL TRANSPARENCY ABOUT WASTEFUL SPENDING,DELIVERY ORDER
36C10X24N0067,P00002,2025-02-25,2024-01-23,2025-02-25,0.00,949040.00,1440959.45,SAC FREDERICK (36C10X),SAC FREDERICK (36C10X),MD,FREDERICK,FREDERICK,217036977,06,"WORLDWIDE COUNTER THREAT SOLUTIONS, LLC",,U009,EDUCATION/TRAINING- GENERAL,541611,ADMINISTRATIVE MANAGEMENT AND GENERAL MANAGEMENT CONSULTING SERVICES,TERMINATION FOR CONVENIENCE,EO: RADICAL TRANSPARENCY ABOUT WASTEFUL SPENDING,DELIVERY ORDER
36C10X24N0117,P00001,2025-02-25,2024-04-22,2025-02-25,0.00,69255.40,69255.40,SAC FREDERICK (36C10X),SAC FREDERICK (36C10X),AL,HUNTSVILLE,MADISON,358054021,05,"TEKFIVE, INC.",,R499,SUPPORT- PROFESSIONAL: OTHER,541611,ADMINISTRATIVE MANAGEMENT AND GENERAL MANAGEMENT CONSULTING SERVICES,HELP DESK SERVICES FOR VA,EO: RADICAL TRANSPARENCY ABOUT WASTEFUL SPENDING,BPA CALL
36C10X24N0194,P00001,2025-02-25,2024-09-16,2025-02-25,0.00,2102195.07,6394564.27,SAC FREDERICK (36C10X),SAC FREDERICK (36C10X),FL,PENSACOLA,ESCAMBIA,325025634,01,DYNAMIC INTEGRATED SERVICES LLC,,R422,SUPPORT- PROFESSIONAL: MARKET RESEARCH/PUBLIC OPINION,541611,ADMINISTRATIVE MANAGEMENT AND GENERAL MANAGEMENT CONSULTING SERVICES,COMMERCIAL PROFESSIONAL SERVICES STRATEGIC COMMUNICATION PLAN TOPR 0153 | NOTICE OF TERMINATION FOR CONVENIENCE,EO: RADICAL TRANSPARENCY ABOUT WASTEFUL SPENDING,DELIVERY ORDER
36C10X24N0201,P00001,2025-02-25,2024-09-26,2025-02-25,0.00,911337.89,5052580.47,SAC FREDERICK (36C10X),SAC FREDERICK (36C10X),FL,PENSACOLA,ESCAMBIA,325025641,01,DYNAMIC INTEGRATED SERVICES LLC,,R499,SUPPORT- PROFESSIONAL: OTHER,541611,ADMINISTRATIVE MANAGEMENT AND GENERAL MANAGEMENT CONSULTING SERVICES,"VHA NATIONAL CENTER FOR POSTTRAUMATIC STRESS DISORDER (NCPTSD)
OUTREACH AND MARKETING: TERMINATION FOR CONVENIENCE",EO: RADICAL TRANSPARENCY ABOUT WASTEFUL SPENDING,DELIVERY ORDER
36C10X25N0017,P00003,2025-02-25,2024-10-01,2025-02-25,0.00,2655818.48,5875704.60,SAC FREDERICK (36C10X),SAC FREDERICK (36C10X),VA,MCLEAN,FAIRFAX,221013605,08,"CPS PROFESSIONAL SERVICES, LLC",,R408,SUPPORT- PROFESSIONAL: PROGRAM MANAGEMENT/SUPPORT,541611,ADMINISTRATIVE MANAGEMENT AND GENERAL MANAGEMENT CONSULTING SERVICES,TRANSITION AND ECONOMIC DEVELOPMENT PROGRAM SUPPORT,EO: RADICAL TRANSPARENCY ABOUT WASTEFUL SPENDING,DELIVERY ORDER
36C10X25N0018,P00003,2025-02-25,2024-10-01,2025-02-25,0.00,1792677.89,6028101.96,SAC FREDERICK (36C10X),SAC FREDERICK (36C10X),VA,MCLEAN,FAIRFAX,221023605,11,"CPS PROFESSIONAL SERVICES, LLC",,R408,SUPPORT- PROFESSIONAL: PROGRAM MANAGEMENT/SUPPORT,541611,ADMINISTRATIVE MANAGEMENT AND GENERAL MANAGEMENT CONSULTING SERVICES,TRANSITION AND ECONOMIC DEVELOPMENT PROGRAM SUPPORT,EO: RADICAL TRANSPARENCY ABOUT WASTEFUL SPENDING,DELIVERY ORDER
36C10X25N0037,P00003,2025-02-25,2024-10-14,2025-03-25,0.00,275696.98,926895.48,SAC FREDERICK (36C10X),SAC FREDERICK (36C10X),VA,MCLEAN,FAIRFAX,221013605,08,"CPS PROFESSIONAL SERVICES, LLC",,R408,SUPPORT- PROFESSIONAL: PROGRAM MANAGEMENT/SUPPORT,541611,ADMINISTRATIVE MANAGEMENT AND GENERAL MANAGEMENT CONSULTING SERVICES,TRANSITION AND ECONOMIC DEVELOPMENT PROGRAM SUPPORT,EO: RADICAL TRANSPARENCY ABOUT WASTEFUL SPENDING,DELIVERY ORDER
36C10X25N0115,P00001,2025-02-25,2025-01-01,2025-02-25,0.00,2861352.31,2861352.31,SAC FREDERICK (36C10X),SAC FREDERICK (36C10X),MD,FREDERICK,FREDERICK,217032817,06,"CPS PROFESSIONAL SERVICES, LLC",,R499,SUPPORT- PROFESSIONAL: OTHER,541611,ADMINISTRATIVE MANAGEMENT AND GENERAL MANAGEMENT CONSULTING SERVICES,VECTOR TASK ORDER #0187 - VAAA SCMS PROGRAM AND ACADEMIC SUPPORT- TERMINATION FOR CONVENIENCE,,DELIVERY ORDER
36C10X25N0128,P00001,2025-02-25,2025-01-31,2025-02-25,0.00,1000987.20,1000987.20,SAC FREDERICK (36C10X),SAC FREDERICK (36C10X),DC,WASHINGTON,DISTRICT OF COLUMBIA,204200001,98,"SPREZZATURA MANAGEMENT CONSULTING, LLC",,R410,SUPPORT- PROFESSIONAL: PROGRAM EVALUATION/REVIEW/DEVELOPMENT,541611,ADMINISTRATIVE MANAGEMENT AND GENERAL MANAGEMENT CONSULTING SERVICES,TERMINATION FOR CONVENIENCE,EO: RADICAL TRANSPARENCY ABOUT WASTEFUL SPENDING,DELIVERY ORDER
36C24223P1911,P00004,2025-02-25,2023-09-30,2025-02-25,0.00,245845.48,476902.40,242-NETWORK CONTRACT OFFICE 02 (36C242),242-NETWORK CONTRACT OFFICE 02 (36C242),NJ,EAST ORANGE,ESSEX,070181095,10,THE AVERY GROUP LLC,,AN14,HEALTH R&D SERVICES; HEALTH CARE SERVICES; R&D ADMINISTRATIVE EXPENSES,541690,OTHER SCIENTIFIC AND TECHNICAL CONSULTING SERVICES,DATA SCIENTIST,,PURCHASE ORDER
36C24224F0118,P00001,2025-02-25,2024-03-31,2025-03-25,0.00,198474.22,1044233.43,242-NETWORK CONTRACT OFFICE 02 (36C242),242-NETWORK CONTRACT OFFICE 02 (36C242),NJ,EAST ORANGE,ESSEX,070181023,10,THE AVERY GROUP LLC,,R420,SUPPORT- PROFESSIONAL: CERTIFICATIONS AND ACCREDITATIONS (OTHER THAN EDUC OR INFO TECH C&A),541611,ADMINISTRATIVE MANAGEMENT AND GENERAL MANAGEMENT CONSULTING SERVICES,POWER BI REPORTING & ANALYTICS SERVICES,,DELIVERY ORDER
36C24625P0692,P00001,2025-02-25,2025-02-18,2025-02-26,-18397.70,0.00,0.00,246-NETWORK CONTRACTING OFFICE 6 (36C246),HAMPTON 590 (36C590),GA,SAVANNAH,CHATHAM,314199856,01,EAGLE RISING SOLUTIONS LLC,,6540,"OPHTHALMIC INSTRUMENTS, EQUIPMENT, AND SUPPLIES",339115,OPHTHALMIC GOODS MANUFACTURING,TERMINATION FOR CONVENIENCE(COMPLETE)-VISIONIX AUTO REFRACTOR,,PURCHASE ORDER
36C25020N0629,P00001,2025-02-25,2020-05-21,2025-02-25,-92529.34,61685.66,61685.66,250-NETWORK CONTRACT OFFICE 10 (36C250),757-COLUMBUS (00757),OH,COLUMBUS,FRANKLIN,432191834,03,COLLABORATIVE DESIGN LTD,,C1LB,"ARCHITECT AND ENGINEERING- CONSTRUCTION: HIGHWAYS, ROADS, STREETS, BRIDGES, AND RAILWAYS",541310,ARCHITECTURAL SERVICES,"AE IDIQ - COLUMBUS VAACC
RECONFIGURE PERIMETER ROAD COMMISSIONING - VAACC COLUMBUS, OH
PROJECT 757-204
TERMINATION FOR CONVENIENCE DUE TO ANTICIPATED FIRM CLOSURE.",,DELIVERY ORDER
36C25623C0040,P00003,2025-02-25,2023-02-17,2025-02-28,0.00,58465.22,103522.39,256-NETWORK CONTRACT OFFICE 16 (36C256),580-HOUSTON(00580),TX,HOUSTON,HARRIS,770301500,09,PRESS GANEY ASSOCIATES LLC,,R401,SUPPORT- PROFESSIONAL: PERSONAL CARE (NON-MEDICAL),541611,ADMINISTRATIVE MANAGEMENT AND GENERAL MANAGEMENT CONSULTING SERVICES,NOTICE OF TERMINATION FOR CONVENIENCE.,EO: RADICAL TRANSPARENCY ABOUT WASTEFUL SPENDING,DEFINITIVE CONTRACT
36C77622P0058,P00004,2025-02-25,2022-04-01,2025-02-25,0.00,43598.40,54498.00,PCAC (36C776),640-PALO ALTO (00640),WA,RICHLAND,BENTON,993527752,04,"EMP2, INCORPORATED",,R499,SUPPORT- PROFESSIONAL: OTHER,541690,OTHER SCIENTIFIC AND TECHNICAL CONSULTING SERVICES,TERMINATION FOR CONVENIENCE,EO: RADICAL TRANSPARENCY ABOUT WASTEFUL SPENDING,PURCHASE ORDER
36C77622P0084,P00002,2025-02-25,2022-05-05,2025-02-25,0.00,229083.30,229083.30,PCAC (36C776),PCAC (36C776),VA,ARLINGTON,ARLINGTON,222013868,08,"CRADDOCK GROUP, LLC, THE",,R799,SUPPORT- MANAGEMENT: OTHER,541611,ADMINISTRATIVE MANAGEMENT AND GENERAL MANAGEMENT CONSULTING SERVICES,MAINTENANCE OF AND EXPORT OF DATA FROM THE EXCEL-BASED LEASE BUDGET MODEL THAT TAKES INPUT FROM CURRENT PORTFOLIO OF LEASES,,PURCHASE ORDER
36C77622P0098,P00003,2025-02-25,2022-06-12,2025-02-25,0.00,71762.28,91287.40,PCAC (36C776),512-BALTIMORE(00512)(36C512),WA,RICHLAND,BENTON,993527752,04,"EMP2, INCORPORATED",,R499,SUPPORT- PROFESSIONAL: OTHER,541690,OTHER SCIENTIFIC AND TECHNICAL CONSULTING SERVICES,TERMINATION FOR CONVENIENCE,EO: RADICAL TRANSPARENCY ABOUT WASTEFUL SPENDING,PURCHASE ORDER
36C77622P0170,P00003,2025-02-25,2022-09-30,2025-02-25,0.00,68557.40,94113.72,PCAC (36C776),DEPT OF VETERANS AFFAIRS,WA,RICHLAND,BENTON,993527752,04,"EMP2, INCORPORATED",,R499,SUPPORT- PROFESSIONAL: OTHER,541690,OTHER SCIENTIFIC AND TECHNICAL CONSULTING SERVICES,TERMINATION FOR CONVENIENCE,EO: RADICAL TRANSPARENCY ABOUT WASTEFUL SPENDING,PURCHASE ORDER
36C77623N0066,P00002,2025-02-25,2022-12-07,2025-02-25,0.00,1278818.62,1278818.62,PCAC (36C776),PCAC (36C776),VA,ARLINGTON,ARLINGTON,222013868,08,"CRADDOCK GROUP, LLC, THE",,R799,SUPPORT- MANAGEMENT: OTHER,541611,ADMINISTRATIVE MANAGEMENT AND GENERAL MANAGEMENT CONSULTING SERVICES,THIS TASK ORDER PROVIDES AND OPPORTUNITY TO ACQUIRE STRATEGIC CAPITAL INVESTMENT PLANNING PROCESS SUPPORT.,,DELIVERY ORDER
36C77623N0981,P00001,2025-02-25,2023-09-08,2025-02-25,0.00,195286.59,195286.59,PCAC (36C776),PCAC (36C776),VA,ARLINGTON,ARLINGTON,222013868,08,"CRADDOCK GROUP, LLC, THE",,R799,SUPPORT- MANAGEMENT: OTHER,541611,ADMINISTRATIVE MANAGEMENT AND GENERAL MANAGEMENT CONSULTING SERVICES,"CAPITAL ASSET INITIATIVES, WHICH INCLUDE THE ENHANCED-USE LEASE EUL PROGRAM AND THE STRATEGIC CAPITAL INVESTMENT PLANNING PROCESS ARE COORDINATED TO ENSURE CAPITAL INVESTMENTS ARE BASED ON SOUND BUSINESS PRACTICES AND PRINCIPLES",,DELIVERY ORDER
36C77623P0006,P00004,2025-02-25,2022-12-01,2025-02-25,0.00,26845.86,45992.42,PCAC (36C776),UNITED STATES DEPARTMENT OF VETERANS AFFAIRS,WA,RICHLAND,BENTON,993527752,04,"EMP2, INCORPORATED",,R499,SUPPORT- PROFESSIONAL: OTHER,541690,OTHER SCIENTIFIC AND TECHNICAL CONSULTING SERVICES,VISN 2 ESPC PROJECT FACILITATOR SUPPORT SERVICES FOR LYONS AND EAST ORANGE.,,PURCHASE ORDER
36C77623P0041,P00003,2025-02-25,2023-08-25,2025-02-25,0.00,36531.16,89581.04,PCAC (36C776),UNITED STATES DEPARTMENT OF VETERANS AFFAIRS,WA,RICHLAND,BENTON,993527752,04,"VETERANS FACILITY SERVICES, INC",,R499,SUPPORT- PROFESSIONAL: OTHER,541690,OTHER SCIENTIFIC AND TECHNICAL CONSULTING SERVICES,VISN 21 ESPC PROJECT FACILITATOR SUPPORT SERVICES FOR LAS VEGAS.,,PURCHASE ORDER
36C77623P0083,P00002,2025-02-25,2023-09-29,2025-02-25,0.00,29669.19,76902.94,PCAC (36C776),679-TUSCALOOSA (00679)(36C679),NM,ALBUQUERQUE,BERNALILLO,871014000,01,"EMP2, INCORPORATED",,R408,SUPPORT- PROFESSIONAL: PROGRAM MANAGEMENT/SUPPORT,541690,OTHER SCIENTIFIC AND TECHNICAL CONSULTING SERVICES,TERMINATION FOR CONVENIENCE,EO: RADICAL TRANSPARENCY ABOUT WASTEFUL SPENDING,PURCHASE ORDER
36C77623P0093,P00002,2025-02-25,2023-07-01,2025-02-25,0.00,32697.00,79662.00,PCAC (36C776),667-SHREVEPORT (00667),WA,RICHLAND,BENTON,993527752,04,"EMP2, INCORPORATED",,R408,SUPPORT- PROFESSIONAL: PROGRAM MANAGEMENT/SUPPORT,541690,OTHER SCIENTIFIC AND TECHNICAL CONSULTING SERVICES,TERMINATION FOR CONVENIENCE,EO: RADICAL TRANSPARENCY ABOUT WASTEFUL SPENDING,PURCHASE ORDER
36C77624N0294,P00001,2025-02-25,2024-03-13,2025-02-25,0.00,248943.38,248943.38,PCAC (36C776),PCAC (36C776),MD,ANNAPOLIS,ANNE ARUNDEL,214033246,03,TAURIAN CONSULTING LLC,,R799,SUPPORT- MANAGEMENT: OTHER,541611,ADMINISTRATIVE MANAGEMENT AND GENERAL MANAGEMENT CONSULTING SERVICES,NOTICE OF TERMINATION FOR CONVENIENCE,,DELIVERY ORDER
36C77624N0371,P00001,2025-02-25,2024-04-17,2025-02-25,0.00,2299727.67,2299727.67,PCAC (36C776),PCAC (36C776),KY,LOUISVILLE,JEFFERSON,402992952,03,RILEY MCGUIRE PARTNERS LLC,,R799,SUPPORT- MANAGEMENT: OTHER,541611,ADMINISTRATIVE MANAGEMENT AND GENERAL MANAGEMENT CONSULTING SERVICES,TERMINATION FOR CONVENIENCE,EO: RADICAL TRANSPARENCY ABOUT WASTEFUL SPENDING,DELIVERY ORDER
36C77624N0410,P00001,2025-02-25,2024-05-06,2025-02-25,0.00,134717.04,134717.04,PCAC (36C776),PCAC (36C776),MD,ANNAPOLIS,ANNE ARUNDEL,214033246,03,TAURIAN CONSULTING LLC,,R799,SUPPORT- MANAGEMENT: OTHER,541611,ADMINISTRATIVE MANAGEMENT AND GENERAL MANAGEMENT CONSULTING SERVICES,NOTICE OF TERMINATION FOR CONVENIENCE,,DELIVERY ORDER
36C77624N0540,P00001,2025-02-25,2024-05-23,2025-02-25,0.00,1904234.99,1904234.99,PCAC (36C776),PCAC (36C776),VA,ARLINGTON,ARLINGTON,222013868,08,"THE CRADDOCK GROUP, LLC",,R799,SUPPORT- MANAGEMENT: OTHER,541611,ADMINISTRATIVE MANAGEMENT AND GENERAL MANAGEMENT CONSULTING SERVICES,CAPITAL INVESTMENT OPTIONS IDIQ INDIANAPOLIS FEASIBILITY STUDY TASK ORDER,,DELIVERY ORDER
36C77624N0781,P00001,2025-02-25,2024-08-30,2025-02-25,0.00,971968.79,971968.79,PCAC (36C776),PCAC (36C776),MD,SEVERNA PARK,ANNE ARUNDEL,211461729,03,"KILDA GROUP, LLC",,R799,SUPPORT- MANAGEMENT: OTHER,541611,ADMINISTRATIVE MANAGEMENT AND GENERAL MANAGEMENT CONSULTING SERVICES,TERMINATION FOR CONVENIENCE,EO: RADICAL TRANSPARENCY ABOUT WASTEFUL SPENDING,DELIVERY ORDER
36C77624N0823,P00001,2025-02-25,2024-09-25,2025-02-25,0.00,219316.66,219316.66,PCAC (36C776),PCAC (36C776),MD,ANNAPOLIS,ANNE ARUNDEL,214033246,03,TAURIAN CONSULTING LLC,,R799,SUPPORT- MANAGEMENT: OTHER,541611,ADMINISTRATIVE MANAGEMENT AND GENERAL MANAGEMENT CONSULTING SERVICES,NOTICE OF TERMINATION FOR CONVENIENCE,,DELIVERY ORDER
36C77624N0837,P00001,2025-02-25,2024-09-25,2025-02-25,0.00,678481.89,678481.89,PCAC (36C776),PCAC (36C776),MD,ANNAPOLIS,ANNE ARUNDEL,214033246,03,TAURIAN CONSULTING LLC,,R799,SUPPORT- MANAGEMENT: OTHER,541611,ADMINISTRATIVE MANAGEMENT AND GENERAL MANAGEMENT CONSULTING SERVICES,NOTICE OF TERMINATION FOR CONVENIENCE,,DELIVERY ORDER
36C77624P0021,P00001,2025-02-25,2024-02-21,2025-02-25,0.00,244710.00,244710.00,PCAC (36C776),PCAC (36C776),MA,QUINCY,NORFOLK,021694005,08,ALARES LLC,,R799,SUPPORT- MANAGEMENT: OTHER,541611,ADMINISTRATIVE MANAGEMENT AND GENERAL MANAGEMENT CONSULTING SERVICES,DOGE DIRECTED TERMINATION FOR CONVENIENCE.,EO: RADICAL TRANSPARENCY ABOUT WASTEFUL SPENDING,PURCHASE ORDER
36C77624P0039,P00001,2025-02-25,2024-04-16,2025-02-25,0.00,280646.00,280646.00,PCAC (36C776),PCAC (36C776),MA,QUINCY,NORFOLK,021694005,08,ALARES LLC,,R799,SUPPORT- MANAGEMENT: OTHER,541611,ADMINISTRATIVE MANAGEMENT AND GENERAL MANAGEMENT CONSULTING SERVICES,MILWAUKEE EXTENDED USE LEASE DUE DILIGENCE SUPPORT FOR PLANNED DEVELOPMENT ON VA PROPERTY.,,PURCHASE ORDER
36C77624P0068,P00001,2025-02-25,2024-07-19,2025-02-25,0.00,178250.01,178250.01,PCAC (36C776),PCAC (36C776),MA,STONEHAM,MIDDLESEX,021801260,05,"MABBETT & ASSOCIATES, INC.",,R799,SUPPORT- MANAGEMENT: OTHER,541611,ADMINISTRATIVE MANAGEMENT AND GENERAL MANAGEMENT CONSULTING SERVICES,EXTENDED US LEASE DEVELOPMENT SUPPORT AT PERRY POINT,,PURCHASE ORDER
36C77625N0046,P00001,2025-02-25,2024-11-25,2025-02-25,0.00,150620.40,150620.40,PCAC (36C776),PCAC (36C776),MD,SEVERNA PARK,ANNE ARUNDEL,211461729,03,"KILDA GROUP, LLC",,R799,SUPPORT- MANAGEMENT: OTHER,541611,ADMINISTRATIVE MANAGEMENT AND GENERAL MANAGEMENT CONSULTING SERVICES,DOGE DIRECTED TERMINATION FOR CONVENIENCE.,EO: RADICAL TRANSPARENCY ABOUT WASTEFUL SPENDING,DELIVERY ORDER
36C77625P0003,P00001,2025-02-25,2024-10-30,2025-02-25,0.00,272033.02,272033.02,PCAC (36C776),PCAC (36C776),VA,WOODBRIDGE,PRINCE WILLIAM,221925085,07,"AWEN SOLUTIONS GROUP, LLC",,R799,SUPPORT- MANAGEMENT: OTHER,541611,ADMINISTRATIVE MANAGEMENT AND GENERAL MANAGEMENT CONSULTING SERVICES,PROVIDE DUE DILIGENCE PROJECT SUPPORT FOR STOCKTON EXTENDED USE LEASE.,,PURCHASE ORDER
36C77625P0008,P00001,2025-02-25,2024-11-19,2025-02-25,0.00,699991.36,699991.36,PCAC (36C776),PCAC (36C776),VA,ARLINGTON,ARLINGTON,222013868,08,"THE CRADDOCK GROUP, LLC",,R799,SUPPORT- MANAGEMENT: OTHER,541611,ADMINISTRATIVE MANAGEMENT AND GENERAL MANAGEMENT CONSULTING SERVICES,"SUPPORT EUL PROGRAM BY PROVIDING REAL PROPERTY MARKET AND FINANCIAL ANALYSIS THROUGH EXPERTISE IN STRATEGIC TECHNICAL SUPPORT
IMPLEMENTATION MANAGEMENT",,PURCHASE ORDER
36E77620C0033,P00001,2025-02-25,2020-02-27,2025-02-25,0.00,134330.00,134330.00,PCAC (36C776),VA CENTRAL OFFICE,MA,QUINCY,NORFOLK,021694005,08,ALARES LLC,,R799,SUPPORT- MANAGEMENT: OTHER,541611,ADMINISTRATIVE MANAGEMENT AND GENERAL MANAGEMENT CONSULTING SERVICES,MENLO PARK ENHANCED USE LEASE EUL,,DEFINITIVE CONTRACT
36E77620C0034,P00002,2025-02-25,2020-03-05,2025-02-25,0.00,159000.00,159000.00,PCAC (36C776),VA CENTRAL OFFICE,MA,QUINCY,NORFOLK,021694005,08,ALARES LLC,,R799,SUPPORT- MANAGEMENT: OTHER,541611,ADMINISTRATIVE MANAGEMENT AND GENERAL MANAGEMENT CONSULTING SERVICES,MONTEREY ENHANCED USE LEASE EUL,,DEFINITIVE CONTRACT
36E77620C0061,P00001,2025-02-25,2020-06-10,2025-02-25,0.00,140060.00,140060.00,PCAC (36C776),PCAC (36C776),MA,QUINCY,NORFOLK,021694005,08,FORT HILL COMPANIES LLC,,R799,SUPPORT- MANAGEMENT: OTHER,541611,ADMINISTRATIVE MANAGEMENT AND GENERAL MANAGEMENT CONSULTING SERVICES,"IMPLEMENT THE VA EXTENDED USE LEASE PROGRAM TO ENABLE THE DEPARTMENT TO FORMULATE, EVALUATE, AND EXECUTE AN EUL PROJECT AT THE VA MEDICAL CENTER IN WACO TX.",,DEFINITIVE CONTRACT
36C10B24F0132,P00004,2025-02-27,2024-05-03,2025-02-28,-201054.52,161445.40,161445.40,TECHNOLOGY ACQUISITION CENTER NJ (36C10B),TECHNOLOGY ACQUISITION CENTER NJ (36C10B),DC,WASHINGTON,DISTRICT OF COLUMBIA,204200001,98,"PATHFINDER CONSULTANTS, LLC",,R499,SUPPORT- PROFESSIONAL: OTHER,541611,ADMINISTRATIVE MANAGEMENT AND GENERAL MANAGEMENT CONSULTING SERVICES,FOIA SUPPORT SERVICES MOD 4 TERMINATION FOR CONVENIENCE,,DELIVERY ORDER
36C77623C0112,P00001,2025-02-27,2023-09-08,2024-05-06,1469857.00,2939714.00,2939714.00,PCAC (36C776),PCAC (36C776),MO,POPLAR BLUFF,BUTLER,639013318,08,"ESA SOUTH, INC.",,Y1DA,CONSTRUCTION OF HOSPITALS AND INFIRMARIES,236220,COMMERCIAL AND INSTITUTIONAL BUILDING CONSTRUCTION,EHRM TRAINING AND ADMIN PHASE 2 CONSTRUCTION,,DEFINITIVE CONTRACT
36C78624N0882,P00001,2025-02-27,2024-09-09,2025-03-01,0.00,898976.52,898976.52,NATIONAL CEMETERY ADMIN (36C786),NATIONAL CEMETERY ADMIN (36C786),OK,BLACKWELL,KAY,746316511,03,SCHATZ PUBLISHING GROUP LLC,,R617,SUPPORT - ADMINISTRATIVE: ELECTRONIC RECORDS MANAGEMENT SERVICES,518210,"COMPUTING INFRASTRUCTURE PROVIDERS, DATA PROCESSING, WEB HOSTING, AND RELATED SERVICES","508 DOCUMENT REMEDIATION, TERMINATE FOR CONVENIENCE, COST CUTTING MEASURE",EO: RADICAL TRANSPARENCY ABOUT WASTEFUL SPENDING,DELIVERY ORDER
36C10M23C50021,P00004,2025-02-28,2023-08-25,2025-02-28,-231060.00,862372.00,2599028.00,OFFICE OF INSPECTOR GENERAL OIG (36C10M),OFFICE OF INSPECTOR GENERAL OIG (36C10M),FL,BRADENTON,MANATEE,342115537,16,BG CONSULTING SERVICES LLC,,R499,SUPPORT- PROFESSIONAL: OTHER,541611,ADMINISTRATIVE MANAGEMENT AND GENERAL MANAGEMENT CONSULTING SERVICES,MOD P00004: TERMINATION FOR THE GOVERNMENT'S CONVENIENCE,,DEFINITIVE CONTRACT
36C10D22F0018,P00004,2025-03-03,2022-09-30,2025-02-25,0.00,11338625.30,119743400.86,VETERANS BENEFITS ADMIN (36C10D),VBA OFFICE OF BUSINESS INTEGRATION,DC,WASHINGTON,DISTRICT OF COLUMBIA,200061053,98,LE'FANT LLC,,R499,SUPPORT- PROFESSIONAL: OTHER,541611,ADMINISTRATIVE MANAGEMENT AND GENERAL MANAGEMENT CONSULTING SERVICES,"VBA OBI MILITARY RECORDS RESEARCH CENTER SUPPORT SERVICES PURCHASE. P00003 - MODIFICATION TO NO-COST SETTLEMENT, EXERCISE OPTION YEAR 2, AND ITS OPTIONAL TASKS. P00004 - TERMINATION FOR CONVENIENCE PER FAR 52.212-4(L).",,DELIVERY ORDER
36C10D24F0040,P00001,2025-03-03,2024-04-30,2025-03-07,0.00,12900.00,12900.00,VETERANS BENEFITS ADMIN (36C10D),PORTLAND REGIONAL BENEFIT OFFICE,OR,PORTLAND,MULTNOMAH,972043658,01,"PARTNERSHIP FOR PUBLIC SERVICE, INC.",,U005,EDUCATION/TRAINING- TUITION/REGISTRATION/MEMBERSHIP FEES,541611,ADMINISTRATIVE MANAGEMENT AND GENERAL MANAGEMENT CONSULTING SERVICES,EXECUTIVE LEADERSHIP PROGRAM TERMINATION FOR CONVENIENCE,EO: RADICAL TRANSPARENCY ABOUT WASTEFUL SPENDING,DELIVERY ORDER
36C78624N0747,P00002,2025-03-03,2024-07-16,2025-03-07,0.00,100000.00,100000.00,NATIONAL CEMETERY ADMIN (36C786),NATIONAL CEMETERY ADMIN (36C786),OK,BLACKWELL,KAY,746316511,03,SCHATZ PUBLISHING GROUP LLC,,R617,SUPPORT - ADMINISTRATIVE: ELECTRONIC RECORDS MANAGEMENT SERVICES,518210,"COMPUTING INFRASTRUCTURE PROVIDERS, DATA PROCESSING, WEB HOSTING, AND RELATED SERVICES","508 DOCUMENT REMEDIATION, TERMINATION FOR CONVENIENCE",EO: RADICAL TRANSPARENCY ABOUT WASTEFUL SPENDING,DELIVERY ORDER
36C10B24F0046,P00003,2025-03-04,2024-01-09,2025-02-28,-345317.28,290272.42,290272.42,TECHNOLOGY ACQUISITION CENTER NJ (36C10B),TECHNOLOGY ACQUISITION CENTER NJ (36C10B),VA,FAIRFAX,FAIRFAX CITY,220302514,11,"ARCHITECHTURE SOLUTIONS, LLC",,DA10,IT AND TELECOM - BUSINESS APPLICATION/APPLICATION DEVELOPMENT SOFTWARE AS A SERVICE,541519,OTHER COMPUTER RELATED SERVICES,THE PURPOSE OF THIS MODIFICATION P00003 IS TO TERMINATE CONTRACT NNG15SD42B TASK ORDER 36C10B24F0046 IN ITS ENTIRETY FOR THE GOVERNMENT CONVENIENCE.,EO: RADICAL TRANSPARENCY ABOUT WASTEFUL SPENDING,DELIVERY ORDER
36C10D21P0015,P00007,2025-03-04,2021-09-29,2025-02-25,0.00,2135664.00,2777057.00,VETERANS BENEFITS ADMIN (36C10D),VBA VETERAN READINESS&EMPLOYMENT SERVICE,CA,MONTEREY,MONTEREY,939403611,19,"ADVANCED SURVEY DESIGN, LLC",,R499,SUPPORT- PROFESSIONAL: OTHER,541611,ADMINISTRATIVE MANAGEMENT AND GENERAL MANAGEMENT CONSULTING SERVICES,MODIFICATION TO TERMINATE FOR THE GOVERNMENT'S CONVENIENCE,,PURCHASE ORDER
36C10D23F0023,P00005,2025-03-04,2023-08-31,2025-02-25,0.00,940638.36,940638.36,VETERANS BENEFITS ADMIN (36C10D),VBA VETERAN READINESS&EMPLOYMENT SERVICE,DC,WASHINGTON,DISTRICT OF COLUMBIA,200061053,98,"ARCANUM GROUP, INC., THE",,R499,SUPPORT- PROFESSIONAL: OTHER,541611,ADMINISTRATIVE MANAGEMENT AND GENERAL MANAGEMENT CONSULTING SERVICES,MODIFICATION TO TERMINATE FOR THE GOVERNMENT'S CONVENIENCE,EO: RADICAL TRANSPARENCY ABOUT WASTEFUL SPENDING,DELIVERY ORDER
36C10D23F0044,P00005,2025-03-04,2023-09-28,2025-02-25,0.00,3869837.89,3869837.89,VETERANS BENEFITS ADMIN (36C10D),VBA CHIEF OF STAFF,DC,WASHINGTON,DISTRICT OF COLUMBIA,204200001,98,OMNI CONSULTING SOLUTIONS LLC,,R499,SUPPORT- PROFESSIONAL: OTHER,541611,ADMINISTRATIVE MANAGEMENT AND GENERAL MANAGEMENT CONSULTING SERVICES,OSSI PROGRAM MANAGEMENT SUPPORT SERVICES - TERMINATION FOR CONVENIENCE,EO: RADICAL TRANSPARENCY ABOUT WASTEFUL SPENDING,DELIVERY ORDER
36C10D24P0052,P00001,2025-03-04,2024-04-08,2025-03-04,0.00,12302.21,12302.21,VETERANS BENEFITS ADMIN (36C10D),ST. PETERSBURG BENEFIT OFFICE,FL,BAY PINES,PINELLAS,337448700,13,TITAN GLOBAL USA LLC,,B502,SPECIAL STUDIES/ANALYSIS- AIR QUALITY,541620,ENVIRONMENTAL CONSULTING SERVICES,"NOTICE OF TERMINATION FOR CONVENIENCE. 
QUARTERLY AIR QUALITY TESTING. 
ST. PETERSBURG, FLORIDA, VA REGIONAL OFFICE.",,PURCHASE ORDER
36C10D25F0023,P00001,2025-03-04,2025-01-08,2025-02-25,0.00,784526.00,784526.00,VETERANS BENEFITS ADMIN (36C10D),VBA HUMAN CAPITAL SERVICES,DC,WASHINGTON,DISTRICT OF COLUMBIA,200061053,98,GOTHAM GOVERNMENT SERVICES LLC,,R499,SUPPORT- PROFESSIONAL: OTHER,541611,ADMINISTRATIVE MANAGEMENT AND GENERAL MANAGEMENT CONSULTING SERVICES,MODIFICATION TO TERMINATE FOR GOVERNMENT'S CONVENIENCE,EO: RADICAL TRANSPARENCY ABOUT WASTEFUL SPENDING,DELIVERY ORDER
36C10F24F0011,P00001,2025-03-04,2024-06-10,2025-03-04,0.00,69098.52,219548.69,OFFICE OF CONSTRUCTION &  FACILITIES MGMT (36C10F),OFFICE OF CONSTRUCTION &  FACILITIES MGMT (36C10F),IA,KEOKUK,LEE,526324451,01,"ANDERSON ENGINEERING OF MINNESOTA, LLC",,R499,SUPPORT- PROFESSIONAL: OTHER,541330,ENGINEERING SERVICES,"EO: RADICAL TRANSPARENCY ABOUT WASTEFUL SPENDING
TERMINATION FOR CONVENIENCE NOTIFICATION",EO: RADICAL TRANSPARENCY ABOUT WASTEFUL SPENDING,DELIVERY ORDER
36C10F24F50015,P00001,2025-03-04,2024-09-04,2025-03-04,0.00,391078.91,391078.91,OFFICE OF CONSTRUCTION &  FACILITIES MGMT (36C10F),OFFICE OF CONSTRUCTION &  FACILITIES MGMT (36C10F),DC,WASHINGTON,DISTRICT OF COLUMBIA,200011152,98,LRS FEDERAL LIMITED LIABILITY COMPANY,,B510,SPECIAL STUDIES/ANALYSIS- ENVIRONMENTAL ASSESSMENTS,541620,ENVIRONMENTAL CONSULTING SERVICES,"EO: RADICAL TRANSPARENCY ABOUT WASTEFUL SPENDING
NOTICE OF TERMINATION FOR CONVENIENCE",EO: RADICAL TRANSPARENCY ABOUT WASTEFUL SPENDING,DELIVERY ORDER
36C10F24N0008,P00002,2025-03-04,2024-05-16,2025-03-04,0.00,188356.95,273952.57,OFFICE OF CONSTRUCTION &  FACILITIES MGMT (36C10F),OFFICE OF CONSTRUCTION &  FACILITIES MGMT (36C10F),KS,FORT SCOTT,BOURBON,667011426,02,"ANDERSON ENGINEERING OF MINNESOTA, LLC",,B510,SPECIAL STUDIES/ANALYSIS- ENVIRONMENTAL ASSESSMENTS,541330,ENGINEERING SERVICES,"EO: RADICAL TRANSPARENCY ABOUT WASTEFUL SPENDING
NOTICE OF TERMINATION FOR CONVENIENCE",EO: RADICAL TRANSPARENCY ABOUT WASTEFUL SPENDING,DELIVERY ORDER
36C10G23F0018,P00003,2025-03-04,2023-09-06,2025-02-25,0.00,3369140.80,3494140.40,STRATEGIC ACQUISITION CENTER FREDERICKSBURG (36C10G),VHACO COMMUNITY CARE,MD,ANNAPOLIS,ANNE ARUNDEL,214033897,03,REEFPOINT GROUP LLC,,R499,SUPPORT- PROFESSIONAL: OTHER,541611,ADMINISTRATIVE MANAGEMENT AND GENERAL MANAGEMENT CONSULTING SERVICES,TERMINATION FOR CONVENIENCE - COMPLETE,EO: RADICAL TRANSPARENCY ABOUT WASTEFUL SPENDING,DELIVERY ORDER
36C10G23N0065,P00006,2025-03-04,2023-07-01,2025-02-25,0.00,1135425.00,1728270.64,STRATEGIC ACQUISITION CENTER FREDERICKSBURG (36C10G),SAC FREDERICK (36C10X),VA,ALEXANDRIA,ALEXANDRIA CITY,223143359,08,"APTIVE HTG, LLC",,R499,SUPPORT- PROFESSIONAL: OTHER,541611,ADMINISTRATIVE MANAGEMENT AND GENERAL MANAGEMENT CONSULTING SERVICES,TERMINATION FOR CONVENIENCE - COMPLETE,EO: RADICAL TRANSPARENCY ABOUT WASTEFUL SPENDING,DELIVERY ORDER
36C10G23N0067,P00004,2025-03-04,2023-06-30,2025-02-25,0.00,5901456.14,5951430.16,STRATEGIC ACQUISITION CENTER FREDERICKSBURG (36C10G),SAC FREDERICK (36C10X),VA,ARLINGTON,ARLINGTON,222092278,08,"TRILOGY FEDERAL, LLC",,R499,SUPPORT- PROFESSIONAL: OTHER,541611,ADMINISTRATIVE MANAGEMENT AND GENERAL MANAGEMENT CONSULTING SERVICES,TERMINATION FOR CONVENIENCE - COMPLETE,EO: RADICAL TRANSPARENCY ABOUT WASTEFUL SPENDING,DELIVERY ORDER
36C10G24C0007,P00002,2025-03-04,2024-07-22,2025-02-25,0.00,4043526.66,4894077.10,STRATEGIC ACQUISITION CENTER FREDERICKSBURG (36C10G),STRATEGIC ACQUISITION CENTER FREDERICKSBURG (36C10G),CA,LAKESIDE,SAN DIEGO,920401660,48,"AGILE SIX APPLICATIONS, INC",,R408,SUPPORT- PROFESSIONAL: PROGRAM MANAGEMENT/SUPPORT,541611,ADMINISTRATIVE MANAGEMENT AND GENERAL MANAGEMENT CONSULTING SERVICES,DIGITAL HEALTH OFFICE STAFFING SERVICES TERMINATION FOR CONVENIENCE.,EO: RADICAL TRANSPARENCY ABOUT WASTEFUL SPENDING,DEFINITIVE CONTRACT
36C10G24C0010,P00001,2025-03-04,2024-09-30,2025-02-25,0.00,2470794.24,4978400.52,STRATEGIC ACQUISITION CENTER FREDERICKSBURG (36C10G),STRATEGIC ACQUISITION CENTER FREDERICKSBURG (36C10G),DC,WASHINGTON,DISTRICT OF COLUMBIA,200011152,98,OLYMPUS ALPHA LLC,,R408,SUPPORT- PROFESSIONAL: PROGRAM MANAGEMENT/SUPPORT,541611,ADMINISTRATIVE MANAGEMENT AND GENERAL MANAGEMENT CONSULTING SERVICES,TRUSTWORTHY ARTIFICIAL INTELLIGENCE PROGRAM SUPPORT TERMINATION FOR CONVENIENCE.,EO: RADICAL TRANSPARENCY ABOUT WASTEFUL SPENDING,DEFINITIVE CONTRACT
36C10G24C0011,P00001,2025-03-04,2024-09-30,2025-02-25,0.00,4999934.67,4999934.67,STRATEGIC ACQUISITION CENTER FREDERICKSBURG (36C10G),STRATEGIC ACQUISITION CENTER FREDERICKSBURG (36C10G),DC,WASHINGTON,DISTRICT OF COLUMBIA,200011152,98,PROMETHEUS FEDERAL SERVICES LLC,,R499,SUPPORT- PROFESSIONAL: OTHER,541611,ADMINISTRATIVE MANAGEMENT AND GENERAL MANAGEMENT CONSULTING SERVICES,DIGITAL HEALTH OFFICE- OFFICE WIDE PROGRAM SUPPORT SERVICES TERMINATION FOR CONVENIENCE 02/25/2025,EO: RADICAL TRANSPARENCY ABOUT WASTEFUL SPENDING,DEFINITIVE CONTRACT
36C10G24N0135,P00001,2025-03-04,2024-09-23,2025-02-25,0.00,2812492.80,5652649.60,STRATEGIC ACQUISITION CENTER FREDERICKSBURG (36C10G),VHACO COMMUNITY CARE,VA,ARLINGTON,ARLINGTON,222092297,08,"TRILOGY FEDERAL, LLC",,R499,SUPPORT- PROFESSIONAL: OTHER,541611,ADMINISTRATIVE MANAGEMENT AND GENERAL MANAGEMENT CONSULTING SERVICES,TERMINATION FOR CONVENIENCE - COMPLETE,EO: RADICAL TRANSPARENCY ABOUT WASTEFUL SPENDING,DELIVERY ORDER
36C10G24N0139,P00001,2025-03-04,2024-09-30,2025-02-25,0.00,336481.60,336481.60,STRATEGIC ACQUISITION CENTER FREDERICKSBURG (36C10G),STRATEGIC ACQUISITION CENTER FREDERICKSBURG (36C10G),VA,STERLING,LOUDOUN,201641934,10,"PATHFINDER CONSULTANTS, LLC",,R707,SUPPORT- MANAGEMENT: CONTRACT/PROCUREMENT/ACQUISITION SUPPORT,541611,ADMINISTRATIVE MANAGEMENT AND GENERAL MANAGEMENT CONSULTING SERVICES,NOTICE OF TERMINATION FOR CONVENIENCE,,BPA CALL
36C10X20C0065,P00011,2025-03-04,2020-09-16,2025-02-25,0.00,2211014.00,2720586.35,SAC FREDERICK (36C10X),SAC FREDERICK (36C10X),DC,WASHINGTON,DISTRICT OF COLUMBIA,204200001,98,"DYNAMIC INTEGRATED SERVICES, LLC",,R426,SUPPORT- PROFESSIONAL: COMMUNICATIONS,541611,ADMINISTRATIVE MANAGEMENT AND GENERAL MANAGEMENT CONSULTING SERVICES,IAW EO RADICAL TRANSPARENCY ABOUT WASTEFUL SPENDING RTWS - TERMINATION FOR CONVENIENCE,EO: RADICAL TRANSPARENCY ABOUT WASTEFUL SPENDING,DEFINITIVE CONTRACT
36C10X20F0033,P00012,2025-03-04,2020-07-01,2025-02-25,0.00,84230149.31,84868936.83,SAC FREDERICK (36C10X),SAC FREDERICK (36C10X),DC,WASHINGTON,DISTRICT OF COLUMBIA,200010004,98,"ENTERPRISE RESOURCE PERFORMANCE, INC.",,R408,SUPPORT- PROFESSIONAL: PROGRAM MANAGEMENT/SUPPORT,541611,ADMINISTRATIVE MANAGEMENT AND GENERAL MANAGEMENT CONSULTING SERVICES,NOTICE OF TERMINATION FOR CONVENIENCE (COMPLETE).,EO: RADICAL TRANSPARENCY ABOUT WASTEFUL SPENDING,DELIVERY ORDER
36C10X20N0139,P00013,2025-03-04,2020-09-30,2025-02-25,0.00,72940747.03,72940747.03,SAC FREDERICK (36C10X),SAC FREDERICK (36C10X),DC,WASHINGTON,DISTRICT OF COLUMBIA,200010004,98,"APTIVE HTG, LLC",,R408,SUPPORT- PROFESSIONAL: PROGRAM MANAGEMENT/SUPPORT,541611,ADMINISTRATIVE MANAGEMENT AND GENERAL MANAGEMENT CONSULTING SERVICES,NOTICE OF TERMINATION FOR CONVENIENCE,,DELIVERY ORDER
36C10X20N0145,P00010,2025-03-04,2020-09-28,2025-02-25,0.00,1491744.70,1491744.70,SAC FREDERICK (36C10X),SAC FREDERICK (36C10X),DC,WASHINGTON,DISTRICT OF COLUMBIA,204200001,98,TITAN ALPHA LLC,,R426,SUPPORT- PROFESSIONAL: COMMUNICATIONS,541611,ADMINISTRATIVE MANAGEMENT AND GENERAL MANAGEMENT CONSULTING SERVICES,NOTICE OF TERMINATION FOR CONVENIENCE,,DELIVERY ORDER
36C10X20N0146,P00013,2025-03-04,2020-09-25,2025-02-25,0.00,6559302.99,15108991.32,SAC FREDERICK (36C10X),SAC FREDERICK (36C10X),DC,WASHINGTON,DISTRICT OF COLUMBIA,200050501,98,"APTIVE HTG, LLC",,R408,SUPPORT- PROFESSIONAL: PROGRAM MANAGEMENT/SUPPORT,541611,ADMINISTRATIVE MANAGEMENT AND GENERAL MANAGEMENT CONSULTING SERVICES,TERMINATION FOR CONVENIENCE - COMPLETE,EO: RADICAL TRANSPARENCY ABOUT WASTEFUL SPENDING,DELIVERY ORDER
36C10X21F0012,P00005,2025-03-04,2021-01-01,2025-03-04,0.00,2522884.19,2522884.19,SAC FREDERICK (36C10X),SAC FREDERICK (36C10X),MD,FREDERICK,FREDERICK,217032817,06,"METRICS, LLC",,R499,SUPPORT- PROFESSIONAL: OTHER,541611,ADMINISTRATIVE MANAGEMENT AND GENERAL MANAGEMENT CONSULTING SERVICES,NOTICE OF TERMINATION FOR CONVENIENCE. EXECUTIVE ORDER: RTWS,EO: RADICAL TRANSPARENCY ABOUT WASTEFUL SPENDING,DELIVERY ORDER
36C10X21N0076,P00008,2025-03-04,2021-05-19,2025-03-04,0.00,140430.00,142430.00,SAC FREDERICK (36C10X),SAC FREDERICK (36C10X),IA,DES MOINES,POLK,503101410,03,"AGI INTERNATIONAL, INC.",,R610,SUPPORT- ADMINISTRATIVE:- PERSONAL PROPERTY MANAGEMENT,541614,"PROCESS, PHYSICAL DISTRIBUTION, AND LOGISTICS CONSULTING SERVICES",TERMINATION FOR CONVENIENCE - 'EO: RADICAL TRANSPARENCY ABOUT WASTEFUL SPENDING.,,BPA CALL
36C10X21N0077,P00008,2025-03-04,2021-05-19,2025-03-04,0.00,979624.70,1039459.70,SAC FREDERICK (36C10X),SAC FREDERICK (36C10X),MN,MINNEAPOLIS,HENNEPIN,554173143,05,"GALACTIC NETWORK INTEGRATORS, INC.",,R610,SUPPORT- ADMINISTRATIVE:- PERSONAL PROPERTY MANAGEMENT,541614,"PROCESS, PHYSICAL DISTRIBUTION, AND LOGISTICS CONSULTING SERVICES",ANNUAL INVENTORY SERVICES - VISN23 - NOTICE OF TERMINATION FOR CONVENIENCE,EO: RADICAL TRANSPARENCY ABOUT WASTEFUL SPENDING,BPA CALL
36C10X21N0117,P00004,2025-03-04,2021-09-06,2025-03-04,0.00,358329.60,447912.00,SAC FREDERICK (36C10X),SAC FREDERICK (36C10X),MO,SAINT LOUIS,SAINT LOUIS CITY,631061410,01,"STRATEGIC SOLUTIONS, INC.",,R610,SUPPORT- ADMINISTRATIVE:- PERSONAL PROPERTY MANAGEMENT,541614,"PROCESS, PHYSICAL DISTRIBUTION, AND LOGISTICS CONSULTING SERVICES",ANNUAL INVENTORY SERVICES - VISN 15 STL NOTICE OF TERMINATION FOR CONVENIENCE,EO: RADICAL TRANSPARENCY ABOUT WASTEFUL SPENDING,BPA CALL
36C10X21N0118,P00011,2025-03-04,2021-09-01,2025-04-04,0.00,3374181.24,3374181.24,SAC FREDERICK (36C10X),SAC FREDERICK (36C10X),VA,ALEXANDRIA,ALEXANDRIA CITY,223143359,08,"APTIVE HTG, LLC",,R701,SUPPORT- MANAGEMENT: ADVERTISING,541611,ADMINISTRATIVE MANAGEMENT AND GENERAL MANAGEMENT CONSULTING SERVICES,EO: RADICAL TRANSPARENCY ABOUT WASTEFUL SPENDING,,DELIVERY ORDER
36C10X21N0150,P00004,2025-03-04,2021-09-28,2025-03-04,0.00,1249030.16,1577064.36,SAC FREDERICK (36C10X),SAC FREDERICK (36C10X),VA,CHANTILLY,FAIRFAX,201513255,11,TITAN ALPHA LLC,,R499,SUPPORT- PROFESSIONAL: OTHER,541611,ADMINISTRATIVE MANAGEMENT AND GENERAL MANAGEMENT CONSULTING SERVICES,"TERMINATION OF INTEGRATED HEALTHCARE TRANSFORMATION (IHT) IDIQ CONTRACT TASK ORDER, EO: RADICAL TRANSPARENCY ABOUT WASTEFUL SPENDING",EO: RADICAL TRANSPARENCY ABOUT WASTEFUL SPENDING,DELIVERY ORDER
36C10X21N0153,P00008,2025-03-04,2021-09-20,2025-03-04,0.00,3507883.53,3687075.73,SAC FREDERICK (36C10X),SAC FREDERICK (36C10X),VA,ARLINGTON,ARLINGTON,222023709,08,RB MANAGEMENT CONSULTANTS LLC,,DA01,IT AND TELECOM - BUSINESS APPLICATION/APPLICATION DEVELOPMENT SUPPORT SERVICES (LABOR),541611,ADMINISTRATIVE MANAGEMENT AND GENERAL MANAGEMENT CONSULTING SERVICES,TERMINATE FOR CONVENIENCE.,EO: RADICAL TRANSPARENCY ABOUT WASTEFUL SPENDING,DELIVERY ORDER
36C10X21N0160,P00019,2025-03-04,2021-09-30,2025-02-25,0.00,30339022.65,38883978.74,SAC FREDERICK (36C10X),SAC FREDERICK (36C10X),VA,ALEXANDRIA,FAIRFAX,223105538,11,"TRILOGY FEDERAL, LLC",,R408,SUPPORT- PROFESSIONAL: PROGRAM MANAGEMENT/SUPPORT,541611,ADMINISTRATIVE MANAGEMENT AND GENERAL MANAGEMENT CONSULTING SERVICES,TERMINATE FOR CONVENIENCE (COMPLETE OR PARTIAL) RADICAL TRANSPARENCY ABOUT WASTEFUL SPENDING INITIATIVE,EO: RADICAL TRANSPARENCY ABOUT WASTEFUL SPENDING,DELIVERY ORDER
36C10X21N0164,P00007,2025-03-04,2021-09-22,2025-03-04,0.00,4835678.69,4835678.69,SAC FREDERICK (36C10X),SAC FREDERICK (36C10X),DC,WASHINGTON,DISTRICT OF COLUMBIA,200011152,98,TITAN ALPHA LLC,,R499,SUPPORT- PROFESSIONAL: OTHER,541611,ADMINISTRATIVE MANAGEMENT AND GENERAL MANAGEMENT CONSULTING SERVICES,VHA INTEGRATED HEALTHCARE TRANSFORMATION (IHT) IDIQ TOPR 0079 FOR OFFICE OF HEALTHCARE TRANSFORMATION STAKEHOLDER ENGAGEMENT OPTION PERIOD 1,,DELIVERY ORDER
36C10X21N0182,P00006,2025-03-04,2021-09-30,2025-02-25,0.00,777084.97,1009659.37,SAC FREDERICK (36C10X),SAC FREDERICK (36C10X),VA,ALEXANDRIA,FAIRFAX,223103309,08,"TRILOGY FEDERAL, LLC",,R499,SUPPORT- PROFESSIONAL: OTHER,541611,ADMINISTRATIVE MANAGEMENT AND GENERAL MANAGEMENT CONSULTING SERVICES,NOTICE OF TERMINATION FOR CONVENIENCE,,DELIVERY ORDER
36C10X21P0013,P00007,2025-03-04,2020-11-23,2025-03-04,0.00,3508064.72,3508078.22,SAC FREDERICK (36C10X),SAC FREDERICK (36C10X),DC,WASHINGTON,DISTRICT OF COLUMBIA,204200001,98,DUTY FIRST CONSULTING LLC,,R408,SUPPORT- PROFESSIONAL: PROGRAM MANAGEMENT/SUPPORT,541611,ADMINISTRATIVE MANAGEMENT AND GENERAL MANAGEMENT CONSULTING SERVICES,RADICAL TRANSPARENCY ABOUT WASTEFUL SPENDING ENTERPRISE MAIL MANAGEMENT PROGRAM SUPPORT SERVICES | TERMINATE FOR CONVENIENCE,EO: RADICAL TRANSPARENCY ABOUT WASTEFUL SPENDING,PURCHASE ORDER
36C10X22N0031,P00004,2025-03-04,2022-02-28,2025-03-04,0.00,356950.00,356950.00,SAC FREDERICK (36C10X),SAC FREDERICK (36C10X),OH,DAYTON,MONTGOMERY,454011018,10,"AGI INTERNATIONAL, INC.",,R610,SUPPORT- ADMINISTRATIVE:- PERSONAL PROPERTY MANAGEMENT,541614,"PROCESS, PHYSICAL DISTRIBUTION, AND LOGISTICS CONSULTING SERVICES",ANNUAL INVENTORY SERVICES VISN 10 - DAYTON AND CHILLICOTHE OHIO LOCATIONS | TERMINATE FOR CONVENIENCE NOTICE,EO: RADICAL TRANSPARENCY ABOUT WASTEFUL SPENDING,BPA CALL
36C10X22N0052,P00003,2025-03-04,2022-04-20,2025-03-04,0.00,151554.00,179396.00,SAC FREDERICK (36C10X),SAC FREDERICK (36C10X),MI,SAGINAW,SAGINAW,486023416,08,"AGI INTERNATIONAL, INC.",,R610,SUPPORT- ADMINISTRATIVE:- PERSONAL PROPERTY MANAGEMENT,541614,"PROCESS, PHYSICAL DISTRIBUTION, AND LOGISTICS CONSULTING SERVICES",ANNUAL INVENTORY SERVICES - VISN 10 SAGINAW AND ANN ARBOR INVENTORY | NOTICE OF TERMINATION FOR CONVENIENCE,EO: RADICAL TRANSPARENCY ABOUT WASTEFUL SPENDING,BPA CALL
36C10X22N0053,P00003,2025-03-04,2022-04-22,2025-03-04,0.00,140874.47,190196.83,SAC FREDERICK (36C10X),SAC FREDERICK (36C10X),ME,DETROIT,SOMERSET,049293221,02,"GALACTIC NETWORK INTEGRATORS, INC.",,R610,SUPPORT- ADMINISTRATIVE:- PERSONAL PROPERTY MANAGEMENT,541614,"PROCESS, PHYSICAL DISTRIBUTION, AND LOGISTICS CONSULTING SERVICES",ANNUAL INVENTORY SERVICES - NOTICE OF TERMINATION FOR CONVENIENCE,EO: RADICAL TRANSPARENCY ABOUT WASTEFUL SPENDING,BPA CALL
36C10X22N0067,P00005,2025-03-04,2022-04-25,2025-02-25,0.00,749556.12,749556.12,SAC FREDERICK (36C10X),SAC FREDERICK (36C10X),VA,ALEXANDRIA,ALEXANDRIA CITY,223143359,08,"APTIVE HTG, LLC",,R499,SUPPORT- PROFESSIONAL: OTHER,541611,ADMINISTRATIVE MANAGEMENT AND GENERAL MANAGEMENT CONSULTING SERVICES,MODIFICATION TO TERMINATE FOR CONVENIENCE (T4C),,DELIVERY ORDER
36C10X22N0097,P00005,2025-03-04,2022-08-22,2026-08-21,0.00,1025907.72,1091627.04,SAC FREDERICK (36C10X),SAC FREDERICK (36C10X),VA,ARLINGTON,ARLINGTON,222092281,08,RB MANAGEMENT CONSULTANTS LLC,,R499,SUPPORT- PROFESSIONAL: OTHER,541611,ADMINISTRATIVE MANAGEMENT AND GENERAL MANAGEMENT CONSULTING SERVICES,"TERMINATION OF VHA INTEGRATED HEALTHCARE TRANSFORMATION (IHT) IDIQ CONTRACT- TASK ORDER FOR TECHNICAL WRITING SUPPORT SERVICES.
EO: RADICAL TRANSPARENCY ABOUT WASTEFUL SPENDING",EO: RADICAL TRANSPARENCY ABOUT WASTEFUL SPENDING,DELIVERY ORDER
36C10X22N0128,P00005,2025-03-04,2022-09-12,2025-02-25,0.00,5581525.53,5581525.53,SAC FREDERICK (36C10X),SAC FREDERICK (36C10X),VA,ARLINGTON,ARLINGTON,222023829,08,RB MANAGEMENT CONSULTANTS LLC,,R499,SUPPORT- PROFESSIONAL: OTHER,541611,ADMINISTRATIVE MANAGEMENT AND GENERAL MANAGEMENT CONSULTING SERVICES,TERMINATION FOR CONVENIENCE IAW EO: RADICAL TRANSPARENCY ABOUT WASTEFUL SPENDING,EO: RADICAL TRANSPARENCY ABOUT WASTEFUL SPENDING,DELIVERY ORDER
36C10X22N0144,P00009,2025-03-04,2022-09-12,2025-02-25,0.00,6179706.57,6231261.14,SAC FREDERICK (36C10X),SAC FREDERICK (36C10X),VA,CHANTILLY,FAIRFAX,201511680,11,TITAN ALPHA LLC,,R499,SUPPORT- PROFESSIONAL: OTHER,541611,ADMINISTRATIVE MANAGEMENT AND GENERAL MANAGEMENT CONSULTING SERVICES,NOTICE OF TERMINATION FOR CONVENIENCE,,DELIVERY ORDER
36C10X22N0154,P00005,2025-03-04,2022-09-16,2025-02-25,0.00,1634434.31,2858162.13,SAC FREDERICK (36C10X),SAC FREDERICK (36C10X),VA,ARLINGTON,ARLINGTON,222092281,08,RB MANAGEMENT CONSULTANTS LLC,,R426,SUPPORT- PROFESSIONAL: COMMUNICATIONS,541611,ADMINISTRATIVE MANAGEMENT AND GENERAL MANAGEMENT CONSULTING SERVICES,TERMINATION FOR CONVENIENCE,EO: RADICAL TRANSPARENCY ABOUT WASTEFUL SPENDING,DELIVERY ORDER
36C10X22N0162,P00009,2025-03-04,2022-09-21,2025-03-25,0.00,4443692.26,4443699.52,SAC FREDERICK (36C10X),SAC FREDERICK (36C10X),DC,WASHINGTON,DISTRICT OF COLUMBIA,200011152,98,"APTIVE HTG, LLC",,R499,SUPPORT- PROFESSIONAL: OTHER,541611,ADMINISTRATIVE MANAGEMENT AND GENERAL MANAGEMENT CONSULTING SERVICES,VHA INTEGRATED HEALTHCARE TRANSFORMATION (IHT) IDIQ CONTRACT- TOPR0132 - P00009 T4C,,DELIVERY ORDER
36C10X22N0165,P00005,2025-03-04,2022-09-14,2025-03-04,0.00,3563068.20,3563068.20,SAC FREDERICK (36C10X),SAC FREDERICK (36C10X),MD,FREDERICK,FREDERICK,217015213,06,"APTIVE HTG, LLC",,U006,EDUCATION/TRAINING- VOCATIONAL/TECHNICAL,541611,ADMINISTRATIVE MANAGEMENT AND GENERAL MANAGEMENT CONSULTING SERVICES,NOTICE OF TERMINATION FOR CONVENIENCE. EXECUTIVE ORDER: RTWS,EO: RADICAL TRANSPARENCY ABOUT WASTEFUL SPENDING,DELIVERY ORDER
36C10X22N0172,P00010,2025-03-04,2022-09-28,2025-02-25,0.00,879250.72,3414198.10,SAC FREDERICK (36C10X),SAC FREDERICK (36C10X),VA,CHANTILLY,FAIRFAX,201511680,11,TITAN ALPHA LLC,,R499,SUPPORT- PROFESSIONAL: OTHER,541611,ADMINISTRATIVE MANAGEMENT AND GENERAL MANAGEMENT CONSULTING SERVICES,NOTICE OF TERMINATION FOR CONVENIENCE.,EO: RADICAL TRANSPARENCY ABOUT WASTEFUL SPENDING,DELIVERY ORDER
36C10X22N0176,P00009,2025-03-04,2022-09-23,2025-02-25,0.00,1293737.17,2236122.31,SAC FREDERICK (36C10X),SAC FREDERICK (36C10X),CA,EL SEGUNDO,LOS ANGELES,902452948,36,OMNI CONSULTING SOLUTIONS LLC,,R499,SUPPORT- PROFESSIONAL: OTHER,541611,ADMINISTRATIVE MANAGEMENT AND GENERAL MANAGEMENT CONSULTING SERVICES,TERMINATION FOR CONVIVENCE,EO: RADICAL TRANSPARENCY ABOUT WASTEFUL SPENDING,DELIVERY ORDER
36C10X22N0186,P00003,2025-03-04,2022-09-29,2025-02-25,0.00,4888940.22,4888940.22,SAC FREDERICK (36C10X),SAC FREDERICK (36C10X),VA,ALEXANDRIA,FAIRFAX,223105538,11,"TRILOGY FEDERAL, LLC",,R499,SUPPORT- PROFESSIONAL: OTHER,541611,ADMINISTRATIVE MANAGEMENT AND GENERAL MANAGEMENT CONSULTING SERVICES,TERMINATION FOR CONVENIENCE,,DELIVERY ORDER
36C10X22N0195,P00008,2025-03-04,2022-09-29,2025-02-25,0.00,710163.62,1390291.38,SAC FREDERICK (36C10X),SAC FREDERICK (36C10X),VA,CHANTILLY,FAIRFAX,201513255,11,TITAN ALPHA LLC,,R499,SUPPORT- PROFESSIONAL: OTHER,541611,ADMINISTRATIVE MANAGEMENT AND GENERAL MANAGEMENT CONSULTING SERVICES,"EO: RADICAL TRANSPARENCY ABOUT WASTEFUL SPENDING

MOD RE NOTICE OF TERMINATION FOR CONVENIENCE. 

VHA INTEGRATED HEALTHCARE TRANSFORMATION (IHT) - TOPR 0138 CLINICAL SERVICES COMMUNICATIONS AND DIGITAL MEDIA SUPPORT.",EO: RADICAL TRANSPARENCY ABOUT WASTEFUL SPENDING,DELIVERY ORDER
36C10X22N0202,P00003,2025-03-04,2022-09-29,2025-03-04,0.00,1159964.00,1971916.64,SAC FREDERICK (36C10X),SAC FREDERICK (36C10X),VA,ARLINGTON,ARLINGTON,222092281,08,RB MANAGEMENT CONSULTANTS LLC,,R410,SUPPORT- PROFESSIONAL: PROGRAM EVALUATION/REVIEW/DEVELOPMENT,541611,ADMINISTRATIVE MANAGEMENT AND GENERAL MANAGEMENT CONSULTING SERVICES,"TERMINATION OF VHA INTEGRATED HEALTHCARE TRANSFORMATION (IHT) IDIQ CONTRACT. 		

EO: RADICAL TRANSPARENCY ABOUT WASTEFUL SPENDING


EO: RADICAL TRANSPARENCY ABOUT WASTEFUL SPENDING",EO: RADICAL TRANSPARENCY ABOUT WASTEFUL SPENDING,DELIVERY ORDER
36C10X22N0208,P00005,2025-03-04,2022-09-27,2025-03-04,0.00,3830461.63,3830461.63,SAC FREDERICK (36C10X),SAC FREDERICK (36C10X),FL,SOUTHWEST RANCHES,BROWARD,333311810,25,"HRS CONSULTING, INC.",,R408,SUPPORT- PROFESSIONAL: PROGRAM MANAGEMENT/SUPPORT,541611,ADMINISTRATIVE MANAGEMENT AND GENERAL MANAGEMENT CONSULTING SERVICES,NOTICE OF TERMINATION FOR CONVENIENCE,EO: RADICAL TRANSPARENCY ABOUT WASTEFUL SPENDING,DELIVERY ORDER
36C10X22N0215,P00003,2025-03-04,2022-09-28,2025-03-04,0.00,2015942.33,2015942.33,SAC FREDERICK (36C10X),SAC FREDERICK (36C10X),DC,WASHINGTON,DISTRICT OF COLUMBIA,204200001,98,TITAN ALPHA LLC,,Q999,MEDICAL- OTHER,541611,ADMINISTRATIVE MANAGEMENT AND GENERAL MANAGEMENT CONSULTING SERVICES,THE PURPOSE OF THIS MODIFICATION IS TO ADD ANNUAL REPORT TO THE PERFORMANCE WORK STATEMENT OF THE BASE PERIOD.,,DELIVERY ORDER
36C10X22P0102,P00005,2025-03-04,2022-09-01,2027-01-31,0.00,2485816.00,4831708.00,SAC FREDERICK (36C10X),SAC FREDERICK (36C10X),DC,WASHINGTON,DISTRICT OF COLUMBIA,204200001,98,FEDERAL CONSULTING ALLIANCE LLC,,R410,SUPPORT- PROFESSIONAL: PROGRAM EVALUATION/REVIEW/DEVELOPMENT,541611,ADMINISTRATIVE MANAGEMENT AND GENERAL MANAGEMENT CONSULTING SERVICES,PURPOSE OF MODIFICATION IS TO TERMINATE FOR THE CONVENIENCE OF THE GOVERNMENT.,EO: RADICAL TRANSPARENCY ABOUT WASTEFUL SPENDING,PURCHASE ORDER
36C10X22P0110,P00005,2025-03-04,2022-09-27,2025-03-04,0.00,218276.00,218276.00,SAC FREDERICK (36C10X),SAC FREDERICK (36C10X),VA,ARLINGTON,ARLINGTON,222023289,08,AMERICAN INSTITUTES FOR RESEARCH IN THE BEHAVIORAL SCIENCES,,R410,SUPPORT- PROFESSIONAL: PROGRAM EVALUATION/REVIEW/DEVELOPMENT,541614,"PROCESS, PHYSICAL DISTRIBUTION, AND LOGISTICS CONSULTING SERVICES",NOTICE OF TERMINATION FOR CONVENIENCE,EO: RADICAL TRANSPARENCY ABOUT WASTEFUL SPENDING,PURCHASE ORDER
36C10X22P0121,P00004,2025-03-04,2022-09-28,2025-03-04,0.00,4979380.30,4979380.30,SAC FREDERICK (36C10X),SAC FREDERICK (36C10X),DC,WASHINGTON,DISTRICT OF COLUMBIA,200011152,98,SIGMA HEALTH CONSULTING LLC,,R408,SUPPORT- PROFESSIONAL: PROGRAM MANAGEMENT/SUPPORT,541618,OTHER MANAGEMENT CONSULTING SERVICES,"SUPPORT FOR VA PROGRAM OFFICE IN THE EXECUTION OF THE GOVERNMENT ACCOUNTABILITY OFFICE (GAO) HIGH RISK LIST (HRL) ACTION PLAN FOR MANAGING RISKS AND IMPROVING VA HEALTH CARE. | NOTICE OF 
TERMINATION FOR CONVENIENCE",,PURCHASE ORDER
36C10X23F0014,P00003,2025-03-04,2023-04-01,2025-03-04,0.00,684000.00,1368000.00,SAC FREDERICK (36C10X),SAC FREDERICK (36C10X),DC,WASHINGTON,DISTRICT OF COLUMBIA,204200001,98,"PARTNERSHIP FOR PUBLIC SERVICE, INC.",,U009,EDUCATION/TRAINING- GENERAL,541611,ADMINISTRATIVE MANAGEMENT AND GENERAL MANAGEMENT CONSULTING SERVICES,"TRAIN AND DEVELOP UP TO THIRTY VHA EMPLOYEES TO ATTEND AN EXISTING CONTRACTOR-DEVELOPED TRAINING PROGRAM THAT DIRECTLY SUPPORTS THE ECQ FELLOWSHIP TRAINING PROGRAM. | NOTICE OF 
TERMINATION FOR CONVENIENCE",,DELIVERY ORDER
36C10X23F0027,P00002,2025-03-04,2023-03-08,2025-02-25,0.00,1618713.60,6671529.60,SAC FREDERICK (36C10X),SAC FREDERICK (36C10X),VA,FALLS CHURCH,FAIRFAX,220424559,08,"CPS PROFESSIONAL SERVICES, LLC",,R799,SUPPORT- MANAGEMENT: OTHER,541611,ADMINISTRATIVE MANAGEMENT AND GENERAL MANAGEMENT CONSULTING SERVICES,TERMINATION FOR CONVIVENCE,,BPA CALL
36C10X23F0036,P00001,2025-03-04,2023-04-01,2025-02-25,0.00,543941.76,2241911.04,SAC FREDERICK (36C10X),SAC FREDERICK (36C10X),DC,WASHINGTON,DISTRICT OF COLUMBIA,200069996,98,"CPS PROFESSIONAL SERVICES, LLC",,R799,SUPPORT- MANAGEMENT: OTHER,541611,ADMINISTRATIVE MANAGEMENT AND GENERAL MANAGEMENT CONSULTING SERVICES,TERMINATION FOR CONVIVENCE,,BPA CALL
36C10X23F0054,P00002,2025-03-04,2023-08-15,2025-03-04,0.00,2989996.20,7761121.69,SAC FREDERICK (36C10X),SAC FREDERICK (36C10X),VA,MONETA,FRANKLIN,241216390,09,"CONCOURSE FEDERAL GROUP, LLC",,R406,SUPPORT- PROFESSIONAL: POLICY REVIEW/DEVELOPMENT,541611,ADMINISTRATIVE MANAGEMENT AND GENERAL MANAGEMENT CONSULTING SERVICES,"PROCUREMENT POLICY, SYSTEMS, AND OVERSIGHT (PPSO) SUPPORT",,DELIVERY ORDER
36C10X23F0064,P00002,2025-03-04,2023-07-31,2025-03-04,0.00,70431.35,185594.94,SAC FREDERICK (36C10X),SAC FREDERICK (36C10X),DC,WASHINGTON,DISTRICT OF COLUMBIA,200011140,98,MABBETT AND ASSOCIATES INCORPORATED,,R499,SUPPORT- PROFESSIONAL: OTHER,541620,ENVIRONMENTAL CONSULTING SERVICES,ANNUAL WORKPLACE EVALUATIONS,EO: RADICAL TRANSPARENCY ABOUT WASTEFUL SPENDING,DELIVERY ORDER
36C10X23F0072,P00003,2025-03-04,2023-08-10,2025-03-04,0.00,1371652.66,1371652.66,SAC FREDERICK (36C10X),SAC FREDERICK (36C10X),AZ,TUCSON,PIMA,857565278,07,COMMISSION ON ACCREDITATION OF REHABILITATION FACILITIES,,R410,SUPPORT- PROFESSIONAL: PROGRAM EVALUATION/REVIEW/DEVELOPMENT,541611,ADMINISTRATIVE MANAGEMENT AND GENERAL MANAGEMENT CONSULTING SERVICES,USPEQ REHABILITATION SURVEYS WITHIN VA MEDICAL AND PSYCHOSOCIAL REHABILITATION PROGRAMS.,,DELIVERY ORDER
36C10X23F0090,P00002,2025-03-04,2023-09-28,2025-03-04,0.00,222050.57,222050.57,SAC FREDERICK (36C10X),SAC FREDERICK (36C10X),DC,WASHINGTON,DISTRICT OF COLUMBIA,200011152,98,RB MANAGEMENT CONSULTANTS LLC,,R408,SUPPORT- PROFESSIONAL: PROGRAM MANAGEMENT/SUPPORT,541611,ADMINISTRATIVE MANAGEMENT AND GENERAL MANAGEMENT CONSULTING SERVICES,'EO: RADICAL TRANSPARENCY ABOUT WASTEFUL SPENDING',EO: RADICAL TRANSPARENCY ABOUT WASTEFUL SPENDING,DELIVERY ORDER
36C10X23F0093,P00002,2025-03-04,2023-09-29,2025-03-04,0.00,1495983.84,3777359.28,SAC FREDERICK (36C10X),SAC FREDERICK (36C10X),VA,ANNANDALE,FAIRFAX,220032610,08,"CALADWICH CONSULTING, LLC",,R497,SUPPORT- PROFESSIONAL: PERSONAL SERVICES CONTRACTS,541614,"PROCESS, PHYSICAL DISTRIBUTION, AND LOGISTICS CONSULTING SERVICES",TERMINATE FOR CONVENIENCE,EO: RADICAL TRANSPARENCY ABOUT WASTEFUL SPENDING,DELIVERY ORDER
36C10X23N0036,P00003,2025-03-04,2023-01-31,2025-03-04,0.00,144125.00,198047.00,SAC FREDERICK (36C10X),SAC FREDERICK (36C10X),IL,CHICAGO HEIGHTS,COOK,604111003,02,"AGI INTERNATIONAL, INC.",,R610,SUPPORT- ADMINISTRATIVE:- PERSONAL PROPERTY MANAGEMENT,541614,"PROCESS, PHYSICAL DISTRIBUTION, AND LOGISTICS CONSULTING SERVICES",ANNUAL INVENTORY SERVICES - VISN 12 JESSE BROWN CHICAGO HEALTHCARE SYSTEM NOTICE OF TERMINATION FOR CONVENIENCE,EO: RADICAL TRANSPARENCY ABOUT WASTEFUL SPENDING,BPA CALL
36C10X23N0040,P00010,2025-03-04,2023-02-28,2025-02-25,0.00,62510917.49,63510917.49,SAC FREDERICK (36C10X),SAC FREDERICK (36C10X),VA,ALEXANDRIA,ALEXANDRIA CITY,223143121,08,"APTIVE HTG, LLC",,R499,SUPPORT- PROFESSIONAL: OTHER,541611,ADMINISTRATIVE MANAGEMENT AND GENERAL MANAGEMENT CONSULTING SERVICES,"VHA INTEGRATED HEALTHCARE TRANSFORMATION (IHT) IDIQ CONTRACT- EHRM RAPID SUPPORT, P00009 EXERCISE -8 SECOND 3-MONTH EXTENSION",,DELIVERY ORDER
36C10X23N0047,P00002,2025-03-04,2023-02-28,2025-02-25,0.00,2368796.69,3594378.95,SAC FREDERICK (36C10X),SAC FREDERICK (36C10X),VA,ARLINGTON,ARLINGTON,222092211,08,RB MANAGEMENT CONSULTANTS LLC,,R499,SUPPORT- PROFESSIONAL: OTHER,541611,ADMINISTRATIVE MANAGEMENT AND GENERAL MANAGEMENT CONSULTING SERVICES,NOTICE OF TERMINATION FOR CONVENIENCE.,EO: RADICAL TRANSPARENCY ABOUT WASTEFUL SPENDING,DELIVERY ORDER
36C10X23N0053,P00003,2025-03-04,2023-03-30,2025-03-04,0.00,2105089.56,4187128.22,SAC FREDERICK (36C10X),SAC FREDERICK (36C10X),DC,WASHINGTON,DISTRICT OF COLUMBIA,200033061,98,"DISTRICT COMMUNICATIONS GROUP, LLC (THE)",,R701,SUPPORT- MANAGEMENT: ADVERTISING,541611,ADMINISTRATIVE MANAGEMENT AND GENERAL MANAGEMENT CONSULTING SERVICES,EO: RADICAL TRANSPARENCY ABOUT WASTEFUL SPENDING,,DELIVERY ORDER
36C10X23N0057,P00005,2025-03-04,2023-03-29,2025-02-25,0.00,3526503.84,6374955.79,SAC FREDERICK (36C10X),SAC FREDERICK (36C10X),VA,ALEXANDRIA,ALEXANDRIA CITY,223143359,08,"APTIVE HTG, LLC",,R499,SUPPORT- PROFESSIONAL: OTHER,541611,ADMINISTRATIVE MANAGEMENT AND GENERAL MANAGEMENT CONSULTING SERVICES,TERMINATION FOR CONVENIENCE - 'EO: RADICAL TRANSPARENCY ABOUT WASTEFUL SPENDING',EO: RADICAL TRANSPARENCY ABOUT WASTEFUL SPENDING,DELIVERY ORDER
36C10X23N0076,P00007,2025-03-04,2023-05-10,2025-02-25,0.00,2598982.13,5098982.13,SAC FREDERICK (36C10X),SAC FREDERICK (36C10X),VA,ARLINGTON,ARLINGTON,222023829,08,RB MANAGEMENT CONSULTANTS LLC,,R408,SUPPORT- PROFESSIONAL: PROGRAM MANAGEMENT/SUPPORT,541611,ADMINISTRATIVE MANAGEMENT AND GENERAL MANAGEMENT CONSULTING SERVICES,TERMINATION FOR CONVENIENCE.,EO: RADICAL TRANSPARENCY ABOUT WASTEFUL SPENDING,DELIVERY ORDER
36C10X23N0094,P00004,2025-03-04,2023-07-24,2025-02-25,0.00,5605865.15,5605865.15,SAC FREDERICK (36C10X),SAC FREDERICK (36C10X),VA,CHANTILLY,FAIRFAX,201513255,11,TITAN ALPHA LLC,,R410,SUPPORT- PROFESSIONAL: PROGRAM EVALUATION/REVIEW/DEVELOPMENT,541611,ADMINISTRATIVE MANAGEMENT AND GENERAL MANAGEMENT CONSULTING SERVICES,VHA INTEGRATED HEALTHCARE TRANSFORMATION (IHT) IDIQ CONTRACT- MODIFICATION TO INCREASE CONTRACT CEILING.,,DELIVERY ORDER
36C10X23N0103,P00003,2025-03-04,2023-07-03,2025-03-04,0.00,1683266.00,4271833.10,SAC FREDERICK (36C10X),SAC FREDERICK (36C10X),DC,WASHINGTON,DISTRICT OF COLUMBIA,200011152,98,"RB CONSULTING, INC.",,R408,SUPPORT- PROFESSIONAL: PROGRAM MANAGEMENT/SUPPORT,541611,ADMINISTRATIVE MANAGEMENT AND GENERAL MANAGEMENT CONSULTING SERVICES,REVISED LCATS TO MEET GOVERNMENT NEEDS,,DELIVERY ORDER
36C10X23N0125,P00002,2025-03-04,2023-09-28,2025-02-25,0.00,980129.24,6375525.60,STRATEGIC ACQUISITION CENTER FREDERICKSBURG (36C10G),SAC FREDERICK (36C10X),VA,CHANTILLY,FAIRFAX,201513933,11,TITAN ALPHA LLC,,R499,SUPPORT- PROFESSIONAL: OTHER,541611,ADMINISTRATIVE MANAGEMENT AND GENERAL MANAGEMENT CONSULTING SERVICES,TERMINATION,,DELIVERY ORDER
36C10X23N0129,P00006,2025-03-04,2023-08-27,2025-02-25,0.00,3224213.57,4846191.57,SAC FREDERICK (36C10X),SAC FREDERICK (36C10X),VA,MANASSAS,PRINCE WILLIAM,201092243,10,"INFORMATION SCIENCES CONSULTING, INCORPORATED",,R499,SUPPORT- PROFESSIONAL: OTHER,541611,ADMINISTRATIVE MANAGEMENT AND GENERAL MANAGEMENT CONSULTING SERVICES,TERMINATION - RADICAL TRANSPARENCY ABOUT WASTEFUL SPENDING,,DELIVERY ORDER
36C10X23N0142,P00002,2025-03-04,2023-09-19,2025-03-04,0.00,1208114.88,3052062.40,SAC FREDERICK (36C10X),SAC FREDERICK (36C10X),VA,ARLINGTON,ARLINGTON,222092278,08,"TRILOGY FEDERAL, LLC",,R426,SUPPORT- PROFESSIONAL: COMMUNICATIONS,541611,ADMINISTRATIVE MANAGEMENT AND GENERAL MANAGEMENT CONSULTING SERVICES,VHA INTEGRATED HEALTHCARE TRANSFORMATION (IHT) IDIQ CONTRACT- MODIFICATION TO ADD FREE AGENT PARTNERS AND INCLUDE FAR 52.204-27.,,DELIVERY ORDER
36C10X23N0146,P00006,2025-03-04,2023-09-29,2025-03-04,0.00,3684340.25,16284790.65,SAC FREDERICK (36C10X),SAC FREDERICK (36C10X),VA,FREDERICKSBURG,FREDERICKSBURG CITY,224014912,07,"WORLDWIDE COUNTER THREAT SOLUTIONS, LLC",,R499,SUPPORT- PROFESSIONAL: OTHER,541611,ADMINISTRATIVE MANAGEMENT AND GENERAL MANAGEMENT CONSULTING SERVICES,"TERMINATE VECTOR TOPR 0127 OHVP MISSION CRITICAL SERVICES,	
EO: RADICAL TRANSPARENCY ABOUT WASTEFUL SPENDING",EO: RADICAL TRANSPARENCY ABOUT WASTEFUL SPENDING,DELIVERY ORDER
36C10X23N0152,P00002,2025-03-04,2023-09-18,2025-02-25,0.00,982254.52,982254.52,SAC FREDERICK (36C10X),SAC FREDERICK (36C10X),DC,WASHINGTON,DISTRICT OF COLUMBIA,200011152,98,COLEY & ASSOCIATES INC,,R499,SUPPORT- PROFESSIONAL: OTHER,541611,ADMINISTRATIVE MANAGEMENT AND GENERAL MANAGEMENT CONSULTING SERVICES,MODIFICATION TO TERMINATE FOR CONVENIENCE (T4C),,DELIVERY ORDER
36C10X23N0154,P00002,2025-03-04,2023-09-20,2025-02-25,0.00,1966852.74,2994741.66,SAC FREDERICK (36C10X),SAC FREDERICK (36C10X),VA,ALEXANDRIA,ALEXANDRIA CITY,223143121,08,"APTIVE HTG, LLC",,R499,SUPPORT- PROFESSIONAL: OTHER,541611,ADMINISTRATIVE MANAGEMENT AND GENERAL MANAGEMENT CONSULTING SERVICES,TERMINATION,,DELIVERY ORDER
36C10X23N0155,P00004,2025-03-04,2023-09-28,2025-02-25,0.00,7328844.17,20925377.07,SAC FREDERICK (36C10X),SAC FREDERICK (36C10X),MD,FREDERICK,FREDERICK,217048344,06,"RB CONSULTING, INC.",,R499,SUPPORT- PROFESSIONAL: OTHER,541611,ADMINISTRATIVE MANAGEMENT AND GENERAL MANAGEMENT CONSULTING SERVICES,TERMINATION FOR CONVENIENCE,EO: RADICAL TRANSPARENCY ABOUT WASTEFUL SPENDING,DELIVERY ORDER
36C10X23N0158,P00003,2025-03-04,2023-09-29,2025-02-25,0.00,7477575.20,19126598.11,SAC FREDERICK (36C10X),SAC FREDERICK (36C10X),VA,ARLINGTON,ARLINGTON,222092297,08,"TRILOGY FEDERAL, LLC",,R408,SUPPORT- PROFESSIONAL: PROGRAM MANAGEMENT/SUPPORT,541611,ADMINISTRATIVE MANAGEMENT AND GENERAL MANAGEMENT CONSULTING SERVICES,NOTICE OF TERMINATION FOR CONVENIENCE - COMPLETE,EO: RADICAL TRANSPARENCY ABOUT WASTEFUL SPENDING,DELIVERY ORDER
36C10X23N0161,P00003,2025-03-04,2023-09-29,2025-02-25,0.00,3160634.55,6440006.93,SAC FREDERICK (36C10X),SAC FREDERICK (36C10X),VA,FAIRFAX STATION,FAIRFAX,220392201,11,"METRICS, LLC",,R499,SUPPORT- PROFESSIONAL: OTHER,541611,ADMINISTRATIVE MANAGEMENT AND GENERAL MANAGEMENT CONSULTING SERVICES,TERMINATION,EO: RADICAL TRANSPARENCY ABOUT WASTEFUL SPENDING,DELIVERY ORDER
36C10X23N0163,P00002,2025-03-04,2023-09-28,2025-03-04,0.00,1866994.68,3771152.40,SAC FREDERICK (36C10X),SAC FREDERICK (36C10X),MD,FREDERICK,FREDERICK,217046681,06,"RB CONSULTING, INC.",,R499,SUPPORT- PROFESSIONAL: OTHER,541611,ADMINISTRATIVE MANAGEMENT AND GENERAL MANAGEMENT CONSULTING SERVICES,TERMINATE CONTRACT,EO: RADICAL TRANSPARENCY ABOUT WASTEFUL SPENDING,DELIVERY ORDER
36C10X23N0185,P00001,2025-03-04,2023-09-28,2025-03-04,0.00,0.00,0.00,SAC FREDERICK (36C10X),SAC FREDERICK (36C10X),DC,WASHINGTON,DISTRICT OF COLUMBIA,200073822,98,"WASHINGTON BUSINESS DYNAMICS, LLC",,R499,SUPPORT- PROFESSIONAL: OTHER,541611,ADMINISTRATIVE MANAGEMENT AND GENERAL MANAGEMENT CONSULTING SERVICES,VECTOR PROGRAM,,DELIVERY ORDER
36C10X23N0186,P00001,2025-03-04,2023-09-28,2025-03-04,0.00,2500.00,2500.00,SAC FREDERICK (36C10X),SAC FREDERICK (36C10X),VA,ARLINGTON,ARLINGTON,222015417,08,BLAKE WILLSON GROUP LLC,,R499,SUPPORT- PROFESSIONAL: OTHER,541611,ADMINISTRATIVE MANAGEMENT AND GENERAL MANAGEMENT CONSULTING SERVICES,VECTOR PROGRAM,EO: RADICAL TRANSPARENCY ABOUT WASTEFUL SPENDING,DELIVERY ORDER
36C10X23N0187,P00001,2025-03-04,2023-09-28,2025-03-04,0.00,2500.00,2500.00,SAC FREDERICK (36C10X),SAC FREDERICK (36C10X),DC,WASHINGTON,DISTRICT OF COLUMBIA,200024213,98,AVER LLC,,R499,SUPPORT- PROFESSIONAL: OTHER,541611,ADMINISTRATIVE MANAGEMENT AND GENERAL MANAGEMENT CONSULTING SERVICES,VECTOR PROGRAM,EO: RADICAL TRANSPARENCY ABOUT WASTEFUL SPENDING,DELIVERY ORDER
36C10X23N0188,P00001,2025-03-04,2023-09-28,2025-03-04,0.00,2500.00,2500.00,SAC FREDERICK (36C10X),SAC FREDERICK (36C10X),WA,GIG HARBOR,PIERCE,983329061,06,640 ACRES LLC,,R499,SUPPORT- PROFESSIONAL: OTHER,541611,ADMINISTRATIVE MANAGEMENT AND GENERAL MANAGEMENT CONSULTING SERVICES,VECTOR PROGRAM,EO: RADICAL TRANSPARENCY ABOUT WASTEFUL SPENDING,DELIVERY ORDER
36C10X23P0036,P00007,2025-03-04,2023-04-01,2025-02-25,0.00,2070036.78,3070723.98,SAC FREDERICK (36C10X),SAC FREDERICK (36C10X),VA,FAIRFAX STATION,FAIRFAX,220393161,11,MILITARY SERVICE ALLIANCE INCORPORATED,,R707,SUPPORT- MANAGEMENT: CONTRACT/PROCUREMENT/ACQUISITION SUPPORT,541611,ADMINISTRATIVE MANAGEMENT AND GENERAL MANAGEMENT CONSULTING SERVICES,ACQUISITION LIFECYCLE FRAMEWORK (ALF) - FUNDING MOD ONLY TO CORRECT ALLOCATION DUE TO 6 CENT ROUNDING ERROR AND DEOBLIGATE 6 CENTS.,,PURCHASE ORDER
36C10X23P0111,P00002,2025-03-04,2023-09-20,2025-02-25,0.00,3222142.76,4868651.04,SAC FREDERICK (36C10X),VHACO SUPPORT SERVICES,MD,FREDERICK,FREDERICK,217046681,06,"RB CONSULTING, INC.",,R499,SUPPORT- PROFESSIONAL: OTHER,541611,ADMINISTRATIVE MANAGEMENT AND GENERAL MANAGEMENT CONSULTING SERVICES,NOTICE OF TERMINATION FOR CONVENIENCE,EO: RADICAL TRANSPARENCY ABOUT WASTEFUL SPENDING,PURCHASE ORDER
36C10X24C0011,P00002,2025-03-04,2024-04-12,2025-02-25,0.00,3758060.61,3758060.61,SAC FREDERICK (36C10X),SAC FREDERICK (36C10X),VA,ARLINGTON,ARLINGTON,222091800,08,"RIOS PARTNERS, LLC",,R408,SUPPORT- PROFESSIONAL: PROGRAM MANAGEMENT/SUPPORT,541611,ADMINISTRATIVE MANAGEMENT AND GENERAL MANAGEMENT CONSULTING SERVICES,NOTICE OF TERMINATION FOR CONVENIENCE.,,DEFINITIVE CONTRACT
36C10X24C0021,P00001,2025-03-04,2024-08-05,2025-03-04,0.00,586000.00,1288480.00,SAC FREDERICK (36C10X),SAC FREDERICK (36C10X),MD,GAITHERSBURG,MONTGOMERY,208785622,06,IBILITY LLC,,R799,SUPPORT- MANAGEMENT: OTHER,541611,ADMINISTRATIVE MANAGEMENT AND GENERAL MANAGEMENT CONSULTING SERVICES,"TERMINATE VHA ENTERPRISE PROGRAM MANAGEMENT OFFICE (EPMO) PACT ACT
	

EO: RADICAL TRANSPARENCY ABOUT WASTEFUL SPENDING",EO: RADICAL TRANSPARENCY ABOUT WASTEFUL SPENDING,DEFINITIVE CONTRACT
36C10X24C0025,P00001,2025-03-04,2024-08-08,2025-02-25,0.00,2749044.39,2749044.39,SAC FREDERICK (36C10X),SAC FREDERICK (36C10X),VA,STAFFORD,STAFFORD,225569052,07,"BEN ALLEGRETTI CONSULTING, INC",,R425,SUPPORT- PROFESSIONAL: ENGINEERING/TECHNICAL,541611,ADMINISTRATIVE MANAGEMENT AND GENERAL MANAGEMENT CONSULTING SERVICES,IAW EO RADICAL TRANSPARENCY ABOUT WASTEFUL SPENDING RTWS - TERMINATION,,DEFINITIVE CONTRACT
36C10X24C0028,P00002,2025-03-04,2024-09-23,2025-02-25,0.00,577256.22,577256.22,SAC FREDERICK (36C10X),SAC FREDERICK (36C10X),VA,CHESAPEAKE,CHESAPEAKE CITY,233222794,02,WATERFRONT TRAINING SOLUTIONS INC.,,R499,SUPPORT- PROFESSIONAL: OTHER,541611,ADMINISTRATIVE MANAGEMENT AND GENERAL MANAGEMENT CONSULTING SERVICES,NOTICE OF TERMINATION FOR CONVENIENCE - RTWS,EO: RADICAL TRANSPARENCY ABOUT WASTEFUL SPENDING,DEFINITIVE CONTRACT
36C10X24C0031,P00001,2025-03-04,2024-09-16,2025-02-25,0.00,1951602.74,1951602.74,SAC FREDERICK (36C10X),SAC FREDERICK (36C10X),VA,STAFFORD,STAFFORD,225564629,07,"BEN ALLEGRETTI CONSULTING, INC",,R425,SUPPORT- PROFESSIONAL: ENGINEERING/TECHNICAL,541611,ADMINISTRATIVE MANAGEMENT AND GENERAL MANAGEMENT CONSULTING SERVICES,IAW EO RADICAL TRANSPARENCY ABOUT WASTEFUL SPENDING RTWS - TERMINATION FOR CONVENIENCE,EO: RADICAL TRANSPARENCY ABOUT WASTEFUL SPENDING,DEFINITIVE CONTRACT
36C10X24C0032,P00001,2025-03-04,2024-09-09,2025-03-04,0.00,980146.44,1921433.99,SAC FREDERICK (36C10X),SAC FREDERICK (36C10X),MD,FREDERICK,FREDERICK,217032817,06,SHOULDER 2 SHOULDER INC,,R499,SUPPORT- PROFESSIONAL: OTHER,541611,ADMINISTRATIVE MANAGEMENT AND GENERAL MANAGEMENT CONSULTING SERVICES,NOTICE OF TERMINATION FOR CONVENIENCE- RADICAL TRANSPARENCY ABOUT WASTEFUL SPENDING INITIATIVE,EO: RADICAL TRANSPARENCY ABOUT WASTEFUL SPENDING,DEFINITIVE CONTRACT
36C10X24C0037,P00001,2025-03-04,2024-09-18,2025-03-04,0.00,2073895.12,2073895.12,SAC FREDERICK (36C10X),SAC FREDERICK (36C10X),DC,WASHINGTON,DISTRICT OF COLUMBIA,204200001,98,"BLUE WATER THINKING,LLC",,R408,SUPPORT- PROFESSIONAL: PROGRAM MANAGEMENT/SUPPORT,541611,ADMINISTRATIVE MANAGEMENT AND GENERAL MANAGEMENT CONSULTING SERVICES,TERMINATE FOR CONVENIENCE.,EO: RADICAL TRANSPARENCY ABOUT WASTEFUL SPENDING,DEFINITIVE CONTRACT
36C10X24C0038,P00001,2025-03-04,2024-09-30,2025-02-25,0.00,1355229.84,1817663.00,SAC FREDERICK (36C10X),SAC FREDERICK (36C10X),DC,WASHINGTON,DISTRICT OF COLUMBIA,204200001,98,"BOOK ZURMAN, INC.",,R499,SUPPORT- PROFESSIONAL: OTHER,541618,OTHER MANAGEMENT CONSULTING SERVICES,INTEGRATED HEALTH STANDARDS SUPPORT - TERMINATION,EO: RADICAL TRANSPARENCY ABOUT WASTEFUL SPENDING,DEFINITIVE CONTRACT
36C10X24C0039,P00002,2025-03-04,2024-09-30,2025-02-25,0.00,3803630.41,4957234.93,STRATEGIC ACQUISITION CENTER FREDERICKSBURG (36C10G),SAC FREDERICK (36C10X),MD,CAMBRIDGE,DORCHESTER,216132257,01,"SNOWBIRD AGILITY, INC.",,R408,SUPPORT- PROFESSIONAL: PROGRAM MANAGEMENT/SUPPORT,541611,ADMINISTRATIVE MANAGEMENT AND GENERAL MANAGEMENT CONSULTING SERVICES,LEAN-AGILE COACHING AND IMPLEMENTATION PROGRAM P00002 - TERMINATION,EO: RADICAL TRANSPARENCY ABOUT WASTEFUL SPENDING,DEFINITIVE CONTRACT
36C10X24F0020,P00004,2025-03-04,2024-01-04,2025-03-04,0.00,3824548.26,5746747.56,SAC FREDERICK (36C10X),SAC FREDERICK (36C10X),DC,WASHINGTON,DISTRICT OF COLUMBIA,200010001,98,ECHO FIVE GROUP LLC,,R401,SUPPORT- PROFESSIONAL: PERSONAL CARE (NON-MEDICAL),541611,ADMINISTRATIVE MANAGEMENT AND GENERAL MANAGEMENT CONSULTING SERVICES,THIS MODIFICATION IS A TERMINATION FOR CONVENIENCE. EO: RTWS,EO: RADICAL TRANSPARENCY ABOUT WASTEFUL SPENDING,DELIVERY ORDER
36C10X24F0042,P00004,2025-03-04,2024-03-08,2025-02-25,0.00,2171188.21,2171188.21,SAC FREDERICK (36C10X),SAC FREDERICK (36C10X),VA,MCLEAN,FAIRFAX,221023605,11,"CPS PROFESSIONAL SERVICES, LLC",,R799,SUPPORT- MANAGEMENT: OTHER,541611,ADMINISTRATIVE MANAGEMENT AND GENERAL MANAGEMENT CONSULTING SERVICES,TERMINATION FOR CONVIVENCE,,BPA CALL
36C10X24F0055,P00002,2025-03-04,2024-05-13,2025-02-25,0.00,1886762.64,6366024.72,SAC FREDERICK (36C10X),SAC FREDERICK (36C10X),VA,ASHBURN,LOUDOUN,201473394,10,WOODSIDE QUALITY LLC,,R499,SUPPORT- PROFESSIONAL: OTHER,541611,ADMINISTRATIVE MANAGEMENT AND GENERAL MANAGEMENT CONSULTING SERVICES,NOTICE OF TERMINATION FOR CONVENIENCE,,DELIVERY ORDER
36C10X24F0062,P00001,2025-03-04,2024-06-18,2025-02-25,0.00,3882556.49,3882556.49,SAC FREDERICK (36C10X),SAC FREDERICK (36C10X),VA,ASHBURN,LOUDOUN,201473876,10,WOODSIDE QUALITY LLC,,R499,SUPPORT- PROFESSIONAL: OTHER,541611,ADMINISTRATIVE MANAGEMENT AND GENERAL MANAGEMENT CONSULTING SERVICES,IAW EO RADICAL TRANSPARENCY ABOUT WASTEFUL SPENDING RTWS - TERMINATION,,DELIVERY ORDER
36C10X24N0059,P00002,2025-03-04,2024-01-26,2025-02-25,0.00,2284191.45,5855240.68,SAC FREDERICK (36C10X),SAC FREDERICK (36C10X),VA,ALEXANDRIA,ALEXANDRIA CITY,223043909,08,"GREEN-GATE TECHNOLOGY, INC",,U008,EDUCATION/TRAINING- TRAINING/CURRICULUM DEVELOPMENT,541611,ADMINISTRATIVE MANAGEMENT AND GENERAL MANAGEMENT CONSULTING SERVICES,TERMINATION FOR CONVENIENCE.,,DELIVERY ORDER
36C10X24N0062,P00002,2025-03-04,2024-01-18,2025-02-25,0.00,1270853.55,1932138.65,SAC FREDERICK (36C10X),VHACO SUPPORT SERVICES,VA,CHANTILLY,FAIRFAX,201513933,11,RB MANAGEMENT CONSULTANTS LLC,,R499,SUPPORT- PROFESSIONAL: OTHER,541611,ADMINISTRATIVE MANAGEMENT AND GENERAL MANAGEMENT CONSULTING SERVICES,NOTICE OF TERMINATION FOR CONVENIENCE,,DELIVERY ORDER
36C10X24N0068,P00003,2025-03-04,2024-01-25,2025-02-25,0.00,969851.93,969851.93,SAC FREDERICK (36C10X),SAC FREDERICK (36C10X),VA,CHANTILLY,FAIRFAX,201513933,11,TITAN ALPHA LLC,,R408,SUPPORT- PROFESSIONAL: PROGRAM MANAGEMENT/SUPPORT,541611,ADMINISTRATIVE MANAGEMENT AND GENERAL MANAGEMENT CONSULTING SERVICES,NOTICE OF TERMINATION FOR CONVENIENCE,,DELIVERY ORDER
36C10X24N0137,P00002,2025-03-04,2024-05-16,2025-02-25,0.00,498701.96,991675.60,SAC FREDERICK (36C10X),SAC FREDERICK (36C10X),VA,ALEXANDRIA,ALEXANDRIA CITY,223143359,08,"APTIVE HTG, LLC",,R499,SUPPORT- PROFESSIONAL: OTHER,541611,ADMINISTRATIVE MANAGEMENT AND GENERAL MANAGEMENT CONSULTING SERVICES,NOTICE OF TERMINATION FOR CONVENIENCE,,DELIVERY ORDER
36C10X24N0140,P00003,2025-03-04,2024-06-16,2025-03-04,0.00,2773284.04,6759602.50,SAC FREDERICK (36C10X),SAC FREDERICK (36C10X),MD,FREDERICK,FREDERICK,217032817,06,"SIERRA 7, INC.",,R499,SUPPORT- PROFESSIONAL: OTHER,541611,ADMINISTRATIVE MANAGEMENT AND GENERAL MANAGEMENT CONSULTING SERVICES,NOTICE OF TERMINATION FOR CONVENIENCE-RADICAL TRANSPARENCY ABOUT WASTEFUL SPENDING INITIATIVE,EO: RADICAL TRANSPARENCY ABOUT WASTEFUL SPENDING,DELIVERY ORDER
36C10X24N0164,P00001,2025-03-04,2024-08-23,2025-02-25,0.00,1157283.20,3488058.34,SAC FREDERICK (36C10X),SAC FREDERICK (36C10X),DC,WASHINGTON,DISTRICT OF COLUMBIA,204200001,98,OMNI CONSULTING SOLUTIONS LLC,,R408,SUPPORT- PROFESSIONAL: PROGRAM MANAGEMENT/SUPPORT,541611,ADMINISTRATIVE MANAGEMENT AND GENERAL MANAGEMENT CONSULTING SERVICES,NOTICE OF TERMINATION FOR CONVENIENCE,EO: RADICAL TRANSPARENCY ABOUT WASTEFUL SPENDING,DELIVERY ORDER
36C10X24N0172,P00002,2025-03-04,2024-09-02,2025-03-04,0.00,184546.37,1629823.97,SAC FREDERICK (36C10X),SAC FREDERICK (36C10X),VA,FAIRFAX STATION,FAIRFAX,220391203,10,"METRICS, LLC",,R408,SUPPORT- PROFESSIONAL: PROGRAM MANAGEMENT/SUPPORT,541611,ADMINISTRATIVE MANAGEMENT AND GENERAL MANAGEMENT CONSULTING SERVICES,TERMINATION FOR THE GOVERNMENTS CONVENIENCE IAW FAR 52 212 4 PARA L,EO: RADICAL TRANSPARENCY ABOUT WASTEFUL SPENDING,DELIVERY ORDER
36C10X24N0177,P00005,2025-03-04,2024-09-16,2025-03-04,0.00,6275572.00,18494910.37,SAC FREDERICK (36C10X),SAC FREDERICK (36C10X),DC,WASHINGTON,DISTRICT OF COLUMBIA,200010001,98,"DURABANTE, LLC",,U008,EDUCATION/TRAINING- TRAINING/CURRICULUM DEVELOPMENT,541611,ADMINISTRATIVE MANAGEMENT AND GENERAL MANAGEMENT CONSULTING SERVICES,"""EO: RADICAL TRANSPARENCY ABOUT WASTEFUL SPENDING"" TERMINATION FOR CONVENIENCE.",EO: RADICAL TRANSPARENCY ABOUT WASTEFUL SPENDING,DELIVERY ORDER
36C10X24N0183,P00001,2025-03-04,2024-09-30,2025-02-25,0.00,1668455.20,1668455.20,SAC FREDERICK (36C10X),SAC FREDERICK (36C10X),VA,FAIRFAX,FAIRFAX,220306112,11,"CLIENT FIRST TECHNOLOGIES, INC",,R499,SUPPORT- PROFESSIONAL: OTHER,541611,ADMINISTRATIVE MANAGEMENT AND GENERAL MANAGEMENT CONSULTING SERVICES,TERMINATION FOR CONVENIENCE 'RADICAL TRANSPARENCY ABOUT WASTEFUL SPENDING,EO: RADICAL TRANSPARENCY ABOUT WASTEFUL SPENDING,DELIVERY ORDER
36C10X24N0191,P00002,2025-03-04,2024-09-30,2025-02-25,0.00,1165531.12,1165531.12,SAC FREDERICK (36C10X),SAC FREDERICK (36C10X),MD,FREDERICK,FREDERICK,217048344,06,"RB CONSULTING, INC.",,R499,SUPPORT- PROFESSIONAL: OTHER,541611,ADMINISTRATIVE MANAGEMENT AND GENERAL MANAGEMENT CONSULTING SERVICES,NOTICE OF TERMINATION FOR CONVENIENCE.EO: RADICAL TRANSPARENCY ABOUT WASTEFUL SPENDING,EO: RADICAL TRANSPARENCY ABOUT WASTEFUL SPENDING,DELIVERY ORDER
36C10X24N0192,P00002,2025-03-04,2024-08-30,2025-02-25,0.00,1544185.62,4560716.82,SAC FREDERICK (36C10X),SAC FREDERICK (36C10X),VA,ARLINGTON,ARLINGTON,222092297,08,"TRILOGY FEDERAL, LLC",,R408,SUPPORT- PROFESSIONAL: PROGRAM MANAGEMENT/SUPPORT,541611,ADMINISTRATIVE MANAGEMENT AND GENERAL MANAGEMENT CONSULTING SERVICES,NOTICE OF TERMINATION FOR CONVENIENCE.,EO: RADICAL TRANSPARENCY ABOUT WASTEFUL SPENDING,DELIVERY ORDER
36C10X24N0193,P00001,2025-03-04,2024-09-29,2025-09-28,0.00,1015610.66,1015610.66,SAC FREDERICK (36C10X),SAC FREDERICK (36C10X),VA,ARLINGTON,ARLINGTON,222091742,08,DELOITTE CONSULTING LLP,,R702,SUPPORT- MANAGEMENT: DATA COLLECTION,541611,ADMINISTRATIVE MANAGEMENT AND GENERAL MANAGEMENT CONSULTING SERVICES,NOTICE OF TERMINATION FOR CONVENIENCE.  TERMINATION DUE TO EO: RADICAL TRANSPARENCY ABOUT WASTEFUL SPENDING,EO: RADICAL TRANSPARENCY ABOUT WASTEFUL SPENDING,BPA CALL
36C10X24N0200,P00001,2025-03-04,2024-09-16,2025-03-04,0.00,50842.00,147283.00,SAC FREDERICK (36C10X),SAC FREDERICK (36C10X),IN,INDIANAPOLIS,MARION,462191787,07,"AGI INTERNATIONAL, INC.",,R610,SUPPORT- ADMINISTRATIVE:- PERSONAL PROPERTY MANAGEMENT,541614,"PROCESS, PHYSICAL DISTRIBUTION, AND LOGISTICS CONSULTING SERVICES",ANNUAL INVENTORY SERVICES | TERMINATE FOR CONVENIENCE NOTICE,EO: RADICAL TRANSPARENCY ABOUT WASTEFUL SPENDING,BPA CALL
36C10X24N0206,P00001,2025-03-04,2024-09-30,2025-03-04,0.00,21120.00,21120.00,SAC FREDERICK (36C10X),SAC FREDERICK (36C10X),VA,ARLINGTON,ARLINGTON,222091800,08,"TRILOGY FEDERAL, LLC",,R702,SUPPORT- MANAGEMENT: DATA COLLECTION,541611,ADMINISTRATIVE MANAGEMENT AND GENERAL MANAGEMENT CONSULTING SERVICES,"EXPANSION OF FUNCTIONALITY OF EXISTING RURAL MASTER
TRACKING DATABASE.",,DELIVERY ORDER
36C10X24N0208,P00001,2025-03-04,2024-09-25,2025-02-25,0.00,176944.77,988134.85,SAC FREDERICK (36C10X),SAC FREDERICK (36C10X),VA,FREDERICKSBURG,SPOTSYLVANIA,224077108,07,COGENT SOLUTIONS INC,,R405,SUPPORT- PROFESSIONAL: OPERATIONS RESEARCH/QUANTITATIVE ANALYSIS,541611,ADMINISTRATIVE MANAGEMENT AND GENERAL MANAGEMENT CONSULTING SERVICES,TERMINATION FOR CONVENIENCE.,EO: RADICAL TRANSPARENCY ABOUT WASTEFUL SPENDING,DELIVERY ORDER
36C10X24N0223,P00001,2025-03-04,2024-09-30,2025-03-04,0.00,2104030.20,2104030.20,SAC FREDERICK (36C10X),SAC FREDERICK (36C10X),VA,CHANTILLY,FAIRFAX,201513933,11,TITAN ALPHA LLC,,R408,SUPPORT- PROFESSIONAL: PROGRAM MANAGEMENT/SUPPORT,541611,ADMINISTRATIVE MANAGEMENT AND GENERAL MANAGEMENT CONSULTING SERVICES,"SUICIDE PREVENTION CLINICAL INTERVENTIONS PROGRAM SUPPORT 
SERVICES",,DELIVERY ORDER
36C10X24N0224,P00001,2025-03-04,2024-09-27,2025-03-04,0.00,783256.34,3817810.22,SAC FREDERICK (36C10X),SAC FREDERICK (36C10X),VA,FAIRFAX,FAIRFAX,220306112,11,"CLIENT FIRST TECHNOLOGIES, INC",,R408,SUPPORT- PROFESSIONAL: PROGRAM MANAGEMENT/SUPPORT,541611,ADMINISTRATIVE MANAGEMENT AND GENERAL MANAGEMENT CONSULTING SERVICES,"TERMINATE COMMERCIAL PROFESSIONAL SERVICES, 	
EO: RADICAL TRANSPARENCY ABOUT WASTEFUL SPENDING",EO: RADICAL TRANSPARENCY ABOUT WASTEFUL SPENDING,DELIVERY ORDER
36C10X24N0225,P00003,2025-03-04,2024-09-26,2025-03-04,0.00,69733.25,69733.25,SAC FREDERICK (36C10X),SAC FREDERICK (36C10X),VA,UNION HALL,FRANKLIN,241764085,09,PENBAY TECHNOLOGY GROUP LLC,,R499,SUPPORT- PROFESSIONAL: OTHER,541611,ADMINISTRATIVE MANAGEMENT AND GENERAL MANAGEMENT CONSULTING SERVICES,NOTICE OF TERMINATION FOR CONVENIENCE (COMPLETE).,EO: RADICAL TRANSPARENCY ABOUT WASTEFUL SPENDING,DELIVERY ORDER
36C10X24N0236,P00001,2025-03-04,2024-09-30,2025-03-04,0.00,519950.65,2732819.86,SAC FREDERICK (36C10X),SAC FREDERICK (36C10X),FL,PENSACOLA,ESCAMBIA,325012334,01,DYNAMIC INTEGRATED SERVICES LLC,,R708,SUPPORT- MANAGEMENT: PUBLIC RELATIONS,541611,ADMINISTRATIVE MANAGEMENT AND GENERAL MANAGEMENT CONSULTING SERVICES,NOTICE OF TERMINATION FOR CONVENIENCE,EO: RADICAL TRANSPARENCY ABOUT WASTEFUL SPENDING,DELIVERY ORDER
36C10X24P0115,P00001,2025-03-04,2024-09-30,2025-02-25,0.00,2355211.16,2355211.16,SAC FREDERICK (36C10X),PCAC (36C776),VA,STAFFORD,STAFFORD,225564629,07,"BEN ALLEGRETTI CONSULTING, INC",,R425,SUPPORT- PROFESSIONAL: ENGINEERING/TECHNICAL,541611,ADMINISTRATIVE MANAGEMENT AND GENERAL MANAGEMENT CONSULTING SERVICES,HUMAN FACTORS SERVICES - HEALTH SYSTEMS OPTIMIZATION,,PURCHASE ORDER
36C10X25N0048,P00002,2025-03-04,2024-11-09,2025-11-08,0.00,3153529.59,3153529.59,SAC FREDERICK (36C10X),SAC FREDERICK (36C10X),VA,FAIRFAX STATION,FAIRFAX,220392201,11,"METRICS, LLC",,R408,SUPPORT- PROFESSIONAL: PROGRAM MANAGEMENT/SUPPORT,541611,ADMINISTRATIVE MANAGEMENT AND GENERAL MANAGEMENT CONSULTING SERVICES,PROGRAM MANAGEMENT SUPPORT SERVICES.,,BPA CALL
36C10X25P0003,P00002,2025-03-04,2025-01-06,2026-01-05,0.00,4995122.40,4995122.40,SAC FREDERICK (36C10X),VBA MEDICAL DISABILITY EXAMINATIONS OFFICE,VA,ARLINGTON,ARLINGTON,222013868,08,BLUE PHOENIX SOLUTIONS LLC,,R499,SUPPORT- PROFESSIONAL: OTHER,541611,ADMINISTRATIVE MANAGEMENT AND GENERAL MANAGEMENT CONSULTING SERVICES,BUSINESS ADVISORY SUPPORT SERVICES. P01 IS TO UPDATE POP AND ACOR.,,PURCHASE ORDER
36C24521F0046,P00014,2025-03-04,2020-11-01,2025-03-04,0.00,392247.67,392247.67,245-NETWORK CONTRACT OFFICE 5 (36C245),VHACO PATIENT CARE SERVICES,FL,PENSACOLA,ESCAMBIA,325025634,01,"DYNAMIC INTEGRATED SERVICES, LLC",,T001,PHOTO/MAP/PRINT/PUBLICATION- ARTS/GRAPHICS,541611,ADMINISTRATIVE MANAGEMENT AND GENERAL MANAGEMENT CONSULTING SERVICES,NOTICE OF TERMINATION FOR CONVENIENCE.,,DELIVERY ORDER
36C24524N0268,P00002,2025-03-04,2024-03-18,2025-03-04,0.00,556453.00,556453.00,245-NETWORK CONTRACT OFFICE 5 (36C245),512-BALTIMORE(00512)(36C512),MD,BALTIMORE,BALTIMORE CITY,212012623,07,MAXIM HEALTHCARE SERVICES INCORPORATED (0951),,Q601,MEDICAL CODING AND AUDITING,541611,ADMINISTRATIVE MANAGEMENT AND GENERAL MANAGEMENT CONSULTING SERVICES,MEDICAL CODING AT THE PERRY POINT AND BALTIMORE VAMC THIS CONTRACT WAS TERMINATED FOR THE CONVENIENCE OF THE GOVERNMENT.,,BPA CALL
36C24724N0673,P00001,2025-03-04,2024-06-01,2025-03-04,-1163659.52,2255319.76,15931236.88,247-NETWORK CONTRACT OFFICE 7 (36C247),508-ATLANTA (00508)(36C508),GA,DECATUR,DEKALB,300333425,05,PRESS GANEY ASSOCIATES LLC,,R401,SUPPORT- PROFESSIONAL: PERSONAL CARE (NON-MEDICAL),541611,ADMINISTRATIVE MANAGEMENT AND GENERAL MANAGEMENT CONSULTING SERVICES,"PATIENT SATISFACTION SURVEY-
TERMINATION FOR CONVENIENCE-EO: RADICAL TRANSPARENCY ABOUT WASTEFUL SPENDING",EO: RADICAL TRANSPARENCY ABOUT WASTEFUL SPENDING,DELIVERY ORDER
36C25023C0010,P00005,2025-03-04,2022-10-01,2025-03-04,0.00,65697.76,120112.76,250-NETWORK CONTRACT OFFICE 10 (36C250),541-BRECKSVILLE (00541),OH,CLEVELAND,CUYAHOGA,441062369,11,HYPERION BIOTECHNOLOGY INC,,L046,TECHNICAL REPRESENTATIVE- WATER PURIFICATION AND SEWAGE TREATMENT EQUIPMENT,541618,OTHER MANAGEMENT CONSULTING SERVICES,FUNDING OPTION YEAR 2,,DEFINITIVE CONTRACT
36C25024P0162,P00004,2025-03-04,2023-10-30,2025-03-04,0.00,19000.00,47500.00,250-NETWORK CONTRACT OFFICE 10 (36C250),541-BRECKSVILLE (00541),OH,CLEVELAND,CUYAHOGA,441068001,11,"HAAS GROUP INTERNATIONAL, LLC",,DA10,IT AND TELECOM - BUSINESS APPLICATION/APPLICATION DEVELOPMENT SOFTWARE AS A SERVICE,541690,OTHER SCIENTIFIC AND TECHNICAL CONSULTING SERVICES,CHEMICAL MANAGEMENT PROGRAM TERMINATION FOR GOVERNMENT CONVENIENCE,,PURCHASE ORDER
36C25623P0493,P00002,2025-03-04,2023-03-10,2025-02-25,-31794.58,124196.97,124196.97,256-NETWORK CONTRACT OFFICE 16 (36C256),580-HOUSTON(00580),TX,HOUSTON,HARRIS,770304298,09,ADSURGO LLC,,R499,SUPPORT- PROFESSIONAL: OTHER,541690,OTHER SCIENTIFIC AND TECHNICAL CONSULTING SERVICES,NOTICE OF TERMINATION FOR CONVENIENCE.,EO: RADICAL TRANSPARENCY ABOUT WASTEFUL SPENDING,PURCHASE ORDER
36C25623P1160,P00002,2025-03-04,2023-08-15,2025-02-24,-48000.00,48000.00,192000.00,256-NETWORK CONTRACT OFFICE 16 (36C256),629-SOUTHEAST LA HLTHCR SYS (00629),LA,NEW ORLEANS,ORLEANS,701194701,01,HEALTHCARE QUALITY ASSISTANCE GROUP LLC,,R420,SUPPORT- PROFESSIONAL: CERTIFICATIONS AND ACCREDITATIONS (OTHER THAN EDUC OR INFO TECH C&A),541611,ADMINISTRATIVE MANAGEMENT AND GENERAL MANAGEMENT CONSULTING SERVICES,NOTICE OF TERMINATION FOR CONVENIENCE.,EO: RADICAL TRANSPARENCY ABOUT WASTEFUL SPENDING,PURCHASE ORDER
36C25624P0055,P00002,2025-03-04,2023-10-30,2025-02-20,-9882.60,19059.30,19129.30,256-NETWORK CONTRACT OFFICE 16 (36C256),256-NETWORK CONTRACT OFFICE 16 (36C256),TX,HOUSTON,HARRIS,770301500,09,WEST PUBLISHING CORPORATION,,DA10,IT AND TELECOM - BUSINESS APPLICATION/APPLICATION DEVELOPMENT SOFTWARE AS A SERVICE,519290,WEB SEARCH PORTALS AND ALL OTHER INFORMATION SERVICES,WEB BASE RECORDS SEARCH INTERFACE,,PURCHASE ORDER
36C25624P1767,P00002,2025-03-04,2024-09-25,2025-02-25,-200587.50,48900.00,48900.00,256-NETWORK CONTRACT OFFICE 16 (36C256),580-HOUSTON(00580),TX,HOUSTON,HARRIS,770301500,09,HEALTHLINX INC,,R410,SUPPORT- PROFESSIONAL: PROGRAM EVALUATION/REVIEW/DEVELOPMENT,541611,ADMINISTRATIVE MANAGEMENT AND GENERAL MANAGEMENT CONSULTING SERVICES,MAGNET CONSULTATION SERVICES,,PURCHASE ORDER
36C26121F0180,P00004,2025-03-04,2021-04-01,2025-03-04,0.00,437956.00,547445.00,261-NETWORK CONTRACT OFFICE 21 (36C261),261-NETWORK CONTRACT OFFICE 21 (36C261),CA,MARTINEZ,CONTRA COSTA,945534220,10,"STRATEGIC SOLUTIONS, INC.",,R706,SUPPORT- MANAGEMENT: LOGISTICS SUPPORT,541614,"PROCESS, PHYSICAL DISTRIBUTION, AND LOGISTICS CONSULTING SERVICES",TERMINATION FOR CONVENIENCE-'RADICAL TRANSPARENCY ABOUT WASTEFUL SPENDING,EO: RADICAL TRANSPARENCY ABOUT WASTEFUL SPENDING,DELIVERY ORDER
36C26223C0058,P00003,2025-03-04,2023-01-12,2025-12-31,0.00,29621.90,29621.90,262-NETWORK CONTRACT OFFICE 22 (36C262),664-SAN DIEGO HEALTHCARE SYS(00664),CA,SAN DIEGO,SAN DIEGO,921610001,50,PRESS GANEY ASSOCIATES LLC,,R420,SUPPORT- PROFESSIONAL: CERTIFICATIONS AND ACCREDITATIONS (OTHER THAN EDUC OR INFO TECH C&A),541611,ADMINISTRATIVE MANAGEMENT AND GENERAL MANAGEMENT CONSULTING SERVICES,TERMINATION FOR CONVENIENCE | EO: RADICAL TRANSPARENCY ABOUT WASTEFUL SPENDING,EO: RADICAL TRANSPARENCY ABOUT WASTEFUL SPENDING,DEFINITIVE CONTRACT
36C26225C0066,P00001,2025-03-04,2024-12-01,2024-12-01,-103998.00,804.00,452108.00,262-NETWORK CONTRACT OFFICE 22 (36C262),691-VA GREATER LA HLTHCR SYS(00691),CA,LOS ANGELES,LOS ANGELES,900730093,32,ATLANTIC FIRST INDUSTRIES CORPORATION,,J065,"MAINT/REPAIR/REBUILD OF EQUIPMENT- MEDICAL, DENTAL, AND VETERINARY EQUIPMENT AND SUPPLIES",541690,OTHER SCIENTIFIC AND TECHNICAL CONSULTING SERVICES,VENTILATION EQUIPMENT INSPECTION  AND TESTING,EO: RADICAL TRANSPARENCY ABOUT WASTEFUL SPENDING,DEFINITIVE CONTRACT
36C26325N0320,P00001,2025-03-04,2025-03-01,2026-02-28,-106290.00,0.00,0.00,NETWORK CONTRACT OFFICE 23 (36C263),499-NETWOK CONTRACT OFFICE 23,MN,MINNEAPOLIS,HENNEPIN,554172309,05,BECKER DIGITAL LLC,,U008,EDUCATION/TRAINING- TRAINING/CURRICULUM DEVELOPMENT,611430,PROFESSIONAL AND MANAGEMENT DEVELOPMENT TRAINING,TERMINATION FOR THE GOVERNMENTS CONVENIENCE.,EO: RADICAL TRANSPARENCY ABOUT WASTEFUL SPENDING,DELIVERY ORDER
36C77624F0030,P00002,2025-03-04,2024-09-26,2025-03-04,0.00,299007.33,299007.33,PCAC (36C776),636A8-IOWA CITY HEALTH CARE,IA,IOWA CITY,JOHNSON,522468685,01,MABBETT AND ASSOCIATES INCORPORATED,,C219,ARCHITECT AND ENGINEERING- GENERAL: OTHER,541620,ENVIRONMENTAL CONSULTING SERVICES,"TERMINATION FOR CONVENIENCE
EO: RADICAL TRANSPARENCY ABOUT WASTEFUL SPENDING",,DELIVERY ORDER
36C77624N0576,P00001,2025-03-04,2024-07-31,2025-07-30,0.00,3526549.78,3526549.78,PCAC (36C776),PCAC (36C776),VA,ARLINGTON,ARLINGTON,222013868,08,"THE CRADDOCK GROUP, LLC",,R799,SUPPORT- MANAGEMENT: OTHER,541611,ADMINISTRATIVE MANAGEMENT AND GENERAL MANAGEMENT CONSULTING SERVICES,TASK ORDER FOR FY2026 NON-IT BUSINESS CASE APPLICATIONS SUPPORT.,,DELIVERY ORDER
36S79724P0017,P00002,2025-03-04,2024-09-30,2025-03-04,0.00,3898519.15,3898519.15,NAC FACILITY PURCHASING SUPPORT (36S797),NAC FACILITY PURCHASING SUPPORT (36S797),VA,FREDERICKSBURG,SPOTSYLVANIA,224082697,07,"SIGMA HEALTH CONSULTING, LLC",,R410,SUPPORT- PROFESSIONAL: PROGRAM EVALUATION/REVIEW/DEVELOPMENT,541611,ADMINISTRATIVE MANAGEMENT AND GENERAL MANAGEMENT CONSULTING SERVICES,SUPPORT SERVICES FOR VACO OFFICE OF INTEGRITY AND COMPLIANCE OVERSIGHT & ACCOUNTABILITY - FULL TERMINATION FOR CONVENIENCE.,EO: RADICAL TRANSPARENCY ABOUT WASTEFUL SPENDING,PURCHASE ORDER
36C10A23F0061,P00002,2025-03-05,2023-05-01,2025-02-20,0.00,1233075.00,2596325.00,TECHNOLOGY ACQUISITION CENTER NJ (36C10B),TECHNOLOGY ACQUISITION CENTER AUSTIN (36C10A),DC,WASHINGTON,DISTRICT OF COLUMBIA,200025049,98,"THUNDERCAT TECHNOLOGY, LLC",,U012,EDUCATION/TRAINING- INFORMATION TECHNOLOGY/TELECOMMUNICATIONS TRAINING,541519,OTHER COMPUTER RELATED SERVICES,TERMINATION FOR CONVENIENCE,,DELIVERY ORDER
36C10F21F0024,P00011,2025-03-05,2021-09-07,2025-03-05,0.00,3185459.60,3857908.44,OFFICE OF CONSTRUCTION &  FACILITIES MGMT (36C10F),OFFICE OF CONSTRUCTION &  FACILITIES MGMT (36C10F),DC,WASHINGTON,DISTRICT OF COLUMBIA,200010001,98,"BLUE WATER THINKING,LLC",,R408,SUPPORT- PROFESSIONAL: PROGRAM MANAGEMENT/SUPPORT,541519,OTHER COMPUTER RELATED SERVICES,NOTIFICATION OF TERMINATION FOR CONVENIENCE (EO: RADICAL TRANSPARENCY ABOUT WASTEFUL SPENDING),EO: RADICAL TRANSPARENCY ABOUT WASTEFUL SPENDING,DELIVERY ORDER
36C10F23C0011,P00002,2025-03-05,2023-09-30,2025-03-05,0.00,108125.00,260312.50,OFFICE OF CONSTRUCTION &  FACILITIES MGMT (36C10F),OFFICE OF CONSTRUCTION &  FACILITIES MGMT (36C10F),DC,WASHINGTON,DISTRICT OF COLUMBIA,200011152,98,THE ADVISORY BOARD COMPANY,,U005,EDUCATION/TRAINING- TUITION/REGISTRATION/MEMBERSHIP FEES,541618,OTHER MANAGEMENT CONSULTING SERVICES,NOTIFICATION OF TERMINATION FOR CONVENIENCE (EO: RADICAL TRANSPARENCY ABOUT WASTEFUL SPENDING),EO: RADICAL TRANSPARENCY ABOUT WASTEFUL SPENDING,DEFINITIVE CONTRACT
36C10F23F0016,P00005,2025-03-05,2023-05-02,2025-03-05,0.00,86156.46,86156.46,OFFICE OF CONSTRUCTION &  FACILITIES MGMT (36C10F),644-PHOENIX (00644),DC,WASHINGTON,DISTRICT OF COLUMBIA,200365569,98,"CONCOURSE FEDERAL GROUP, LLC",,B506,SPECIAL STUDIES/ANALYSIS- DATA (OTHER THAN SCIENTIFIC),541611,ADMINISTRATIVE MANAGEMENT AND GENERAL MANAGEMENT CONSULTING SERVICES,NOTICE OF TERMINATION FOR CONVENIENCE (EO: RADICAL TRANSPARENCY ABOUT WASTEFUL SPENDING),EO: RADICAL TRANSPARENCY ABOUT WASTEFUL SPENDING,DELIVERY ORDER
36C10F23F0026,P00002,2025-03-05,2023-09-27,2025-03-05,0.00,171093.02,171093.02,OFFICE OF CONSTRUCTION &  FACILITIES MGMT (36C10F),OFFICE OF CONSTRUCTION &  FACILITIES MGMT (36C10F),FL,SPRING HILL,PASCO,346107252,12,"INTERIOR SYSTEMS, INC.",,E1PC,PURCHASE OF UNIMPROVED REAL PROPERTY (LAND),541611,ADMINISTRATIVE MANAGEMENT AND GENERAL MANAGEMENT CONSULTING SERVICES,"NOTICE OF TERMINATION FOR CONVENIENCE
- RADICAL TRANSPARENCY ABOUT WASTEFUL SPENDING",EO: RADICAL TRANSPARENCY ABOUT WASTEFUL SPENDING,DELIVERY ORDER
36C10F23F0038,P00004,2025-03-05,2023-09-29,2025-03-05,0.00,126372.00,126372.00,OFFICE OF CONSTRUCTION &  FACILITIES MGMT (36C10F),OFFICE OF CONSTRUCTION &  FACILITIES MGMT (36C10F),WI,MADISON,DANE,537052254,02,"INTERIOR SYSTEMS, INC.",,E1PC,PURCHASE OF UNIMPROVED REAL PROPERTY (LAND),541611,ADMINISTRATIVE MANAGEMENT AND GENERAL MANAGEMENT CONSULTING SERVICES,"NOTICE OF TERMINATION FOR CONVENIENCE
- RADICAL TRANSPARENCY ABOUT WASTEFUL SPENDING",EO: RADICAL TRANSPARENCY ABOUT WASTEFUL SPENDING,DELIVERY ORDER
36C10F23F0040,P00002,2025-03-05,2023-09-29,2025-03-05,0.00,33080.00,36380.00,OFFICE OF CONSTRUCTION &  FACILITIES MGMT (36C10F),OFFICE OF CONSTRUCTION &  FACILITIES MGMT (36C10F),IA,KEOKUK,LEE,526323141,01,"INTERIOR SYSTEMS, INC.",,E1PC,PURCHASE OF UNIMPROVED REAL PROPERTY (LAND),541611,ADMINISTRATIVE MANAGEMENT AND GENERAL MANAGEMENT CONSULTING SERVICES,"NOTICE OF TERMINATION FOR CONVENIENCE
- RADICAL TRANSPARENCY ABOUT WASTEFUL SPENDING",EO: RADICAL TRANSPARENCY ABOUT WASTEFUL SPENDING,DELIVERY ORDER
36C10F24C0010,P00001,2025-03-05,2024-09-26,2025-03-05,0.00,1179804.00,4998797.00,OFFICE OF CONSTRUCTION &  FACILITIES MGMT (36C10F),OFFICE OF CONSTRUCTION &  FACILITIES MGMT (36C10F),DC,WASHINGTON,DISTRICT OF COLUMBIA,200011152,98,ELK CONSORTIUM LLC,,R410,SUPPORT- PROFESSIONAL: PROGRAM EVALUATION/REVIEW/DEVELOPMENT,541690,OTHER SCIENTIFIC AND TECHNICAL CONSULTING SERVICES,NOTICE OF TERMINATION FOR CONVENIENCE (EO: RADICAL TRANSPARENCY ABOUT WASTEFUL SPENDING),EO: RADICAL TRANSPARENCY ABOUT WASTEFUL SPENDING,DEFINITIVE CONTRACT
36C10F24N0016,P00001,2025-03-05,2024-07-31,2025-03-05,0.00,57921.92,57921.92,OFFICE OF CONSTRUCTION &  FACILITIES MGMT (36C10F),OFFICE OF CONSTRUCTION &  FACILITIES MGMT (36C10F),VA,ALEXANDRIA,ALEXANDRIA CITY,223143327,08,"CONCOURSE FEDERAL GROUP, LLC",,R408,SUPPORT- PROFESSIONAL: PROGRAM MANAGEMENT/SUPPORT,541611,ADMINISTRATIVE MANAGEMENT AND GENERAL MANAGEMENT CONSULTING SERVICES,NOTICE OF TERMINATION FOR CONVENIENCE (EO: RADICAL TRANSPARENCY ABOUT WASTEFUL SPENDING),EO: RADICAL TRANSPARENCY ABOUT WASTEFUL SPENDING,BPA CALL
36C10F24N0043,P00002,2025-03-05,2024-09-30,2025-03-05,0.00,37370.44,37370.44,OFFICE OF CONSTRUCTION &  FACILITIES MGMT (36C10F),OFFICE OF CONSTRUCTION &  FACILITIES MGMT (36C10F),VA,STERLING,LOUDOUN,201664220,10,"INTERIOR SYSTEMS, INC.",,E1PC,PURCHASE OF UNIMPROVED REAL PROPERTY (LAND),541611,ADMINISTRATIVE MANAGEMENT AND GENERAL MANAGEMENT CONSULTING SERVICES,"NOTICE OF TERMINATION FOR CONVENIENCE
- RADICAL TRANSPARENCY ABOUT WASTEFUL SPENDING",EO: RADICAL TRANSPARENCY ABOUT WASTEFUL SPENDING,BPA CALL
36C10F24N0045,P00001,2025-03-05,2024-09-30,2025-03-05,0.00,15700.00,15700.00,OFFICE OF CONSTRUCTION &  FACILITIES MGMT (36C10F),OFFICE OF CONSTRUCTION &  FACILITIES MGMT (36C10F),VA,STERLING,LOUDOUN,201664220,10,"INTERIOR SYSTEMS, INC.",,R404,SUPPORT- PROFESSIONAL: LAND SURVEYS-CADASTRAL (NON-CONSTRUCTION),541611,ADMINISTRATIVE MANAGEMENT AND GENERAL MANAGEMENT CONSULTING SERVICES,"NOTICE OF TERMINATION FOR CONVENIENCE
- RADICAL TRANSPARENCY ABOUT WASTEFUL SPENDING",EO: RADICAL TRANSPARENCY ABOUT WASTEFUL SPENDING,BPA CALL
36C24520C0105,P00007,2025-03-05,2020-04-08,2025-03-05,0.00,75000.00,75000.00,245-NETWORK CONTRACT OFFICE 5 (36C245),VA CENTRAL OFFICE,DC,WASHINGTON,DISTRICT OF COLUMBIA,204180007,98,NATIONAL ACADEMY OF SCIENCES,,U009,EDUCATION/TRAINING- GENERAL,541690,OTHER SCIENTIFIC AND TECHNICAL CONSULTING SERVICES,TERMINATION FOR CONVENIENCE,EO: RADICAL TRANSPARENCY ABOUT WASTEFUL SPENDING,DEFINITIVE CONTRACT
36C24524N0425,P00001,2025-03-05,2024-06-01,2025-03-05,0.00,165600.00,165600.00,245-NETWORK CONTRACT OFFICE 5 (36C245),VISN 05-VETERANS INTEGRATED(36C482),WV,BECKLEY,RALEIGH,258018986,01,"HEALTHCARE QUALITY ASSISTANCE GROUP, LLC",,R499,SUPPORT- PROFESSIONAL: OTHER,541611,ADMINISTRATIVE MANAGEMENT AND GENERAL MANAGEMENT CONSULTING SERVICES,TERMINATION FOR CONVENIENCE,EO: RADICAL TRANSPARENCY ABOUT WASTEFUL SPENDING,DELIVERY ORDER
36C24524N0607,P00003,2025-03-05,2024-08-05,2025-03-05,0.00,115102.02,115102.02,245-NETWORK CONTRACT OFFICE 5 (36C245),512-BALTIMORE(00512)(36C512),MD,PERRY POINT,CECIL,219020082,01,ENVIRONMENTAL RESEARCH GROUP LLC,,R499,SUPPORT- PROFESSIONAL: OTHER,541620,ENVIRONMENTAL CONSULTING SERVICES,TERMINATION FOR CONVENIENCE,EO: RADICAL TRANSPARENCY ABOUT WASTEFUL SPENDING,BPA CALL
36C24525N0265,P00001,2025-03-05,2025-03-01,2025-03-05,0.00,685.96,685.96,245-NETWORK CONTRACT OFFICE 5 (36C245),VISN 05-VETERANS INTEGRATED(36C482),MD,PERRY POINT,CECIL,219021101,01,"HEALTHCARE QUALITY ASSISTANCE GROUP, LLC",,R499,SUPPORT- PROFESSIONAL: OTHER,541611,ADMINISTRATIVE MANAGEMENT AND GENERAL MANAGEMENT CONSULTING SERVICES,TERMINATION FOR CONVENIENCE,EO: RADICAL TRANSPARENCY ABOUT WASTEFUL SPENDING,DELIVERY ORDER
36C24525P0203,P00001,2025-03-05,2024-12-27,2025-03-05,0.00,92777.70,92777.70,245-NETWORK CONTRACT OFFICE 5 (36C245),512-BALTIMORE(00512)(36C512),MD,BALTIMORE,BALTIMORE CITY,212022600,07,"UNIVERSITY OF MARYLAND, BALTIMORE",,AJ11,GENERAL SCIENCE AND TECHNOLOGY R&D SERVICES; GENERAL SCIENCE AND TECHNOLOGY; BASIC RESEARCH,541611,ADMINISTRATIVE MANAGEMENT AND GENERAL MANAGEMENT CONSULTING SERVICES,MEDICAL RESEARCH UMD,EO: RADICAL TRANSPARENCY ABOUT WASTEFUL SPENDING,PURCHASE ORDER
36C24623F0256,P00002,2025-03-05,2023-05-01,2025-03-05,-238330.11,1234629.95,1234629.95,246-NETWORK CONTRACTING OFFICE 6 (36C246),HAMPTON 590 (36C590),VA,HAMPTON,HAMPTON CITY,236679900,03,HURON CONSULTING SERVICES LLC,,U099,EDUCATION/TRAINING- OTHER,541611,ADMINISTRATIVE MANAGEMENT AND GENERAL MANAGEMENT CONSULTING SERVICES,TERMINATION FOR CONVENIENCE,EO: RADICAL TRANSPARENCY ABOUT WASTEFUL SPENDING,DELIVERY ORDER
36C24725F0032,P00001,2025-03-05,2024-11-01,2025-03-05,-197655.89,1909.83,1909.83,247-NETWORK CONTRACT OFFICE 7 (36C247),544-COLUMBIA (00544)(36C544),SC,COLUMBIA,RICHLAND,292092110,02,"NEW SOUTH ASSOCIATES, INC.",,B521,SPECIAL STUDIES/ANALYSIS- HISTORICAL,541620,ENVIRONMENTAL CONSULTING SERVICES,HISTORICAL PRESERVATION SERVICES - NOTICE OF TERMINATION FOR CONVENIENCE,EO: RADICAL TRANSPARENCY ABOUT WASTEFUL SPENDING,DELIVERY ORDER
36C24925P0150,P00001,2025-03-05,2024-12-01,2025-06-30,-8275.00,0.00,0.00,249-NETWORK CONTRACT OFFICE 9 (36C249),596-LEXINGTON(00596),KY,LEXINGTON,FAYETTE,405112627,06,"CULTURAL RESOURCE ANALYSTS, INC.",,F999,OTHER ENVIRONMENTAL SERVICES,541620,ENVIRONMENTAL CONSULTING SERVICES,TERMINATION FOR CONVENIENCE EO: RADICAL TRANSPARENCY ABOUT WASTEFUL SPENDING,EO: RADICAL TRANSPARENCY ABOUT WASTEFUL SPENDING,PURCHASE ORDER
36C24E24P0057,P00001,2025-03-05,2024-07-01,2025-03-05,0.00,11600.00,11600.00,RPO EAST (36C24E),VHACO CLINICAL SERVICES,FL,TALLAHASSEE,LEON,323035628,02,JESSE COUGLE,,AN11,HEALTH R&D SERVICES; HEALTH CARE SERVICES; BASIC RESEARCH,541690,OTHER SCIENTIFIC AND TECHNICAL CONSULTING SERVICES,NOTICE OF TERMINATION FOR CONVENIENCE,EO: RADICAL TRANSPARENCY ABOUT WASTEFUL SPENDING,PURCHASE ORDER
36C25020F0826,P00009,2025-03-05,2020-06-15,2025-03-05,-27270.01,575366.11,612343.92,250-NETWORK CONTRACT OFFICE 10 (36C250),552-DAYTON (00552),OH,DAYTON,MONTGOMERY,454289000,10,"BOUNDS ASSOCIATES, LLC",,R710,SUPPORT- MANAGEMENT: FINANCIAL,541611,ADMINISTRATIVE MANAGEMENT AND GENERAL MANAGEMENT CONSULTING SERVICES,TERMINATION FOR CONVENIENCE | BUDGET PREPARATION AND EXECUTION SUPPORT SERVICES FOR DAYTON VAMC WITH 4CAST SOFTWARE LICENSE,EO: RADICAL TRANSPARENCY ABOUT WASTEFUL SPENDING,DELIVERY ORDER
36C25020F1191,P00008,2025-03-05,2020-09-16,2025-03-05,-40794.28,183612.52,238752.00,250-NETWORK CONTRACT OFFICE 10 (36C250),250-NETWORK CONTRACT OFFICE 10 (36C250),OH,CHILLICOTHE,ROSS,456012637,02,CT CONSULTANTS INC,,H999,OTHER QC/TEST/INSPECT- MISCELLANEOUS,541620,ENVIRONMENTAL CONSULTING SERVICES,TERMINATION FOR CONVENIENCE | INDUSTRIAL HYGIENE SERVICES FOR CHILLICOTHE VA MEDICAL CENTER,EO: RADICAL TRANSPARENCY ABOUT WASTEFUL SPENDING,DELIVERY ORDER
36C25021F0134,P00008,2025-03-05,2020-10-01,2025-03-05,0.00,208501.16,216370.64,250-NETWORK CONTRACT OFFICE 10 (36C250),757-COLUMBUS (00757),OH,COLUMBUS,FRANKLIN,432193494,03,"SUSTAINMENT TECHNOLOGIES, LLC",,J065,"MAINT/REPAIR/REBUILD OF EQUIPMENT- MEDICAL, DENTAL, AND VETERINARY EQUIPMENT AND SUPPLIES",541614,"PROCESS, PHYSICAL DISTRIBUTION, AND LOGISTICS CONSULTING SERVICES",HOSPITAL MRI INJECTOR MAINTENANCE CONTRACT,EO: RADICAL TRANSPARENCY ABOUT WASTEFUL SPENDING,DELIVERY ORDER
36C25023F0060,P00008,2025-03-05,2022-10-24,2025-03-05,-82608.16,328044.03,447528.27,250-NETWORK CONTRACT OFFICE 10 (36C250),583-INDIANAPOLIS(00583),IN,INDIANAPOLIS,MARION,462022375,07,"SUSTAINMENT TECHNOLOGIES, LLC",,J065,"MAINT/REPAIR/REBUILD OF EQUIPMENT- MEDICAL, DENTAL, AND VETERINARY EQUIPMENT AND SUPPLIES",541614,"PROCESS, PHYSICAL DISTRIBUTION, AND LOGISTICS CONSULTING SERVICES",STERIS TECH STERILIZER MAINTENANCE - TERMINATION FOR CONVENIENCE,,DELIVERY ORDER
36C25024P0225,P00003,2025-03-05,2023-12-01,2025-03-04,0.00,150000.00,225000.00,250-NETWORK CONTRACT OFFICE 10 (36C250),539-CINCINNATI (00539),OH,CINCINNATI,HAMILTON,452202213,01,NATIONAL ACADEMY OF SCIENCES,,R408,SUPPORT- PROFESSIONAL: PROGRAM MANAGEMENT/SUPPORT,541690,OTHER SCIENTIFIC AND TECHNICAL CONSULTING SERVICES,MEMBERSHIP FEES - MICROBIAL THREAT FORUM,,PURCHASE ORDER
36C25024P1909,P00001,2025-03-05,2024-09-23,2025-03-05,0.00,74646.00,74646.00,250-NETWORK CONTRACT OFFICE 10 (36C250),583-INDIANAPOLIS(00583),IN,INDIANAPOLIS,MARION,462022884,07,"SAGE, LLC",,F110,"ENVIRON SYS PROTECT- DEVELOPMENT OF ENVIRON IMPACT STMTS/ASSESSMENTS, TECH ANALYSIS/ENVIRON AUDITS",541620,ENVIRONMENTAL CONSULTING SERVICES,ENVIRONMENTAL COMPLIANCE AND HEALTHCARE SUSTAINABILITY ADVISORY AND ASSISTANCE SERVICES SUPPORT,,PURCHASE ORDER
36C25025C0047,P00001,2025-03-05,2025-01-15,2025-03-04,0.00,5603.74,168506.74,250-NETWORK CONTRACT OFFICE 10 (36C250),553-DETROIT (00553),MI,DETROIT,WAYNE,482011916,13,BEST PRACTICES GROUP LLC,,R408,SUPPORT- PROFESSIONAL: PROGRAM MANAGEMENT/SUPPORT,541611,ADMINISTRATIVE MANAGEMENT AND GENERAL MANAGEMENT CONSULTING SERVICES,MODIFICATION TO TERMINATE PER DOGE.EO: RADICAL TRANSPARENCY ABOUT WASTEFUL SPENDING,,DEFINITIVE CONTRACT
36C25025F0295,P00001,2025-03-05,2025-01-25,2025-03-05,-417494.91,0.00,0.00,250-NETWORK CONTRACT OFFICE 10 (36C250),541-BRECKSVILLE (00541),OH,CLEVELAND,CUYAHOGA,441061702,11,PRESS GANEY ASSOCIATES LLC,,R422,SUPPORT- PROFESSIONAL: MARKET RESEARCH/PUBLIC OPINION,541611,ADMINISTRATIVE MANAGEMENT AND GENERAL MANAGEMENT CONSULTING SERVICES,PATIENT SURVEY TERMINATION,,DELIVERY ORDER
36C25025P0370,P00001,2025-03-05,2024-12-12,2025-03-04,0.00,31500.00,31500.00,250-NETWORK CONTRACT OFFICE 10 (36C250),541-BRECKSVILLE (00541),OH,CLEVELAND,CUYAHOGA,441061702,11,"EASIER COMMUNICATIONS, LLC.",,DG11,IT and Telecom - Network: Satellite Communications and Telecom Access Services,541618,OTHER MANAGEMENT CONSULTING SERVICES,FAR 52.212-4(L): TERMINATION FOR CONVENIENCE,,PURCHASE ORDER
36C25623P0025,P00005,2025-03-05,2022-10-01,2025-03-14,-71656.00,135150.00,287175.00,256-NETWORK CONTRACT OFFICE 16 (36C256),629-SOUTHEAST LA HLTHCR SYS (00629),LA,NEW ORLEANS,ORLEANS,701194558,01,VANGUARD GCS LLC,,R420,SUPPORT- PROFESSIONAL: CERTIFICATIONS AND ACCREDITATIONS (OTHER THAN EDUC OR INFO TECH C&A),541611,ADMINISTRATIVE MANAGEMENT AND GENERAL MANAGEMENT CONSULTING SERVICES,NOTICE OF TERMINATION FOR CONVENIENCE.,EO: RADICAL TRANSPARENCY ABOUT WASTEFUL SPENDING,PURCHASE ORDER
36C25820F0130,P00015,2025-03-05,2020-09-29,2025-03-04,0.00,2938433.09,3487481.09,262-NETWORK CONTRACT OFFICE 22 (36C262),262-NETWORK CONTRACT OFC 22(00701),AZ,PHOENIX,MARICOPA,850122790,03,"CAMEO CONSULTING GROUP, LLC",,R499,SUPPORT- PROFESSIONAL: OTHER,541611,ADMINISTRATIVE MANAGEMENT AND GENERAL MANAGEMENT CONSULTING SERVICES,CONTRACT SUPPORT STAFF TERMINATION FOR CONVENIENCE (COMPLETE),EO: RADICAL TRANSPARENCY ABOUT WASTEFUL SPENDING,DELIVERY ORDER
36C26222P1325,P00003,2025-03-05,2022-07-01,2025-03-04,0.00,174151.40,264780.90,262-NETWORK CONTRACT OFFICE 22 (36C262),691-VA GREATER LA HLTHCR SYS(00691),CA,LOS ANGELES,LOS ANGELES,900731003,32,"RESPONSE SYSTEMS, INC.",,R429,SUPPORT- PROFESSIONAL: EMERGENCY RESPONSE/DISASTER PLANNING/PREPAREDNESS SUPPORT,541611,ADMINISTRATIVE MANAGEMENT AND GENERAL MANAGEMENT CONSULTING SERVICES,FAR 52.212-4(L) CONTRACT TERMS AND CONDITIONS?COMMERCIAL PRODUCTS AND COMMERCIAL SERVICES. TERMINATION FOR GOVERNMENT CONVENIENCE.,,PURCHASE ORDER
36C26224N0649,P00002,2025-03-05,2024-05-10,2025-03-04,0.00,8000.00,8000.00,262-NETWORK CONTRACT OFFICE 22 (36C262),691-VA GREATER LA HLTHCR SYS(00691),CA,LOS ANGELES,LOS ANGELES,900731075,32,HOUSING INNOVATIONS LLC,,R499,SUPPORT- PROFESSIONAL: OTHER,541611,ADMINISTRATIVE MANAGEMENT AND GENERAL MANAGEMENT CONSULTING SERVICES,EXERCISE OPTION YEAR 3,EO: RADICAL TRANSPARENCY ABOUT WASTEFUL SPENDING,DELIVERY ORDER
36C26224N0819,P00001,2025-03-05,2024-07-01,2025-03-04,0.00,152440.50,430660.00,262-NETWORK CONTRACT OFFICE 22 (36C262),262-NETWORK CONTRACT OFFICE 22 (36C262),CA,LOS ANGELES,LOS ANGELES,900730001,32,MAXIM HEALTHCARE SERVICES INCORPORATED (0951),,Q601,MEDICAL CODING AND AUDITING,541611,ADMINISTRATIVE MANAGEMENT AND GENERAL MANAGEMENT CONSULTING SERVICES,MEDICAL CODING SERVICES - TERMINATION FOR GOVERNMENT CONVENIENCE,EO: RADICAL TRANSPARENCY ABOUT WASTEFUL SPENDING,BPA CALL
36C26224P1889,P00001,2025-03-05,2024-08-09,2025-08-08,0.00,92000.00,92000.00,262-NETWORK CONTRACT OFFICE 22 (36C262),691-VA GREATER LA HLTHCR SYS(00691),CA,LOS ANGELES,LOS ANGELES,900730093,32,PACIFIC COAST CONTRACTING GROUP,,R499,SUPPORT- PROFESSIONAL: OTHER,541620,ENVIRONMENTAL CONSULTING SERVICES,SCAQMD ADMINISTRATIVE SERVICES-TERMINATE FOR CONVENIENCE (COMPLETE),,PURCHASE ORDER
36C26225C0096,P00001,2025-03-05,2025-01-04,2030-01-03,-121695.37,0.00,550825.73,262-NETWORK CONTRACT OFFICE 22 (36C262),644-PHOENIX (00644),AZ,PHOENIX,MARICOPA,850121087,03,"RCG OF NORTH CAROLINA, LLC",,6835,MEDICAL GASES,325120,INDUSTRIAL GAS MANUFACTURING,MEDICAL GASES,,DEFINITIVE CONTRACT
36C26225P0477,P00001,2025-03-05,2025-01-02,2025-03-04,0.00,177858.86,177858.86,262-NETWORK CONTRACT OFFICE 22 (36C262),691-VA GREATER LA HLTHCR SYS(00691),CA,LOS ANGELES,LOS ANGELES,900730093,32,"OCCUPATIONAL SERVICES, INC.",,J065,"MAINT/REPAIR/REBUILD OF EQUIPMENT- MEDICAL, DENTAL, AND VETERINARY EQUIPMENT AND SUPPLIES",541690,OTHER SCIENTIFIC AND TECHNICAL CONSULTING SERVICES,EMERGENCY VENTILATION EQUIPMENT INSPECTION  AND TESTING - TERMINATION FOR GOVERNMENT CONVENIENCE,EO: RADICAL TRANSPARENCY ABOUT WASTEFUL SPENDING,PURCHASE ORDER
36C77620P0077,P00019,2025-03-05,2020-05-01,2025-03-05,0.00,2079393.01,2423032.35,PCAC (36C776),PCAC (36C776),FL,SAINT PETERSBURG,PINELLAS,337015140,14,"BOOK ZURMAN, INC.",,R408,SUPPORT- PROFESSIONAL: PROGRAM MANAGEMENT/SUPPORT,541611,ADMINISTRATIVE MANAGEMENT AND GENERAL MANAGEMENT CONSULTING SERVICES,EO: RADICAL TRANSPARENCY ABOUT WASTEFUL SPENDING.  NOTICE OF TERMINATION FOR CONVENIENCE. EO14042 - HEALTH INFORMATION GOVERNANCE (HIG) NATIONAL DATA SYSTEMS (NDS).,EO: RADICAL TRANSPARENCY ABOUT WASTEFUL SPENDING,PURCHASE ORDER
36C77620P0102,P00010,2025-03-05,2020-09-30,2025-03-05,0.00,164126.11,164126.11,PCAC (36C776),PCAC (36C776),VA,MCLEAN,FAIRFAX,221023470,11,"STAFFORD CONSULTING COMPANY, INC.",,R699,SUPPORT- ADMINISTRATIVE: OTHER,541611,ADMINISTRATIVE MANAGEMENT AND GENERAL MANAGEMENT CONSULTING SERVICES,ADUSH20-2 ADMIN ASSISTANT FOR PERSONS WITH DISABILITIES - OPTION YEAR 4. NOTICE OF TERMINATION FOR CONVENIENCE.  EO: RADICAL TRANSPARENCY ABOUT WASTEFUL SPENDING.,EO: RADICAL TRANSPARENCY ABOUT WASTEFUL SPENDING,PURCHASE ORDER
36C77623N0815,P00004,2025-03-05,2023-06-30,2026-06-29,0.00,1111366.36,2559500.76,PCAC (36C776),PCAC (36C776),VA,CLIFTON,FAIRFAX,201241831,10,"J P SYSTEMS, INC.",,R405,SUPPORT- PROFESSIONAL: OPERATIONS RESEARCH/QUANTITATIVE ANALYSIS,541690,OTHER SCIENTIFIC AND TECHNICAL CONSULTING SERVICES,TERMINOLOGY STANDARDS SUPPORT SERVICES TO 11 BASE YEAR.  NOTICE OF TERMINATION FOR CONVENIENCE.  EO: RADICAL TRANSPARENCY ABOUT WASTEFUL SPENDING.,EO: RADICAL TRANSPARENCY ABOUT WASTEFUL SPENDING,DELIVERY ORDER
36C77623N0888,P00003,2025-03-05,2023-09-20,2025-03-05,0.00,16463872.20,33753801.84,PCAC (36C776),PCAC (36C776),VA,CLIFTON,FAIRFAX,201241831,10,"J P SYSTEMS, INC.",,R499,SUPPORT- PROFESSIONAL: OTHER,541690,OTHER SCIENTIFIC AND TECHNICAL CONSULTING SERVICES,TERMINOLOGY STANDARDS SUPPORT SERVICES TO 12.  NOTICE OF TERMINATION FOR CONVENIENCE.  EO: RADICAL TRANSPARENCY ABOUT WASTEFUL SPENDING.,EO: RADICAL TRANSPARENCY ABOUT WASTEFUL SPENDING,DELIVERY ORDER
36C77624C0048,P00004,2025-03-05,2024-04-01,2025-03-05,0.00,2467631.96,6538129.90,PCAC (36C776),PCAC (36C776),DC,WASHINGTON,DISTRICT OF COLUMBIA,200011031,98,SIGIL CONSULTING GROUP LLC,,R408,SUPPORT- PROFESSIONAL: PROGRAM MANAGEMENT/SUPPORT,541611,ADMINISTRATIVE MANAGEMENT AND GENERAL MANAGEMENT CONSULTING SERVICES,ONS NURSING WORKFORCE SERVICES.  NOTICE OF TERMINATION FOR CONVENIENCE.  EO: RADICAL TRANSPARENCY ABOUT WASTEFUL SPENDING.,EO: RADICAL TRANSPARENCY ABOUT WASTEFUL SPENDING,DEFINITIVE CONTRACT
36C77624N0056,P00001,2025-03-05,2024-01-05,2025-02-25,0.00,1334529.03,1334529.03,PCAC (36C776),PCAC (36C776),VA,ARLINGTON,ARLINGTON,222013868,08,"CRADDOCK GROUP, LLC, THE",,R799,SUPPORT- MANAGEMENT: OTHER,541611,ADMINISTRATIVE MANAGEMENT AND GENERAL MANAGEMENT CONSULTING SERVICES,STRATEGIC CAPITAL INVESTMENT PLANNING PROCESS SUPPORT SERVICES,,DELIVERY ORDER
36C77624N0072,P00001,2025-03-05,2023-12-13,2025-02-25,0.00,579372.18,579372.18,PCAC (36C776),PCAC (36C776),VA,ARLINGTON,ARLINGTON,222013868,08,"CRADDOCK GROUP, LLC, THE",,R799,SUPPORT- MANAGEMENT: OTHER,541611,ADMINISTRATIVE MANAGEMENT AND GENERAL MANAGEMENT CONSULTING SERVICES,THE IDIQ PROVIDES AND OPPORTUNITY TO ACQUIRE STRATEGIC CAPITAL INVESTMENT PLANNING SERVICES FOR A 5 YEAR PERIOD.,,DELIVERY ORDER
36C77624N0573,P00001,2025-03-05,2024-06-27,2025-02-25,0.00,2369829.97,2369829.97,PCAC (36C776),PCAC (36C776),VA,ARLINGTON,ARLINGTON,222013868,08,"THE CRADDOCK GROUP, LLC",,R799,SUPPORT- MANAGEMENT: OTHER,541611,ADMINISTRATIVE MANAGEMENT AND GENERAL MANAGEMENT CONSULTING SERVICES,TASK ORDER FOR SCIP PROCESS SUPPORT USING THE SCIP IDIQ CONTRACT,,DELIVERY ORDER
36C77624N0843,P00001,2025-03-05,2024-09-30,2025-03-05,0.00,818110.80,1656682.56,PCAC (36C776),PCAC (36C776),VA,CLIFTON,FAIRFAX,201241831,10,"J P SYSTEMS, INC.",,R499,SUPPORT- PROFESSIONAL: OTHER,541690,OTHER SCIENTIFIC AND TECHNICAL CONSULTING SERVICES,TERMINOLOGY TASK ORDER 17 FOR SUPPORT FOR EVENT SET HIERARCHY (ESH) REPAIR AND OPTIMIZATION.  NOTICE OF TERMINATION FOR CONVENIENCE.  EO: RADICAL TRANSPARENCY ABOUT WASTEFUL SPENDING.,EO: RADICAL TRANSPARENCY ABOUT WASTEFUL SPENDING,DELIVERY ORDER
36C77624N0978,P00001,2025-03-05,2024-09-27,2025-02-25,0.00,180305.78,180305.78,PCAC (36C776),PCAC (36C776),OH,INDEPENDENCE,CUYAHOGA,441318051,07,"COGNITIVE MEDICAL SYSTEMS, INC.",,R408,SUPPORT- PROFESSIONAL: PROGRAM MANAGEMENT/SUPPORT,541611,ADMINISTRATIVE MANAGEMENT AND GENERAL MANAGEMENT CONSULTING SERVICES,CDS COMMUNITY ENGAGEMENT TASK ORDER 19.  NOTICE OF TERMINATION FOR CONVENIENCE.  EO: RADICAL TRANSPARENCY ABOUT WASTEFUL SPENDING.,EO: RADICAL TRANSPARENCY ABOUT WASTEFUL SPENDING,DELIVERY ORDER
36C77624N0999,P00001,2025-03-05,2024-09-30,2025-02-25,0.00,508684.50,508684.50,PCAC (36C776),PCAC (36C776),WY,CHEYENNE,LARAMIE,820013527,00,INNOVET HEALTH LLC,,R408,SUPPORT- PROFESSIONAL: PROGRAM MANAGEMENT/SUPPORT,541611,ADMINISTRATIVE MANAGEMENT AND GENERAL MANAGEMENT CONSULTING SERVICES,CLINICAL DECISION SUPPORT.  NOTICE OF TERMINATION FOR CONVENIENCE.  EO: RADICAL TRANSPARENCY ABOUT WASTEFUL SPENDING.,EO: RADICAL TRANSPARENCY ABOUT WASTEFUL SPENDING,DELIVERY ORDER
36C77624N1002,P00001,2025-03-05,2024-09-30,2025-02-25,0.00,685645.94,685645.94,PCAC (36C776),PCAC (36C776),WY,CHEYENNE,LARAMIE,820013527,00,INNOVET HEALTH LLC,,R410,SUPPORT- PROFESSIONAL: PROGRAM EVALUATION/REVIEW/DEVELOPMENT,541611,ADMINISTRATIVE MANAGEMENT AND GENERAL MANAGEMENT CONSULTING SERVICES,CLINICAL DECISION SUPPORT.  NOTICE OF TERMINATION FOR CONVENIENCE.  EO: RADICAL TRANSPARENCY ABOUT WASTEFUL SPENDING.,EO: RADICAL TRANSPARENCY ABOUT WASTEFUL SPENDING,DELIVERY ORDER
36C77624P0043,P00003,2025-03-05,2024-04-18,2025-02-25,0.00,283949.34,283949.34,PCAC (36C776),PCAC (36C776),TX,PLANO,COLLIN,750253103,03,ARTEMIS ARC LLC,,R699,SUPPORT- ADMINISTRATIVE: OTHER,541611,ADMINISTRATIVE MANAGEMENT AND GENERAL MANAGEMENT CONSULTING SERVICES,EVIDENCE BASED PRACTICE IMPLEMENTATION SUPPORT SERVICES - NOTICE OF TERMINATION FOR CONVENIENCE.  EO: RADICAL TRANSPARENCY ABOUT WASTEFUL SPENDING.,EO: RADICAL TRANSPARENCY ABOUT WASTEFUL SPENDING,PURCHASE ORDER
36C77624P0087,P00001,2025-03-05,2024-09-20,2025-02-25,0.00,20077.20,20077.20,PCAC (36C776),PCAC (36C776),VA,STAFFORD,STAFFORD,225563831,07,ETRANSERVICES CORP.,,R799,SUPPORT- MANAGEMENT: OTHER,541611,ADMINISTRATIVE MANAGEMENT AND GENERAL MANAGEMENT CONSULTING SERVICES,ENHANCE THE CURRENT VOLUME 4 OF THE FISCAL YEAR 2025 BUDGET SUBMISSION AND UPCOMING FY2026 BUDGET SUBMISSION TO BE SECTION 508 COMPLIANT.,,PURCHASE ORDER
36C77625P0006,P00001,2025-03-05,2024-11-01,2025-03-05,0.00,314120.00,314120.00,PCAC (36C776),PCAC (36C776),WV,HARPERS FERRY,JEFFERSON,254251702,02,"ROCK FERRY STATION, LLC",,R499,SUPPORT- PROFESSIONAL: OTHER,541611,ADMINISTRATIVE MANAGEMENT AND GENERAL MANAGEMENT CONSULTING SERVICES,EO: RADICAL TRANSPARENCY ABOUT WASTEFUL SPENDING. PROFESSIONAL AND TECHNICAL SERVICES BRIDGE CONTRACT.  NOTICE OF TERMINATION FOR CONVENIENCE.,EO: RADICAL TRANSPARENCY ABOUT WASTEFUL SPENDING,PURCHASE ORDER
36C10F24N0033,P00001,2025-03-06,2024-09-25,2025-03-06,0.00,49920.97,49920.97,OFFICE OF CONSTRUCTION &  FACILITIES MGMT (36C10F),OFFICE OF CONSTRUCTION &  FACILITIES MGMT (36C10F),MD,BALTIMORE,BALTIMORE,212092215,02,ENVIRONMENTAL RESEARCH GROUP LLC,,R408,SUPPORT- PROFESSIONAL: PROGRAM MANAGEMENT/SUPPORT,541620,ENVIRONMENTAL CONSULTING SERVICES,"NOTICE OF TERMINATION FOR CONVENIENCE
- RADICAL TRANSPARENCY ABOUT WASTEFUL SPENDING",EO: RADICAL TRANSPARENCY ABOUT WASTEFUL SPENDING,BPA CALL
36C10F25P0005,P00001,2025-03-06,2025-03-09,2025-03-06,0.00,0.00,0.00,OFFICE OF CONSTRUCTION &  FACILITIES MGMT (36C10F),OFFICE OF CONSTRUCTION &  FACILITIES MGMT (36C10F),IL,CHICAGO,COOK,606061718,07,AMERICAN HOSPITAL ASSOCIATION,,U005,EDUCATION/TRAINING- TUITION/REGISTRATION/MEMBERSHIP FEES,611430,PROFESSIONAL AND MANAGEMENT DEVELOPMENT TRAINING,TERMINATION FOR CONVENIENCE (EO: RADICAL TRANSPARENCY ABOUT WASTEFUL SPENDING),EO: RADICAL TRANSPARENCY ABOUT WASTEFUL SPENDING,PURCHASE ORDER
36C10X23P0038,P00003,2025-03-06,2023-04-01,2025-03-06,0.00,33369.96,56550.96,SAC FREDERICK (36C10X),SAC FREDERICK (36C10X),DC,WASHINGTON,DISTRICT OF COLUMBIA,204200001,98,FRONTLINE ENTERPRISES LLC,,S217,HOUSEKEEPING- INTERIOR PLANTSCAPING,561790,OTHER SERVICES TO BUILDINGS AND DWELLINGS,"INTERIOR PLANT MAINTENANCE, TERMINATION FOR CONVENIENCE",EO: RADICAL TRANSPARENCY ABOUT WASTEFUL SPENDING,PURCHASE ORDER
36C24123P1264,P00003,2025-03-06,2023-09-20,2028-09-19,-13000.00,13500.00,13500.00,241-NETWORK CONTRACT OFFICE 01 (36C241),518-BEDFORD (00518)(36C518),VT,NORWICH,WINDSOR,050559682,00,FRANCES E. EANET,,AN14,HEALTH R&D SERVICES; HEALTH CARE SERVICES; R&D ADMINISTRATIVE EXPENSES,541614,"PROCESS, PHYSICAL DISTRIBUTION, AND LOGISTICS CONSULTING SERVICES",TECHNICAL GRANT WRITING SERVICES - TERMINATION AS REQUESTED BY DOGE.,,PURCHASE ORDER
36C24822P1639,P00004,2025-03-06,2022-07-01,2026-12-31,-14419.63,32490.35,32490.35,248-NETWORK CONTRACT OFFICE 8 (36C248),546-MIAMI (00546)(36C546),IN,SOUTH BEND,ST JOSEPH,466012315,02,PRESS GANEY ASSOCIATES LLC,,R499,SUPPORT- PROFESSIONAL: OTHER,541611,ADMINISTRATIVE MANAGEMENT AND GENERAL MANAGEMENT CONSULTING SERVICES,TERMINATE FOR GOVERNMENTS' CONVENIENCE - NATIONAL DATABASE OF NURSING QUALITY INDICATORS (NDNQI),EO: RADICAL TRANSPARENCY ABOUT WASTEFUL SPENDING,PURCHASE ORDER
36C24923P1024,P00002,2025-03-06,2023-09-25,2025-03-07,-55122.50,98058.50,98058.50,249-NETWORK CONTRACT OFFICE 9 (36C249),VISN OFC 09(00486),TN,MURFREESBORO,RUTHERFORD,371294356,04,HEALTHCARE QUALITY ASSISTANCE GROUP LLC,,U099,EDUCATION/TRAINING- OTHER,541611,ADMINISTRATIVE MANAGEMENT AND GENERAL MANAGEMENT CONSULTING SERVICES,THE JOINT COMMISSION RESOURCES LABORATORY CONSULTING,,PURCHASE ORDER
36C25223C0006,P00006,2025-03-06,2022-12-01,2025-03-04,0.00,195831.00,195831.00,252-NETWORK CONTRACT OFFICE 12 (36C252),695-MILWAUKEE(00695)(36C695),WI,MILWAUKEE,MILWAUKEE,532950001,04,WISCONSIN DIAGNOSTIC LABORATORIES LLC,,R499,SUPPORT- PROFESSIONAL: OTHER,541690,OTHER SCIENTIFIC AND TECHNICAL CONSULTING SERVICES,NOTICE OF TERMINATION FOR CONVENIENCE,EO: RADICAL TRANSPARENCY ABOUT WASTEFUL SPENDING,DEFINITIVE CONTRACT
36C25525P0140,P00001,2025-03-06,2025-01-16,2025-03-05,-74500.00,0.00,0.00,255-NETWORK CONTRACT OFFICE 15 (36C255),589 KAN WESTERN ORBIT,KS,TOPEKA,SHAWNEE,666220001,02,"VANGUARD GCS, LLC",,R410,SUPPORT- PROFESSIONAL: PROGRAM EVALUATION/REVIEW/DEVELOPMENT,541611,ADMINISTRATIVE MANAGEMENT AND GENERAL MANAGEMENT CONSULTING SERVICES,"THIS CONTRACT IS FOR A JOINT COMMISSION MOCK SURVEY FOR TOPEKA AND LEAVENWORTH, TERMINATED FOR CONVENIENCE UNDER THE DIRECTION OF THE RADICAL TRANSPARENCY ABOUT WASTEFUL SPENDING INITIATIVE.",EO: RADICAL TRANSPARENCY ABOUT WASTEFUL SPENDING,PURCHASE ORDER
36C25922C0051,P00004,2025-03-06,2022-08-18,2025-03-03,0.00,149789.99,249649.99,NETWORK CONTRACT OFFICE 19 (36C259),660-SALT LAKE CITY (00660),UT,SALT LAKE CITY,SALT LAKE,841480001,01,"RALLYPOINT NETWORKS, INC.",,R426,SUPPORT- PROFESSIONAL: COMMUNICATIONS,541810,ADVERTISING AGENCIES,MARKETING AND ADVERTISING CAMPAIGN FOR VISN 19,,DEFINITIVE CONTRACT
36C25924F0604,P00001,2025-03-06,2024-09-20,2025-03-04,0.00,15704.00,15704.00,NETWORK CONTRACT OFFICE 19 (36C259),VHACO COMMUNITY CARE,CO,DENVER,DENVER,802093804,01,MANAGEMENT RESOURCE SERVICES INC,,U099,EDUCATION/TRAINING- OTHER,541611,ADMINISTRATIVE MANAGEMENT AND GENERAL MANAGEMENT CONSULTING SERVICES,"EO: RADICAL TRANSPARENCY ABOUT WASTEFUL SPENDING
TERMINATION FOR CONVENIENCE AGREEMENT",EO: RADICAL TRANSPARENCY ABOUT WASTEFUL SPENDING,DELIVERY ORDER
36C26020P0187,P00013,2025-03-06,2020-01-01,2025-06-30,-119526.66,1269634.80,1269634.80,260-NETWORK CONTRACT OFFICE 20 (36C260),648-PORTLAND (00648),VA,MANAKIN SABOT,GOOCHLAND,231032162,05,"QUALITY REGISTRY SERVICES, LLC",,Q701,SPECIALIZED MEDICAL SUPPORT,541611,ADMINISTRATIVE MANAGEMENT AND GENERAL MANAGEMENT CONSULTING SERVICES,CANCER REGISTRY -8 EXTENSION,,PURCHASE ORDER
36C26122P1576,P00004,2025-03-06,2022-09-01,2025-03-04,-31724.55,10282.63,10282.63,261-NETWORK CONTRACT OFFICE 21 (36C261),DEPT OF VET AFFAIRS MARTINEZ VAMC 00612,CA,MATHER,SACRAMENTO,956554200,06,"ARBOR ENVIRONMENTAL, LLC",,R428,SUPPORT- PROFESSIONAL: INDUSTRIAL HYGIENICS,541690,OTHER SCIENTIFIC AND TECHNICAL CONSULTING SERVICES,TERMINATION FOR CONVENIENCE,EO: RADICAL TRANSPARENCY ABOUT WASTEFUL SPENDING,PURCHASE ORDER
36C26125P0209,P00001,2025-03-06,2024-11-15,2025-03-06,0.00,12191.62,12191.62,261-NETWORK CONTRACT OFFICE 21 (36C261),640-PALO ALTO (00640),CA,PALO ALTO,SANTA CLARA,943041207,16,"KEISH ENVIRONMENTAL, PC",,F999,OTHER ENVIRONMENTAL SERVICES,541620,ENVIRONMENTAL CONSULTING SERVICES,TERMINATION FOR CONVENIENCE,EO: RADICAL TRANSPARENCY ABOUT WASTEFUL SPENDING,PURCHASE ORDER
36C26225P0441,P00001,2025-03-06,2025-01-01,2025-12-31,0.00,11053.96,11053.96,262-NETWORK CONTRACT OFFICE 22 (36C262),678-TUCSON(00678),AZ,TUCSON,PIMA,857135800,07,PRESS GANEY ASSOCIATES LLC,,R420,SUPPORT- PROFESSIONAL: CERTIFICATIONS AND ACCREDITATIONS (OTHER THAN EDUC OR INFO TECH C&A),541611,ADMINISTRATIVE MANAGEMENT AND GENERAL MANAGEMENT CONSULTING SERVICES,TERMINATION FOR CONVENIENCE | EO: RADICAL TRANSPARENCY ABOUT WASTEFUL SPENDING,EO: RADICAL TRANSPARENCY ABOUT WASTEFUL SPENDING,PURCHASE ORDER
36C26225P0485,P00001,2025-03-06,2025-01-07,2025-12-31,0.00,7675.31,7675.31,262-NETWORK CONTRACT OFFICE 22 (36C262),605-VA LOMA LINDA HLTHCR SYS(00605),CA,LOMA LINDA,SAN BERNARDINO,923571000,23,PRESS GANEY ASSOCIATES LLC,,R420,SUPPORT- PROFESSIONAL: CERTIFICATIONS AND ACCREDITATIONS (OTHER THAN EDUC OR INFO TECH C&A),541611,ADMINISTRATIVE MANAGEMENT AND GENERAL MANAGEMENT CONSULTING SERVICES,TERMINATION FOR CONVENIENCE | EO: RADICAL TRANSPARENCY ABOUT WASTEFUL SPENDING,EO: RADICAL TRANSPARENCY ABOUT WASTEFUL SPENDING,PURCHASE ORDER
36C26325P0397,P00001,2025-03-06,2025-03-01,2030-02-28,-183605.10,0.00,0.00,NETWORK CONTRACT OFFICE 23 (36C263),656-ST CLOUD VA MEDICAL CTR (00656),MN,SAINT CLOUD,STEARNS,563032015,06,FG MANAGEMENT GROUP LLC,,R602,SUPPORT- ADMINISTRATIVE: COURIER/MESSENGER,492110,COURIERS AND EXPRESS DELIVERY SERVICES,TERMINATED AS PART OF A CORRECTVE ACTION TO RESOLVE A PROTEST COURIER SERVICES TO ST. CLOUD HEALTH CARE SYSTEM,,PURCHASE ORDER
36C77623N0867,P00005,2025-03-06,2023-07-10,2025-03-05,0.00,428837.65,1859478.61,PCAC (36C776),PCAC (36C776),VA,CLIFTON,FAIRFAX,201241831,10,"J P SYSTEMS, INC.",,R499,SUPPORT- PROFESSIONAL: OTHER,541690,OTHER SCIENTIFIC AND TECHNICAL CONSULTING SERVICES,TERMINOLOGY STANDARDS SUPPORT SERVICES TO 13.  NOTICE OF TERMINATION FOR CONVENIENCE.  EO: RADICAL TRANSPARENCY ABOUT WASTEFUL SPENDING.,EO: RADICAL TRANSPARENCY ABOUT WASTEFUL SPENDING,DELIVERY ORDER
36C77624N0603,P00001,2025-03-06,2024-09-30,2025-03-05,0.00,1361555.92,4186877.04,PCAC (36C776),PCAC (36C776),VA,CLIFTON,FAIRFAX,201241831,10,"J P SYSTEMS, INC.",,R405,SUPPORT- PROFESSIONAL: OPERATIONS RESEARCH/QUANTITATIVE ANALYSIS,541690,OTHER SCIENTIFIC AND TECHNICAL CONSULTING SERVICES,TERMINOLOGY STANDARDS SUPPORT SERVICES TO16.  NOTICE OF TERMINATION FOR CONVENIENCE. EO: RADICAL TRANSPARENCY ABOUT WASTEFUL SPENDING.,EO: RADICAL TRANSPARENCY ABOUT WASTEFUL SPENDING,DELIVERY ORDER
36C10F24F0030,P00002,2025-03-07,2024-09-30,2025-03-07,0.00,166619.00,166619.00,OFFICE OF CONSTRUCTION &  FACILITIES MGMT (36C10F),ACQUISITION BUSINESS SERVICE (36C10C),DC,WASHINGTON,DISTRICT OF COLUMBIA,200041017,98,MNB MERIDIAN DEFENSE LTD LLC,,R499,SUPPORT- PROFESSIONAL: OTHER,541611,ADMINISTRATIVE MANAGEMENT AND GENERAL MANAGEMENT CONSULTING SERVICES,NOTICE OF TERMINATION FOR CONVENIENCE. EO: RADICAL TRANSPARENCY ABOUT WASTEFUL SPENDING,EO: RADICAL TRANSPARENCY ABOUT WASTEFUL SPENDING,DELIVERY ORDER
36C10X23P0088,P00003,2025-03-07,2023-09-28,2025-03-07,0.00,6418968.15,6418968.15,SAC FREDERICK (36C10X),SAC FREDERICK (36C10X),NY,NEW YORK,NEW YORK,100170001,12,ADVERTISING COUNCIL INC,,R701,SUPPORT- MANAGEMENT: ADVERTISING,541810,ADVERTISING AGENCIES,EO: RADICAL TRANSPARENCY ABOUT WASTEFUL SPENDING,,PURCHASE ORDER
36C24622P1290,P00006,2025-03-07,2022-09-01,2025-03-06,-153386.00,497432.00,718394.00,246-NETWORK CONTRACTING OFFICE 6 (36C246),637-ASHEVILLE (00637)(36C637),NC,ASHEVILLE,BUNCOMBE,288052087,11,WINERGY LLC,,H165,"QUALITY CONTROL- MEDICAL, DENTAL, AND VETERINARY EQUIPMENT AND SUPPLIES",541690,OTHER SCIENTIFIC AND TECHNICAL CONSULTING SERVICES,TERMINATION FOR CONVENIENCE IN ACCORDANCE WITH EXECUTIVE ORDER 'RADICAL TRANSPARENCY ABOUT WASTEFUL SPENDING',EO: RADICAL TRANSPARENCY ABOUT WASTEFUL SPENDING,PURCHASE ORDER
36C24624N0989,P00001,2025-03-07,2024-09-01,2025-03-05,-1145711.93,343308.07,343308.07,246-NETWORK CONTRACTING OFFICE 6 (36C246),246-NETWORK CONTRACTING OFFICE 6 (36C246),VA,HAMPTON,HAMPTON CITY,236679900,03,"CAMEO CONSULTING GROUP, LLC",,R707,SUPPORT- MANAGEMENT: CONTRACT/PROCUREMENT/ACQUISITION SUPPORT,541611,ADMINISTRATIVE MANAGEMENT AND GENERAL MANAGEMENT CONSULTING SERVICES,"CONTRACTING SUPPORT FOR VISN 6 - MODIFICATION P00001, COMPLETE TERMINATION FOR CONVENIENCE OF THE GOVERNMENT UNDER FAR CLAUSE 52.212-4(L).",,BPA CALL
36C24724P0741,P00002,2025-03-07,2024-05-02,2025-03-07,-203850.74,71781.76,71781.76,247-NETWORK CONTRACT OFFICE 7 (36C247),521-BIRMINGHAM(00521)(36C521),AL,BIRMINGHAM,JEFFERSON,352331121,07,HEALTHLINX INC,,R499,SUPPORT- PROFESSIONAL: OTHER,541611,ADMINISTRATIVE MANAGEMENT AND GENERAL MANAGEMENT CONSULTING SERVICES,PATHWAY TO EXCELLENCE IS BEING TERMINATED FOR CONVENIENCE IN ACCORDANCE TO EO WASTEFUL SPENDING,EO: RADICAL TRANSPARENCY ABOUT WASTEFUL SPENDING,PURCHASE ORDER
36C24823P1630,P00002,2025-03-07,2023-06-01,2025-03-07,0.00,36550.00,36550.00,248-NETWORK CONTRACT OFFICE 8 (36C248),672-SAN JUAN (00672)(36C672),PR,SAN JUAN,SAN JUAN,009213201,98,J & A OCCUPATIONAL HEALTH AND SAFETY CONSULTING LLC,,H399,INSPECTION- MISCELLANEOUS,541690,OTHER SCIENTIFIC AND TECHNICAL CONSULTING SERVICES,TERMINATE FOR CONVENIENCE (COMPLETE OR PARTIAL),,PURCHASE ORDER
36C24E23P0111,P00003,2025-03-07,2023-07-10,2025-03-06,0.00,63000.00,69000.00,RPO EAST (36C24E),541-BRECKSVILLE (00541),OH,CLEVELAND,CUYAHOGA,441033719,11,WAVE STRATEGY LLC,,AN11,HEALTH R&D SERVICES; HEALTH CARE SERVICES; BASIC RESEARCH,541611,ADMINISTRATIVE MANAGEMENT AND GENERAL MANAGEMENT CONSULTING SERVICES,NOTICE OF TERMINATION FOR CONVENIENCE,EO: RADICAL TRANSPARENCY ABOUT WASTEFUL SPENDING,PURCHASE ORDER
36C24E24D0046,P00002,2025-03-07,2024-09-30,,0.00,0.00,250000.00,RPO EAST (36C24E),691-VA GREATER LA HLTHCR SYS(00691),,,,,,"RCG OF NORTH CAROLINA, LLC",,6830,GASES: COMPRESSED AND LIQUEFIED,325120,INDUSTRIAL GAS MANUFACTURING,MEDICAL GAS SUPPLY,,IDC
36C24E24N0122,P00001,2025-03-07,2024-05-27,2025-03-07,-642604.45,156395.55,156395.55,RPO EAST (36C24E),607-MADISON(00607)(36C607),WI,MADISON,DANE,537050001,02,TRUSTEES OF COLUMBIA UNIVERSITY IN THE CITY OF NEW YORK,,Q301,REFERENCE LABORATORY TESTING,541380,TESTING LABORATORIES AND SERVICES,RESEARCH SUPPORT SERVICES,EO: RADICAL TRANSPARENCY ABOUT WASTEFUL SPENDING,DELIVERY ORDER
36C25622F0199,P00003,2025-03-07,2022-08-01,2025-02-24,-80792.30,712187.17,712187.17,256-NETWORK CONTRACT OFFICE 16 (36C256),629-SOUTHEAST LA HLTHCR SYS (00629),LA,NEW ORLEANS,ORLEANS,701194558,01,"CALADWICH CONSULTING, LLC",,L099,TECHNICAL REPRESENTATIVE- MISCELLANEOUS,541614,"PROCESS, PHYSICAL DISTRIBUTION, AND LOGISTICS CONSULTING SERVICES",NOTICE OF TERMINATION FOR CONVENIENCE.,EO: RADICAL TRANSPARENCY ABOUT WASTEFUL SPENDING,DELIVERY ORDER
36C25625N0096,P00001,2025-03-07,2024-10-01,2025-03-07,-60000.00,15000.00,15000.00,256-NETWORK CONTRACT OFFICE 16 (36C256),598-NORTH LITTLE ROCK(00598),AR,NORTH LITTLE ROCK,PULASKI,721145394,02,"UNITED RETURNS, INC.",,Q517,PHARMACY SERVICES,541614,"PROCESS, PHYSICAL DISTRIBUTION, AND LOGISTICS CONSULTING SERVICES",PHARMACY REVERSE DISTRIBUTION AND DESTRUCTION SERVICE,,DELIVERY ORDER
36C26024P0869,P00001,2025-03-07,2024-08-01,2025-03-07,0.00,14991.69,51400.02,260-NETWORK CONTRACT OFFICE 20 (36C260),663-SEATTLE (00663),WA,SEATTLE,KING,981081532,09,BRUKER SCIENTIFIC LLC,,J065,"MAINT/REPAIR/REBUILD OF EQUIPMENT- MEDICAL, DENTAL, AND VETERINARY EQUIPMENT AND SUPPLIES",541690,OTHER SCIENTIFIC AND TECHNICAL CONSULTING SERVICES,TERMINATION FOR CONVENIENCE.,EO: RADICAL TRANSPARENCY ABOUT WASTEFUL SPENDING,PURCHASE ORDER
36C77623C0104,P00005,2025-03-07,2023-09-25,2029-09-24,-3301899.36,23841807.37,38444218.33,PCAC (36C776),PCAC (36C776),VA,ALEXANDRIA,ALEXANDRIA CITY,223143234,08,ARROW ARC LLC,,R701,SUPPORT- MANAGEMENT: ADVERTISING,541613,MARKETING CONSULTING SERVICES,VHA RECRUITMENT MARKETING & ADVERTISING CAMPAIGN.  TERMINATION FOR CONVENIENCE AGREEMENT. EO: RADICAL TRANSPARENCY ABOUT WASTEFUL SPENDING.,EO: RADICAL TRANSPARENCY ABOUT WASTEFUL SPENDING,DEFINITIVE CONTRACT
36C10X21N0060,P00010,2025-03-10,2021-04-09,2026-04-08,0.00,2632193.97,3037586.77,SAC FREDERICK (36C10X),SAC FREDERICK (36C10X),VA,ALEXANDRIA,ALEXANDRIA CITY,223143121,08,"APTIVE HTG, LLC",,R408,SUPPORT- PROFESSIONAL: PROGRAM MANAGEMENT/SUPPORT,541611,ADMINISTRATIVE MANAGEMENT AND GENERAL MANAGEMENT CONSULTING SERVICES,TERMINATION FOR CONVENIENCE.,,DELIVERY ORDER
36C24124P0913,P00001,2025-03-10,2024-08-28,2025-08-27,-35885.00,15165.00,15165.00,241-NETWORK CONTRACT OFFICE 01 (36C241),523-BOSTON (00523)(36C523),MA,JAMAICA PLAIN,SUFFOLK,021301719,07,"RESEARCHTALK, INC.",,U004,EDUCATION/TRAINING- SCIENTIFIC/MANAGEMENT,541690,OTHER SCIENTIFIC AND TECHNICAL CONSULTING SERVICES,"TERMINATION FOR CONVENIENCE:
QUALITATIVE RESEARCH TRAINING",,PURCHASE ORDER
36C24824P2039,P00001,2025-03-10,2024-08-01,2029-07-31,-78292.00,0.00,0.00,248-NETWORK CONTRACT OFFICE 8 (36C248),548-WEST PALM (00548)(36C548),FL,RIVIERA BEACH,PALM BEACH,334106400,21,QUALITY REGISTRY SERVICES LLC,,R702,SUPPORT- MANAGEMENT: DATA COLLECTION,541611,ADMINISTRATIVE MANAGEMENT AND GENERAL MANAGEMENT CONSULTING SERVICES,TUMOR REGISTRY SERVICES,,PURCHASE ORDER
36C24824P2211,P00002,2025-03-10,2024-09-01,2025-03-06,-5833.35,4166.65,4166.65,248-NETWORK CONTRACT OFFICE 8 (36C248),248-NETWORK CONTRACT OFFICE 8 (36C248),FL,GAINESVILLE,ALACHUA,326081197,03,KEITH WHITE CONSULTING LLC,,AN41,HEALTH R&D SERVICES; HEALTH CARE - OTHER; BASIC RESEARCH,541690,OTHER SCIENTIFIC AND TECHNICAL CONSULTING SERVICES,CONSULTING SERVICES FOR BRAIN FUNCTION IMAGING - TERMINATION FOR CONVENIENCE,,PURCHASE ORDER
36C24E23P0075,P00002,2025-03-10,2023-06-01,2025-03-05,0.00,50000.00,125000.00,RPO EAST (36C24E),541-BRECKSVILLE (00541),OH,CLEVELAND,CUYAHOGA,441062369,11,"LOPARO CONSULTING, LLC",,AN22,HEALTH R&D SERVICES; HEALTH RESEARCH AND TRAINING; APPLIED RESEARCH,541690,OTHER SCIENTIFIC AND TECHNICAL CONSULTING SERVICES,NOTICE OF TERMINATION FOR CONVENIENCE,EO: RADICAL TRANSPARENCY ABOUT WASTEFUL SPENDING,PURCHASE ORDER
36C26121P0689,P00005,2025-03-10,2021-04-09,2025-12-31,-14420.01,49966.86,49966.86,261-NETWORK CONTRACT OFFICE 21 (36C261),640-PALO ALTO (00640),IN,SOUTH BEND,ST JOSEPH,466012901,02,PRESS GANEY ASSOCIATES LLC,,6515,"MEDICAL AND SURGICAL INSTRUMENTS, EQUIPMENT, AND SUPPLIES",541611,ADMINISTRATIVE MANAGEMENT AND GENERAL MANAGEMENT CONSULTING SERVICES,TERMINATION FOR CONVENIENCE,EO: RADICAL TRANSPARENCY ABOUT WASTEFUL SPENDING,PURCHASE ORDER
36C26122P1210,P00004,2025-03-10,2022-07-01,2025-02-25,-7259.24,16356.56,38158.93,261-NETWORK CONTRACT OFFICE 21 (36C261),261-NETWORK CONTRACT OFFICE 21 (36C261),CA,FRESNO,FRESNO,937031000,21,PRESS GANEY ASSOCIATES LLC,,R410,SUPPORT- PROFESSIONAL: PROGRAM EVALUATION/REVIEW/DEVELOPMENT,541611,ADMINISTRATIVE MANAGEMENT AND GENERAL MANAGEMENT CONSULTING SERVICES,"NDNQI ACCESS

TERM FOR CONVENIENCE",EO: RADICAL TRANSPARENCY ABOUT WASTEFUL SPENDING,PURCHASE ORDER
36C26322C0084,P00006,2025-03-10,2022-09-15,2025-03-05,-29125.00,61750.00,121750.00,NETWORK CONTRACT OFFICE 23 (36C263),618-MINNEAPOLIS VA MED CTR (00618),NY,NEW YORK,NEW YORK,100100001,12,JENNIFER PELT WISDOM LLC,,AN24,HEALTH R&D SERVICES; HEALTH RESEARCH AND TRAINING; R&D ADMINISTRATIVE EXPENSES,541611,ADMINISTRATIVE MANAGEMENT AND GENERAL MANAGEMENT CONSULTING SERVICES,CONSULTING SERVICES.,EO: RADICAL TRANSPARENCY ABOUT WASTEFUL SPENDING,DEFINITIVE CONTRACT
36C26324D0050,P00002,2025-03-10,2024-03-01,,0.00,0.00,549000.00,NETWORK CONTRACT OFFICE 23 (36C263),499-NETWOK CONTRACT OFFICE 23,,,,,,BECKER DIGITAL LLC,,U008,EDUCATION/TRAINING- TRAINING/CURRICULUM DEVELOPMENT,611430,PROFESSIONAL AND MANAGEMENT DEVELOPMENT TRAINING,POLICE CRISIS INTERVENTION TRAINING IN SUPPORT OF VISN 23 HEALTH CARE SYSTEM. TERMINATION FOR THE GOVERNMENT'S CONVENIENCE BECUASE TRAINING WAS NO LONGER NEEDED.,EO: RADICAL TRANSPARENCY ABOUT WASTEFUL SPENDING,IDC
36C24222P1360,P00002,2025-03-11,2022-09-15,2025-03-06,-85666.34,40333.67,40333.67,242-NETWORK CONTRACT OFFICE 02 (36C242),DEPT OF VETERANS AFFAIRS,NY,SYRACUSE,ONONDAGA,132101004,22,"DONALD C. MILLER & ASSOCIATES, INC.",,R410,SUPPORT- PROFESSIONAL: PROGRAM EVALUATION/REVIEW/DEVELOPMENT,541611,ADMINISTRATIVE MANAGEMENT AND GENERAL MANAGEMENT CONSULTING SERVICES,TERMINATE FOR CONVENIENCE (COMPLETE),,PURCHASE ORDER
36C24424F0383,P00001,2025-03-11,2024-06-01,2025-03-06,-45377.60,139577.17,139577.17,244-NETWORK CONTRACT OFFICE 4 (36C244),646-PITTSBURGH (00646)(36C646),PA,PITTSBURGH,ALLEGHENY,152401005,17,"CORNERBROOKE, LLC",,U099,EDUCATION/TRAINING- OTHER,541611,ADMINISTRATIVE MANAGEMENT AND GENERAL MANAGEMENT CONSULTING SERVICES,PROFESSIONAL DEVELOPMENT SERVICES -- TERMINATION FOR CONVENIENCE,EO: RADICAL TRANSPARENCY ABOUT WASTEFUL SPENDING,DELIVERY ORDER
36C24524C0133,P00001,2025-03-11,2024-09-18,2025-02-25,0.00,422962.40,1307916.00,245-NETWORK CONTRACT OFFICE 5 (36C245),VHACO CLINICAL SERVICES,MD,SILVER SPRING,MONTGOMERY,209101022,08,ANDRE JOYCELYN DEVYN AYSIA GROUP LLC,,R617,SUPPORT - ADMINISTRATIVE: ELECTRONIC RECORDS MANAGEMENT SERVICES,541611,ADMINISTRATIVE MANAGEMENT AND GENERAL MANAGEMENT CONSULTING SERVICES,DATA ABSTRACTION SVCS,EO: RADICAL TRANSPARENCY ABOUT WASTEFUL SPENDING,DEFINITIVE CONTRACT
36C24624N0989,P00002,2025-03-11,2024-09-01,2025-02-25,78562.25,421870.32,421870.32,246-NETWORK CONTRACTING OFFICE 6 (36C246),246-NETWORK CONTRACTING OFFICE 6 (36C246),VA,HAMPTON,HAMPTON CITY,236679900,03,"CAMEO CONSULTING GROUP, LLC",,R707,SUPPORT- MANAGEMENT: CONTRACT/PROCUREMENT/ACQUISITION SUPPORT,541611,ADMINISTRATIVE MANAGEMENT AND GENERAL MANAGEMENT CONSULTING SERVICES,"FULL TERMINATION
EO: RADICAL TRANSPARENCY ABOUT WASTEFUL SPENDING' 
CONTRACTING SUPPORT FOR VISN 6 - MODIFICATION P00001, COMPLETE TERMINATION FOR CONVENIENCE OF THE GOVERNMENT UNDER FAR CLAUSE 52.212-4(L).",EO: RADICAL TRANSPARENCY ABOUT WASTEFUL SPENDING,BPA CALL
36C24722P1066,P00005,2025-03-11,2022-08-12,2026-08-11,-11078.19,63392.52,89892.52,247-NETWORK CONTRACT OFFICE 7 (36C247),544-COLUMBIA (00544)(36C544),SC,COLUMBIA,RICHLAND,292092110,02,UNIVERSITY OF SOUTH CAROLINA,,AF11,"EDUCATION, TRAINING, EMPLOYMENT, & SOCIAL SVCS R&D SVCS; EDUCATION SVCS R&D; BASIC RESEARCH",541690,OTHER SCIENTIFIC AND TECHNICAL CONSULTING SERVICES,MOLECULAR ANALYSIS AND VECTOR RESEARCH SERVICE,,PURCHASE ORDER
36C25622P0150,P00009,2025-03-11,2021-11-01,2025-03-07,-1500.00,13898.28,22545.48,256-NETWORK CONTRACT OFFICE 16 (36C256),586-JACKSON (00586),MS,RIDGELAND,MADISON,391574196,03,"GREEN OAK GARDEN CENTER, LLC",,S217,HOUSEKEEPING- INTERIOR PLANTSCAPING,561730,LANDSCAPING SERVICES,OFFICE PLANT MAINT. TERMINATION OF CONTRACT,,PURCHASE ORDER
36C25820F0112,P00017,2025-03-11,2020-09-01,2025-03-04,0.00,4779100.46,4779100.46,262-NETWORK CONTRACT OFFICE 22 (36C262),262-NETWORK CONTRACT OFC 22(00701),AZ,TUCSON,PIMA,857230099,07,"STAFFORD CONSULTING COMPANY, INC.",,R499,SUPPORT- PROFESSIONAL: OTHER,541611,ADMINISTRATIVE MANAGEMENT AND GENERAL MANAGEMENT CONSULTING SERVICES,CONTRACT SUPPORT STAFF TERMINATION FOR CONVENIENCE (COMPLETE),EO: RADICAL TRANSPARENCY ABOUT WASTEFUL SPENDING,DELIVERY ORDER
36C25923P1131,P00003,2025-03-11,2023-07-28,2025-03-05,-822.50,51449.60,51449.60,NETWORK CONTRACT OFFICE 19 (36C259),554-DENVER (00554),CO,AURORA,ADAMS,800457211,06,ACCORD CONSULTING & EVALUATION SERVICES,,R499,SUPPORT- PROFESSIONAL: OTHER,541611,ADMINISTRATIVE MANAGEMENT AND GENERAL MANAGEMENT CONSULTING SERVICES,"EO: RADICAL TRANSPARENCY ABOUT WASTEFUL SPENDING
TERMINATION FOR CONVENIENCE AGREEMENT",EO: RADICAL TRANSPARENCY ABOUT WASTEFUL SPENDING,PURCHASE ORDER
36C26120C0041,P00010,2025-03-11,2020-06-01,2025-05-31,-62801.77,1635566.59,1863515.25,261-NETWORK CONTRACT OFFICE 21 (36C261),261-NETWORK CONTRACT OFFICE 21 (36C261),CA,PALO ALTO,SANTA CLARA,943042213,16,DATA2DESIGN TECHNOLOGIES LLC,,R799,SUPPORT- MANAGEMENT: OTHER,541611,ADMINISTRATIVE MANAGEMENT AND GENERAL MANAGEMENT CONSULTING SERVICES,TERMINATE FOR GOVERNMENT'S CONVENIENCE,,DEFINITIVE CONTRACT
36C26120F0518,P00013,2025-03-11,2020-09-27,2025-03-05,-422611.31,3998029.12,4276748.79,261-NETWORK CONTRACT OFFICE 21 (36C261),261-NETWORK CONTRACT OFFICE 21 (36C261),VA,ALEXANDRIA,ALEXANDRIA CITY,223048716,08,"CAMEO CONSULTING GROUP, LLC",,R707,SUPPORT- MANAGEMENT: CONTRACT/PROCUREMENT/ACQUISITION SUPPORT,541611,ADMINISTRATIVE MANAGEMENT AND GENERAL MANAGEMENT CONSULTING SERVICES,TERMINATION AND DEOB IN SUPPORT OF EO,EO: RADICAL TRANSPARENCY ABOUT WASTEFUL SPENDING,DELIVERY ORDER
36C26224P2237,P00001,2025-03-11,2024-09-15,2025-03-04,0.00,8125.00,8125.00,262-NETWORK CONTRACT OFFICE 22 (36C262),691-VA GREATER LA HLTHCR SYS(00691),CA,LOS ANGELES,LOS ANGELES,900730093,32,"LEVERAGE POINT ENGINEERING, LLC",,B529,SPECIAL STUDIES/ANALYSIS- SCIENTIFIC DATA,541690,OTHER SCIENTIFIC AND TECHNICAL CONSULTING SERVICES,EO: RADICAL TRANSPARENCY ABOUT WASTEFUL SPENDING.,EO: RADICAL TRANSPARENCY ABOUT WASTEFUL SPENDING,PURCHASE ORDER
36C26322C0058,P00004,2025-03-11,2022-08-15,2025-03-05,-4767.12,55232.88,75232.88,NETWORK CONTRACT OFFICE 23 (36C263),636A8-IOWA CITY HEALTH CARE,IA,IOWA CITY,JOHNSON,522468684,01,"CRAWFORD, EEAN",,AN12,HEALTH R&D SERVICES; HEALTH CARE SERVICES; APPLIED RESEARCH,541611,ADMINISTRATIVE MANAGEMENT AND GENERAL MANAGEMENT CONSULTING SERVICES,IC RESEARCH CONTRACT -- TERMED FOR CONV PER DOGE DIRECTIVE,EO: RADICAL TRANSPARENCY ABOUT WASTEFUL SPENDING,DEFINITIVE CONTRACT
36C26323P0600,P00004,2025-03-11,2023-06-12,2027-09-30,0.00,307755.00,549815.00,NETWORK CONTRACT OFFICE 23 (36C263),618-MINNEAPOLIS VA MED CTR (00618),MN,MINNEAPOLIS,HENNEPIN,554173143,05,"PERSONAL STRENGTHS PUBLISHING, LLC",,U009,EDUCATION/TRAINING- GENERAL,541612,"HUMAN RESOURCES CONSULTING SERVICES (2007), HUMAN RESOURCES AND EXECUTIVE SEARCH CONSULTING SERVICES (2002)",TERMINATION FOR CONVENIENCE AGREEMENT - RELATIONSHIP AWARENESS PLATFORM,EO: RADICAL TRANSPARENCY ABOUT WASTEFUL SPENDING,PURCHASE ORDER
36C26324P0007,P00002,2025-03-11,2023-10-01,2028-09-30,0.00,10000.00,25000.00,NETWORK CONTRACT OFFICE 23 (36C263),437-FARGO VA MEDICAL CENTER (00437),ND,FARGO,CASS,581022570,00,UNIVERSITY OF SOUTH DAKOTA,,R406,SUPPORT- PROFESSIONAL: POLICY REVIEW/DEVELOPMENT,541614,"PROCESS, PHYSICAL DISTRIBUTION, AND LOGISTICS CONSULTING SERVICES",TERMINATION FOR CONVENIENCE AGREEMENT - INSTITUTIONAL REVIEW BOARD,,PURCHASE ORDER
36C78625F50126,P00001,2025-03-11,2025-01-13,2025-09-30,0.00,29712.76,29712.76,NATIONAL CEMETERY ADMIN (36C786),NATIONAL CEMETERY ADMIN (36C786),MO,SAINT LOUIS,SAINT LOUIS CITY,631251007,01,MANAGEMENT RESOURCE SERVICES INC,,U008,EDUCATION/TRAINING- TRAINING/CURRICULUM DEVELOPMENT,541611,ADMINISTRATIVE MANAGEMENT AND GENERAL MANAGEMENT CONSULTING SERVICES,TERMINATE FOR CONVENIENCE - CEMETERY DIRECTOR DEVELOPMENT PROGRAM'S MENTOR-PROTEGE TRAINING CONTRACT FOR FY25 CLASS.,EO: RADICAL TRANSPARENCY ABOUT WASTEFUL SPENDING,DELIVERY ORDER
36C78625N0253,P00001,2025-03-11,2025-01-25,2025-09-30,0.00,7942.00,7942.00,NATIONAL CEMETERY ADMIN (36C786),NATIONAL CEMETERY ADMIN (36C786),OK,BLACKWELL,KAY,746316511,03,SCHATZ PUBLISHING GROUP LLC,,R617,SUPPORT - ADMINISTRATIVE: ELECTRONIC RECORDS MANAGEMENT SERVICES,518210,"COMPUTING INFRASTRUCTURE PROVIDERS, DATA PROCESSING, WEB HOSTING, AND RELATED SERVICES",TERMINATE FOR CONVENIENCE - 508 DOCUMENT REMEDIATION. FUND OPT 2,EO: RADICAL TRANSPARENCY ABOUT WASTEFUL SPENDING,DELIVERY ORDER
36C10X23N0185,P00002,2025-03-12,2023-09-28,2025-03-06,-2500.00,0.00,0.00,SAC FREDERICK (36C10X),SAC FREDERICK (36C10X),DC,WASHINGTON,DISTRICT OF COLUMBIA,200073822,98,"WASHINGTON BUSINESS DYNAMICS, LLC",,R499,SUPPORT- PROFESSIONAL: OTHER,541611,ADMINISTRATIVE MANAGEMENT AND GENERAL MANAGEMENT CONSULTING SERVICES,VECTOR PROGRAM,EO: RADICAL TRANSPARENCY ABOUT WASTEFUL SPENDING,DELIVERY ORDER
36C24423F0011,P00004,2025-03-12,2022-10-01,2025-03-10,-9936.00,29528.00,122632.00,244-NETWORK CONTRACT OFFICE 4 (36C244),529-BUTLER (00529)(36C529),VA,FREDERICKSBURG,FREDERICKSBURG CITY,224011000,07,ROCKITDATA LLC,,T001,PHOTO/MAP/PRINT/PUBLICATION- ARTS/GRAPHICS,541611,ADMINISTRATIVE MANAGEMENT AND GENERAL MANAGEMENT CONSULTING SERVICES,TERMINATION FOR CONVENIENCE,EO: RADICAL TRANSPARENCY ABOUT WASTEFUL SPENDING,DELIVERY ORDER
36C24822D0094,P00007,2025-03-12,2022-09-15,,0.00,0.00,727479.38,248-NETWORK CONTRACT OFFICE 8 (36C248),248-NETWORK CONTRACT OFFICE 8 (36C248),,,,,,YERKES SOUTH-ADVANCED ROOFING LLC,,Z1DZ,MAINTENANCE OF OTHER HOSPITAL BUILDINGS,541690,OTHER SCIENTIFIC AND TECHNICAL CONSULTING SERVICES,"DE-OBLIGATING FUNDS FROM THE BASE YEAR, FY22. THIS CONTRACT IS FOR FLAT ROOF SURVEY, INSPECTION AND CLEANING SERVICES.",,IDC
36C24822D0094,P00008,2025-03-12,2022-09-15,,0.00,0.00,727479.38,248-NETWORK CONTRACT OFFICE 8 (36C248),248-NETWORK CONTRACT OFFICE 8 (36C248),,,,,,YERKES SOUTH-ADVANCED ROOFING LLC,,Z1DZ,MAINTENANCE OF OTHER HOSPITAL BUILDINGS,541690,OTHER SCIENTIFIC AND TECHNICAL CONSULTING SERVICES,"DE-OBLIGATING FUNDS FROM THE BASE YEAR, FY22. THIS CONTRACT IS FOR FLAT ROOF SURVEY, INSPECTION AND CLEANING SERVICES.",,IDC
36C24822P2337,P00004,2025-03-12,2022-09-14,2027-09-14,0.00,696829.21,696829.21,248-NETWORK CONTRACT OFFICE 8 (36C248),248-NETWORK CONTRACT OFFICE 8 (36C248),FL,TAMPA,HILLSBOROUGH,336125000,15,"MIHALIK GROUP, L.L.C., THE",,R410,SUPPORT- PROFESSIONAL: PROGRAM EVALUATION/REVIEW/DEVELOPMENT,541611,ADMINISTRATIVE MANAGEMENT AND GENERAL MANAGEMENT CONSULTING SERVICES,EXERCISE OPTION YEAR 2. FY24: ACCREDITATION READINESS SURVEY (VISN 8),,PURCHASE ORDER
36C24822P2337,P00005,2025-03-12,2022-09-14,2025-03-12,0.00,696829.21,696829.21,248-NETWORK CONTRACT OFFICE 8 (36C248),248-NETWORK CONTRACT OFFICE 8 (36C248),FL,TAMPA,HILLSBOROUGH,336125000,15,"MIHALIK GROUP, L.L.C., THE",,R410,SUPPORT- PROFESSIONAL: PROGRAM EVALUATION/REVIEW/DEVELOPMENT,541611,ADMINISTRATIVE MANAGEMENT AND GENERAL MANAGEMENT CONSULTING SERVICES,EXERCISE OPTION YEAR 2. FY24: ACCREDITATION READINESS SURVEY (VISN 8),,PURCHASE ORDER
36C24925N0354,P00001,2025-03-12,2025-02-05,2025-03-12,-10811.46,0.00,0.00,249-NETWORK CONTRACT OFFICE 9 (36C249),621-MOUNTAIN HOME (00621),OH,CUYAHOGA FALLS,SUMMIT,442212572,13,"ADAPTIVE DRIVING ALLIANCE, LLC",,6515,"MEDICAL AND SURGICAL INSTRUMENTS, EQUIPMENT, AND SUPPLIES",339113,SURGICAL APPLIANCE AND SUPPLIES MANUFACTURING,PSAS SERVICE & VENDOR CANCELLED/TERMINATED PER VETERAN PATIENT'S REQUEST. CLINICIAN PRESCRIBED BRAUNABILITY EVO TURNY SEAT WITH SEAT SENSOR FOR VETERAN PATIENT,EO: RADICAL TRANSPARENCY ABOUT WASTEFUL SPENDING,DELIVERY ORDER
36C24E23P0132,P00002,2025-03-12,2023-09-15,2025-03-07,-9250.00,18250.00,48250.00,RPO EAST (36C24E),660-SALT LAKE CITY (00660),NM,ALBUQUERQUE,BERNALILLO,871072456,01,ANDREW R MAYER,,AJ13,GENERAL SCIENCE & TECHNOLOGY R&D SVCS; GENERAL SCIENCE & TECHNOLOGY; EXPERIMENTAL DEVELOPMENT,541690,OTHER SCIENTIFIC AND TECHNICAL CONSULTING SERVICES,NOTICE OF TERMINATION FOR CONVENIENCE. RESEARCH CONSULTING,EO: RADICAL TRANSPARENCY ABOUT WASTEFUL SPENDING,PURCHASE ORDER
36C25022P1206,P00005,2025-03-12,2022-08-01,2025-07-31,0.00,147120.00,347220.00,250-NETWORK CONTRACT OFFICE 10 (36C250),610-MARION (00610),OH,TOLEDO,LUCAS,436045305,09,CT CONSULTANTS INC,,R428,SUPPORT- PROFESSIONAL: INDUSTRIAL HYGIENICS,541620,ENVIRONMENTAL CONSULTING SERVICES,TERMINATION FOR CONVENIENCE AGREEMENT.,EO: RADICAL TRANSPARENCY ABOUT WASTEFUL SPENDING,PURCHASE ORDER
36C25023N0544,P00001,2025-03-12,2023-04-27,2024-04-26,-141476.53,108523.30,108523.30,250-NETWORK CONTRACT OFFICE 10 (36C250),553-DETROIT (00553),GA,NORCROSS,GWINNETT,300711507,04,JUBILANT DRAXIMAGE RADIOPHARMACIES INC.,,6505,DRUGS AND BIOLOGICALS,325412,PHARMACEUTICAL PREPARATION MANUFACTURING,NUCLEAR MEDICINE RADIOPHARMACEUTICALS - PARTIAL TERMINATION FOR CONVENIENCE,,DELIVERY ORDER
36C25625N0096,P00004,2025-03-12,2024-10-01,2025-03-12,-60000.00,15000.00,15000.00,256-NETWORK CONTRACT OFFICE 16 (36C256),598-NORTH LITTLE ROCK(00598),AR,NORTH LITTLE ROCK,PULASKI,721145394,02,"UNITED RETURNS, INC.",,Q517,PHARMACY SERVICES,541614,"PROCESS, PHYSICAL DISTRIBUTION, AND LOGISTICS CONSULTING SERVICES",TERMINATION FOR CONVENIENCE - EO: RADICAL TRANSPARENCY ABOUT WASTEFUL SPENDING - PHARMACY REVERSE DISTRIBUTION AND DESTRUCTION SERVICE,EO: RADICAL TRANSPARENCY ABOUT WASTEFUL SPENDING,DELIVERY ORDER
36C26021P1203,P00008,2025-03-12,2021-09-30,2025-03-04,-45488.00,0.00,22112.00,260-NETWORK CONTRACT OFFICE 20 (36C260),663-SEATTLE (00663),WA,MERCER ISLAND,KING,980405515,09,"ERGOFIT CONSULTING, INC.",,U009,EDUCATION/TRAINING- GENERAL,541690,OTHER SCIENTIFIC AND TECHNICAL CONSULTING SERVICES,TERMINATE FOR CONVENIENCE EO: RADICAL TRANSPARENCY ABOUT WASTEFUL SPENDING - ERGONOMICAL ASSESSMENT SERVICES FOR THE SEATTLE & AMERICAN LAKE VAMC.,EO: RADICAL TRANSPARENCY ABOUT WASTEFUL SPENDING,PURCHASE ORDER
36C10D23F0023,P00006,2025-03-13,2023-08-31,2025-02-25,-360961.32,940638.36,940638.36,VETERANS BENEFITS ADMIN (36C10D),VBA VETERAN READINESS&EMPLOYMENT SERVICE,DC,WASHINGTON,DISTRICT OF COLUMBIA,200061053,98,"ARCANUM GROUP, INC., THE",,R499,SUPPORT- PROFESSIONAL: OTHER,541611,ADMINISTRATIVE MANAGEMENT AND GENERAL MANAGEMENT CONSULTING SERVICES,TERMINATION AGREEMENT - TERMINATE FOR THE GOVERNMENT'S CONVENIENCE.  EO: RADICAL TRANSPARENCY ABOUT WASTEFUL SPENDING,EO: RADICAL TRANSPARENCY ABOUT WASTEFUL SPENDING,DELIVERY ORDER
36C24625C0007,P00001,2025-03-13,2024-11-25,2025-03-05,-55901.23,18633.75,18633.75,246-NETWORK CONTRACTING OFFICE 6 (36C246),246-NETWORK CONTRACTING OFFICE 6 (36C246),NC,SALISBURY,ROWAN,281445330,06,"TRAUNER CONSULTING SERVICES, INC.",,R424,SUPPORT- PROFESSIONAL: EXPERT WITNESS,541611,ADMINISTRATIVE MANAGEMENT AND GENERAL MANAGEMENT CONSULTING SERVICES,TERMINATION FOR CONVENIENCE HAS OCCURRED.,EO: RADICAL TRANSPARENCY ABOUT WASTEFUL SPENDING,DEFINITIVE CONTRACT
36C24824F0312,P00001,2025-03-13,2024-08-29,2025-08-28,-178204.74,0.00,0.00,248-NETWORK CONTRACT OFFICE 8 (36C248),546-MIAMI (00546)(36C546),FL,MIAMI,MIAMI-DADE,331251600,26,"FOUR POINTS TECHNOLOGY, L.L.C.",,6515,"MEDICAL AND SURGICAL INSTRUMENTS, EQUIPMENT, AND SUPPLIES",541519,OTHER COMPUTER RELATED SERVICES,TERMINATION FOR CONVENIENCE - BD PYXIS IV PREP WORKFLOW MANAGEMENT SYSTEM,,DELIVERY ORDER
36C25622N1029,P00005,2025-03-13,2022-09-19,2025-09-18,-46250.00,56495.27,56495.27,256-NETWORK CONTRACT OFFICE 16 (36C256),564-FAYETTEVILLE (00564),CT,DERBY,NEW HAVEN,064181326,03,"PLANETREE INTERNATIONAL, INC.",,R499,SUPPORT- PROFESSIONAL: OTHER,541611,ADMINISTRATIVE MANAGEMENT AND GENERAL MANAGEMENT CONSULTING SERVICES,NOTICE OF TERMINATION FOR CONVENIENCE.,EO: RADICAL TRANSPARENCY ABOUT WASTEFUL SPENDING,DELIVERY ORDER
36C25721P1332,P00006,2025-03-13,2021-09-20,2025-03-07,-18722.60,58585.90,58585.90,257-NETWORK CONTRACT OFFICE 17 (36C257),257-NETWORK CONTRACT OFFICE 17 (36C257),TX,EL PASO,EL PASO,799302242,16,"J.E. FEDERAL ENTERPRISES, LLC.",,R431,SUPPORT- PROFESSIONAL: HUMAN RESOURCES,541612,"HUMAN RESOURCES CONSULTING SERVICES (2007), HUMAN RESOURCES AND EXECUTIVE SEARCH CONSULTING SERVICES (2002)",TERMINATION FOR CONVENIENCE AGREEMENT,EO: RADICAL TRANSPARENCY ABOUT WASTEFUL SPENDING,PURCHASE ORDER
36C24424N0644,P00003,2025-03-14,2024-05-24,2025-03-10,-97900.00,68150.00,68150.00,244-NETWORK CONTRACT OFFICE 4 (36C244),DEPART OF VETERANS AFFAIRS (3600),DE,WILMINGTON,NEW CASTLE,198062005,00,CRITICAL MANAGEMENT SOLUTIONS,,R410,SUPPORT- PROFESSIONAL: PROGRAM EVALUATION/REVIEW/DEVELOPMENT,541611,ADMINISTRATIVE MANAGEMENT AND GENERAL MANAGEMENT CONSULTING SERVICES,VISN 04 ACCREDITATION READINESS REVIEWS FY24 TERMINATION FOR CONVENIENCE,EO: RADICAL TRANSPARENCY ABOUT WASTEFUL SPENDING,DELIVERY ORDER
36C24424N0724,P00001,2025-03-14,2024-05-13,2025-03-14,0.00,4500.00,4500.00,244-NETWORK CONTRACT OFFICE 4 (36C244),693-WILKES BARRE(00693)(36C693),VA,ALEXANDRIA,FAIRFAX,223101354,08,REVOLVE SOLUTIONS LLC,,T001,PHOTO/MAP/PRINT/PUBLICATION- ARTS/GRAPHICS,541611,ADMINISTRATIVE MANAGEMENT AND GENERAL MANAGEMENT CONSULTING SERVICES,GRAPHIC DESIGN SERVICES FOR THE WILKES BARRE VAMC TERMINATION FOR CONVENIENCE,EO: RADICAL TRANSPARENCY ABOUT WASTEFUL SPENDING,DELIVERY ORDER
36C24424N1140,P00001,2025-03-14,2024-09-13,2025-03-14,-2518.22,133601.78,133601.78,244-NETWORK CONTRACT OFFICE 4 (36C244),460-WILMINGTON (00460)(36C460),PA,WILKES BARRE,LUZERNE,187110030,08,"INTERIOR SYSTEMS, INC.",,R425,SUPPORT- PROFESSIONAL: ENGINEERING/TECHNICAL,541611,ADMINISTRATIVE MANAGEMENT AND GENERAL MANAGEMENT CONSULTING SERVICES,ENGINEERING SUPPORT SERVICES TEMPORARY STAFFING TERMINATION FOR CONVENIENCE,EO: RADICAL TRANSPARENCY ABOUT WASTEFUL SPENDING,BPA CALL
36C24425C0004,P00001,2025-03-14,2024-12-15,2025-03-14,-177764.60,0.00,0.00,244-NETWORK CONTRACT OFFICE 4 (36C244),DEPART OF VETERANS AFFAIRS (3600),PA,PITTSBURGH,ALLEGHENY,152401005,17,"HUMAN DOMAIN SOLUTIONS, LLC",,R410,SUPPORT- PROFESSIONAL: PROGRAM EVALUATION/REVIEW/DEVELOPMENT,541611,ADMINISTRATIVE MANAGEMENT AND GENERAL MANAGEMENT CONSULTING SERVICES,JC ACCREDITATION READINESS REVIEWS TERMINATION FOR CONVENIENCE,EO: RADICAL TRANSPARENCY ABOUT WASTEFUL SPENDING,DEFINITIVE CONTRACT
36C24723P0466,P00002,2025-03-14,2023-02-27,2025-02-20,-43713.00,43713.00,43713.00,247-NETWORK CONTRACT OFFICE 7 (36C247),247-NETWORK CONTRACT OFFICE 7 (36C247),GA,DECATUR,DEKALB,300331005,05,CATALYST LEARNING COMPANY,,U099,EDUCATION/TRAINING- OTHER,611710,EDUCATIONAL SUPPORT SERVICES,NCHARGE NURSE LEADERSHIP TRAINING TERMINATION FOR CONVENIENCE IAW EXECUTIVE ORDER,,PURCHASE ORDER
36C25025C0033,P00001,2025-03-14,2024-12-16,2025-03-14,-852793.20,0.00,0.00,250-NETWORK CONTRACT OFFICE 10 (36C250),583-INDIANAPOLIS(00583),IN,INDIANAPOLIS,MARION,462022884,07,THE SEVERSON GROUP LLC,,S203,HOUSEKEEPING- FOOD,722310,FOOD SERVICE CONTRACTORS,INDIANAPOLIS DOMICILIARY FOOD SERVICE TERMINATION FOR CONVENIENCE AGREEMENT,,DEFINITIVE CONTRACT
36C25522D0031,P00009,2025-03-14,2022-08-01,,0.00,0.00,4044123.20,255-NETWORK CONTRACT OFFICE 15 (36C255),657 STL EASTERN ORBIT,,,,,,A-TEAM SOLUTIONS LLC,,Q522,MEDICAL- RADIOLOGY,561320,TEMPORARY HELP SERVICES,"TERMINATION FOR CONVENIENCE: PARTIAL TERMINATON
REDUCED FULL TIME EMPLOYEES",EO: RADICAL TRANSPARENCY ABOUT WASTEFUL SPENDING,IDC
36C25522D0032,P00009,2025-03-14,2022-08-01,,0.00,0.00,3895626.80,255-NETWORK CONTRACT OFFICE 15 (36C255),657 STL EASTERN ORBIT,,,,,,CAMEO CONSULTING GROUP LLC,,Q522,MEDICAL- RADIOLOGY,561320,TEMPORARY HELP SERVICES,"PARTIAL TERMINATION
REDUCTION IN FULL TIME EMPLOYEES",EO: RADICAL TRANSPARENCY ABOUT WASTEFUL SPENDING,IDC
36C10G23F0020,P00002,2025-03-17,2023-09-29,2025-03-17,0.00,137671.62,137671.62,STRATEGIC ACQUISITION CENTER FREDERICKSBURG (36C10G),STRATEGIC ACQUISITION CENTER FREDERICKSBURG (36C10G),UT,FARMINGTON,DAVIS,840254739,02,"ARBINGER COMPANY, THE",,U099,EDUCATION/TRAINING- OTHER,541611,ADMINISTRATIVE MANAGEMENT AND GENERAL MANAGEMENT CONSULTING SERVICES,OUTWARD MINDSET TRAINING,,DELIVERY ORDER
36C10X24C0035,P00002,2025-03-17,2024-09-30,2025-01-22,-207816.83,81961.17,81961.17,SAC FREDERICK (36C10X),SAC FREDERICK (36C10X),LA,NEW ORLEANS,JEFFERSON,701232837,01,EMPLOYMENT LEARNING INNOVATIONS INC,,R499,SUPPORT- PROFESSIONAL: OTHER,611430,PROFESSIONAL AND MANAGEMENT DEVELOPMENT TRAINING,TERMINATION SETTLEMENT AND DEOBLIGATION OF EXCESS FUNDS,,DEFINITIVE CONTRACT
36C24723P0026,P00003,2025-03-17,2022-10-01,2025-02-27,0.00,100224.00,167040.00,247-NETWORK CONTRACT OFFICE 7 (36C247),534-CHARLESTON (00534)(36C534),SC,CHARLESTON,CHARLESTON,294015799,06,"J.E. FEDERAL ENTERPRISES, LLC.",,R499,SUPPORT- PROFESSIONAL: OTHER,541612,"HUMAN RESOURCES CONSULTING SERVICES (2007), HUMAN RESOURCES AND EXECUTIVE SEARCH CONSULTING SERVICES (2002)",NOTICE OF TERMINATION FOR CONVENIENCE,,PURCHASE ORDER
36C25725C0004,P00001,2025-03-17,2025-01-07,2025-03-17,-1617752.52,0.00,0.00,257-NETWORK CONTRACT OFFICE 17 (36C257),671-SAN ANTONIO (00671),TX,SAN ANTONIO,BEXAR,782294404,20,ACUTE RESPONSE INC,,R602,SUPPORT- ADMINISTRATIVE: COURIER/MESSENGER,492110,COURIERS AND EXPRESS DELIVERY SERVICES,MEDICAL COURIER SERVICES - TERMINATION FOR CONVENIENCE,,DEFINITIVE CONTRACT
36C26323C0053,P00002,2025-03-17,2023-09-16,2025-03-05,-10684.94,29315.06,69315.06,NETWORK CONTRACT OFFICE 23 (36C263),636A8-IOWA CITY HEALTH CARE,IA,IOWA CITY,JOHNSON,522407976,01,DANIEL NEWTON,,AN12,HEALTH R&D SERVICES; HEALTH CARE SERVICES; APPLIED RESEARCH,541618,OTHER MANAGEMENT CONSULTING SERVICES,VA IOWA CITY RESEARCH SERVICE CONTRACT - BASE PLUS 3 OYS.,EO: RADICAL TRANSPARENCY ABOUT WASTEFUL SPENDING,DEFINITIVE CONTRACT
36C10B22F0074,P00009,2025-03-18,2022-02-28,2025-02-19,-1369722.91,3857570.18,3857597.18,TECHNOLOGY ACQUISITION CENTER NJ (36C10B),TECHNOLOGY ACQUISITION CENTER NJ (36C10B),VA,GREAT FALLS,FAIRFAX,220662512,11,"MINBURN TECHNOLOGY GROUP, LLC",,U012,EDUCATION/TRAINING- INFORMATION TECHNOLOGY/TELECOMMUNICATIONS TRAINING,541519,OTHER COMPUTER RELATED SERVICES,LEARNING CONTENT MANAGEMENT SYSTEM - TERMINATION FOR CONVENIENCE,,DELIVERY ORDER
36C10F24N0033,P00002,2025-03-18,2024-09-25,2025-03-06,-74881.45,49920.97,49920.97,OFFICE OF CONSTRUCTION &  FACILITIES MGMT (36C10F),OFFICE OF CONSTRUCTION &  FACILITIES MGMT (36C10F),MD,BALTIMORE,BALTIMORE,212092215,02,ENVIRONMENTAL RESEARCH GROUP LLC,,R408,SUPPORT- PROFESSIONAL: PROGRAM MANAGEMENT/SUPPORT,541620,ENVIRONMENTAL CONSULTING SERVICES,"TERMINATION FOR CONVENIENCE AGREEMENT
- RADICAL TRANSPARENCY ABOUT WASTEFUL SPENDING",EO: RADICAL TRANSPARENCY ABOUT WASTEFUL SPENDING,BPA CALL
36C10X23N0128,P00005,2025-03-18,2023-08-30,2025-03-18,0.00,4900904.13,7440273.89,SAC FREDERICK (36C10X),SAC FREDERICK (36C10X),MO,COLUMBIA,BOONE,652015297,03,"INFORMATION SCIENCES CONSULTING, INCORPORATED",,R499,SUPPORT- PROFESSIONAL: OTHER,541611,ADMINISTRATIVE MANAGEMENT AND GENERAL MANAGEMENT CONSULTING SERVICES,TERMINATION FOR CONVENIENCE. EO: RADICAL TRANSPARENCY ABOUT WASTEFUL SPENDING.,EO: RADICAL TRANSPARENCY ABOUT WASTEFUL SPENDING,DELIVERY ORDER
36C24422D0106,P00002,2025-03-18,2022-05-01,,0.00,0.00,2361751.00,244-NETWORK CONTRACT OFFICE 4 (36C244),693-WILKES BARRE(00693)(36C693),,,,,,SMITH HEALTH CARE LTD,,Q402,"NURSING HOME, LONG-TERM & ADULT DAY CARE SERVICES",623110,NURSING CARE FACILITIES (SKILLED NURSING FACILITIES),NURSING HOME SERVICES - TERMINATION FOR CONVENIENCE.,EO: RADICAL TRANSPARENCY ABOUT WASTEFUL SPENDING,IDC
36C24E18C0077,P00002,2025-03-18,2018-09-24,2020-09-23,-38710.00,112860.00,112860.00,RPO EAST (36C24E),DEPT OF VETERANS AFFAIRS,NY,NEW YORK,NEW YORK,100131941,10,"NEW YORK GENOME CENTER, INC.",,AN41,HEALTH R&D SERVICES; HEALTH CARE - OTHER; BASIC RESEARCH,541714,RESEARCH AND DEVELOPMENT IN BIOTECHNOLOGY (EXCEPT NANOBIOTECHNOLOGY),SEQUENCING SERVICES,,DEFINITIVE CONTRACT
36C24E19C0027,P00001,2025-03-18,2019-08-01,2020-07-31,-24983.00,1649982.00,1649982.00,RPO EAST (36C24E),589 KAN WESTERN ORBIT,MO,COLUMBIA,BOONE,652013133,03,MILABS B.V.,,6640,LABORATORY EQUIPMENT AND SUPPLIES,334516,ANALYTICAL LABORATORY INSTRUMENT MANUFACTURING,PET SPECT SYSTEM,,DEFINITIVE CONTRACT
36C25024P0376,P00003,2025-03-18,2023-12-20,2025-03-12,0.00,688960.00,688960.00,250-NETWORK CONTRACT OFFICE 10 (36C250),757-COLUMBUS (00757),OH,COLUMBUS,FRANKLIN,432193494,03,SALVADORINI CONSULTING LLC,,W054,LEASE OR RENTAL OF EQUIPMENT- PREFABRICATED STRUCTURES AND SCAFFOLDING,532490,OTHER COMMERCIAL AND INDUSTRIAL MACHINERY AND EQUIPMENT RENTAL AND LEASING,HOSPITAL MRI TRAILER RENTAL,,PURCHASE ORDER
36C25521N0572,P00009,2025-03-18,2021-09-29,2025-09-28,-230254.69,690718.02,1565993.62,255-NETWORK CONTRACT OFFICE 15 (36C255),589 KAN WESTERN ORBIT,MO,COLUMBIA,BOONE,652015275,03,MAXIM HEALTHCARE SERVICES INCORPORATED (0951),,Q601,MEDICAL CODING AND AUDITING,541611,ADMINISTRATIVE MANAGEMENT AND GENERAL MANAGEMENT CONSULTING SERVICES,MEDICAL CODING AND AUDITING SERVICES - TERMINATE FOR CONVENIENCE UNDER THE DIRECTION OF THE RADICAL TRANSPARENCY ABOUT WASTEFUL SPENDING INITIATIVE.,EO: RADICAL TRANSPARENCY ABOUT WASTEFUL SPENDING,BPA CALL
36C25522N0255,P00007,2025-03-18,2022-07-01,2025-06-30,-165754.41,798474.67,985640.42,255-NETWORK CONTRACT OFFICE 15 (36C255),589 KAN WESTERN ORBIT,MD,COLUMBIA,HOWARD,210463236,03,MAXIM HEALTHCARE SERVICES INCORPORATED (0951),,Q601,MEDICAL CODING AND AUDITING,541611,ADMINISTRATIVE MANAGEMENT AND GENERAL MANAGEMENT CONSULTING SERVICES,"TERMINATION FOR CONVENIENCE, MEDICAL CODING AND AUDITING SERVICES FOR KANSAS CITY VA MEDICAL CENTER, UNDER THE DIRECTION OF THE RADICAL TRANSPARENCY ABOUT WASTEFUL SPENDING INITIATIVE.",EO: RADICAL TRANSPARENCY ABOUT WASTEFUL SPENDING,BPA CALL
36C25722P0135,P00004,2025-03-18,2022-01-01,2025-03-18,-14420.01,38544.86,66663.96,257-NETWORK CONTRACT OFFICE 17 (36C257),549-DALLAS (00549),IN,SOUTH BEND,ST JOSEPH,466012901,02,PRESS GANEY ASSOCIATES LLC,,Q999,MEDICAL- OTHER,541611,ADMINISTRATIVE MANAGEMENT AND GENERAL MANAGEMENT CONSULTING SERVICES,DEPARTMENT OF GOVERNMENT EFFICIENCY (DOGE) - TERMINATION FOR THE GOVERNMENT CONVENIENCE - NDNQ1 DATA MEMEBERSHIP,EO: RADICAL TRANSPARENCY ABOUT WASTEFUL SPENDING,PURCHASE ORDER
36C25723P0781,P00005,2025-03-18,2023-09-25,2028-09-24,-72004.68,75328.05,336759.53,257-NETWORK CONTRACT OFFICE 17 (36C257),740-HARLINGEN (00740),TX,HARLINGEN,CAMERON,785508942,34,DOCUMENT STORAGE SYSTEMS INC,,DA10,IT AND TELECOM - BUSINESS APPLICATION/APPLICATION DEVELOPMENT SOFTWARE AS A SERVICE,541511,CUSTOM COMPUTER PROGRAMMING SERVICES,"PATIENT QUEUING SYSTEM - BASE+4
TERMINATION FOR CONVENIENCE",,PURCHASE ORDER
36C26025N0141,P00001,2025-03-18,2024-12-31,2025-03-04,-309379.19,59335.31,59335.31,260-NETWORK CONTRACT OFFICE 20 (36C260),648-PORTLAND (00648),WA,VANCOUVER,CLARK,986615160,03,"OAKUM GROUP, LLC",,R706,SUPPORT- MANAGEMENT: LOGISTICS SUPPORT,541614,"PROCESS, PHYSICAL DISTRIBUTION, AND LOGISTICS CONSULTING SERVICES",TASK ORDER OFF SINGLE AWARD BLANKET PURCHASE AGREEMENT FOR WALL-TO-WALL INVENTORY SERVICES FOR THE VETERANS INTEGRATED SERVICE NETWORK (VISN) 20 - TERMINATION FOR CONVENIENCE,EO: RADICAL TRANSPARENCY ABOUT WASTEFUL SPENDING,BPA CALL
36C26025P0174,P00001,2025-03-18,2024-12-01,2025-03-01,-400.00,8832.78,8832.78,260-NETWORK CONTRACT OFFICE 20 (36C260),663-SEATTLE (00663),WA,SEATTLE,KING,981081401,09,HGS ENGINEERING INC,,F108,ENVIRONMENTAL SYSTEMS PROTECTION- ENVIRONMENTAL REMEDIATION,541620,ENVIRONMENTAL CONSULTING SERVICES,PUGET SOUND VAHCS SPILL CONTROL PLAN REVIEW.  CONTRACT TERMINATED FOR CONVENIENCE TO COMPLY WITH DOGE DIRECTIVE.,EO: RADICAL TRANSPARENCY ABOUT WASTEFUL SPENDING,PURCHASE ORDER
36C26225D0046,P00001,2025-03-18,2025-01-01,,0.00,0.00,558501.73,262-NETWORK CONTRACT OFFICE 22 (36C262),678-TUCSON(00678),,,,,,"RCG OF NORTH CAROLINA, LLC",,6835,MEDICAL GASES,325120,INDUSTRIAL GAS MANUFACTURING,MEDICAL GAS CYLINDERS,,IDC
36C26225N0312,P00001,2025-03-18,2025-01-01,2029-12-31,-100942.62,0.00,0.00,262-NETWORK CONTRACT OFFICE 22 (36C262),678-TUCSON(00678),NC,CAROLINA BEACH,NEW HANOVER,284285540,07,"RCG OF NORTH CAROLINA, LLC",,6835,MEDICAL GASES,325120,INDUSTRIAL GAS MANUFACTURING,MEDICAL GAS CYLINDERS,,DELIVERY ORDER
36C26323C0054,P00002,2025-03-18,2023-09-16,2025-03-05,-29600.00,87200.00,204000.00,NETWORK CONTRACT OFFICE 23 (36C263),636A8-IOWA CITY HEALTH CARE,IA,IOWA CITY,JOHNSON,522408501,01,STEWART CONSULTING,,AN12,HEALTH R&D SERVICES; HEALTH CARE SERVICES; APPLIED RESEARCH,541611,ADMINISTRATIVE MANAGEMENT AND GENERAL MANAGEMENT CONSULTING SERVICES,"VA IOWA CITY IOWA, RESEARCH CONTRACT - BASE YEAR PLUS 3 OYS.",EO: RADICAL TRANSPARENCY ABOUT WASTEFUL SPENDING,DEFINITIVE CONTRACT
36C25622P0682,P00008,2025-03-19,2022-04-01,2026-09-30,-42025.00,184500.00,319800.00,256-NETWORK CONTRACT OFFICE 16 (36C256),586-JACKSON (00586),MS,JACKSON,HINDS,392165116,03,"INMAR RX SOLUTIONS, INC.",,R499,SUPPORT- PROFESSIONAL: OTHER,541614,"PROCESS, PHYSICAL DISTRIBUTION, AND LOGISTICS CONSULTING SERVICES",NOTICE OF TERMINATION FOR CONVENIENCE.,EO: RADICAL TRANSPARENCY ABOUT WASTEFUL SPENDING,PURCHASE ORDER
36C25624P0448,P00002,2025-03-19,2024-01-15,2025-02-25,-114937.50,96804.00,130304.00,256-NETWORK CONTRACT OFFICE 16 (36C256),629-SOUTHEAST LA HLTHCR SYS (00629),LA,NEW ORLEANS,ORLEANS,701194701,01,"VINYARD MANAGEMENT GROUP, INC.",,R410,SUPPORT- PROFESSIONAL: PROGRAM EVALUATION/REVIEW/DEVELOPMENT,541611,ADMINISTRATIVE MANAGEMENT AND GENERAL MANAGEMENT CONSULTING SERVICES,NOTICE OF TERMINATION FOR CONVENIENCE.,EO: RADICAL TRANSPARENCY ABOUT WASTEFUL SPENDING,PURCHASE ORDER
36C25722F0133,P00008,2025-03-19,2022-09-30,2025-03-04,-557122.19,2234897.31,2234897.31,257-NETWORK CONTRACT OFFICE 17 (36C257),257-NETWORK CONTRACT OFFICE 17 (36C257),VA,MCLEAN,FAIRFAX,221022945,11,"STAFFORD CONSULTING COMPANY, INC.",,R699,SUPPORT- ADMINISTRATIVE: OTHER,541611,ADMINISTRATIVE MANAGEMENT AND GENERAL MANAGEMENT CONSULTING SERVICES,"CONTRACT SUPPORT SERVICES
TERMINATION FOR THE GOVERNMENT'S CONVENIENCE",EO: RADICAL TRANSPARENCY ABOUT WASTEFUL SPENDING,DELIVERY ORDER
36C24622P1867,P00006,2025-03-20,2022-09-27,2025-03-06,-2770.20,123671.70,123671.70,246-NETWORK CONTRACTING OFFICE 6 (36C246),658-SALEM (00658)(36C658),VA,SALEM,ROANOKE,241531668,06,"FOSTER FUELS, INC.",,H391,"INSPECTION- FUELS, LUBRICANTS, OILS, AND WAXES",541620,ENVIRONMENTAL CONSULTING SERVICES,TERMINATION FOR CONVENIENCE OF FUEL POLISHING AND COLLECTING SAMPLE SERVICES FOR SALEM VAMC,EO: RADICAL TRANSPARENCY ABOUT WASTEFUL SPENDING,PURCHASE ORDER
36C25721P0006,P00012,2025-03-20,2020-10-01,2025-03-20,-20000.00,31082.46,66542.46,257-NETWORK CONTRACT OFFICE 17 (36C257),549-DALLAS (00549),MA,BILLERICA,MIDDLESEX,018216464,06,LIBRARIAN AT YOUR SERVICE LLC,,U006,EDUCATION/TRAINING- VOCATIONAL/TECHNICAL,541690,OTHER SCIENTIFIC AND TECHNICAL CONSULTING SERVICES,TERMINATION FOR CONVENIENCE AGREEMENT,EO: RADICAL TRANSPARENCY ABOUT WASTEFUL SPENDING,PURCHASE ORDER
36C25721P0051,P00008,2025-03-20,2020-11-01,2025-03-20,-186621.60,935484.00,935484.00,257-NETWORK CONTRACT OFFICE 17 (36C257),549-DALLAS (00549),TX,DALLAS,DALLAS,752161001,30,"COMPASS CG, LLC",,R410,SUPPORT- PROFESSIONAL: PROGRAM EVALUATION/REVIEW/DEVELOPMENT,541611,ADMINISTRATIVE MANAGEMENT AND GENERAL MANAGEMENT CONSULTING SERVICES,VISN 17 MOCK SURVEY ACCREDITATION SERVICES TERMINATION MODIFICATION,EO: RADICAL TRANSPARENCY ABOUT WASTEFUL SPENDING,PURCHASE ORDER
36C25924C0078,P00001,2025-03-20,2024-04-22,2025-03-20,-28625.00,67375.00,67375.00,NETWORK CONTRACT OFFICE 19 (36C259),554-DENVER (00554),CO,AURORA,ADAMS,800457603,06,"HEALTHCARE QUALITY ASSISTANCE GROUP, LLC",,R410,SUPPORT- PROFESSIONAL: PROGRAM EVALUATION/REVIEW/DEVELOPMENT,541618,OTHER MANAGEMENT CONSULTING SERVICES,"EO:RADICAL TRANSPARENCY ABOUT WASTEFUL SPENDING
TERMINATION FOR CONVENIENCE AGREEMENT",EO: RADICAL TRANSPARENCY ABOUT WASTEFUL SPENDING,DEFINITIVE CONTRACT
36C26220C0132,P00006,2025-03-20,2020-05-01,2025-03-20,0.00,74332.00,119812.00,262-NETWORK CONTRACT OFFICE 22 (36C262),600-VA LONG BEACH HLTCAR SYS(00600),CA,LAKE FOREST,ORANGE,926308347,40,"PRECEPT ENVIRONMENTAL, INC.",,J046,MAINT/REPAIR/REBUILD OF EQUIPMENT- WATER PURIFICATION AND SEWAGE TREATMENT EQUIPMENT,541620,ENVIRONMENTAL CONSULTING SERVICES,"EO14042 - SEMI ANNUAL COOLING TOWER CLEANING, DISINFECTION AND
SANITIZING SERVICES - EXERCISE OPT YR 4
**TERMINATION FOR CONVENIENCE.**",EO: RADICAL TRANSPARENCY ABOUT WASTEFUL SPENDING,DEFINITIVE CONTRACT
36C24125F0054,P00001,2025-03-21,2025-01-13,2025-03-31,-89407.45,4767.19,4767.19,241-NETWORK CONTRACT OFFICE 01 (36C241),523-BOSTON (00523)(36C523),MA,BROCKTON,PLYMOUTH,023010901,08,"CAPITAL PROJECT MANAGEMENT, INC.",,C219,ARCHITECT AND ENGINEERING- GENERAL: OTHER,541611,ADMINISTRATIVE MANAGEMENT AND GENERAL MANAGEMENT CONSULTING SERVICES,CLAIM ANALYST T4C,,DELIVERY ORDER
36C24925N0251,P00001,2025-03-21,2024-12-01,2025-03-21,-25200.00,2100.00,111300.00,249-NETWORK CONTRACT OFFICE 9 (36C249),614-MEMPHIS(00614),TN,MEMPHIS,SHELBY,381043810,09,"MISSION SEARCH INTERNATIONAL, INC.",,Q522,MEDICAL- RADIOLOGY,541690,OTHER SCIENTIFIC AND TECHNICAL CONSULTING SERVICES,TERMINATION FOR CONVENIENCE AGREEMENT - MEMPHIS VAMC ONCOLOGY PEER REVIEW SERVICES,EO: RADICAL TRANSPARENCY ABOUT WASTEFUL SPENDING,DELIVERY ORDER
36C25024P1909,P00002,2025-03-21,2024-09-23,2025-09-22,-53937.00,20709.00,20709.00,250-NETWORK CONTRACT OFFICE 10 (36C250),583-INDIANAPOLIS(00583),IN,INDIANAPOLIS,MARION,462022884,07,"SAGE, LLC",,F110,"ENVIRON SYS PROTECT- DEVELOPMENT OF ENVIRON IMPACT STMTS/ASSESSMENTS, TECH ANALYSIS/ENVIRON AUDITS",541620,ENVIRONMENTAL CONSULTING SERVICES,ENVIRONMENTAL COMPLIANCE AND HEALTHCARE SUSTAINABILITY ADVISORY AND ASSISTANCE SERVICES SUPPORT,,PURCHASE ORDER
36C26223P2365,P00002,2025-03-21,2023-09-15,2025-03-03,0.00,18756.00,18756.00,262-NETWORK CONTRACT OFFICE 22 (36C262),262-NETWORK CONTRACT OFFICE 22 (36C262),CA,SAN DIEGO,SAN DIEGO,921610001,50,"BUILD CLINICAL, LLC",,R701,SUPPORT- MANAGEMENT: ADVERTISING,541810,ADVERTISING AGENCIES,FAR 52.212-4(L) TERMINATION FOR THE GOVERNMENT'S CONVEN,,PURCHASE ORDER
36C26225C0116,P00002,2025-03-21,2025-02-01,2025-03-03,-9978.00,16930.00,16930.00,262-NETWORK CONTRACT OFFICE 22 (36C262),644-PHOENIX (00644),CA,LAGUNA HILLS,ORANGE,926531481,47,CYNERGY PROFESSIONAL SYSTEMS LLC,,R702,SUPPORT- MANAGEMENT: DATA COLLECTION,541620,ENVIRONMENTAL CONSULTING SERVICES,EMS SANITATION QA TECH,EO: RADICAL TRANSPARENCY ABOUT WASTEFUL SPENDING,DEFINITIVE CONTRACT
36C25620F0242,P00008,2025-03-24,2020-04-13,2025-02-25,-21061.85,1087070.29,1087070.29,256-NETWORK CONTRACT OFFICE 16 (36C256),580-HOUSTON(00580),IN,SOUTH BEND,ST JOSEPH,466012355,02,PRESS GANEY ASSOCIATES LLC,,R422,SUPPORT- PROFESSIONAL: MARKET RESEARCH/PUBLIC OPINION,541611,ADMINISTRATIVE MANAGEMENT AND GENERAL MANAGEMENT CONSULTING SERVICES,NOTICE OF TERMINATION FOR CONVENIENCE.,EO: RADICAL TRANSPARENCY ABOUT WASTEFUL SPENDING,DELIVERY ORDER
36C25625P0098,P00001,2025-03-24,2024-11-01,2025-03-05,0.00,27520.00,313920.00,256-NETWORK CONTRACT OFFICE 16 (36C256),580-HOUSTON(00580),TX,HOUSTON,HARRIS,770305000,09,"D'S VENTURES, LLC",,Q517,PHARMACY SERVICES,541614,"PROCESS, PHYSICAL DISTRIBUTION, AND LOGISTICS CONSULTING SERVICES",NOTICE OF TERMINATION FOR CONVENIENCE.,EO: RADICAL TRANSPARENCY ABOUT WASTEFUL SPENDING,PURCHASE ORDER
36C25722P0830,P00005,2025-03-24,2022-09-30,2025-03-05,-120116.30,492710.01,904537.34,257-NETWORK CONTRACT OFFICE 17 (36C257),257-NETWORK CONTRACT OFFICE 17 (36C257),IN,SOUTH BEND,ST JOSEPH,466011533,02,PRESS GANEY ASSOCIATES LLC,,R499,SUPPORT- PROFESSIONAL: OTHER,541990,"ALL OTHER PROFESSIONAL, SCIENTIFIC, AND TECHNICAL SERVICES",TERMINATION FOR CONVENIENCE,EO: RADICAL TRANSPARENCY ABOUT WASTEFUL SPENDING,PURCHASE ORDER
36C77624F0015,P00001,2025-03-24,2024-05-28,2025-03-24,-2048691.36,3147204.71,3147204.71,PCAC (36C776),PCAC (36C776),OH,INDEPENDENCE,CUYAHOGA,441312544,07,"CAMEO CONSULTING GROUP, LLC",,R707,SUPPORT- MANAGEMENT: CONTRACT/PROCUREMENT/ACQUISITION SUPPORT,541611,ADMINISTRATIVE MANAGEMENT AND GENERAL MANAGEMENT CONSULTING SERVICES,"ACQUISITION SUPPORT SERVICES FOR NCO(9,10,12,15,16,23) AND PCAC - TERMINATION FOR CONVENIENCE AGREEMENT 
-$2,048,691.36",EO: RADICAL TRANSPARENCY ABOUT WASTEFUL SPENDING,DELIVERY ORDER
36C10A21F0273,P00007,2025-03-25,2021-09-15,2025-02-19,-31908.26,234324.47,234324.47,TECHNOLOGY ACQUISITION CENTER AUSTIN (36C10A),TECHNOLOGY ACQUISITION CENTER AUSTIN (36C10A),DC,WASHINGTON,DISTRICT OF COLUMBIA,200011152,98,"COLOSSAL CONTRACTING, LLC",,DE01,"IT and Telecom - End User: Help Desk; Tier 1-2, Workspace, Print, Output, Productivity Tools (Labor)",541519,OTHER COMPUTER RELATED SERVICES,TERMINATE FOR CONVENIENCE,EO: RADICAL TRANSPARENCY ABOUT WASTEFUL SPENDING,DELIVERY ORDER
36C24424N1054,P00001,2025-03-25,2024-09-05,2025-03-25,-128454.47,193238.29,193238.29,244-NETWORK CONTRACT OFFICE 4 (36C244),646-PITTSBURGH (00646)(36C646),PA,PITTSBURGH,ALLEGHENY,152151802,17,"CONCOURSE FEDERAL GROUP, LLC",,R425,SUPPORT- PROFESSIONAL: ENGINEERING/TECHNICAL,541611,ADMINISTRATIVE MANAGEMENT AND GENERAL MANAGEMENT CONSULTING SERVICES,TERMINATE FOR CONVENIENCE (COMPLETE OR PARTIAL),EO: RADICAL TRANSPARENCY ABOUT WASTEFUL SPENDING,BPA CALL
36C24424N1144,P00001,2025-03-25,2024-09-26,2025-09-25,-35144.21,194394.80,194394.80,244-NETWORK CONTRACT OFFICE 4 (36C244),642-PHILADELPHIA (00642)(36C642),PA,PHILADELPHIA,PHILADELPHIA,191044551,03,"VLOGIC SYSTEMS, INC.",,DA10,IT AND TELECOM - BUSINESS APPLICATION/APPLICATION DEVELOPMENT SOFTWARE AS A SERVICE,511210,SOFTWARE PUBLISHERS,TERMINATE FOR CONVENIENCE - PARTIAL - VLOGIC DRAWINGS,,BPA CALL
36C24521F0225,P00001,2025-03-25,2021-04-19,2025-03-25,-7183.85,110909.60,110909.60,245-NETWORK CONTRACT OFFICE 5 (36C245),512-BALTIMORE(00512)(36C512),MD,PERRY POINT,CECIL,219021101,01,"J 2 SYSTEMS AND SUPPLY, LLC",,J046,MAINT/REPAIR/REBUILD OF EQUIPMENT- WATER PURIFICATION AND SEWAGE TREATMENT EQUIPMENT,541990,"ALL OTHER PROFESSIONAL, SCIENTIFIC, AND TECHNICAL SERVICES",WATER TREATMENT CHEMICALS AND TESTING.  THIS CONTRACT WAS TERMINATED FOR CONVENIENCE OF THE GOVERNMENT.,,DELIVERY ORDER
36C25723P0334,P00002,2025-03-25,2023-06-09,2025-02-28,-6281.10,69090.90,69090.90,257-NETWORK CONTRACT OFFICE 17 (36C257),257-NETWORK CONTRACT OFFICE 17 (36C257),IN,SOUTH BEND,ST JOSEPH,466011533,02,PRESS GANEY ASSOCIATES LLC,,R499,SUPPORT- PROFESSIONAL: OTHER,541611,ADMINISTRATIVE MANAGEMENT AND GENERAL MANAGEMENT CONSULTING SERVICES,TERMINATION FOR CONVENIENCE-PATIENT SATIFIACTION SURVEY,EO: RADICAL TRANSPARENCY ABOUT WASTEFUL SPENDING,PURCHASE ORDER
36C25724P0250,P00002,2025-03-25,2024-04-02,2025-03-04,-250591.39,215508.61,914658.61,257-NETWORK CONTRACT OFFICE 17 (36C257),674-TEMPLE (00674),TX,TEMPLE,BELL,765045129,31,"SANFORD FEDERAL, INC.",,Q999,MEDICAL- OTHER,541611,ADMINISTRATIVE MANAGEMENT AND GENERAL MANAGEMENT CONSULTING SERVICES,GAS MANAGEMENT SERVICES - TERMINATION FOR CONVENIENCE,EO: RADICAL TRANSPARENCY ABOUT WASTEFUL SPENDING,PURCHASE ORDER
36C26023F0388,P00005,2025-03-25,2023-08-19,2025-03-04,-70999.45,139552.07,139552.07,260-NETWORK CONTRACT OFFICE 20 (36C260),648-PORTLAND (00648),OR,PORTLAND,MULTNOMAH,972392964,01,PRESS GANEY ASSOCIATES LLC,,R499,SUPPORT- PROFESSIONAL: OTHER,541611,ADMINISTRATIVE MANAGEMENT AND GENERAL MANAGEMENT CONSULTING SERVICES,"PATIENT SATISFACTION SURVEY SERVICE
TERMINATION FOR CONVENIENCE",EO: RADICAL TRANSPARENCY ABOUT WASTEFUL SPENDING,DELIVERY ORDER
36C26222C0047,P00005,2025-03-25,2022-02-01,2025-03-04,-209849.62,690676.10,690676.10,262-NETWORK CONTRACT OFFICE 22 (36C262),605-VA LOMA LINDA HLTHCR SYS(00605),CA,LOMA LINDA,SAN BERNARDINO,923570001,23,PRESS GANEY ASSOCIATES LLC,,J066,MAINT/REPAIR/REBUILD OF EQUIPMENT- INSTRUMENTS AND LABORATORY EQUIPMENT,541611,ADMINISTRATIVE MANAGEMENT AND GENERAL MANAGEMENT CONSULTING SERVICES,"PATIENT SURVEY EXPERIENCE
**TERMINATION FOR GOVERNMENT CONVENIENCE**",EO: RADICAL TRANSPARENCY ABOUT WASTEFUL SPENDING,DEFINITIVE CONTRACT
36C26222P0487,P00004,2025-03-25,2022-01-11,2025-03-10,-7199.04,21597.16,21597.16,262-NETWORK CONTRACT OFFICE 22 (36C262),600-VA LONG BEACH HLTCAR SYS(00600),NJ,TRENTON,MERCER,086384400,12,REES SCIENTIFIC CORPORATION,,F999,OTHER ENVIRONMENTAL SERVICES,541620,ENVIRONMENTAL CONSULTING SERVICES,RADICAL TRANSPARENCY ABOUT WASTEFUL SPENDING.,EO: RADICAL TRANSPARENCY ABOUT WASTEFUL SPENDING,PURCHASE ORDER
36C26223C0155,P00004,2025-03-25,2023-06-01,2025-01-06,-40250.00,120750.00,178250.00,262-NETWORK CONTRACT OFFICE 22 (36C262),605-VA LOMA LINDA HLTHCR SYS(00605),CA,LOMA LINDA,SAN BERNARDINO,923570001,23,NEXUS GROUP LLC,,J065,"MAINT/REPAIR/REBUILD OF EQUIPMENT- MEDICAL, DENTAL, AND VETERINARY EQUIPMENT AND SUPPLIES",811210,ELECTRONIC AND PRECISION EQUIPMENT REPAIR AND MAINTENANCE,PREVENTATIVE SERVICING ON PHILIPS ALLURA SYSTEM OY 1 FUNDING,,DEFINITIVE CONTRACT
36C26224N0457,P00002,2025-03-25,2024-03-01,2027-02-28,-148828.00,87643.02,87643.02,262-NETWORK CONTRACT OFFICE 22 (36C262),600-VA LONG BEACH HLTCAR SYS(00600),CA,LONG BEACH,LOS ANGELES,908221006,42,"SCOUT ENVIRONMENTAL, INC.",,U009,EDUCATION/TRAINING- GENERAL,541620,ENVIRONMENTAL CONSULTING SERVICES,"NHPA SECTION 106 CONSULTATION SERVICES EXERCISE OPTION YEAR 1
**TERMINATION FOR GOVERNMENT CONVENIENCE**",EO: RADICAL TRANSPARENCY ABOUT WASTEFUL SPENDING,DELIVERY ORDER
36C77624P0075,P00001,2025-03-25,2024-08-28,2025-03-06,-117242.16,121371.24,121371.24,PCAC (36C776),PCAC (36C776),OR,WHITE CITY,JACKSON,975031043,02,"STRATEGIC MEDICAL EQUIPMENT SOLUTIONS, LLC",,Q702,TECHNICAL MEDICAL SUPPORT,541614,"PROCESS, PHYSICAL DISTRIBUTION, AND LOGISTICS CONSULTING SERVICES","*TERMINATION FOR CONVENIENCE AGREEMENT* WHITE CITY ACTIVATION PRE-PLANNING. COST SAVINGS/AVOIDANCE: $117,242.16.",EO: RADICAL TRANSPARENCY ABOUT WASTEFUL SPENDING,PURCHASE ORDER
36C24723P1120,P00003,2025-03-26,2023-08-01,2025-03-26,-64632.77,209367.23,209367.23,247-NETWORK CONTRACT OFFICE 7 (36C247),619-CENTERAL ALABAM (00619)(36C619),AL,TUSCALOOSA,TUSCALOOSA,354045184,07,CONCOURSE FEDERAL GROUP LLC,,R704,SUPPORT- MANAGEMENT: AUDITING,541611,ADMINISTRATIVE MANAGEMENT AND GENERAL MANAGEMENT CONSULTING SERVICES,SPACE MANAGEMENT SERVICE,,PURCHASE ORDER
36C25525P0100,P00001,2025-03-26,2025-01-18,2025-03-12,-8000.00,0.00,0.00,255-NETWORK CONTRACT OFFICE 15 (36C255),589 KAN WESTERN ORBIT,KS,LEAVENWORTH,LEAVENWORTH,660485014,02,"ADVANTECH, INC",,DA10,IT AND TELECOM - BUSINESS APPLICATION/APPLICATION DEVELOPMENT SOFTWARE AS A SERVICE,541511,CUSTOM COMPUTER PROGRAMMING SERVICES,VEHICLE KEY KIOSK,,PURCHASE ORDER
36C26020N0774,P00004,2025-03-26,2020-10-12,2024-02-28,-202279.32,290686.71,290686.71,260-NETWORK CONTRACT OFFICE 20 (36C260),668-SPOKANE (00668),WA,SPOKANE,SPOKANE,992176641,05,EBA-KFDE JOINT VENTURE,,C1DA,ARCHITECT AND ENGINEERING- CONSTRUCTION: HOSPITALS AND INFIRMARIES,541330,ENGINEERING SERVICES,"A-E NRM 668-20-110 ELECTRICAL DISTRIBUTION SYSTEM UPGRADE.  TERMINATION FOR GOVERNMENT CONVENIENCE AT THE MANN-GRANDSTAFF VAMC IN SPOKANE, WA.",,DELIVERY ORDER
36C26024N0402,P00002,2025-03-26,2024-09-23,2025-02-25,-171611.56,63722.84,63722.84,260-NETWORK CONTRACT OFFICE 20 (36C260),262-NETWORK CONTRACT OFC 22(00701),WA,VANCOUVER,CLARK,986615160,03,"STAFFORD CONSULTING COMPANY, INC.",,R707,SUPPORT- MANAGEMENT: CONTRACT/PROCUREMENT/ACQUISITION SUPPORT,541611,ADMINISTRATIVE MANAGEMENT AND GENERAL MANAGEMENT CONSULTING SERVICES,NCO 20 ACQUISITION SUPPORT SERVICES,EO: RADICAL TRANSPARENCY ABOUT WASTEFUL SPENDING,BPA CALL
36C26024N0413,P00001,2025-03-26,2024-09-05,2025-03-04,-314793.25,61651.55,61651.55,260-NETWORK CONTRACT OFFICE 20 (36C260),262-NETWORK CONTRACT OFC 22(00701),WA,VANCOUVER,CLARK,986615160,03,"STAFFORD CONSULTING COMPANY, INC.",,R707,SUPPORT- MANAGEMENT: CONTRACT/PROCUREMENT/ACQUISITION SUPPORT,541611,ADMINISTRATIVE MANAGEMENT AND GENERAL MANAGEMENT CONSULTING SERVICES,NCO 20 ACQUISITION SUPPORT SERVICES,EO: RADICAL TRANSPARENCY ABOUT WASTEFUL SPENDING,BPA CALL
36C26024N0414,P00001,2025-03-26,2024-09-28,2025-02-25,-879220.61,537057.79,537057.79,260-NETWORK CONTRACT OFFICE 20 (36C260),262-NETWORK CONTRACT OFC 22(00701),WA,VANCOUVER,CLARK,986615160,03,"STAFFORD CONSULTING COMPANY, INC.",,R707,SUPPORT- MANAGEMENT: CONTRACT/PROCUREMENT/ACQUISITION SUPPORT,541611,ADMINISTRATIVE MANAGEMENT AND GENERAL MANAGEMENT CONSULTING SERVICES,NCO 20 ACQUISITION SUPPORT SERVICES,EO: RADICAL TRANSPARENCY ABOUT WASTEFUL SPENDING,BPA CALL
36C26024N0415,P00001,2025-03-26,2024-09-28,2025-02-25,-616010.44,623301.56,623301.56,260-NETWORK CONTRACT OFFICE 20 (36C260),262-NETWORK CONTRACT OFC 22(00701),WA,VANCOUVER,CLARK,986615160,03,"STAFFORD CONSULTING COMPANY, INC.",,R707,SUPPORT- MANAGEMENT: CONTRACT/PROCUREMENT/ACQUISITION SUPPORT,541611,ADMINISTRATIVE MANAGEMENT AND GENERAL MANAGEMENT CONSULTING SERVICES,NCO 20 ACQUISITION SUPPORT SERVICES,EO: RADICAL TRANSPARENCY ABOUT WASTEFUL SPENDING,BPA CALL
36C26024N0416,P00002,2025-03-26,2024-09-29,2025-02-25,-435362.91,324393.89,324393.89,260-NETWORK CONTRACT OFFICE 20 (36C260),262-NETWORK CONTRACT OFC 22(00701),WA,VANCOUVER,CLARK,986615160,03,"STAFFORD CONSULTING COMPANY, INC.",,R707,SUPPORT- MANAGEMENT: CONTRACT/PROCUREMENT/ACQUISITION SUPPORT,541611,ADMINISTRATIVE MANAGEMENT AND GENERAL MANAGEMENT CONSULTING SERVICES,NCO 20 ACQUISITION SUPPORT SERVICES ADD FUNDS $20K,EO: RADICAL TRANSPARENCY ABOUT WASTEFUL SPENDING,BPA CALL
36C26024N0429,P00001,2025-03-26,2024-09-04,2025-03-04,-260279.64,110414.76,110414.76,260-NETWORK CONTRACT OFFICE 20 (36C260),262-NETWORK CONTRACT OFC 22(00701),WA,VANCOUVER,CLARK,986615160,03,"STAFFORD CONSULTING COMPANY, INC.",,R707,SUPPORT- MANAGEMENT: CONTRACT/PROCUREMENT/ACQUISITION SUPPORT,541611,ADMINISTRATIVE MANAGEMENT AND GENERAL MANAGEMENT CONSULTING SERVICES,NCO 20 ACQUISITION SUPPORT SERVICES,EO: RADICAL TRANSPARENCY ABOUT WASTEFUL SPENDING,BPA CALL
36C26024N0431,P00001,2025-03-26,2024-09-15,2025-02-25,-950745.23,556214.77,556214.77,260-NETWORK CONTRACT OFFICE 20 (36C260),262-NETWORK CONTRACT OFC 22(00701),WA,VANCOUVER,CLARK,986615160,03,"STAFFORD CONSULTING COMPANY, INC.",,R707,SUPPORT- MANAGEMENT: CONTRACT/PROCUREMENT/ACQUISITION SUPPORT,541611,ADMINISTRATIVE MANAGEMENT AND GENERAL MANAGEMENT CONSULTING SERVICES,NCO 20 ACQUISITION SUPPORT SERVICES,EO: RADICAL TRANSPARENCY ABOUT WASTEFUL SPENDING,BPA CALL
36C26024N0432,P00001,2025-03-26,2024-09-15,2025-02-25,-634101.82,431344.58,431344.58,260-NETWORK CONTRACT OFFICE 20 (36C260),262-NETWORK CONTRACT OFC 22(00701),WA,VANCOUVER,CLARK,986615160,03,"STAFFORD CONSULTING COMPANY, INC.",,R707,SUPPORT- MANAGEMENT: CONTRACT/PROCUREMENT/ACQUISITION SUPPORT,541611,ADMINISTRATIVE MANAGEMENT AND GENERAL MANAGEMENT CONSULTING SERVICES,NCO 20 ACQUISITION SUPPORT SERVICES,EO: RADICAL TRANSPARENCY ABOUT WASTEFUL SPENDING,BPA CALL
36C26024N0458,P00002,2025-03-26,2024-09-28,2025-02-25,-552932.04,22443.11,22443.11,260-NETWORK CONTRACT OFFICE 20 (36C260),262-NETWORK CONTRACT OFC 22(00701),WA,VANCOUVER,CLARK,986615160,03,"STAFFORD CONSULTING COMPANY, INC.",,R707,SUPPORT- MANAGEMENT: CONTRACT/PROCUREMENT/ACQUISITION SUPPORT,541611,ADMINISTRATIVE MANAGEMENT AND GENERAL MANAGEMENT CONSULTING SERVICES,NCO 20 ACQUISITION SUPPORT SERVICES,EO: RADICAL TRANSPARENCY ABOUT WASTEFUL SPENDING,BPA CALL
36C26224F0475,P00002,2025-03-26,2024-07-01,2025-03-31,-78701.97,236105.67,1495336.23,262-NETWORK CONTRACT OFFICE 22 (36C262),600-VA LONG BEACH HLTCAR SYS(00600),IN,SOUTH BEND,ST JOSEPH,466012355,02,PRESS GANEY ASSOCIATES LLC,,R405,SUPPORT- PROFESSIONAL: OPERATIONS RESEARCH/QUANTITATIVE ANALYSIS,541611,ADMINISTRATIVE MANAGEMENT AND GENERAL MANAGEMENT CONSULTING SERVICES,"ASSESSMENT OPERATING AND REPORTING, TERMINATE FOR CONVENIENCE (COMPLETE OR PARTIAL)",,DELIVERY ORDER
36C26224P2070,P00001,2025-03-26,2024-09-01,2025-03-31,-10000.00,14000.00,14000.00,262-NETWORK CONTRACT OFFICE 22 (36C262),600-VA LONG BEACH HLTCAR SYS(00600),CA,LONG BEACH,LOS ANGELES,908221006,42,"UNIVERSITY OF CALIFORNIA, IRVINE",,AJ11,GENERAL SCIENCE AND TECHNOLOGY R&D SERVICES; GENERAL SCIENCE AND TECHNOLOGY; BASIC RESEARCH,541690,OTHER SCIENTIFIC AND TECHNICAL CONSULTING SERVICES,"PROCESS A LARGE DATASETS FOR INTERPRETATION AS WELL AS METHYLATION DIFFERENCES BETWEEN EXPOSED AND UNEXPOSED TISSUES SERVICES FOR RESEARCH, TERMINATE FOR CONVENIENCE (COMPLETE OR PARTIAL)",,PURCHASE ORDER
36C10X22N0222,P00006,2025-03-27,2022-09-30,2025-03-27,0.00,2324682.03,2843283.03,SAC FREDERICK (36C10X),SAC FREDERICK (36C10X),VA,FAIRFAX,FAIRFAX,220306044,11,"CUSTOMER VALUE PARTNERS, INC.",,AN13,HEALTH R&D SERVICES; HEALTH CARE SERVICES; EXPERIMENTAL DEVELOPMENT,541715,"RESEARCH AND DEVELOPMENT IN THE PHYSICAL, ENGINEERING, AND LIFE SCIENCES (EXCEPT NANOTECHNOLOGY AND BIOTECHNOLOGY)",MODIFICATION P00006 TERMINATION FOR CONVENIENCE,,DELIVERY ORDER
36C24520F0774,P00009,2025-03-27,2020-09-21,2025-04-30,0.00,1294937.26,1294937.26,245-NETWORK CONTRACT OFFICE 5 (36C245),VISN 05-VETERANS INTEGRATED(36C482),MD,LINTHICUM HEIGHTS,ANNE ARUNDEL,210901601,03,A-TEAM SOLUTIONS LLC,,D311,IT AND TELECOM- DATA CONVERSION,541611,ADMINISTRATIVE MANAGEMENT AND GENERAL MANAGEMENT CONSULTING SERVICES,TERMINATION FOR CONVENIENCE,,DELIVERY ORDER
36C24722C0185,P00003,2025-03-27,2022-09-27,2024-08-20,-366019.15,72426.85,72426.85,247-NETWORK CONTRACT OFFICE 7 (36C247),534-CHARLESTON (00534)(36C534),SC,CHARLESTON,CHARLESTON,294011690,06,HARRELL DESIGN GROUP PC,,C1DA,ARCHITECT AND ENGINEERING- CONSTRUCTION: HOSPITALS AND INFIRMARIES,541330,ENGINEERING SERVICES,AE DESIGN | CORRECT STERILE ROOM DEFICIENCIES,,DEFINITIVE CONTRACT
36C24724P0158,P00002,2025-03-27,2024-01-01,2025-03-05,0.00,8120.56,8120.56,247-NETWORK CONTRACT OFFICE 7 (36C247),534-CHARLESTON (00534)(36C534),SC,CHARLESTON,CHARLESTON,294015799,06,PRESS GANEY ASSOCIATES LLC,,R499,SUPPORT- PROFESSIONAL: OTHER,541611,ADMINISTRATIVE MANAGEMENT AND GENERAL MANAGEMENT CONSULTING SERVICES,"NOTICE OF TERMINATION AGREEMENT
NDNQI SUBSCRIPTION. FULL TERMINATION
EO: RADICAL TRANSPARENCY ABOUT WASTEFUL SPENDING",EO: RADICAL TRANSPARENCY ABOUT WASTEFUL SPENDING,PURCHASE ORDER
36C25022C0005,P00005,2025-03-27,2021-11-01,2026-10-31,-21730.00,21730.00,32595.00,250-NETWORK CONTRACT OFFICE 10 (36C250),583-INDIANAPOLIS(00583),TX,AUSTIN,WILLIAMSON,787276131,37,LUMINEX CORPORATION,,J065,"MAINT/REPAIR/REBUILD OF EQUIPMENT- MEDICAL, DENTAL, AND VETERINARY EQUIPMENT AND SUPPLIES",811219,OTHER ELECTRONIC AND PRECISION EQUIPMENT REPAIR AND MAINTENANCE,LUMINEX ARIES SERVICE - TERMINATION FOR CONVENIENCE OF THE GOVERNMENT,,DEFINITIVE CONTRACT
36C25025C0010,P00001,2025-03-27,2024-10-01,2025-03-27,-32890.00,2990.00,2990.00,250-NETWORK CONTRACT OFFICE 10 (36C250),583-INDIANAPOLIS(00583),IN,INDIANAPOLIS,MARION,462022375,07,LIFE TECHNOLOGIES CORPORATION,,J065,"MAINT/REPAIR/REBUILD OF EQUIPMENT- MEDICAL, DENTAL, AND VETERINARY EQUIPMENT AND SUPPLIES",811210,ELECTRONIC AND PRECISION EQUIPMENT REPAIR AND MAINTENANCE,GENEXUS ION - TERMINATION FOR CONVENIENCE,,DEFINITIVE CONTRACT
36C10A25N0004,P00001,2025-03-28,2025-04-01,2025-04-01,-255199.15,0.00,0.00,TECHNOLOGY ACQUISITION CENTER AUSTIN (36C10A),TECHNOLOGY ACQUISITION CENTER AUSTIN (36C10A),IL,CHICAGO,COOK,606121374,07,DOCUMENT STORAGE SYSTEMS INC,,DA01,IT AND TELECOM - BUSINESS APPLICATION/APPLICATION DEVELOPMENT SUPPORT SERVICES (LABOR),541512,COMPUTER SYSTEMS DESIGN SERVICES,NATIONAL DIALYSIS EHR SOFTWARE SOLUTION - TERMINATION FOR CONVENIENCE.,,DELIVERY ORDER
36C24122N0783,P00002,2025-03-28,2022-08-09,2022-12-07,-411139.89,0.00,0.00,241-NETWORK CONTRACT OFFICE 01 (36C241),405-WHITE RIVER JUNCTION (00405),VT,WHITE RIVER JUNCTION,WINDSOR,050090001,00,"BRICAN, INC.",,Z2DA,REPAIR OR ALTERATION OF HOSPITALS AND INFIRMARIES,236220,COMMERCIAL AND INSTITUTIONAL BUILDING CONSTRUCTION,"405-19-019 REPAIR SIDEWALKS AND RAMPS
MOD P00002 TERMINATION FOR CONVENIENCE (COMPLETE)",EO: RADICAL TRANSPARENCY ABOUT WASTEFUL SPENDING,DELIVERY ORDER
36C25921F0472,P00007,2025-03-28,2021-09-30,2025-03-04,-477368.31,2089145.99,2835959.79,NETWORK CONTRACT OFFICE 19 (36C259),NETWORK CONTRACT OFFICE 19 (36C259),CO,GRAND JUNCTION,MESA,815018925,03,PLANATE MANAGEMENT GROUP LLC,,C1DA,ARCHITECT AND ENGINEERING- CONSTRUCTION: HOSPITALS AND INFIRMARIES,541611,ADMINISTRATIVE MANAGEMENT AND GENERAL MANAGEMENT CONSULTING SERVICES,EO: RADICAL TRANSPARENCY ABOUT WASTEFUL SPENDING OY 3 VAMC CMS - TERMINATION FOR CONVENIENCE AGREEMENT,EO: RADICAL TRANSPARENCY ABOUT WASTEFUL SPENDING,DELIVERY ORDER
36C26220P0683,P00010,2025-03-28,2020-04-01,2025-03-27,0.00,816147.76,816147.76,262-NETWORK CONTRACT OFFICE 22 (36C262),691-VA GREATER LA HLTHCR SYS(00691),CA,SAN LUIS OBISPO,SAN LUIS OBISPO,934011205,24,REC SOLAR COMMERCIAL CORPORATION,,Z1MG,MAINTENANCE OF EPG FACILITIES - SOLAR,221114,SOLAR ELECTRIC POWER GENERATION,"SOLAR ARRAY EMERGENCY REPAIR.
**TERMINATION FOR CONVENIENCE**",,PURCHASE ORDER
36C24624N0653,P00002,2025-03-31,2024-04-08,2025-03-31,-19978.16,183813.72,183813.72,246-NETWORK CONTRACTING OFFICE 6 (36C246),659-SALISBURY (00659)(36C659),NC,SALISBURY,ROWAN,281444168,06,MAXIM HEALTHCARE SERVICES INCORPORATED (0951),,Q601,MEDICAL CODING AND AUDITING,541611,ADMINISTRATIVE MANAGEMENT AND GENERAL MANAGEMENT CONSULTING SERVICES,"MEDICAL CODING SERVICES
TERMINATION FOR CONVENIENCE",EO: RADICAL TRANSPARENCY ABOUT WASTEFUL SPENDING,BPA CALL
36C25923N0304,P00001,2025-03-31,2023-09-20,2025-02-07,-162809.47,58006.36,58006.36,NETWORK CONTRACT OFFICE 19 (36C259),NETWORK CONTRACT OFFICE 19 (36C259),CO,GRAND JUNCTION,MESA,815018925,03,"GEO. BANCROFT ENGINEERING, LLC",,C1DA,ARCHITECT AND ENGINEERING- CONSTRUCTION: HOSPITALS AND INFIRMARIES,541330,ENGINEERING SERVICES,AE IDIQ EXPAND ELECTRICAL CAPACITY,,DELIVERY ORDER
36C26123F0483,P00004,2025-03-31,2023-09-27,2025-03-04,-157043.12,446134.74,2279280.34,261-NETWORK CONTRACT OFFICE 21 (36C261),261-NETWORK CONTRACT OFFICE 21 (36C261),CA,MCCLELLAN,SACRAMENTO,956522456,06,"CAMEO CONSULTING GROUP, LLC",,R707,SUPPORT- MANAGEMENT: CONTRACT/PROCUREMENT/ACQUISITION SUPPORT,541611,ADMINISTRATIVE MANAGEMENT AND GENERAL MANAGEMENT CONSULTING SERVICES,DE-OBLIGATE FY23 FUNDS AND TERMINATION FOR CONVENIENCE,EO: RADICAL TRANSPARENCY ABOUT WASTEFUL SPENDING,DELIVERY ORDER
36C26322D0076,P00004,2025-03-31,2022-04-01,,0.00,0.00,5000000.00,NETWORK CONTRACT OFFICE 23 (36C263),618-MINNEAPOLIS VA MED CTR (00618),,,,,,MAPLEWOOD REHABILITATION CENTER LLC,,Q402,"NURSING HOME, LONG-TERM & ADULT DAY CARE SERVICES",623110,NURSING CARE FACILITIES (SKILLED NURSING FACILITIES),"FY24 RATE MODIFICATION. 
06-01-2024 TO 05-31-2025.",,IDC
36C26323D0033,P00002,2025-03-31,2022-12-01,,0.00,0.00,5000000.00,NETWORK CONTRACT OFFICE 23 (36C263),618-MINNEAPOLIS VA MED CTR (00618),,,,,,THE ESTATES AT GREELEY LLC,,Q402,"NURSING HOME, LONG-TERM & ADULT DAY CARE SERVICES",623110,NURSING CARE FACILITIES (SKILLED NURSING FACILITIES),"ESTATES AT GREELEY: NURSING HOME 5 YEAR IDC CONTRACT.
POP: 12-01-2022 TO 11-30-2027.
FY25 RATE MOD. 01-01-2025 TO 12-31-2025.",,IDC
36C26323D0034,P00002,2025-03-31,2022-12-01,,0.00,0.00,7000000.00,NETWORK CONTRACT OFFICE 23 (36C263),618-MINNEAPOLIS VA MED CTR (00618),,,,,,THE ESTATES AT ROSEVILLE LLC,,Q402,"NURSING HOME, LONG-TERM & ADULT DAY CARE SERVICES",623110,NURSING CARE FACILITIES (SKILLED NURSING FACILITIES),"THREE LINKS CARE CENTER: NURSING HOME 5 YEAR IDC CONTRACT.
POP: 11-01-2022 TO 10-31-2027.
FY25 RATE MOD. 01/01/2025 - 12/31/2025.",,IDC
36C26323D0035,P00002,2025-03-31,2022-12-01,,0.00,0.00,7000000.00,NETWORK CONTRACT OFFICE 23 (36C263),438-SIOUX FALLS VA MED CTR (00438),,,,,,"HILLCREST HEALTH CARE, LLC",,Q402,"NURSING HOME, LONG-TERM & ADULT DAY CARE SERVICES",623110,NURSING CARE FACILITIES (SKILLED NURSING FACILITIES),"THREE LINKS CARE CENTER: NURSING HOME 5 YEAR IDC CONTRACT.
FY24 RATE MOD",,IDC
36C26323D0067,P00002,2025-03-31,2023-03-01,,0.00,0.00,3000000.00,NETWORK CONTRACT OFFICE 23 (36C263),618-MINNEAPOLIS VA MED CTR (00618),,,,,,OAKLAWN HEALTH CARE LLC,,Q402,"NURSING HOME, LONG-TERM & ADULT DAY CARE SERVICES",623110,NURSING CARE FACILITIES (SKILLED NURSING FACILITIES),"OAKLAWN CARE AND REHABILITATION CENTER: NURSING HOME 5 YEAR IDC CONTRACT.POP: 03-01-2023 TO 02-29-2028.
FY25 RATE MOD: 01-01-2025 TO 12-31-2025.",,IDC
36C26324D0002,P00001,2025-03-31,2023-10-01,,0.00,0.00,7000000.00,NETWORK CONTRACT OFFICE 23 (36C263),438-SIOUX FALLS VA MED CTR (00438),,,,,,PARMLY ON THE LAKE LLC,,Q402,"NURSING HOME, LONG-TERM & ADULT DAY CARE SERVICES",623110,NURSING CARE FACILITIES (SKILLED NURSING FACILITIES),"PARMLY ON THE LAKE LLC: NURSING HOME 5 YEAR IDC CONTRACT.
POP: 10-01-2023 TO 09-30-2028.",,IDC
36C26324D0004,P00002,2025-03-31,2023-10-02,,0.00,0.00,5000000.00,NETWORK CONTRACT OFFICE 23 (36C263),438-SIOUX FALLS VA MED CTR (00438),,,,,,THE WATERVIEW SHORES LLC,,Q402,"NURSING HOME, LONG-TERM & ADULT DAY CARE SERVICES",623110,NURSING CARE FACILITIES (SKILLED NURSING FACILITIES),"MISSION FARM NURSING HOME INC: NURSING HOME 5 YEAR IDC CONTRACT.
MODIFICATION TO UPDATE THE OLD POP: 10-02-2023 TO 10-01-2028 TO NEW POP: 10-01-2023 TO 09-30-2028.",,IDC
36C10X23F0072,P00004,2025-04-01,2023-08-10,2025-04-01,0.00,1371652.66,1371652.66,SAC FREDERICK (36C10X),SAC FREDERICK (36C10X),AZ,TUCSON,PIMA,857565278,07,COMMISSION ON ACCREDITATION OF REHABILITATION FACILITIES,,R410,SUPPORT- PROFESSIONAL: PROGRAM EVALUATION/REVIEW/DEVELOPMENT,541611,ADMINISTRATIVE MANAGEMENT AND GENERAL MANAGEMENT CONSULTING SERVICES,USPEQ REHABILITATION SURVEYS WITHIN VA MEDICAL AND PSYCHOSOCIAL REHABILITATION PROGRAMS- TERMINATION FOR CONVENIENCE,EO: RADICAL TRANSPARENCY ABOUT WASTEFUL SPENDING,DELIVERY ORDER
36C24225P0653,P00001,2025-04-01,2025-03-01,2025-03-31,-349356.51,0.00,0.00,242-NETWORK CONTRACT OFFICE 02 (36C242),DEPT OF VETERANS AFFAIRS (3600),NY,NORTHPORT,SUFFOLK,117682200,01,PARKING SYSTEMS VA CORP,,M1LZ,OPERATION OF PARKING FACILITIES,812930,PARKING LOTS AND GARAGES,TERMINATION FOR THE CONVENIENCE OF THE GOVERNMENT.,,PURCHASE ORDER
36C24425D0034,P00001,2025-04-01,2025-02-01,,0.00,0.00,0.00,244-NETWORK CONTRACT OFFICE 4 (36C244),244-NETWORK CONTRACT OFFICE 4 (36C244),,,,,,IRON ENTERPRISE LLC,,F108,ENVIRONMENTAL SYSTEMS PROTECTION- ENVIRONMENTAL REMEDIATION,562211,HAZARDOUS WASTE TREATMENT AND DISPOSAL,REGULATED MEDICAL WASTE FOR VISN 04 MCS AND CBOCS,,IDC
36C10F24C0005,P00001,2025-04-02,2024-10-01,2025-04-02,-1103202.76,516277.24,7291537.24,OFFICE OF CONSTRUCTION &  FACILITIES MGMT (36C10F),OFFICE OF CONSTRUCTION &  FACILITIES MGMT (36C10F),DC,WASHINGTON,DISTRICT OF COLUMBIA,200010004,98,BRAVO COMMUNICATIONS SERVICES LLC,,Z2AA,REPAIR OR ALTERATION OF OFFICE BUILDINGS,238210,ELECTRICAL CONTRACTORS AND OTHER WIRING INSTALLATION CONTRACTORS,OIT TELECOMMUNICATION INFRASTRUCTURE CONTRACT (10/01/2024 - 09/30/2024) - BASE YEAR - TERMINATED FOR CONVENIENCE,,DEFINITIVE CONTRACT
VA26315C0137,P00006,2025-04-02,2015-09-17,2023-10-18,-50385.80,935625.20,935625.20,NETWORK CONTRACT OFFICE 23 (36C263),656-ST CLOUD VA MEDICAL CTR (00656),MN,SAINT CLOUD,STEARNS,563930203,06,"PARADIGM ENGINEERS AND CONSTRUCTORS, PLLC",,C211,"ARCHITECT AND ENGINEERING- GENERAL: LANDSCAPING, INTERIOR LAYOUT, AND DESIGNING",541310,ARCHITECTURAL SERVICES,PROJECT 656-343 DESIGN TO CONSTRUCT ADULT DAY HEALTH CARE AND SUPPORT BUILDING AT THE ST CLOUD VA MEDICAL CENTER. P00006 TERMINATION FOR CONVENIENCE,,DEFINITIVE CONTRACT
36C10D23F0043,P00006,2025-04-03,2023-09-29,2025-04-30,0.00,10672347.63,23746685.73,VETERANS BENEFITS ADMIN (36C10D),VBA OFFICE OF AUTOMATED BENEFITS DELIVERY,MD,BETHESDA,MONTGOMERY,208171801,08,INTERNATIONAL BUSINESS MACHINES CORPORATION,,R499,SUPPORT- PROFESSIONAL: OTHER,541512,COMPUTER SYSTEMS DESIGN SERVICES,MOD P00006 IS TO TERMINATE TASK ORDER COMPLETELY FOR GOVERNMENT CONVENIENCE,,DELIVERY ORDER
36C24624P1993,P00001,2025-04-03,2024-09-26,2025-02-25,-20251.00,16569.00,16569.00,246-NETWORK CONTRACTING OFFICE 6 (36C246),637-ASHEVILLE (00637)(36C637),NC,FRANKLIN,MACON,287342032,11,COMMANDERS CONCEPTS COMMISSIONING LLC,,R425,SUPPORT- PROFESSIONAL: ENGINEERING/TECHNICAL,541690,OTHER SCIENTIFIC AND TECHNICAL CONSULTING SERVICES,"FULL TERMINATION
THIRD PARTY COMMISSIONING SERVICES",EO: RADICAL TRANSPARENCY ABOUT WASTEFUL SPENDING,PURCHASE ORDER
36C24923F0341,P00003,2025-04-03,2023-09-01,2028-08-31,-13937.37,185134.63,497680.00,249-NETWORK CONTRACT OFFICE 9 (36C249),626-NASHVILLE (00626),TN,NASHVILLE,DAVIDSON,372120002,05,"STRATEGIC SOLUTIONS, INC.",,R499,SUPPORT- PROFESSIONAL: OTHER,541614,"PROCESS, PHYSICAL DISTRIBUTION, AND LOGISTICS CONSULTING SERVICES","TERMINATION FOR CONVENIENCE, THIS TERMINATION IS RELATED TO THE EXECUTIVE ORDER 'RADICAL TRANSPARENCY ABOUT WASTEFUL SPENDING'.",EO: RADICAL TRANSPARENCY ABOUT WASTEFUL SPENDING,DELIVERY ORDER
36C24E24D0017,P00001,2025-04-03,2024-05-13,,0.00,0.00,2700000.00,RPO EAST (36C24E),523-BOSTON (00523)(36C523),,,,,,SOCIETY OF GENERAL INTERNAL MEDICINE,,R499,SUPPORT- PROFESSIONAL: OTHER,541618,OTHER MANAGEMENT CONSULTING SERVICES,RESEARCH SYMPOSIUM SUPPORT,,IDC
36C24E24N0116,P00001,2025-04-03,2024-05-14,2025-09-26,0.00,40000.00,40000.00,RPO EAST (36C24E),523-BOSTON (00523)(36C523),MA,JAMAICA PLAIN,SUFFOLK,021304893,07,SOCIETY OF GENERAL INTERNAL MEDICINE,,R499,SUPPORT- PROFESSIONAL: OTHER,541618,OTHER MANAGEMENT CONSULTING SERVICES,TERMINATION FOR CONVENIENCE. 'EO: RADICAL TRANSPARENCY ABOUT WASTEFUL SPENDING,EO: RADICAL TRANSPARENCY ABOUT WASTEFUL SPENDING,DELIVERY ORDER
36C24E24N0176,P00001,2025-04-03,2024-09-27,2025-03-17,0.00,200000.00,400000.00,RPO EAST (36C24E),523-BOSTON (00523)(36C523),MA,JAMAICA PLAIN,SUFFOLK,021304893,07,SOCIETY OF GENERAL INTERNAL MEDICINE,,R499,SUPPORT- PROFESSIONAL: OTHER,541618,OTHER MANAGEMENT CONSULTING SERVICES,TERMINATION FOR CONVENIENCE. 'EO: RADICAL TRANSPARENCY ABOUT WASTEFUL SPENDING.,EO: RADICAL TRANSPARENCY ABOUT WASTEFUL SPENDING,DELIVERY ORDER
36C10F24F50015,P00002,2025-04-04,2024-09-04,2025-03-04,-66305.81,391078.91,391078.91,OFFICE OF CONSTRUCTION &  FACILITIES MGMT (36C10F),OFFICE OF CONSTRUCTION &  FACILITIES MGMT (36C10F),DC,WASHINGTON,DISTRICT OF COLUMBIA,200011152,98,LRS FEDERAL LIMITED LIABILITY COMPANY,,B510,SPECIAL STUDIES/ANALYSIS- ENVIRONMENTAL ASSESSMENTS,541620,ENVIRONMENTAL CONSULTING SERVICES,"EO: RADICAL TRANSPARENCY ABOUT WASTEFUL SPENDING
TERMINATION FOR CONVENIENCE AGREEMENT",EO: RADICAL TRANSPARENCY ABOUT WASTEFUL SPENDING,DELIVERY ORDER
36C10M24P50084,P00001,2025-04-04,2024-09-05,2025-04-04,0.00,22600.00,22600.00,OFFICE OF INSPECTOR GENERAL OIG (36C10M),OFFICE OF INSPECTOR GENERAL OIG (36C10M),CT,STAMFORD,FAIRFIELD,069027747,04,"GARTNER, INC.",,R499,SUPPORT- PROFESSIONAL: OTHER,541611,ADMINISTRATIVE MANAGEMENT AND GENERAL MANAGEMENT CONSULTING SERVICES,"TRAINING CONFERENCE FOR IT DIRECTORS
TERMINATION FOR CONVENIENCE",,PURCHASE ORDER
36C10X25F0013,P00002,2025-04-04,2025-05-18,2025-05-23,0.00,0.00,132541.36,SAC FREDERICK (36C10X),SAC FREDERICK (36C10X),MO,SAINT LOUIS,SAINT LOUIS CITY,631032208,01,"AMERICAN SMALL BUSINESS ALLIANCE, INC.",,X1AB,LEASE/RENTAL OF CONFERENCE SPACE AND FACILITIES,541810,ADVERTISING AGENCIES,ILEAD COORDINATION SERVICES,,BPA CALL
36C24424N1053,P00001,2025-04-04,2024-09-01,2025-03-05,-409012.10,431609.50,431609.50,244-NETWORK CONTRACT OFFICE 4 (36C244),646-PITTSBURGH (00646)(36C646),PA,PITTSBURGH,ALLEGHENY,152151802,17,PLANATE MANAGEMENT GROUP LLC,,R425,SUPPORT- PROFESSIONAL: ENGINEERING/TECHNICAL,541611,ADMINISTRATIVE MANAGEMENT AND GENERAL MANAGEMENT CONSULTING SERVICES,TERMINATE FOR CONVENIENCE (COMPLETE OR PARTIAL),EO: RADICAL TRANSPARENCY ABOUT WASTEFUL SPENDING,BPA CALL
36C77620P0077,P00020,2025-04-04,2020-05-01,2025-03-04,-219814.25,2079393.01,2423032.35,PCAC (36C776),PCAC (36C776),FL,SAINT PETERSBURG,PINELLAS,337015140,14,"BOOK ZURMAN, INC.",,R408,SUPPORT- PROFESSIONAL: PROGRAM MANAGEMENT/SUPPORT,541611,ADMINISTRATIVE MANAGEMENT AND GENERAL MANAGEMENT CONSULTING SERVICES,EO: RADICAL TRANSPARENCY ABOUT WASTEFUL SPENDING. HEALTH INFORMATION GOVERNANCE (HIG) NATIONAL DATA SYSTEMS (NDS).  TERMINATION FOR CONVENIENCE AGREEMENT.,EO: RADICAL TRANSPARENCY ABOUT WASTEFUL SPENDING,PURCHASE ORDER
36C77623N1102,P00010,2025-04-04,2023-09-22,2025-09-21,-1204612.32,30000491.17,33435712.30,PCAC (36C776),PCAC (36C776),DC,WASHINGTON,DISTRICT OF COLUMBIA,204200001,98,"J P SYSTEMS, INC.",,R499,SUPPORT- PROFESSIONAL: OTHER,541690,OTHER SCIENTIFIC AND TECHNICAL CONSULTING SERVICES,"TERMINOLOGY STANDARDS SUPPORT SERVICES DESCOPE MOD P00010 TO15A, B, C.  TERMINATION FOR CONVENIENCE AGREEMENT.  EO: RADICAL TRANSPARENCY ABOUT WASTEFUL SPENDING.",EO: RADICAL TRANSPARENCY ABOUT WASTEFUL SPENDING,DELIVERY ORDER
36C77624P0028,P00006,2025-04-04,2024-03-11,2025-02-12,-670131.22,2545906.26,2545906.26,PCAC (36C776),PCAC (36C776),DC,WASHINGTON,DISTRICT OF COLUMBIA,200091569,98,LONGEVITY CONSULTING LLC,,R405,SUPPORT- PROFESSIONAL: OPERATIONS RESEARCH/QUANTITATIVE ANALYSIS,541611,ADMINISTRATIVE MANAGEMENT AND GENERAL MANAGEMENT CONSULTING SERVICES,STAFFING MODELS AND FUNCTIONAL ASSESSMENT SUPPORT SERVICES TERMINATED FOR CONVENIENCE,,PURCHASE ORDER
36C77625P0006,P00002,2025-04-04,2024-11-01,2025-03-04,-82413.00,314120.00,314120.00,PCAC (36C776),PCAC (36C776),WV,HARPERS FERRY,JEFFERSON,254251702,02,"ROCK FERRY STATION, LLC",,R499,SUPPORT- PROFESSIONAL: OTHER,541611,ADMINISTRATIVE MANAGEMENT AND GENERAL MANAGEMENT CONSULTING SERVICES,EO: RADICAL TRANSPARENCY ABOUT WASTEFUL SPENDING. PROFESSIONAL AND TECHNICAL SERVICES BRIDGE CONTRACT. TERMINATION FOR CONVENIENCE AGREEMENT.,EO: RADICAL TRANSPARENCY ABOUT WASTEFUL SPENDING,PURCHASE ORDER
36C10X23F0069,P00002,2025-04-07,2023-09-01,2025-02-27,-245270.39,60729.61,60729.61,SAC FREDERICK (36C10X),SAC FREDERICK (36C10X),GA,ATLANTA,COBB,303394052,06,"EMPLOYMENT LEARNING INNOVATIONS, INC.",,R408,SUPPORT- PROFESSIONAL: PROGRAM MANAGEMENT/SUPPORT,611430,PROFESSIONAL AND MANAGEMENT DEVELOPMENT TRAINING,TERMINATION FOR CONVENIENCE | CIVIL TREATMENT TRAINING KITS,,DELIVERY ORDER
36C24423N1183,P00002,2025-04-07,2023-09-30,2024-09-29,-73785.58,389539.14,389539.14,244-NETWORK CONTRACT OFFICE 4 (36C244),642-PHILADELPHIA (00642)(36C642),PA,PHILADELPHIA,PHILADELPHIA,191044551,03,"VLOGIC SYSTEMS, INC.",,DA10,IT AND TELECOM - BUSINESS APPLICATION/APPLICATION DEVELOPMENT SOFTWARE AS A SERVICE,511210,SOFTWARE PUBLISHERS,TERMINATION FOR CONVENIENCE - PARTIAL - ELECTRONIC DRAWINGS - PHILADELPHIA ORDER,,BPA CALL
36C24624N1188,P00001,2025-04-07,2024-09-30,2025-03-06,-145862.99,164635.61,164635.61,246-NETWORK CONTRACTING OFFICE 6 (36C246),VETERANS HEALTH ADMINISTRATION,NC,DURHAM,DURHAM,277053697,04,MAXIM HEALTHCARE SERVICES INCORPORATED (0951),,Q601,MEDICAL CODING AND AUDITING,541611,ADMINISTRATIVE MANAGEMENT AND GENERAL MANAGEMENT CONSULTING SERVICES,NOTICE OF TERMINATION FOR CONVENIENCE DURHAM VAMC MEDICAL CODING SERVICES,EO: RADICAL TRANSPARENCY ABOUT WASTEFUL SPENDING,BPA CALL
36C24624P1855,P00001,2025-04-07,2024-09-10,2025-02-25,-32131.00,26289.00,26289.00,246-NETWORK CONTRACTING OFFICE 6 (36C246),637-ASHEVILLE (00637)(36C637),VA,FOREST,CAMPBELL,245513006,05,COMMANDERS CONCEPTS COMMISSIONING LLC,,R425,SUPPORT- PROFESSIONAL: ENGINEERING/TECHNICAL,541690,OTHER SCIENTIFIC AND TECHNICAL CONSULTING SERVICES,"FULL TERMINATION
THIRD PARTY COMMISSIONING - ASHE OR",EO: RADICAL TRANSPARENCY ABOUT WASTEFUL SPENDING,PURCHASE ORDER
36C24624P1858,P00001,2025-04-07,2024-09-12,2025-03-06,-6300.00,28580.00,28580.00,246-NETWORK CONTRACTING OFFICE 6 (36C246),658-SALEM (00658)(36C658),VA,SALEM,SALEM,241531449,09,JBL.-PRS. JV LLC,,H391,"INSPECTION- FUELS, LUBRICANTS, OILS, AND WAXES",541620,ENVIRONMENTAL CONSULTING SERVICES,TERMINATION FOR CONVENIENCE,EO: RADICAL TRANSPARENCY ABOUT WASTEFUL SPENDING,PURCHASE ORDER
36C24E24N0174,P00001,2025-04-07,2024-09-06,2025-09-05,-150000.00,0.00,0.00,RPO EAST (36C24E),523-BOSTON (00523)(36C523),MA,JAMAICA PLAIN,SUFFOLK,021304893,07,SOCIETY OF GENERAL INTERNAL MEDICINE,,R499,SUPPORT- PROFESSIONAL: OTHER,541618,OTHER MANAGEMENT CONSULTING SERVICES,TERMINATION FOR CONVENIENCE. 'EO: RADICAL TRANSPARENCY ABOUT WASTEFUL SPENDING.,EO: RADICAL TRANSPARENCY ABOUT WASTEFUL SPENDING,DELIVERY ORDER
36C25720C0089,P00011,2025-04-07,2020-05-20,2025-01-31,-35266.64,2741194.20,2741194.20,257-NETWORK CONTRACT OFFICE 17 (36C257),756-EL PASO (00756),TX,EL PASO,EL PASO,799301003,16,HURON CONSULTING SERVICES LLC,,U006,EDUCATION/TRAINING- VOCATIONAL/TECHNICAL,611710,EDUCATIONAL SUPPORT SERVICES,TERMINATION FOR CONVENIENCE,EO: RADICAL TRANSPARENCY ABOUT WASTEFUL SPENDING,DEFINITIVE CONTRACT
36C25922P1161,P00003,2025-04-07,2022-09-19,2025-02-25,-17139.52,82259.48,82259.48,NETWORK CONTRACT OFFICE 19 (36C259),660-SALT LAKE CITY (00660),UT,SALT LAKE CITY,SALT LAKE,841480001,01,"ADVISORY BOARD COMPANY, THE",,U005,EDUCATION/TRAINING- TUITION/REGISTRATION/MEMBERSHIP FEES,541611,ADMINISTRATIVE MANAGEMENT AND GENERAL MANAGEMENT CONSULTING SERVICES,EO:RADICAL TRANSPARENCY ABOUT WASTEFUL SPENDING  TERMINATION FOR CONVENIENCE AGREEMENT,EO: RADICAL TRANSPARENCY ABOUT WASTEFUL SPENDING,PURCHASE ORDER
36C26225D0025,P00001,2025-04-07,2025-01-01,,0.00,0.00,43872.25,262-NETWORK CONTRACT OFFICE 22 (36C262),664-SAN DIEGO HEALTHCARE SYS(00664),,,,,,ONE LIFE TRANSPORTATION LLC,,V212,TRANSPORTATION/TRAVEL/RELOCATION- TRAVEL/LODGING/RECRUITMENT: MOTOR PASSENGER,485991,SPECIAL NEEDS TRANSPORTATION,THE PURPOSE OF THIS MODIFICATION IS TO TERMINATE THE CONTRACT FOR CONVENIENCE OF THE GOVERNMENT AND DE-OBLIGATE EXCESS FUNDS.,,IDC
36C26320D0054,P00005,2025-04-07,2020-07-01,,0.00,0.00,550000.00,NETWORK CONTRACT OFFICE 23 (36C263),618-MINNEAPOLIS VA MED CTR (00618),,,,,,RICE LAKE REHABILITATION AND NURSING CENTER LLC,,Q402,"NURSING HOME, LONG-TERM & ADULT DAY CARE SERVICES",623110,NURSING CARE FACILITIES (SKILLED NURSING FACILITIES),NURSING HOME SERVICES - RICE LAKE REHABILITATION AND NURSING CENTER LLC. NOVATION AGREEMENT: GEMINI HOLDINGS LLC TO RICE LAKE REHABILITATION AND NURSING CENTER LLC.,,IDC
36C26321D0041,P00003,2025-04-07,2021-05-01,,0.00,0.00,5000000.00,NETWORK CONTRACT OFFICE 23 (36C263),618-MINNEAPOLIS VA MED CTR (00618),,,,,,"NSH CORNELL, LLC",,Q402,"NURSING HOME, LONG-TERM & ADULT DAY CARE SERVICES",623110,NURSING CARE FACILITIES (SKILLED NURSING FACILITIES),"NURSING HOME SERVICES - 5-YEAR IDIQ CONTRACT - FY23 RATE MOD.
07-01-2023 TO 06-30-2024.",,IDC
36C26322D0130,P00003,2025-04-07,2022-07-01,,0.00,0.00,3900000.00,NETWORK CONTRACT OFFICE 23 (36C263),618-MINNEAPOLIS VA MED CTR (00618),,,,,,"WATERVIEW WOODS LLC, THE",,Q402,"NURSING HOME, LONG-TERM & ADULT DAY CARE SERVICES",623110,NURSING CARE FACILITIES (SKILLED NURSING FACILITIES),"THE WATERVIEW WOODS LLC: NURSING HOME 5 YEAR IDC CONTRACT.
FY25 RATE MOD: 01-01-2025 TO 12-31-2025.",,IDC
36C26322D0149,P00003,2025-04-07,2022-09-01,,0.00,0.00,4700000.00,NETWORK CONTRACT OFFICE 23 (36C263),618-MINNEAPOLIS VA MED CTR (00618),,,,,,WEST EAU CLAIRE REHABILITATION AND NURSING CENTER LLC,,Q402,"NURSING HOME, LONG-TERM & ADULT DAY CARE SERVICES",623110,NURSING CARE FACILITIES (SKILLED NURSING FACILITIES),"DOVE HEALTHCARE - WEST EAU CLAIRE: FY25 RATE MOD. 
1-1-25 TO 12-31-25.",,IDC
36C26322D0151,P00002,2025-04-07,2022-09-01,,0.00,0.00,2600000.00,NETWORK CONTRACT OFFICE 23 (36C263),618-MINNEAPOLIS VA MED CTR (00618),,,,,,NSH HAMMOND LLC,,Q402,"NURSING HOME, LONG-TERM & ADULT DAY CARE SERVICES",623110,NURSING CARE FACILITIES (SKILLED NURSING FACILITIES),"NSH HAMMOND: NURSING HOME 5 YEAR IDC CONTRACT. RATE MOD FY24. 
01-01-2024 - 12-31-2024.",,IDC
36C26323D0018,P00003,2025-04-07,2022-11-15,,0.00,0.00,3200000.00,NETWORK CONTRACT OFFICE 23 (36C263),438-SIOUX FALLS VA MED CTR (00438),,,,,,SPOONER REHABILITATION AND NURSING CENTER LLC,,Q402,"NURSING HOME, LONG-TERM & ADULT DAY CARE SERVICES",623110,NURSING CARE FACILITIES (SKILLED NURSING FACILITIES),"MAPLE RIDGE CARE CENTER: NOVATION AGREEMENT MODIFICATION: 11-01-2024. 
WISH TO SRNC AS OF 11-10-2024. DATE OF AGREEMENT IS 01 MAY 2024. 
POP: 01-01-2024 TO 12-31-2024.",,IDC
36C26323D0058,P00002,2025-04-07,2023-01-01,,0.00,0.00,5500000.00,NETWORK CONTRACT OFFICE 23 (36C263),438-SIOUX FALLS VA MED CTR (00438),,,,,,NSH VALLEY OF HAYWARD LLC,,Q402,"NURSING HOME, LONG-TERM & ADULT DAY CARE SERVICES",623110,NURSING CARE FACILITIES (SKILLED NURSING FACILITIES),"HAYWARD HEALTH SERVICES: NURSING HOME 5 YEAR IDC CONTRACT.
RATE MOD FY24. 
POP: 01-01-2024 TO 12-31-2024.",,IDC
36C26323D0070,P00002,2025-04-07,2023-02-01,,0.00,0.00,7000000.00,NETWORK CONTRACT OFFICE 23 (36C263),618-MINNEAPOLIS VA MED CTR (00618),,,,,,DIVINE REHABILITATION & NURSING AT ST CROIX LLC,,Q402,"NURSING HOME, LONG-TERM & ADULT DAY CARE SERVICES",623110,NURSING CARE FACILITIES (SKILLED NURSING FACILITIES),"DIVINE REHABILITATION AND NURSING AT ST. CROIX LLC: NURSING HOME 5 YEAR IDC CONTRACT. FY24 RATE MOD:
POP: 06-01-2024 TO 05-31-2025.",,IDC
36C26323D0075,P00001,2025-04-07,2023-03-01,,0.00,0.00,500000.00,NETWORK CONTRACT OFFICE 23 (36C263),438-SIOUX FALLS VA MED CTR (00438),,,,,,NSH ALTOONA LLC,,Q402,"NURSING HOME, LONG-TERM & ADULT DAY CARE SERVICES",623110,NURSING CARE FACILITIES (SKILLED NURSING FACILITIES),"OAKWOOD HEALTH SERVICES: NURSING HOME 5 YEAR IDC CONTRACT.
POP: 03-01-2023 TO 02-29-2028.
FY25 RATE MOD: 01-01-2025 TO 12-31-2025.",,IDC
36C10B24F0382,P00002,2025-04-08,2024-09-25,2025-03-14,-2347819.78,726029.02,726029.02,TECHNOLOGY ACQUISITION CENTER NJ (36C10B),TECHNOLOGY ACQUISITION CENTER NJ (36C10B),VA,ARLINGTON,ARLINGTON,222093196,08,SPREZZATURA-GOVERNMENTCIO JOINT VENTURE LLC,,R499,SUPPORT- PROFESSIONAL: OTHER,541511,CUSTOM COMPUTER PROGRAMMING SERVICES,ACTION TAKEN IS A TERMINATION FOR CONVENIENCE,EO: RADICAL TRANSPARENCY ABOUT WASTEFUL SPENDING,DELIVERY ORDER
36C10D24P0125,P00006,2025-04-09,2024-07-24,2025-03-03,-12156.80,63299.20,63299.20,VETERANS BENEFITS ADMIN (36C10D),PHOENIX REGIONAL BENEFIT OFFICE,AZ,PHOENIX,MARICOPA,850121087,03,365 FACILITATORS INC,,S206,HOUSEKEEPING- GUARD,561612,SECURITY GUARDS AND PATROL SERVICES,TERMINATION FOR CONVENIENCE UNARMED SECURITY GUARD,,PURCHASE ORDER
36C10E23P0065,P00005,2025-04-09,2023-04-03,2025-03-03,-14551.21,281913.79,281913.79,VBA FIELD CONTRACTING (36C10E),PHOENIX REGIONAL BENEFIT OFFICE,AZ,PHOENIX,MARICOPA,850121087,03,365 FACILITATORS INC,,S206,HOUSEKEEPING- GUARD,561612,SECURITY GUARDS AND PATROL SERVICES,TERMINATION FOR CONVENIENCE AGREEMENT PHOENIX UNARMED GUARD SERVICES,,PURCHASE ORDER
36C24921C0094,P00008,2025-04-09,2021-07-22,2026-07-21,-10000.00,181965.25,315600.25,249-NETWORK CONTRACT OFFICE 9 (36C249),603-LOUISVILLE (00603),KY,LOUISVILLE,JEFFERSON,402061433,03,"GRACE REGISTRY SERVICES, LLC",,Q999,MEDICAL- OTHER,541611,ADMINISTRATIVE MANAGEMENT AND GENERAL MANAGEMENT CONSULTING SERVICES,CERTIFIED TUMOR REGISTRAR SERVICES. THIS IS A PARTIAL TERMINATION FOR CONVENIENCE REMOVING SOME OF THE SCOPE THAT WAS DETERMINED TO BE WASTEFUL.,EO: RADICAL TRANSPARENCY ABOUT WASTEFUL SPENDING,DEFINITIVE CONTRACT
36C25624F0035,P00001,2025-04-09,2023-10-01,2024-09-30,-261985.30,338014.70,338014.70,256-NETWORK CONTRACT OFFICE 16 (36C256),VETERANS HEALTH ADMINISTRATION,LA,PINEVILLE,RAPIDES,713605500,06,UNITED PARCEL SERVICE CO.,,V112,TRANSPORTATION/TRAVEL/RELOCATION- TRANSPORTATION: MOTOR FREIGHT,492110,COURIERS AND EXPRESS DELIVERY SERVICES,PARTIAL UNILATERAL TERMINATION FOR CONVENIENCE CTR REFUSED TO SIGN BILATERAL DEOB MOD DUE TO RELEASE OF CLAIMS LANGUAGE.,,DELIVERY ORDER
36C26325P0577,P00001,2025-04-09,2025-04-15,2025-04-01,-38760.00,0.00,0.00,NETWORK CONTRACT OFFICE 23 (36C263),618-MINNEAPOLIS VA MED CTR (00618),MN,MINNEAPOLIS,HENNEPIN,554172309,05,"VETERANS COMMAND, LLC",,Q603,MEDICAL TRANSCRIPTIONS,561410,DOCUMENT PREPARATION SERVICES,DICTATION AND TRANSCRIPTION SERVICES FOR MLPS VA TERMINATION,,PURCHASE ORDER
36C77021D0025,P00004,2025-04-09,2021-09-29,,0.00,0.00,6505975.00,NATIONAL CMOP OFFICE (36C770),NATIONAL CMOP OFFICE (36C770),,,,,,HIGHJUMP SOFTWARE INC.,,R425,SUPPORT- PROFESSIONAL: ENGINEERING/TECHNICAL,519190,ALL OTHER INFORMATION SERVICES,SYSTEMS SOFTWARE OVERLAY,,IDC
36C77021N0225,P00007,2025-04-09,2021-09-29,2025-04-02,0.00,5438641.00,5438641.00,NATIONAL CMOP OFFICE (36C770),NATIONAL CMOP OFFICE (36C770),MN,MINNEAPOLIS,HENNEPIN,554371065,03,HIGHJUMP SOFTWARE INC.,,R425,SUPPORT- PROFESSIONAL: ENGINEERING/TECHNICAL,519190,ALL OTHER INFORMATION SERVICES,SYSTEMS SOFTWARE OVERLAY,,DELIVERY ORDER
36C77624N0926,P00001,2025-04-09,2024-09-30,2024-12-09,-400890.60,0.00,0.00,PCAC (36C776),PCAC (36C776),MD,ROCKVILLE,MONTGOMERY,208502452,08,INNOVET HEALTH LLC,,R405,SUPPORT- PROFESSIONAL: OPERATIONS RESEARCH/QUANTITATIVE ANALYSIS,541611,ADMINISTRATIVE MANAGEMENT AND GENERAL MANAGEMENT CONSULTING SERVICES,CLINICAL DECISION SUPPORT TASK ORDER - SECTION 508 REMEDIATION.  NOTICE OF TERMINATION FOR CONVENIENCE.  EO: RADICAL TRANSPARENCY ABOUT WASTEFUL SPENDING.,EO: RADICAL TRANSPARENCY ABOUT WASTEFUL SPENDING,DELIVERY ORDER
36C24224P0746,P00001,2025-04-10,2024-04-01,2025-03-31,23534.00,27683.00,27683.00,242-NETWORK CONTRACT OFFICE 02 (36C242),242-NETWORK CONTRACT OFFICE 02 (36C242),NY,SYRACUSE,ONONDAGA,132102716,22,"EASYVISTA, INC",,DA10,IT AND TELECOM - BUSINESS APPLICATION/APPLICATION DEVELOPMENT SOFTWARE AS A SERVICE,541519,OTHER COMPUTER RELATED SERVICES,EASYVISTA SOFTWARE RENEWAL SERVICE - TERMINATION FOR CONVENIENCE,,PURCHASE ORDER
36C24525P0203,P00002,2025-04-10,2024-12-27,2025-03-05,-301532.82,92777.70,92777.70,245-NETWORK CONTRACT OFFICE 5 (36C245),512-BALTIMORE(00512)(36C512),MD,BALTIMORE,BALTIMORE CITY,212022600,07,"UNIVERSITY OF MARYLAND, BALTIMORE",,AJ11,GENERAL SCIENCE AND TECHNOLOGY R&D SERVICES; GENERAL SCIENCE AND TECHNOLOGY; BASIC RESEARCH,541611,ADMINISTRATIVE MANAGEMENT AND GENERAL MANAGEMENT CONSULTING SERVICES,MEDICAL RESEARCH UMD,EO: RADICAL TRANSPARENCY ABOUT WASTEFUL SPENDING,PURCHASE ORDER
36C24E23P0111,P00004,2025-04-10,2023-07-10,2025-03-07,-36000.00,63000.00,69000.00,RPO EAST (36C24E),541-BRECKSVILLE (00541),OH,CLEVELAND,CUYAHOGA,441033719,11,WAVE STRATEGY LLC,,AN11,HEALTH R&D SERVICES; HEALTH CARE SERVICES; BASIC RESEARCH,541611,ADMINISTRATIVE MANAGEMENT AND GENERAL MANAGEMENT CONSULTING SERVICES,EO: RADICAL TRANSPARENCY ABOUT WASTEFUL SPENDING - APT CENTER MARKET ASSESSMENT SERVICES,EO: RADICAL TRANSPARENCY ABOUT WASTEFUL SPENDING,PURCHASE ORDER
36C24E24P0083,P00001,2025-04-10,2024-09-27,2025-03-07,-380.00,570.00,570.00,RPO EAST (36C24E),663-SEATTLE (00663),WA,SEATTLE,KING,981081532,09,ROBERT GALLOP,,AN21,HEALTH R&D SERVICES; HEALTH RESEARCH AND TRAINING; BASIC RESEARCH,541690,OTHER SCIENTIFIC AND TECHNICAL CONSULTING SERVICES,NOTICE OF TERMINATION FOR CONVENIENCE. BIOSTATISTICAL CONSULTATION,EO: RADICAL TRANSPARENCY ABOUT WASTEFUL SPENDING,PURCHASE ORDER
36C25620C0177,P00002,2025-04-10,2020-09-23,2023-11-30,-14214.40,2414626.28,2414626.28,256-NETWORK CONTRACT OFFICE 16 (36C256),629-SOUTHEAST LA HLTHCR SYS (00629),LA,NEW ORLEANS,ORLEANS,701196535,02,SPEES LLC,,Z2DA,REPAIR OR ALTERATION OF HOSPITALS AND INFIRMARIES,236220,COMMERCIAL AND INSTITUTIONAL BUILDING CONSTRUCTION,MOD P00002 - REBALANCE HVAC SYSTEM (NEW ORLEANS) TERMINATION FOR CONVENIENCE AGREEMENT.,,DEFINITIVE CONTRACT
36C24425N0714,P00001,2025-04-11,2025-04-11,2025-05-16,-263700.00,0.00,0.00,244-NETWORK CONTRACT OFFICE 4 (36C244),646-PITTSBURGH (00646)(36C646),PA,PITTSBURGH,ALLEGHENY,152401004,12,"TSPS INDUSTRIES, INC.",,6515,"MEDICAL AND SURGICAL INSTRUMENTS, EQUIPMENT, AND SUPPLIES",339112,SURGICAL AND MEDICAL INSTRUMENT MANUFACTURING,TERMINATED FOR CONVENIENCE MIDMARK 626 BARRIER FREE EXAM TABLES,,DELIVERY ORDER
36C24E21D0021,P00005,2025-04-11,2021-05-10,,0.00,0.00,180000.00,RPO EAST (36C24E),VETERANS HEALTH ADMINISTRATION,,,,,,BROWN UNIVERSITY IN PROVIDENCE IN THE STATE OF RHODE ISLAND AND PROVIDENCE PLANTATIONS,,R416,SUPPORT- PROFESSIONAL: VETERINARY/ANIMAL CARE,611310,"COLLEGES, UNIVERSITIES, AND PROFESSIONAL SCHOOLS",NOTICE OF TERMINATION FOR CONVENIENCE - VETERINARY SERVICES,EO: RADICAL TRANSPARENCY ABOUT WASTEFUL SPENDING,IDC
36C24E24N0115,P00002,2025-04-11,2024-05-10,2025-04-04,-16908.75,22241.25,22241.25,RPO EAST (36C24E),VETERANS HEALTH ADMINISTRATION,RI,PROVIDENCE,PROVIDENCE,029129100,01,BROWN UNIVERSITY IN PROVIDENCE IN THE STATE OF RHODE ISLAND AND PROVIDENCE PLANTATIONS,,R416,SUPPORT- PROFESSIONAL: VETERINARY/ANIMAL CARE,611310,"COLLEGES, UNIVERSITIES, AND PROFESSIONAL SCHOOLS",NOTICE OF TERMINATION FOR CONVENIENCE - VETERINARY SERVICES,EO: RADICAL TRANSPARENCY ABOUT WASTEFUL SPENDING,DELIVERY ORDER
36C25921C0010,P00009,2025-04-11,2020-10-09,2025-04-04,-18380.00,64776.00,64776.00,NETWORK CONTRACT OFFICE 19 (36C259),436-FORT HARRISON (00436),MT,FORT HARRISON,LEWIS AND CLARK,596369700,02,BANNING CONTRACTING SERVICES INC,,J099,MAINT/REPAIR/REBUILD OF EQUIPMENT- MISCELLANEOUS,335312,MOTOR AND GENERATOR MANUFACTURING,TERMINATION FOR CONVENIENCE,,DEFINITIVE CONTRACT
36C10F23F0026,P00003,2025-04-14,2023-09-27,2025-03-05,0.00,171093.02,171093.02,OFFICE OF CONSTRUCTION &  FACILITIES MGMT (36C10F),OFFICE OF CONSTRUCTION &  FACILITIES MGMT (36C10F),FL,SPRING HILL,PASCO,346107252,12,"INTERIOR SYSTEMS, INC.",,E1PC,PURCHASE OF UNIMPROVED REAL PROPERTY (LAND),541611,ADMINISTRATIVE MANAGEMENT AND GENERAL MANAGEMENT CONSULTING SERVICES,"TERMINATION FOR CONVENIENCE AGREEMENT
- RADICAL TRANSPARENCY ABOUT WASTEFUL SPENDING",EO: RADICAL TRANSPARENCY ABOUT WASTEFUL SPENDING,DELIVERY ORDER
36C26225C0125,P00001,2025-04-14,2025-03-01,2026-02-28,-903420.00,0.00,0.00,262-NETWORK CONTRACT OFFICE 22 (36C262),691-VA GREATER LA HLTHCR SYS(00691),CA,LOS ANGELES,LOS ANGELES,900731000,32,STRATEGIC SAFETY CONCEPTS LLC,,U006,EDUCATION/TRAINING- VOCATIONAL/TECHNICAL,611519,OTHER TECHNICAL AND TRADE SCHOOLS,IN-HOSPITAL THREAT MITIGATION RESPONSE & RECOVERY TRAINING,,DEFINITIVE CONTRACT
36C77621C0078,P00004,2025-04-14,2021-09-27,2024-05-15,-306785.14,1851011.86,1851011.86,PCAC (36C776),PCAC (36C776),SD,FORT MEADE,MEADE,577419998,00,"HOOD RIVER CONSULTING ENGINEERS, INC.",,C1DA,ARCHITECT AND ENGINEERING- CONSTRUCTION: HOSPITALS AND INFIRMARIES,541330,ENGINEERING SERVICES,CONTRACT WAS TERMINATED FOR CONVENIENCE.,,DEFINITIVE CONTRACT
36C77621D0027,P00001,2025-04-14,2021-08-24,,0.00,0.00,6000000.00,PCAC (36C776),PCAC (36C776),,,,,,"CRADDOCK GROUP, LLC, THE",,R799,SUPPORT- MANAGEMENT: OTHER,541611,ADMINISTRATIVE MANAGEMENT AND GENERAL MANAGEMENT CONSULTING SERVICES,SINGLE AWARD IDIQ FOR PROFESSIONAL SERVICES TO ASSIST WITH BUSINESS CASE DEVELOPMENT AND BUDGET SUBMISSION SUPPORT,,IDC
36E77620C0061,P00002,2025-04-15,2020-06-10,2025-02-25,-42865.00,97195.00,140060.00,PCAC (36C776),PCAC (36C776),MA,QUINCY,NORFOLK,021694005,08,FORT HILL COMPANIES LLC,,R799,SUPPORT- MANAGEMENT: OTHER,541611,ADMINISTRATIVE MANAGEMENT AND GENERAL MANAGEMENT CONSULTING SERVICES,"IMPLEMENT THE VA EXTENDED USE LEASE PROGRAM TO ENABLE THE DEPARTMENT TO FORMULATE, EVALUATE, AND EXECUTE AN EUL PROJECT AT THE VA MEDICAL CENTER IN WACO TX.",,DEFINITIVE CONTRACT
36C24424P0228,P00003,2025-04-16,2024-01-12,2024-10-16,-33350.00,25012.50,131185.50,244-NETWORK CONTRACT OFFICE 4 (36C244),VETERANS HEALTH ADMINISTRATION,PA,LEBANON,LEBANON,170427529,09,COVIDIEN SALES LLC,,J065,"MAINT/REPAIR/REBUILD OF EQUIPMENT- MEDICAL, DENTAL, AND VETERINARY EQUIPMENT AND SUPPLIES",811210,ELECTRONIC AND PRECISION EQUIPMENT REPAIR AND MAINTENANCE,TERMINATE FOR CONVENIENCE. SERVICES NOT NEEDED.,,PURCHASE ORDER
36C24825P0958,P00001,2025-04-16,2025-03-12,2025-04-17,-58000.00,0.00,0.00,248-NETWORK CONTRACT OFFICE 8 (36C248),573-NF/SG VETS HOSP(00573)(36C573),TX,HOUSTON,HARRIS,770251153,07,A6 SCIENTIFIC CORP.,,6515,"MEDICAL AND SURGICAL INSTRUMENTS, EQUIPMENT, AND SUPPLIES",339112,SURGICAL AND MEDICAL INSTRUMENT MANUFACTURING,TERMINATION FOR CONVENIENCE,EO: RADICAL TRANSPARENCY ABOUT WASTEFUL SPENDING,PURCHASE ORDER
36C77623P0119,P00003,2025-04-16,2023-09-25,2025-02-20,-1024888.05,823911.95,4705153.73,PCAC (36C776),PCAC (36C776),VA,ASHBURN,LOUDOUN,201475095,10,VETERAN ENTERPRISE TECHNOLOGY SERVICES LLC,,R410,SUPPORT- PROFESSIONAL: PROGRAM EVALUATION/REVIEW/DEVELOPMENT,541611,ADMINISTRATIVE MANAGEMENT AND GENERAL MANAGEMENT CONSULTING SERVICES,HUMAN RESOURCE DEVELOPMENT PROGRAM EVALUATION AND MANAGEMENT.  TERMINATION FOR CONVENIENCE AGREEMENT.  EO: RADICAL TRANSPARENCY ABOUT WASTEFUL SPENDING.,EO: RADICAL TRANSPARENCY ABOUT WASTEFUL SPENDING,PURCHASE ORDER
36C10F24F0011,P00002,2025-04-17,2024-06-10,2025-03-04,-9133.10,69098.52,219548.69,OFFICE OF CONSTRUCTION &  FACILITIES MGMT (36C10F),OFFICE OF CONSTRUCTION &  FACILITIES MGMT (36C10F),IA,KEOKUK,LEE,526324451,01,"ANDERSON ENGINEERING OF MINNESOTA, LLC",,R499,SUPPORT- PROFESSIONAL: OTHER,541330,ENGINEERING SERVICES,"EO: RADICAL TRANSPARENCY ABOUT WASTEFUL SPENDING
TERMINATION FOR CONVENIENCE AGREEMENT",EO: RADICAL TRANSPARENCY ABOUT WASTEFUL SPENDING,DELIVERY ORDER
36C24624P1525,P00001,2025-04-17,2024-07-22,2025-04-14,0.00,169900.00,289800.00,246-NETWORK CONTRACTING OFFICE 6 (36C246),565-FAYETTEVILLE (00565)(36565),NC,FAYETTEVILLE,CUMBERLAND,283015494,07,CITIZEN CONTRACTING GROUP LLC,,L042,TECHNICAL REP- FIRE FIGHTING/RESCUE/SAFETY EQUIPMENT; ENVIRON PROTECT EQUIPMENT/MATLS,541990,"ALL OTHER PROFESSIONAL, SCIENTIFIC, AND TECHNICAL SERVICES",NOTICE OF TERMINATION,,PURCHASE ORDER
36C26225P1034,P00001,2025-04-17,2025-04-03,2025-04-24,-14622.00,0.00,0.00,262-NETWORK CONTRACT OFFICE 22 (36C262),600-VA LONG BEACH HLTCAR SYS(00600),NY,SUFFERN,ROCKLAND,109015501,17,"BLUE CHIP MEDICAL PRODUCTS, INC.",,6515,"MEDICAL AND SURGICAL INSTRUMENTS, EQUIPMENT, AND SUPPLIES",339112,SURGICAL AND MEDICAL INSTRUMENT MANUFACTURING,PRESSURE MAPPING SEAT SYSTEM,,PURCHASE ORDER
36E79720D0024,P00017,2025-04-17,2020-07-01,,0.00,0.00,915921.00,NAC PHARMACEUTICALS (36E797),NAC PHARMACEUTICALS (36E797),,,,,,EXELAN PHARMACEUTICALS INC.,,6505,DRUGS AND BIOLOGICALS,325412,PHARMACEUTICAL PREPARATION MANUFACTURING,"TERMIMNATION OF CONVENIENCE IN ITS ENTITY EFFECTIVE MAY 27, 2025 FOR NADOLOL TABLETS WITH EXELAN PHARMACEUTICALS, INC.",,IDC
36C10X24F0055,P00003,2025-04-18,2024-05-13,2025-02-25,-462146.15,1424616.49,1424616.49,SAC FREDERICK (36C10X),SAC FREDERICK (36C10X),VA,ASHBURN,LOUDOUN,201473394,10,WOODSIDE QUALITY LLC,,R499,SUPPORT- PROFESSIONAL: OTHER,541611,ADMINISTRATIVE MANAGEMENT AND GENERAL MANAGEMENT CONSULTING SERVICES,TERMINATION FOR CONVENIENCE AGREEMENT,EO: RADICAL TRANSPARENCY ABOUT WASTEFUL SPENDING,DELIVERY ORDER
36C77623P0061,P00003,2025-04-18,2023-06-01,2025-04-18,0.00,161925.00,161925.00,PCAC (36C776),PCAC (36C776),VA,FREDERICKSBURG,SPOTSYLVANIA,224076874,07,ALL IN SOLUTIONS LLC,,U005,EDUCATION/TRAINING- TUITION/REGISTRATION/MEMBERSHIP FEES,611430,PROFESSIONAL AND MANAGEMENT DEVELOPMENT TRAINING,CASE MANAGEMENT ONLINE TRAINING.  NOTICE OF TERMINATION FOR CONVENIENCE.  EO: RADICAL TRANSPARENCY ABOUT WASTEFUL SPENDING.,EO: RADICAL TRANSPARENCY ABOUT WASTEFUL SPENDING,PURCHASE ORDER
36C78625C0016,P00001,2025-04-18,2025-03-28,2025-04-30,-74845.00,232544.20,232544.20,NATIONAL CEMETERY ADMIN (36C786),NATIONAL CEMETERY ADMIN (36C786),CA,GUSTINE,MERCED,953229770,13,"GRAMERCY MANAGEMENT PARTNER, INC.",,Y1PD,CONSTRUCTION OF WASTE TREATMENT AND STORAGE FACILITIES,236220,COMMERCIAL AND INSTITUTIONAL BUILDING CONSTRUCTION,"TERMINATION FOR CONVENIENCE

FILTER AND PUMP",EO: RADICAL TRANSPARENCY ABOUT WASTEFUL SPENDING,DEFINITIVE CONTRACT
36C24521F0046,P00015,2025-04-21,2020-11-01,2025-03-04,11670.81,403918.48,403918.48,245-NETWORK CONTRACT OFFICE 5 (36C245),VHACO PATIENT CARE SERVICES,FL,PENSACOLA,ESCAMBIA,325025634,01,"DYNAMIC INTEGRATED SERVICES, LLC",,T001,PHOTO/MAP/PRINT/PUBLICATION- ARTS/GRAPHICS,541611,ADMINISTRATIVE MANAGEMENT AND GENERAL MANAGEMENT CONSULTING SERVICES,TERMINATION FOR CONVENIENCE SETTLEMENT.,,DELIVERY ORDER
36C25225P0092,P00001,2025-04-21,2025-02-01,2025-02-25,-6875.00,0.00,0.00,252-NETWORK CONTRACT OFFICE 12 (36C252),695-MILWAUKEE(00695)(36C695),WI,MILWAUKEE,MILWAUKEE,532950001,04,"I3 GROUP, INC.",,J071,MAINT/REPAIR/REBUILD OF EQUIPMENT- FURNITURE,811420,REUPHOLSTERY AND FURNITURE REPAIR,"TERMINATE FOR CONVENIENCE FURNITURE DISMANTLE AND MOVE AT THE HONEY CREEK CORPORATE FACILITY IN MILWAUKEE, WI.",,PURCHASE ORDER
36C25925F0223,P00001,2025-04-21,2025-02-15,2025-03-20,-42375.84,0.00,0.00,NETWORK CONTRACT OFFICE 19 (36C259),666-SHERIDAN(00666),WY,SHERIDAN,SHERIDAN,828013909,00,"QUADIENT, INC.",,W074,"LEASE OR RENTAL OF EQUIPMENT- OFFICE MACHINES, TEXT PROCESSING SYSTEMS, AND VISIBLE RECORD EQUIPMENT",561499,ALL OTHER BUSINESS SUPPORT SERVICES,SHERIDAN MAIL EQUIPMENT,,DELIVERY ORDER
36C25925P0253,P00001,2025-04-21,2025-01-24,2025-03-07,-12000.00,0.00,0.00,NETWORK CONTRACT OFFICE 19 (36C259),666-SHERIDAN(00666),IN,INDIANAPOLIS,MARION,462011141,07,STERILECO LLC,,F108,ENVIRONMENTAL SYSTEMS PROTECTION- ENVIRONMENTAL REMEDIATION,562112,HAZARDOUS WASTE COLLECTION,"PETROLEUM, OILS, AND LUBRICANTS CLEANUP AND DISPOSAL.",,PURCHASE ORDER
36C26023P0690,P00003,2025-04-21,2023-07-15,2025-03-27,-7451.69,40183.67,40183.67,260-NETWORK CONTRACT OFFICE 20 (36C260),648-PORTLAND (00648),OR,PORTLAND,MULTNOMAH,972392964,01,CARAHSOFT TECHNOLOGY CORP,,DA10,IT AND TELECOM - BUSINESS APPLICATION/APPLICATION DEVELOPMENT SOFTWARE AS A SERVICE,541810,ADVERTISING AGENCIES,TERMINATION FOR CONVENIENCE 'EO: RADICAL TRANSPARENCY ABOUT WASTEFUL SPENDING ONLINE NURSING RECRUITMENT SERVICE,EO: RADICAL TRANSPARENCY ABOUT WASTEFUL SPENDING,PURCHASE ORDER
36C26024N0292,P00001,2025-04-21,2024-06-01,2025-04-03,-65985.48,152913.72,152913.72,260-NETWORK CONTRACT OFFICE 20 (36C260),648-PORTLAND (00648),OR,PORTLAND,MULTNOMAH,972391480,01,"INFORMATION SCIENCES CONSULTING, INCORPORATED",,R706,SUPPORT- MANAGEMENT: LOGISTICS SUPPORT,541611,ADMINISTRATIVE MANAGEMENT AND GENERAL MANAGEMENT CONSULTING SERVICES,EO: RADICAL TRANSPARENCY ABOUT WASTEFUL SPENDING TERMINATION FOR CONVENIENCE,EO: RADICAL TRANSPARENCY ABOUT WASTEFUL SPENDING,DELIVERY ORDER
36C77624N0978,P00002,2025-04-21,2024-09-27,2025-03-05,-449887.77,180305.78,180305.78,PCAC (36C776),PCAC (36C776),OH,INDEPENDENCE,CUYAHOGA,441318051,07,"COGNITIVE MEDICAL SYSTEMS, INC.",,R408,SUPPORT- PROFESSIONAL: PROGRAM MANAGEMENT/SUPPORT,541611,ADMINISTRATIVE MANAGEMENT AND GENERAL MANAGEMENT CONSULTING SERVICES,CDS COMMUNITY ENGAGEMENT TASK ORDER 19.  TERMINATION FOR CONVENIENCE AGREEMENT.  EO: RADICAL TRANSPARENCY ABOUT WASTEFUL SPENDING.,EO: RADICAL TRANSPARENCY ABOUT WASTEFUL SPENDING,DELIVERY ORDER
36C10X21F0083,P00004,2025-04-22,2021-08-16,2025-02-25,-26174.56,121702.69,121702.69,SAC FREDERICK (36C10X),SAC FREDERICK (36C10X),KS,TOPEKA,SHAWNEE,666042786,02,"INFORMATION FIRST, INC.",,R499,SUPPORT- PROFESSIONAL: OTHER,541519,OTHER COMPUTER RELATED SERVICES,CIRTS MAINTENANCE SUPPORT AND UPGRADE,,DELIVERY ORDER
36C24425D0046,P00001,2025-04-22,2025-04-01,,0.00,0.00,0.00,244-NETWORK CONTRACT OFFICE 4 (36C244),646-PITTSBURGH (00646)(36C646),,,,,,"MASSIVE KINETICS CONTRACTING, LLC",,J012,MAINT/REPAIR/REBUILD OF EQUIPMENT- FIRE CONTROL EQUIPMENT,238990,ALL OTHER SPECIALTY TRADE CONTRACTORS,TERMINATE FOR CONVENIENCE,,IDC
36C25624C0091,P00001,2025-04-22,2024-09-30,2025-03-05,-3651168.51,1597690.36,1597690.36,256-NETWORK CONTRACT OFFICE 16 (36C256),520-BILOXI (00520),MS,JACKSON,HINDS,392165032,03,"KSM A&E FEDERAL GROUP, LLC",,R425,SUPPORT- PROFESSIONAL: ENGINEERING/TECHNICAL,541690,OTHER SCIENTIFIC AND TECHNICAL CONSULTING SERVICES,NOTICE OF TERMINATION FOR CONVENIENCE.,EO: RADICAL TRANSPARENCY ABOUT WASTEFUL SPENDING,DEFINITIVE CONTRACT
36C25725D0023,P00002,2025-04-22,2025-02-01,,0.00,0.00,12000.00,257-NETWORK CONTRACT OFFICE 17 (36C257),674-TEMPLE (00674),,,,,,"GREEN LANTERN, LLC",,6830,GASES: COMPRESSED AND LIQUEFIED,325120,INDUSTRIAL GAS MANUFACTURING,TERMINATION FOR CONVENIENCE,,IDC
36C26225D0054,P00001,2025-04-22,2025-03-01,,0.00,0.00,4473282.51,262-NETWORK CONTRACT OFFICE 22 (36C262),691-VA GREATER LA HLTHCR SYS(00691),,,,,,"OFFICE DESIGN GROUP, INC.",,V999,TRANSPORTATION/TRAVEL/RELOCATION- OTHER: OTHER,484210,USED HOUSEHOLD AND OFFICE GOODS MOVING,FURNITURE AND EQUIPMENT RELOCATION AND INSTALLATION,,IDC
36C77623P0082,P00006,2025-04-22,2023-07-15,2025-03-06,-84127.35,206300.05,391974.61,PCAC (36C776),PCAC (36C776),CA,DALY CITY,SAN MATEO,940160018,15,CONCOURSE FEDERAL GROUP LLC,,Q702,TECHNICAL MEDICAL SUPPORT,541614,"PROCESS, PHYSICAL DISTRIBUTION, AND LOGISTICS CONSULTING SERVICES","*TERMINATION FOR CONVENIENCE AGREEMENT* SAN FRANCISCO BUILDING 8 IOTA. 
COST SAVINGS/AVOIDANCE: $84,127.35.",EO: RADICAL TRANSPARENCY ABOUT WASTEFUL SPENDING,PURCHASE ORDER
36C77624N0294,P00002,2025-04-22,2024-03-13,2025-02-25,0.00,248943.38,248943.38,PCAC (36C776),PCAC (36C776),MD,ANNAPOLIS,ANNE ARUNDEL,214033246,03,TAURIAN CONSULTING LLC,,R799,SUPPORT- MANAGEMENT: OTHER,541611,ADMINISTRATIVE MANAGEMENT AND GENERAL MANAGEMENT CONSULTING SERVICES,TERMINATION FOR CONVENIENCE AGREEMENT - SAVINGS - $0,,DELIVERY ORDER
36C24W25D0001,P00001,2025-04-23,2024-11-04,,0.00,0.00,350281.87,RPO WEST (36C24W),623-MUSKOGEE (00623),,,,,,ENGLOBAL GOVERNMENT SERVICES INC,,7C21,IT AND TELECOM - OTHER DATA CENTER FACILITIES PRODUCTS (HARDWARE AND PERPETUAL LICENSE SOFTWARE),332999,ALL OTHER MISCELLANEOUS FABRICATED METAL PRODUCT MANUFACTURING,IT SERVER RACKS - TERMINATE FOR CONVENIENCE,EO: RADICAL TRANSPARENCY ABOUT WASTEFUL SPENDING,IDC
36C24W25N0021,P00001,2025-04-23,2025-03-14,2025-04-17,-350281.87,0.00,0.00,RPO WEST (36C24W),623-MUSKOGEE (00623),OK,TULSA,TULSA,741374296,01,ENGLOBAL GOVERNMENT SERVICES INC,,7C21,IT AND TELECOM - OTHER DATA CENTER FACILITIES PRODUCTS (HARDWARE AND PERPETUAL LICENSE SOFTWARE),332999,ALL OTHER MISCELLANEOUS FABRICATED METAL PRODUCT MANUFACTURING,IT SERVER RACKS TASK ORDER. TERMINATION FOR CONVENIENCE ISSUED.,EO: RADICAL TRANSPARENCY ABOUT WASTEFUL SPENDING,DELIVERY ORDER
36C25024P0162,P00005,2025-04-23,2023-10-30,2025-04-23,-16500.00,2500.00,47500.00,250-NETWORK CONTRACT OFFICE 10 (36C250),541-BRECKSVILLE (00541),OH,CLEVELAND,CUYAHOGA,441068001,11,"HAAS GROUP INTERNATIONAL, LLC",,DA10,IT AND TELECOM - BUSINESS APPLICATION/APPLICATION DEVELOPMENT SOFTWARE AS A SERVICE,541690,OTHER SCIENTIFIC AND TECHNICAL CONSULTING SERVICES,CHEMICAL MANAGEMENT PROGRAM TERMINATION FOR GOVERNMENT CONVENIENCE,,PURCHASE ORDER
36C25024P1044,P00002,2025-04-23,2024-05-01,2025-04-30,-15097.00,14728.00,14728.00,250-NETWORK CONTRACT OFFICE 10 (36C250),538-CHILLICOTHE (00538),OH,CHILLICOTHE,ROSS,456019699,02,"SWANK MOTION PICTURES, INC.",,DG10,IT AND TELECOM - NETWORK AS A SERVICE,512120,MOTION PICTURE AND VIDEO DISTRIBUTION,CABLE MOVIE CHANNEL ACCESS AND SERVICES.,EO: RADICAL TRANSPARENCY ABOUT WASTEFUL SPENDING,PURCHASE ORDER
36C10X24N0137,P00003,2025-04-24,2024-05-16,2025-02-25,-112210.65,386491.31,386491.31,SAC FREDERICK (36C10X),SAC FREDERICK (36C10X),VA,ALEXANDRIA,ALEXANDRIA CITY,223143359,08,"APTIVE HTG, LLC",,R499,SUPPORT- PROFESSIONAL: OTHER,541611,ADMINISTRATIVE MANAGEMENT AND GENERAL MANAGEMENT CONSULTING SERVICES,TERMINATION FOR CONVENIENCE AGREEMENT.,EO: RADICAL TRANSPARENCY ABOUT WASTEFUL SPENDING,DELIVERY ORDER
36C24123C0031,P00002,2025-04-24,2023-02-22,2024-12-12,-71935.19,133087.63,133087.63,241-NETWORK CONTRACT OFFICE 01 (36C241),631-LEEDS (00631)(36C631),MA,LEEDS,HAMPSHIRE,010539778,02,"ACELA ARCHITECTS + ENGINEERS, PC",,C1DA,ARCHITECT AND ENGINEERING- CONSTRUCTION: HOSPITALS AND INFIRMARIES,541310,ARCHITECTURAL SERVICES,631-22-003  - RENOVATE BUILDING 8 2ND FLOOR FOR RRTP | TERMINATION FOR CONVENIENCE,,DEFINITIVE CONTRACT
36C24524N0866,P00001,2025-04-24,2024-09-01,2025-03-04,0.00,108211.39,108211.82,245-NETWORK CONTRACT OFFICE 5 (36C245),613-MARTINSBURG (00613)(36C613),WV,MARTINSBURG,BERKELEY,254055810,02,"INFORMATION SCIENCES CONSULTING, INCORPORATED",,R706,SUPPORT- MANAGEMENT: LOGISTICS SUPPORT,541611,ADMINISTRATIVE MANAGEMENT AND GENERAL MANAGEMENT CONSULTING SERVICES,TEMP SUPPLY TECHNICIAN,EO: RADICAL TRANSPARENCY ABOUT WASTEFUL SPENDING,DELIVERY ORDER
36C24724F0139,P00002,2025-04-24,2024-01-15,2025-05-15,0.00,2521376.00,2521376.00,247-NETWORK CONTRACT OFFICE 7 (36C247),534-CHARLESTON (00534)(36C534),NM,ARTESIA,EDDY,882102124,03,"RAPID TEMPS, INC.",,Q999,MEDICAL- OTHER,561320,TEMPORARY HELP SERVICES,PRIMARY-CARE-PHY,,DELIVERY ORDER
36C24825P0908,P00001,2025-04-24,2025-04-01,2025-07-30,-89263.18,0.00,0.00,248-NETWORK CONTRACT OFFICE 8 (36C248),675-ORLANDO (00675)(36C675),FL,CLERMONT,LAKE,347118929,11,REYES REAL ESTATE LLC,,9905,"SIGNS, ADVERTISING DISPLAYS, AND IDENTIFICATION PLATES",339950,SIGN MANUFACTURING,TERMINATION FOR CONVENIENCE: PROVIDE AND INSTALL 12 METAL FREE-STANDING SIGNS AND ONE ELECTRICAL SIGN FOR LAKE BALDWIN URGENT CARE FACILITY.,,PURCHASE ORDER
36C10X23C0061,P00005,2025-04-25,2023-09-27,2025-02-15,-299325.04,782333.96,782333.96,SAC FREDERICK (36C10X),SAC FREDERICK (36C10X),MD,BRYANS ROAD,CHARLES,206166118,05,CUP OF TEA LLC,,R408,SUPPORT- PROFESSIONAL: PROGRAM MANAGEMENT/SUPPORT,541611,ADMINISTRATIVE MANAGEMENT AND GENERAL MANAGEMENT CONSULTING SERVICES,MENTAL HEALTH AND WELLNESS SESSIONS. BILATERAL SETTLEMENT AGREEMENT FOR TERMINATION FOR GOVERNMENT'S CONVENIENCE IAW FAR 52.212-4(L).,,DEFINITIVE CONTRACT
36C25025C0081,P00001,2025-04-25,2025-02-25,2025-04-25,-15000.00,0.00,0.00,250-NETWORK CONTRACT OFFICE 10 (36C250),583-INDIANAPOLIS(00583),IN,INDIANAPOLIS,MARION,462022375,07,DISE LLC,,J065,"MAINT/REPAIR/REBUILD OF EQUIPMENT- MEDICAL, DENTAL, AND VETERINARY EQUIPMENT AND SUPPLIES",811310,COMMERCIAL AND INDUSTRIAL MACHINERY AND EQUIPMENT (EXCEPT AUTOMOTIVE AND ELECTRONIC) REPAIR AND MAINTENANCE,TERMINATION FOR CONVENIENCE,,DEFINITIVE CONTRACT
36C25725C0019,P00001,2025-04-25,2025-01-29,2025-04-25,-199295.00,0.00,0.00,257-NETWORK CONTRACT OFFICE 17 (36C257),671-SAN ANTONIO (00671),TX,SAN ANTONIO,BEXAR,782294404,20,"DAV ENERGY SOLUTIONS, INC.",,C1DA,ARCHITECT AND ENGINEERING- CONSTRUCTION: HOSPITALS AND INFIRMARIES,541330,ENGINEERING SERVICES,A/E REPLACE MAIN ELECTRICAL DISTRIBUTION CDP AND EDP. TERMINATE FOR CONVENIENCE.,,DEFINITIVE CONTRACT
36C77624N0056,P00002,2025-04-25,2024-01-05,2025-02-25,0.00,1334529.03,1334529.03,PCAC (36C776),PCAC (36C776),VA,ARLINGTON,ARLINGTON,222013868,08,"CRADDOCK GROUP, LLC, THE",,R799,SUPPORT- MANAGEMENT: OTHER,541611,ADMINISTRATIVE MANAGEMENT AND GENERAL MANAGEMENT CONSULTING SERVICES,STRATEGIC CAPITAL INVESTMENT PLANNING PROCESS SUPPORT SERVICES,,DELIVERY ORDER
36C26225C0166,P00001,2025-04-28,2025-04-01,2029-09-30,-1962937.80,0.00,0.00,262-NETWORK CONTRACT OFFICE 22 (36C262),664-SAN DIEGO HEALTHCARE SYS(00664),CA,SAN DIEGO,SAN DIEGO,921610002,50,"KTS SOLUTIONS, INC.",,V129,TRANSPORTATION/TRAVEL/RELOCATION- TRANSPORTATION: OTHER,485999,ALL OTHER TRANSIT AND GROUND PASSENGER TRANSPORTATION,PASSENGER SHUTTLE SERVICE-TERMINATION FOR CONVENIENCE.,,DEFINITIVE CONTRACT
36C77624N0999,P00002,2025-04-28,2024-09-30,2025-02-25,-712158.35,508684.50,508684.50,PCAC (36C776),PCAC (36C776),WY,CHEYENNE,LARAMIE,820013527,00,INNOVET HEALTH LLC,,R408,SUPPORT- PROFESSIONAL: PROGRAM MANAGEMENT/SUPPORT,541611,ADMINISTRATIVE MANAGEMENT AND GENERAL MANAGEMENT CONSULTING SERVICES,CLINICAL DECISION SUPPORT IDIQ TASK ORDER 17.  TERMINATION FOR CONVENIENCE AGREEMENT.  EO: RADICAL TRANSPARENCY ABOUT WASTEFUL SPENDING.,EO: RADICAL TRANSPARENCY ABOUT WASTEFUL SPENDING,DELIVERY ORDER
36C24521C0068,P00008,2025-04-29,2021-07-11,2025-03-04,-87090.00,740230.00,1125750.00,245-NETWORK CONTRACT OFFICE 5 (36C245),540-CLARKSBURG (00540)(36C540),VA,VIRGINIA BEACH,VIRGINIA BEACH CITY,234530001,02,"MJL ENTERPRISES, LLC",,R707,SUPPORT- MANAGEMENT: CONTRACT/PROCUREMENT/ACQUISITION SUPPORT,541611,ADMINISTRATIVE MANAGEMENT AND GENERAL MANAGEMENT CONSULTING SERVICES,TERMINATION FOR CONVENIENCE,EO: RADICAL TRANSPARENCY ABOUT WASTEFUL SPENDING,DEFINITIVE CONTRACT
36C25019N1065,P00005,2025-04-29,2019-09-23,2025-04-29,-6315.15,47239.85,47239.85,250-NETWORK CONTRACT OFFICE 10 (36C250),250-NETWORK CONTRACT OFFICE 10 (36C250),OH,CINCINNATI,HAMILTON,452191976,01,JOHN POE ARCHITECTS INC,,C1DA,ARCHITECT AND ENGINEERING- CONSTRUCTION: HOSPITALS AND INFIRMARIES,541310,ARCHITECTURAL SERVICES,AE PREP FLUOROSCOPY C-ARM - TERMINATE FOR CONVENIENCE.,,DELIVERY ORDER
36C77624P0043,P00004,2025-04-29,2024-04-18,2025-02-25,-258546.59,283949.34,283949.34,PCAC (36C776),PCAC (36C776),TX,PLANO,COLLIN,750253103,03,ARTEMIS ARC LLC,,R699,SUPPORT- ADMINISTRATIVE: OTHER,541611,ADMINISTRATIVE MANAGEMENT AND GENERAL MANAGEMENT CONSULTING SERVICES,TERMINATION FOR CONVENIENCE AGREEMENT.  EVIDENCE BASED PRACTICE IMPLEMENTATION SUPPORT SERVICES.  EO: RADICAL TRANSPARENCY ABOUT WASTEFUL SPENDING.,EO: RADICAL TRANSPARENCY ABOUT WASTEFUL SPENDING,PURCHASE ORDER
36A79719N0451,P00001,2025-04-30,2019-06-06,2025-05-30,-1537949.00,0.00,0.00,NAC HIGH TECH ORDERS (36A797),NAC HIGH TECH ORDERS (36A797),WA,BOTHELL,SNOHOMISH,980218431,01,PHILIPS NORTH AMERICA LLC,,6525,"IMAGING EQUIPMENT AND SUPPLIES: MEDICAL, DENTAL, VETERINARY",334517,IRRADIATION APPARATUS MANUFACTURING,"PO: 667B89004
MODALITY: XR CATH LAB
TERMINATION FOR CONVENIENCE
CATH LAB FOR OVERTON BROOKS VA MEDICAL CENTER",,DELIVERY ORDER
36C24623C0063,P00002,2025-04-30,2023-09-29,2025-04-16,-1007621.60,250059.00,250059.00,246-NETWORK CONTRACTING OFFICE 6 (36C246),565-FAYETTEVILLE (00565)(36565),NC,FAYETTEVILLE,CUMBERLAND,283015494,07,"RDC/JOHN POE ARCHITECTS, L.L.L.P.",,C1DA,ARCHITECT AND ENGINEERING- CONSTRUCTION: HOSPITALS AND INFIRMARIES,541310,ARCHITECTURAL SERVICES,"RENOVATE 3C FOR LAB
COMPLETE TERMINATION FOR CONVENIENCE",EO: RADICAL TRANSPARENCY ABOUT WASTEFUL SPENDING,DEFINITIVE CONTRACT
36C24725P0609,P00001,2025-04-30,2025-04-15,2025-04-16,0.00,30455.00,30455.00,247-NETWORK CONTRACT OFFICE 7 (36C247),521-BIRMINGHAM(00521)(36C521),AL,BIRMINGHAM,JEFFERSON,352331121,07,VETERAN TECHNOLOGY PARTNERS LLC,,R799,SUPPORT- MANAGEMENT: OTHER,517121,TELECOMMUNICATIONS RESELLERS,BISCOM SOFTWARE FOR LEXMARK EQUIPMENT RADICAL TRANSPARENCY ABOUT WASTEFUL SPENDING,,PURCHASE ORDER
36C24825N0636,P00001,2025-04-30,2025-05-01,2025-07-07,-1146337.68,0.00,0.00,248-NETWORK CONTRACT OFFICE 8 (36C248),248-NETWORK CONTRACT OFFICE 8 (36C248),FL,SARASOTA,SARASOTA,342383130,17,"JPL & ASSOCIATES, LLC",,7110,OFFICE FURNITURE,337215,"SHOWCASE, PARTITION, SHELVING, AND LOCKER MANUFACTURING",TASK CHAIRS DESKS AND MOBILE PEDESTAL FILES,,DELIVERY ORDER
36C24E25P0013,P00001,2025-04-30,2024-11-21,2025-03-06,-21673.00,4600.00,139466.00,RPO EAST (36C24E),"VHACO DISCOVERY, EDUC, AND AFFILIATED NETWORKS",MA,BOSTON,SUFFOLK,021140001,08,SIPE JEAN,,R410,SUPPORT- PROFESSIONAL: PROGRAM EVALUATION/REVIEW/DEVELOPMENT,541690,OTHER SCIENTIFIC AND TECHNICAL CONSULTING SERVICES,TERMINATE FOR CONVENIENCE,EO: RADICAL TRANSPARENCY ABOUT WASTEFUL SPENDING,PURCHASE ORDER
36C26322D0081,P00003,2025-04-30,2022-05-02,,0.00,0.00,2500000.00,NETWORK CONTRACT OFFICE 23 (36C263),438-SIOUX FALLS VA MED CTR (00438),,,,,,"ST. LUKE'S LUTHERAN CARE CENTER, INC.",,Q402,"NURSING HOME, LONG-TERM & ADULT DAY CARE SERVICES",623110,NURSING CARE FACILITIES (SKILLED NURSING FACILITIES),"SAINT LUKES LUTHERAN CARE SERVICES, INC. - NURSING HOME SERVICES 
THIS SUPPLEMENTAL AGREEMENT TERMINATES THE CONTRACT IN ITS ENTIRETY EFFECTIVE 4-30-2025.",,IDC
36C78624D50080,P00001,2025-04-30,2024-02-01,,0.00,0.00,0.00,NATIONAL CEMETERY ADMIN (36C786),NATIONAL CEMETERY ADMIN (36C786),,,,,,PRIORITY GOVERNMENT SOLUTIONS LLC,,S208,HOUSEKEEPING- LANDSCAPING/GROUNDSKEEPING,561730,LANDSCAPING SERVICES,TERMINATE FOR CONVENIENCE,EO: RADICAL TRANSPARENCY ABOUT WASTEFUL SPENDING,IDC
36C24E24D0006,P00001,2025-05-01,2024-05-27,,0.00,0.00,2700000.00,RPO EAST (36C24E),607-MADISON(00607)(36C607),,,,,,TRUSTEES OF COLUMBIA UNIVERSITY IN THE CITY OF NEW YORK,,Q301,REFERENCE LABORATORY TESTING,541380,TESTING LABORATORIES AND SERVICES,NOTICE OF TERMINATION FOR CONVENIENCE,EO: RADICAL TRANSPARENCY ABOUT WASTEFUL SPENDING,IDC
36C24E24N0220,P00001,2025-05-01,2024-09-30,2025-05-01,0.00,335296.84,335296.84,RPO EAST (36C24E),"VHACO DISCOVERY, EDUC, AND AFFILIATED NETWORKS",DC,WASHINGTON,DISTRICT OF COLUMBIA,204200001,98,"SCITECH SERVICES, INC.",,Q301,REFERENCE LABORATORY TESTING,541690,OTHER SCIENTIFIC AND TECHNICAL CONSULTING SERVICES,TERMINATION FOR CONVENIENCE,EO: RADICAL TRANSPARENCY ABOUT WASTEFUL SPENDING,DELIVERY ORDER
36C26225D0075,P00001,2025-05-01,2025-04-01,,0.00,0.00,0.00,262-NETWORK CONTRACT OFFICE 22 (36C262),600-VA LONG BEACH HLTCAR SYS(00600),,,,,,"DI BIASSI, CORP.",,V225,TRANSPORTATION/TRAVEL/RELOCATION- TRAVEL/LODGING/RECRUITMENT: AMBULANCE,621910,AMBULANCE SERVICES,TERMINATION FOR CONVENIENCE DUE TO GAO PROTEST. REQUIREMENT TO BE RE-SOLICITED.,,IDC
36C26224P2035,P00001,2025-05-02,2024-09-01,2025-05-02,-44.78,18605.22,18605.22,262-NETWORK CONTRACT OFFICE 22 (36C262),605-VA LOMA LINDA HLTHCR SYS(00605),CA,LOMA LINDA,SAN BERNARDINO,923571000,23,INLAND PRESORT AND MAILING SERVICES,,R613,SUPPORT- ADMINISTRATIVE: POST OFFICE,561499,ALL OTHER BUSINESS SUPPORT SERVICES,TERMINATION FOR GOVERNMENT CONVENIENCE BASED ON INCORRECT BILLING AND DECREASE IN NEED OF 3RD PARTY SERVICE. PRESORT MAIL-SCM,,PURCHASE ORDER
36E77620C0033,P00002,2025-05-02,2020-02-27,2025-02-25,-24670.00,134330.00,134330.00,PCAC (36C776),VA CENTRAL OFFICE,MA,QUINCY,NORFOLK,021694005,08,ALARES LLC,,R799,SUPPORT- MANAGEMENT: OTHER,541611,ADMINISTRATIVE MANAGEMENT AND GENERAL MANAGEMENT CONSULTING SERVICES,MENLO PARK ENHANCED USE LEASE EUL,,DEFINITIVE CONTRACT
36C24723P0263,P00006,2025-05-05,2023-02-01,2026-01-31,-5070.00,15700.00,21778.00,247-NETWORK CONTRACT OFFICE 7 (36C247),534-CHARLESTON (00534)(36C534),SC,CHARLESTON,CHARLESTON,294011690,06,NEW YORK UNIVERSITY,,R420,SUPPORT- PROFESSIONAL: CERTIFICATIONS AND ACCREDITATIONS (OTHER THAN EDUC OR INFO TECH C&A),611310,"COLLEGES, UNIVERSITIES, AND PROFESSIONAL SCHOOLS",NICHE LEADERSHIP TRAINING,,PURCHASE ORDER
36C26224P1551,P00001,2025-05-05,2024-06-13,2025-04-18,0.00,18000.00,18000.00,262-NETWORK CONTRACT OFFICE 22 (36C262),691-VA GREATER LA HLTHCR SYS(00691),CA,LOS ANGELES,LOS ANGELES,900731003,32,WAHLBANGERS DRUM CIRCLE,,G004,SOCIAL- SOCIAL REHABILITATION,624190,OTHER INDIVIDUAL AND FAMILY SERVICES,DRUM CIRCLE MUSIC THERAPY SERVICES: TERMINATION FOR CONVENIENCE EO: RADICAL TRANSPARENCY ABOUT WASTEFUL SPENDING,EO: RADICAL TRANSPARENCY ABOUT WASTEFUL SPENDING,PURCHASE ORDER
36C26325P0196,P00001,2025-05-05,2025-01-26,2025-04-21,-92000.00,0.00,0.00,NETWORK CONTRACT OFFICE 23 (36C263),618-MINNEAPOLIS VA MED CTR (00618),MN,MINNEAPOLIS,HENNEPIN,554172309,05,I3 FEDERAL LLC,,R422,SUPPORT- PROFESSIONAL: MARKET RESEARCH/PUBLIC OPINION,541910,MARKETING RESEARCH AND PUBLIC OPINION POLLING,TERMINATION FOR THE GOVERNMENT'S CONVENIENCE - DEOBLIGATION MODIFICATION,,PURCHASE ORDER
36C77623P0061,P00004,2025-05-05,2023-06-01,2025-04-18,-66675.00,161925.00,161925.00,PCAC (36C776),PCAC (36C776),VA,FREDERICKSBURG,SPOTSYLVANIA,224076874,07,ALL IN SOLUTIONS LLC,,U005,EDUCATION/TRAINING- TUITION/REGISTRATION/MEMBERSHIP FEES,611430,PROFESSIONAL AND MANAGEMENT DEVELOPMENT TRAINING,CASE MANAGEMENT ONLINE TRAINING.  TERMINATION FOR CONVENIENCE AGREEMENT.  EO: RADICAL TRANSPARENCY ABOUT WASTEFUL SPENDING.,EO: RADICAL TRANSPARENCY ABOUT WASTEFUL SPENDING,PURCHASE ORDER
36C24723P0936,P00003,2025-05-06,2023-06-13,2025-03-31,-4800.00,1571.25,1571.25,247-NETWORK CONTRACT OFFICE 7 (36C247),521-BIRMINGHAM(00521)(36C521),AL,BIRMINGHAM,JEFFERSON,352331121,07,UNIVERSITY OF ALABAMA AT BIRMINGHAM,,AN21,HEALTH R&D SERVICES; HEALTH RESEARCH AND TRAINING; BASIC RESEARCH,532490,OTHER COMMERCIAL AND INDUSTRIAL MACHINERY AND EQUIPMENT RENTAL AND LEASING,ROTOMETER LEASE	TERMINATE FOR CONVENIENCE,,PURCHASE ORDER
36C26323P0907,P00003,2025-05-06,2023-09-01,2025-04-10,0.00,5990.00,14975.00,NETWORK CONTRACT OFFICE 23 (36C263),618-MINNEAPOLIS VA MED CTR (00618),MA,BOSTON,SUFFOLK,021142509,08,"MASSACHUSETTS GENERAL HOSPITAL, THE",,U005,EDUCATION/TRAINING- TUITION/REGISTRATION/MEMBERSHIP FEES,541611,ADMINISTRATIVE MANAGEMENT AND GENERAL MANAGEMENT CONSULTING SERVICES,SCHWARTZ CENTER MEMBERSHIP. TERMINATION AND NO-COST SETTLEMENT.,EO: RADICAL TRANSPARENCY ABOUT WASTEFUL SPENDING,PURCHASE ORDER
36C10X24N0068,P00004,2025-05-07,2024-01-25,2025-02-25,-269447.08,700404.85,700404.85,SAC FREDERICK (36C10X),SAC FREDERICK (36C10X),VA,CHANTILLY,FAIRFAX,201513933,11,TITAN ALPHA LLC,,R408,SUPPORT- PROFESSIONAL: PROGRAM MANAGEMENT/SUPPORT,541611,ADMINISTRATIVE MANAGEMENT AND GENERAL MANAGEMENT CONSULTING SERVICES,TERMINATION FOR CONVENIENCE AGREEMENT,EO: RADICAL TRANSPARENCY ABOUT WASTEFUL SPENDING,DELIVERY ORDER
36C24921N0503,P00004,2025-05-07,2021-06-24,2025-04-15,-162979.49,0.00,0.00,249-NETWORK CONTRACT OFFICE 9 (36C249),596-LEXINGTON(00596),OH,MENTOR,LAKE,440601834,14,STERIS CORPORATION,,6515,"MEDICAL AND SURGICAL INSTRUMENTS, EQUIPMENT, AND SUPPLIES",339112,SURGICAL AND MEDICAL INSTRUMENT MANUFACTURING,TERMINATE FOR CONVENIENCE.  NO COST SETTLEMENT.,,DELIVERY ORDER
36C25623P1326,P00003,2025-05-07,2023-08-01,2025-05-07,-14501.25,24168.75,82173.75,256-NETWORK CONTRACT OFFICE 16 (36C256),564-FAYETTEVILLE (00564),AR,FAYETTEVILLE,WASHINGTON,727036210,03,"SENTINEL SERVICES, LLC",,J065,"MAINT/REPAIR/REBUILD OF EQUIPMENT- MEDICAL, DENTAL, AND VETERINARY EQUIPMENT AND SUPPLIES",622110,GENERAL MEDICAL AND SURGICAL HOSPITALS,"AUTOCLAVE PM SERVICE AT FAYETTEVILLE, AR",,PURCHASE ORDER
36C25725C0033,P00001,2025-05-07,2025-04-14,2025-05-07,-757751.00,0.00,0.00,257-NETWORK CONTRACT OFFICE 17 (36C257),257-NETWORK CONTRACT OFFICE 17 (36C257),TX,SAN ANTONIO,BEXAR,782294416,20,"WICHITA FALLS TRI-TECH, LLC",,N059,INSTALLATION OF EQUIPMENT- ELECTRICAL AND ELECTRONIC EQUIPMENT COMPONENTS,238210,ELECTRICAL CONTRACTORS AND OTHER WIRING INSTALLATION CONTRACTORS,STX FISHER HOUSE GENERATOR AND INSTALLATION. TERMINATE FOR GOVERNMENT CONVENIENCE CORRECTIVE ACTION TO GAO PROTEST.,,DEFINITIVE CONTRACT
36C26223N0949,P00005,2025-05-07,2023-09-28,2025-04-18,-329585.03,1316741.60,1316741.60,262-NETWORK CONTRACT OFFICE 22 (36C262),605-VA LOMA LINDA HLTHCR SYS(00605),CA,LOMA LINDA,SAN BERNARDINO,923571000,23,THE ARBINGER COMPANY,,U008,EDUCATION/TRAINING- TRAINING/CURRICULUM DEVELOPMENT,611430,PROFESSIONAL AND MANAGEMENT DEVELOPMENT TRAINING,OUTWARD MINDSET TRAINING SERVICES - THE ACTION TAKEN IS A TERMINATION FOR CONVENIENCE,EO: RADICAL TRANSPARENCY ABOUT WASTEFUL SPENDING,DELIVERY ORDER
36C24124D0066,P00001,2025-05-08,2024-05-01,,0.00,0.00,277897.99,241-NETWORK CONTRACT OFFICE 01 (36C241),VETERANS HEALTH ADMINISTRATION,,,,,,BROWN UNIVERSITY,,AN12,HEALTH R&D SERVICES; HEALTH CARE SERVICES; APPLIED RESEARCH,541714,RESEARCH AND DEVELOPMENT IN BIOTECHNOLOGY (EXCEPT NANOBIOTECHNOLOGY),RESEARCH STUDY SURVEY,EO: RADICAL TRANSPARENCY ABOUT WASTEFUL SPENDING,IDC
36C24124N0810,P00002,2025-05-08,2024-06-03,2025-04-30,-33940.48,69173.86,69173.86,241-NETWORK CONTRACT OFFICE 01 (36C241),VETERANS HEALTH ADMINISTRATION,RI,PROVIDENCE,PROVIDENCE,029080001,01,BROWN UNIVERSITY,,AN12,HEALTH R&D SERVICES; HEALTH CARE SERVICES; APPLIED RESEARCH,541714,RESEARCH AND DEVELOPMENT IN BIOTECHNOLOGY (EXCEPT NANOBIOTECHNOLOGY),RESEARCH STUDY SURVEY,EO: RADICAL TRANSPARENCY ABOUT WASTEFUL SPENDING,DELIVERY ORDER
36C24725P0581,P00001,2025-05-08,2025-04-14,2025-05-13,-21699.36,0.00,0.00,247-NETWORK CONTRACT OFFICE 7 (36C247),544-COLUMBIA (00544)(36C544),SC,COLUMBIA,RICHLAND,292092110,02,"CORPORATE VISION, INC.",,N099,INSTALLATION OF EQUIPMENT- MISCELLANEOUS,236220,COMMERCIAL AND INSTITUTIONAL BUILDING CONSTRUCTION,"SLIDING DOOR REPLACEMENT COLUMBIA VA MEDICAL CENTER, COLUMBIA, SC",,PURCHASE ORDER
36C25924P0734,P00001,2025-05-08,2024-05-10,2025-01-30,-10330.00,8820.00,8820.00,NETWORK CONTRACT OFFICE 19 (36C259),554-DENVER (00554),CO,AURORA,ADAMS,800457603,06,FREEMAN ROLAND,,R799,SUPPORT- MANAGEMENT: OTHER,813110,RELIGIOUS ORGANIZATIONS,CATHOLIC CHAPLAIN SERVICES TERMINATION FOR CONVENIENCE DUE TO PASSING,,PURCHASE ORDER
36C77624N1002,P00002,2025-05-08,2024-09-30,2025-02-25,-949456.90,685645.94,685645.94,PCAC (36C776),PCAC (36C776),WY,CHEYENNE,LARAMIE,820013527,00,INNOVET HEALTH LLC,,R410,SUPPORT- PROFESSIONAL: PROGRAM EVALUATION/REVIEW/DEVELOPMENT,541611,ADMINISTRATIVE MANAGEMENT AND GENERAL MANAGEMENT CONSULTING SERVICES,CDS TASK ORDER 16.  TERMINATION FOR CONVENIENCE AGREEMENT.  EO: RADICAL TRANSPARENCY ABOUT WASTEFUL SPENDING.,EO: RADICAL TRANSPARENCY ABOUT WASTEFUL SPENDING,DELIVERY ORDER
36C10X24F0100,P00002,2025-05-09,2024-09-10,2025-02-25,-145725.26,45829.74,45829.74,SAC FREDERICK (36C10X),SAC FREDERICK (36C10X),OK,DURANT,BRYAN,747010252,02,"KAUFFMAN & ASSOCIATES, INC.",,R499,SUPPORT- PROFESSIONAL: OTHER,541611,ADMINISTRATIVE MANAGEMENT AND GENERAL MANAGEMENT CONSULTING SERVICES,TERMINATION FOR CONVENIENCE - TRIBAL CONSULTATION SERVICES - EO: RADICAL TRANSPARENCY ABOUT WASTEFUL SPENDING.,,BPA CALL
36C24421D0105,P00005,2025-05-09,2021-09-21,,0.00,0.00,871050.00,244-NETWORK CONTRACT OFFICE 4 (36C244),642-PHILADELPHIA (00642)(36C642),,,,,,"VOS GROUP LLC, THE",,9140,FUEL OILS,324110,PETROLEUM REFINERIES,TERMINATION FOR CONVENIENCE,,IDC
36C24425P0008,P00001,2025-05-12,2024-12-16,2025-05-09,-146000.00,36500.00,36500.00,244-NETWORK CONTRACT OFFICE 4 (36C244),693-WILKES BARRE(00693)(36C693),PA,WILKES BARRE,LUZERNE,187110316,08,A&B TECHNICAL LLC,,Q522,MEDICAL- RADIOLOGY,621512,DIAGNOSTIC IMAGING CENTERS,PARTIAL TERMINATE FOR CONVENIENCE - INTERIM MOBILE PET/CT LEASE,EO: RADICAL TRANSPARENCY ABOUT WASTEFUL SPENDING,PURCHASE ORDER
36C25723F0111,P00007,2025-05-12,2023-10-01,2025-04-01,-9887.71,15958.05,60958.05,257-NETWORK CONTRACT OFFICE 17 (36C257),504-AMARILLO (00504),TX,AMARILLO,POTTER,791061990,13,"DBP, INC.",,Q603,MEDICAL TRANSCRIPTIONS,561410,DOCUMENT PREPARATION SERVICES,AMARILLO MEDICAL TRANSCRIPTION SERVICE - TERMINATION FOR CONVENIENCE,EO: RADICAL TRANSPARENCY ABOUT WASTEFUL SPENDING,DELIVERY ORDER
36C10X24N0183,P00002,2025-05-13,2024-09-30,2025-02-25,-2149044.80,1668455.20,1668455.20,SAC FREDERICK (36C10X),SAC FREDERICK (36C10X),VA,FAIRFAX,FAIRFAX,220306112,11,"CLIENT FIRST TECHNOLOGIES, INC",,R499,SUPPORT- PROFESSIONAL: OTHER,541611,ADMINISTRATIVE MANAGEMENT AND GENERAL MANAGEMENT CONSULTING SERVICES,"TERMINATION FOR CONVENIENCE IN FULL, SETTLEMENT OF TERMINATION PROPOSAL",EO: RADICAL TRANSPARENCY ABOUT WASTEFUL SPENDING,DELIVERY ORDER
36C24722C0081,P00007,2025-05-13,2022-02-28,2027-02-27,-54636.00,147082.90,203075.90,247-NETWORK CONTRACT OFFICE 7 (36C247),544-COLUMBIA (00544)(36C544),SC,COLUMBIA,RICHLAND,292092110,02,UNIVERSITY OF SOUTH CAROLINA,,AH53,NATURAL RESOURCES AND ENVIRONMENT R&D SERVICES; OTHER NATURAL RESOURCES; EXPERIMENTAL DEVELOPMENT,541690,OTHER SCIENTIFIC AND TECHNICAL CONSULTING SERVICES,TERMINATION FOR CONVENIENCE OF THE GOVERNMENT BY EXECUTIVE ORDER,,DEFINITIVE CONTRACT
36C24E23D0030,P00003,2025-05-13,2023-07-01,,0.00,0.00,129365.00,RPO EAST (36C24E),RPO EAST (36C24E),,,,,,BROWN UNIVERSITY,,AJ11,GENERAL SCIENCE AND TECHNOLOGY R&D SERVICES; GENERAL SCIENCE AND TECHNOLOGY; BASIC RESEARCH,541940,VETERINARY SERVICES,ANIMAL CARE,,IDC
36C26325P0616,P00002,2025-05-13,2025-04-01,2026-03-31,-99463.44,0.00,0.00,NETWORK CONTRACT OFFICE 23 (36C263),618-MINNEAPOLIS VA MED CTR (00618),MN,MINNEAPOLIS,HENNEPIN,554172309,05,"COX SUBSCRIPTIONS, INC.",,R605,SUPPORT- ADMINISTRATIVE: LIBRARY,519210,LIBRARIES AND ARCHIVES,TERMINATION,,PURCHASE ORDER
36C26224P0247,P00002,2025-05-14,2023-11-20,2025-05-08,0.00,44958.55,120182.63,262-NETWORK CONTRACT OFFICE 22 (36C262),649 PRESCOTT (00649),AZ,PRESCOTT,YAVAPAI,863135001,02,ALDEVRA LLC,,J041,"MAINT/REPAIR/REBUILD OF EQUIPMENT- REFRIGERATION, AIR CONDITIONING, AND AIR CIRCULATING EQUIPMENT",811310,COMMERCIAL AND INDUSTRIAL MACHINERY AND EQUIPMENT (EXCEPT AUTOMOTIVE AND ELECTRONIC) REPAIR AND MAINTENANCE,REFRIGERATION PMI - TERMINATION FOR CONVENIENCE,,PURCHASE ORDER
36C10X23N0129,P00007,2025-05-15,2023-08-27,2025-02-25,-1883574.64,3224213.57,4846191.57,SAC FREDERICK (36C10X),SAC FREDERICK (36C10X),VA,MANASSAS,PRINCE WILLIAM,201092243,10,"INFORMATION SCIENCES CONSULTING, INCORPORATED",,R499,SUPPORT- PROFESSIONAL: OTHER,541611,ADMINISTRATIVE MANAGEMENT AND GENERAL MANAGEMENT CONSULTING SERVICES,TERMINATION SETTLEMENT - EO: RADICAL TRANSPARENCY ABOUT WASTEFUL SPENDING.,,DELIVERY ORDER
36C24124C0058,P00002,2025-05-15,2024-04-24,2025-05-21,-654690.41,43873.59,43873.59,241-NETWORK CONTRACT OFFICE 01 (36C241),523-BOSTON (00523)(36C523),MA,JAMAICA PLAIN,SUFFOLK,021304817,07,ROTHWELL CONSTRUCTION LLC,,Z2DA,REPAIR OR ALTERATION OF HOSPITALS AND INFIRMARIES,236220,COMMERCIAL AND INSTITUTIONAL BUILDING CONSTRUCTION,MOD P00002- TERMINATION FOR CONVENIENCE FOR 523-23-005 REPLACE FLOORS OR PACU SDSU,,DEFINITIVE CONTRACT
36C24E24N0213,P00001,2025-05-15,2024-09-21,2025-03-05,-920298.66,818373.34,818373.34,RPO EAST (36C24E),RPO EAST (36C24E),MA,BEDFORD,MIDDLESEX,017301488,06,"PATHFINDER CONSULTANTS, LLC",,R707,SUPPORT- MANAGEMENT: CONTRACT/PROCUREMENT/ACQUISITION SUPPORT,541611,ADMINISTRATIVE MANAGEMENT AND GENERAL MANAGEMENT CONSULTING SERVICES,PROFESSIONAL ACQUISITION SUPPORT SERVICES - TERMINATED FOR CONVENIENCE.,EO: RADICAL TRANSPARENCY ABOUT WASTEFUL SPENDING,BPA CALL
36C24E24N0214,P00002,2025-05-15,2024-09-21,2025-03-05,-485413.72,307066.28,307066.28,RPO EAST (36C24E),RPO EAST (36C24E),NY,TARRYTOWN,WESTCHESTER,105910002,17,"PATHFINDER CONSULTANTS, LLC",,R707,SUPPORT- MANAGEMENT: CONTRACT/PROCUREMENT/ACQUISITION SUPPORT,541611,ADMINISTRATIVE MANAGEMENT AND GENERAL MANAGEMENT CONSULTING SERVICES,PROFESSIONAL ACQUISITION SUPPORT SERVICES - TERMINATED FOR CONVENIENCE.,EO: RADICAL TRANSPARENCY ABOUT WASTEFUL SPENDING,BPA CALL
36C24E24N0215,P00001,2025-05-15,2024-09-21,2025-03-05,-155476.16,326979.84,326979.84,RPO EAST (36C24E),RPO EAST (36C24E),PA,ASPINWALL,ALLEGHENY,152151625,17,"PATHFINDER CONSULTANTS, LLC",,R707,SUPPORT- MANAGEMENT: CONTRACT/PROCUREMENT/ACQUISITION SUPPORT,541611,ADMINISTRATIVE MANAGEMENT AND GENERAL MANAGEMENT CONSULTING SERVICES,PROFESSIONAL ACQUISITION SUPPORT SERVICES - TERMINATED FOR CONVENIENCE.,EO: RADICAL TRANSPARENCY ABOUT WASTEFUL SPENDING,BPA CALL
36C24E24N0216,P00001,2025-05-15,2024-09-21,2025-03-05,-469271.87,530688.13,530688.13,RPO EAST (36C24E),RPO EAST (36C24E),MD,LINTHICUM HEIGHTS,ANNE ARUNDEL,210902700,03,"PATHFINDER CONSULTANTS, LLC",,R707,SUPPORT- MANAGEMENT: CONTRACT/PROCUREMENT/ACQUISITION SUPPORT,541611,ADMINISTRATIVE MANAGEMENT AND GENERAL MANAGEMENT CONSULTING SERVICES,TERMINATION FOR CONVENIENCE AGREEMENT - PROFESSIONAL ACQUISITION SUPPORT SERVICES,EO: RADICAL TRANSPARENCY ABOUT WASTEFUL SPENDING,BPA CALL
36C24E24N0217,P00002,2025-05-15,2024-09-21,2025-03-05,-503386.34,454553.16,454553.16,RPO EAST (36C24E),RPO EAST (36C24E),NC,DURHAM,DURHAM,277077001,04,"PATHFINDER CONSULTANTS, LLC",,R707,SUPPORT- MANAGEMENT: CONTRACT/PROCUREMENT/ACQUISITION SUPPORT,541611,ADMINISTRATIVE MANAGEMENT AND GENERAL MANAGEMENT CONSULTING SERVICES,PROFESSIONAL ACQUISITION SUPPORT SERVICES - TERMINATED FOR CONVENIENCE.,EO: RADICAL TRANSPARENCY ABOUT WASTEFUL SPENDING,BPA CALL
36C24E24N0218,P00002,2025-05-15,2024-09-21,2025-03-05,-173883.16,316268.84,316268.84,RPO EAST (36C24E),RPO EAST (36C24E),FL,TAMPA,HILLSBOROUGH,336127099,15,"PATHFINDER CONSULTANTS, LLC",,R707,SUPPORT- MANAGEMENT: CONTRACT/PROCUREMENT/ACQUISITION SUPPORT,541611,ADMINISTRATIVE MANAGEMENT AND GENERAL MANAGEMENT CONSULTING SERVICES,PROFESSIONAL ACQUISITION SUPPORT SERVICES - TERMINATED FOR CONVENIENCE.,EO: RADICAL TRANSPARENCY ABOUT WASTEFUL SPENDING,BPA CALL
36C24E24N0219,P00001,2025-05-15,2024-09-21,2025-03-05,-348547.06,509868.94,509868.94,RPO EAST (36C24E),RPO EAST (36C24E),PA,ASPINWALL,ALLEGHENY,152151625,17,"PATHFINDER CONSULTANTS, LLC",,R707,SUPPORT- MANAGEMENT: CONTRACT/PROCUREMENT/ACQUISITION SUPPORT,541611,ADMINISTRATIVE MANAGEMENT AND GENERAL MANAGEMENT CONSULTING SERVICES,TERMINATION FOR CONVENIENCE AGREEMENT - PROFESSIONAL ACQUISITION SUPPORT SERVICES,EO: RADICAL TRANSPARENCY ABOUT WASTEFUL SPENDING,BPA CALL
36C25821P0210,P00005,2025-05-15,2021-07-07,2025-03-05,0.00,17840.00,31220.00,262-NETWORK CONTRACT OFFICE 22 (36C262),501-ALBUERQUE (00501),NM,ALBUQUERQUE,BERNALILLO,871085153,01,"AMERICAN NATIONAL STANDARDS INSTITUTE, INCORPORATED",,AN11,HEALTH R&D SERVICES; HEALTH CARE SERVICES; BASIC RESEARCH,541611,ADMINISTRATIVE MANAGEMENT AND GENERAL MANAGEMENT CONSULTING SERVICES,TERMINATION FOR CONVENIENCE UNDER EO RADICAL TRANSPARENCY ABOUT WASTEFUL SPENDING,EO: RADICAL TRANSPARENCY ABOUT WASTEFUL SPENDING,PURCHASE ORDER
36C24225P0883,P00001,2025-05-16,2025-04-30,2030-04-30,-27455.04,0.00,0.00,242-NETWORK CONTRACT OFFICE 02 (36C242),242-NETWORK CONTRACT OFFICE 02 (36C242),NY,CANANDAIGUA,ONTARIO,144241159,24,CSIC SOLUTIONS LLC,,H259,EQUIPMENT AND MATERIALS TESTING- ELECTRICAL AND ELECTRONIC EQUIPMENT COMPONENTS,811310,COMMERCIAL AND INDUSTRIAL MACHINERY AND EQUIPMENT (EXCEPT AUTOMOTIVE AND ELECTRONIC) REPAIR AND MAINTENANCE,"TERMINATION FOR CONVENIENCE - DEFECT IN TECHNICAL EVALUATION LED TO TERMINATION OF CURRENT AWARD, AND A NEW AWARD WILL BE MADE TO THE APPROPRIATE VENDOR.",,PURCHASE ORDER
36C77624N0410,P00002,2025-05-16,2024-05-06,2025-02-25,0.00,134717.04,134717.04,PCAC (36C776),PCAC (36C776),MD,ANNAPOLIS,ANNE ARUNDEL,214033246,03,TAURIAN CONSULTING LLC,,R799,SUPPORT- MANAGEMENT: OTHER,541611,ADMINISTRATIVE MANAGEMENT AND GENERAL MANAGEMENT CONSULTING SERVICES,TERMINATION FOR CONVENIENCE AGREEMENT - SAVINGS $0,,DELIVERY ORDER
36C77624N0823,P00002,2025-05-16,2024-09-25,2025-02-25,0.00,219316.66,219316.66,PCAC (36C776),PCAC (36C776),MD,ANNAPOLIS,ANNE ARUNDEL,214033246,03,TAURIAN CONSULTING LLC,,R799,SUPPORT- MANAGEMENT: OTHER,541611,ADMINISTRATIVE MANAGEMENT AND GENERAL MANAGEMENT CONSULTING SERVICES,TERMINATION FOR CONVENIENCE AGREEMENT,,DELIVERY ORDER
36C10D23N0009,P00002,2025-05-19,2023-08-07,2023-09-11,-74166.96,-0.00,0.00,VETERANS BENEFITS ADMIN (36C10D),VBA OFFICE OF BUSINESS INTEGRATION,DC,WASHINGTON,DISTRICT OF COLUMBIA,200061053,98,"GENERAL DYNAMICS INFORMATION TECHNOLOGY, INC.",,R499,SUPPORT- PROFESSIONAL: OTHER,518210,"COMPUTING INFRASTRUCTURE PROVIDERS, DATA PROCESSING, WEB HOSTING, AND RELATED SERVICES",FILE CONVERSION SERVICES - TERMINATION (COMPLETE),,DELIVERY ORDER
36C10X20P0038,P00009,2025-05-19,2020-03-25,2025-02-25,-27220.94,1339069.78,1339069.78,SAC FREDERICK (36C10X),SAC FREDERICK (36C10X),MD,FREDERICK,FREDERICK,217032817,06,"640 ACRES, LLC",,R408,SUPPORT- PROFESSIONAL: PROGRAM MANAGEMENT/SUPPORT,541611,ADMINISTRATIVE MANAGEMENT AND GENERAL MANAGEMENT CONSULTING SERVICES,"VA ACQUISITION ACADEMY (VAAA) ACQUISITION INTERNSHIP SCHOOL (AIS) OPERATIONAL SUPPORT SERVICES. NO-COST SETTLEMENT AGREEMENT FOR TERMINATION FOR GOVERNMENT CONVENIENCE IAW FAR 52.212-4(L), AND DE-OBLIGATION OF OP 4 FUNDS.",EO: RADICAL TRANSPARENCY ABOUT WASTEFUL SPENDING,PURCHASE ORDER
36C26225P0218,P00001,2025-05-19,2024-12-01,2025-11-30,-170519.99,56840.01,56840.01,262-NETWORK CONTRACT OFFICE 22 (36C262),600-VA LONG BEACH HLTCAR SYS(00600),CA,LONG BEACH,LOS ANGELES,908221001,42,STERILECO LLC,,Q901,HEALTHCARE ENVIRONMENTAL CLEANING,561720,JANITORIAL SERVICES,SPECIALIZED JANITORIAL SVCS TO INCLUDE SURGICAL ROOMS,,PURCHASE ORDER
36C77624N0823,P00003,2025-05-19,2024-09-25,2025-02-25,-100341.14,219316.66,219316.66,PCAC (36C776),PCAC (36C776),MD,ANNAPOLIS,ANNE ARUNDEL,214033246,03,TAURIAN CONSULTING LLC,,R799,SUPPORT- MANAGEMENT: OTHER,541611,ADMINISTRATIVE MANAGEMENT AND GENERAL MANAGEMENT CONSULTING SERVICES,"TERMINATION FOR CONVENIENCE AGREEMENT - SAVINGS: $100,341.14",,DELIVERY ORDER
36C77624P0088,P00001,2025-05-19,2024-09-25,2025-03-05,-121537.35,82730.92,964116.37,PCAC (36C776),623-MUSKOGEE (00623),OK,MUSKOGEE,MUSKOGEE,744014171,02,"THE CRADDOCK GROUP, LLC",,R408,SUPPORT- PROFESSIONAL: PROGRAM MANAGEMENT/SUPPORT,541611,ADMINISTRATIVE MANAGEMENT AND GENERAL MANAGEMENT CONSULTING SERVICES,"*TERMINATION FOR CONVENIENCE AGREEMENT* - ACTIVATION PROGRAM SUPPORT SERVICES. COST SAVINGS/AVOIDANCE: $121,537.35.",EO: RADICAL TRANSPARENCY ABOUT WASTEFUL SPENDING,PURCHASE ORDER
36C10B23F0182,P00011,2025-05-20,2023-07-07,2025-05-11,0.00,5044065.33,186212627.28,TECHNOLOGY ACQUISITION CENTER NJ (36C10B),TECHNOLOGY ACQUISITION CENTER NJ (36C10B),FL,PORT ORANGE,VOLUSIA,321288318,07,TECHANAX LLC,,DE10,"IT and Telecom - End User as a Service: Help Desk;Tier 1-2,Workspace,Print,Output,Productivity Tools",541519,OTHER COMPUTER RELATED SERVICES,"NOTICE OF TERMINATION FOR CONVENIENCE.
EO: RADICAL TRANSPARENCY ABOUT WASTEFUL SPENDING",EO: RADICAL TRANSPARENCY ABOUT WASTEFUL SPENDING,DELIVERY ORDER
36C10X23N0057,P00006,2025-05-20,2023-03-29,2025-02-25,-180063.77,3526503.84,6374955.79,SAC FREDERICK (36C10X),SAC FREDERICK (36C10X),VA,ALEXANDRIA,ALEXANDRIA CITY,223143359,08,"APTIVE HTG, LLC",,R499,SUPPORT- PROFESSIONAL: OTHER,541611,ADMINISTRATIVE MANAGEMENT AND GENERAL MANAGEMENT CONSULTING SERVICES,TERMINATION FOR CONVENIENCE - THIS MODIFICATION CLOSES OUT THE TASK ORDER AND IS A $0.00 SETTLEMENT. - 'EO: RADICAL TRANSPARENCY ABOUT WASTEFUL SPENDING',EO: RADICAL TRANSPARENCY ABOUT WASTEFUL SPENDING,DELIVERY ORDER
36C24425C0012,P00002,2025-05-20,2025-04-07,2025-09-30,-14718000.00,0.00,0.00,244-NETWORK CONTRACT OFFICE 4 (36C244),693-WILKES BARRE(00693)(36C693),PA,WILKES BARRE,LUZERNE,187110030,08,"FDCD II JOINT VENTURE, LLC",,Z2DA,REPAIR OR ALTERATION OF HOSPITALS AND INFIRMARIES,236220,COMMERCIAL AND INSTITUTIONAL BUILDING CONSTRUCTION,"TERMINATION FOR CONVENIENCE (FULL) DUE TO GAO PROTEST. 
CONSTRUCTION - RENOVATION FOR 9TH FLOOR MENTAL HEALTH UNIT AT THE WILKES-BARRE VA MEDICAL CENTER.",,DEFINITIVE CONTRACT
36C24624F0130,P00001,2025-05-20,2024-04-09,2025-02-24,-16404.70,58583.40,58583.40,246-NETWORK CONTRACTING OFFICE 6 (36C246),VETERANS HEALTH ADMINISTRATION,NC,DURHAM,DURHAM,277053875,04,FRANKLIN COVEY CLIENT SALES INC,,U005,EDUCATION/TRAINING- TUITION/REGISTRATION/MEMBERSHIP FEES,611430,PROFESSIONAL AND MANAGEMENT DEVELOPMENT TRAINING,"PARTIAL TERMINATION
FRANKLINCOVEY LEADERSHIP TRAINING",EO: RADICAL TRANSPARENCY ABOUT WASTEFUL SPENDING,DELIVERY ORDER
36C25223P0593,P00004,2025-05-20,2023-06-01,2029-05-31,-505921.68,801345.87,2022099.84,252-NETWORK CONTRACT OFFICE 12 (36C252),578-HINES(00578)(36C578),IL,HINES,COOK,601411494,07,REDCON SOLUTIONS GROUP LLC,,R430,SUPPORT- PROFESSIONAL: PHYSICAL SECURITY AND BADGING,561612,SECURITY GUARDS AND PATROL SERVICES,TERMINATION FOR CONVENIENCE DUE TO SERVICES NO LONGER BEING NEEDED,,PURCHASE ORDER
36C25623P0337,P00003,2025-05-20,2023-04-01,2025-04-30,-10430.00,27118.00,52150.00,256-NETWORK CONTRACT OFFICE 16 (36C256),520-BILOXI (00520),MS,BILOXI,HARRISON,395312410,04,"IMED BIOMEDICAL, INC.",,J065,"MAINT/REPAIR/REBUILD OF EQUIPMENT- MEDICAL, DENTAL, AND VETERINARY EQUIPMENT AND SUPPLIES",811210,ELECTRONIC AND PRECISION EQUIPMENT REPAIR AND MAINTENANCE,"PREVENTIVE MAINTENANCE SERVICES & REPAIR FOR MEDRAD/BAYER CT AND MRI
INJECTORS - TERMINATION FOR CONVENIENCE AT REQUEST OF FACILITY AND DEOBLIGATION OF FUNDS -($10,430.00) / FACILITY WILL PERFORM SERVICES, CONTRACTUAL AGREEMENT NO LONGER NEEDED.",,PURCHASE ORDER
36C10D23N0001,P00002,2025-05-21,2022-11-15,2023-07-10,-115150.72,-0.00,0.00,VETERANS BENEFITS ADMIN (36C10D),VBA OFFICE OF BUSINESS INTEGRATION,DC,WASHINGTON,DISTRICT OF COLUMBIA,200023503,98,GOVERNMENTCIO LLC,,R499,SUPPORT- PROFESSIONAL: OTHER,518210,"COMPUTING INFRASTRUCTURE PROVIDERS, DATA PROCESSING, WEB HOSTING, AND RELATED SERVICES",RELEASE EXCESS FUNDS - TERMINATION,,DELIVERY ORDER
36C10X24C0032,P00002,2025-05-21,2024-09-09,2025-03-04,0.00,980146.44,1921433.99,SAC FREDERICK (36C10X),SAC FREDERICK (36C10X),MD,FREDERICK,FREDERICK,217032817,06,SHOULDER 2 SHOULDER INC,,R499,SUPPORT- PROFESSIONAL: OTHER,541611,ADMINISTRATIVE MANAGEMENT AND GENERAL MANAGEMENT CONSULTING SERVICES,TERMINATION SETTLEMENT AGREEMENT,EO: RADICAL TRANSPARENCY ABOUT WASTEFUL SPENDING,DEFINITIVE CONTRACT
36C10X24N0140,P00004,2025-05-21,2024-06-16,2025-03-04,0.00,2773284.04,6759602.50,SAC FREDERICK (36C10X),SAC FREDERICK (36C10X),MD,FREDERICK,FREDERICK,217032817,06,"SIERRA 7, INC.",,R499,SUPPORT- PROFESSIONAL: OTHER,541611,ADMINISTRATIVE MANAGEMENT AND GENERAL MANAGEMENT CONSULTING SERVICES,TERMINATION SETTLEMENT AGREEMENT,EO: RADICAL TRANSPARENCY ABOUT WASTEFUL SPENDING,DELIVERY ORDER
36C24723P0334,P00004,2025-05-21,2023-02-01,2025-02-25,-67228.68,552702.35,592702.35,247-NETWORK CONTRACT OFFICE 7 (36C247),247-NETWORK CONTRACT OFFICE 7 (36C247),GA,DECATUR,DEKALB,300336137,05,HEADS-UP PERFORMANCE INC,,U009,EDUCATION/TRAINING- GENERAL,541611,ADMINISTRATIVE MANAGEMENT AND GENERAL MANAGEMENT CONSULTING SERVICES,TERMINATION FOR CONVIVENCE FINAL COMMITMENT MANAGMENT CULTURE CHANGE TRAINING SERVICE,,PURCHASE ORDER
36C25625P0781,P00001,2025-05-21,2025-03-27,2025-05-20,-360428.57,0.00,0.00,256-NETWORK CONTRACT OFFICE 16 (36C256),VETERANS HEALTH ADMINISTRATION,LA,PINEVILLE,RAPIDES,713604044,06,ALLIED FEDERAL SOLUTIONS LLC,,N063,"INSTALLATION OF EQUIPMENT- ALARM, SIGNAL, AND SECURITY DETECTION SYSTEMS",561621,SECURITY SYSTEMS SERVICES (EXCEPT LOCKSMITHS),"ALX REPLACEMENT OF VERKADA SECURITY CAMERAS AND MAINTENANCE SERVICES
TERMINATION FOR CONVENIENCE COMPLETE FROM POST AWARD PROTEST DECISION FOR CORRECTIVE ACTIONS.",,PURCHASE ORDER
36C26124F0299,P00001,2025-05-21,2024-04-05,2028-04-04,-12650.00,26450.00,172800.00,261-NETWORK CONTRACT OFFICE 21 (36C261),261-NETWORK CONTRACT OFFICE 21 (36C261),CA,SAN FRANCISCO,SAN FRANCISCO,941211563,11,"LANTEC OF LOUISIANA, L.L.C.",,U006,EDUCATION/TRAINING- VOCATIONAL/TECHNICAL,611420,COMPUTER TRAINING,MICROSOFT 365 TRAINING AND PROFESSIONAL DEVELOPMENT SERVICES,,DELIVERY ORDER
36A79721N0059,P00006,2025-05-27,2021-01-21,2025-05-16,-448.80,0.00,0.00,NAC HIGH TECH ORDERS (36A797),NAC HIGH TECH ORDERS (36A797),WA,BOTHELL,SNOHOMISH,980218431,01,PHILIPS NORTH AMERICA LLC,,6525,"IMAGING EQUIPMENT AND SUPPLIES: MEDICAL, DENTAL, VETERINARY",334517,IRRADIATION APPARATUS MANUFACTURING,"XR CATH LAB CARDIAC PURCHASED FOR THE VA MEDICAL CENTER IN FRESNO, CA",,DELIVERY ORDER
36C10X22N0208,P00006,2025-05-27,2022-09-27,2025-02-25,0.00,3830461.63,3830461.63,SAC FREDERICK (36C10X),SAC FREDERICK (36C10X),FL,SOUTHWEST RANCHES,BROWARD,333311810,25,"HRS CONSULTING, INC.",,R408,SUPPORT- PROFESSIONAL: PROGRAM MANAGEMENT/SUPPORT,541611,ADMINISTRATIVE MANAGEMENT AND GENERAL MANAGEMENT CONSULTING SERVICES,TERMINATION SETTLEMENT MODIFICATION,EO: RADICAL TRANSPARENCY ABOUT WASTEFUL SPENDING,DELIVERY ORDER
36C24E24N0170,P00001,2025-05-27,2024-07-29,2025-05-27,-1375.00,1125.00,1125.00,RPO EAST (36C24E),RPO EAST (36C24E),RI,PROVIDENCE,PROVIDENCE,029081010,01,BROWN UNIVERSITY IN PROVIDENCE IN THE STATE OF RHODE ISLAND AND PROVIDENCE PLANTATIONS,,AJ11,GENERAL SCIENCE AND TECHNOLOGY R&D SERVICES; GENERAL SCIENCE AND TECHNOLOGY; BASIC RESEARCH,541715,"RESEARCH AND DEVELOPMENT IN THE PHYSICAL, ENGINEERING, AND LIFE SCIENCES (EXCEPT NANOTECHNOLOGY AND BIOTECHNOLOGY)",ACADEMIC AFFILIATE MRF SERVICES,,DELIVERY ORDER
36C25624C0014,P00002,2025-05-27,2024-02-23,2025-02-28,-2375846.00,311821.00,311821.00,256-NETWORK CONTRACT OFFICE 16 (36C256),VETERANS HEALTH ADMINISTRATION,LA,PINEVILLE,RAPIDES,713604044,06,MILLER-REMICK MICHAEL BAKER INTERNATIONAL JV LP,,C1NB,ARCHITECT AND ENGINEERING- CONSTRUCTION: HEATING AND COOLING PLANTS,541330,ENGINEERING SERVICES,PROJECT #502-23-002 AE REPLACE CHILLER PLANT - TERMINATION FOR CONVENIENCE DUE TO FUNDING.  PROJECT HAS BEEN CANCELED BY OCAMS.,,DEFINITIVE CONTRACT
36C26323D0051,P00002,2025-05-27,2023-01-01,,0.00,0.00,7000000.00,NETWORK CONTRACT OFFICE 23 (36C263),438-SIOUX FALLS VA MED CTR (00438),,,,,,HUTCHINSON SENIOR CARE SERVICES,,Q402,"NURSING HOME, LONG-TERM & ADULT DAY CARE SERVICES",623110,NURSING CARE FACILITIES (SKILLED NURSING FACILITIES),"HUTCHINSON SENIOR CARE SERVICES: RATE MOD FOR FY24. 
POP: 02-01-2024 TO 01-31-2025.",,IDC
36C77624C0162,P00002,2025-05-27,2024-08-28,2025-03-06,-24227.69,158593.31,570364.00,PCAC (36C776),PCAC (36C776),LA,NEW ORLEANS,ORLEANS,701196535,02,"MILLER-REMICK, LLC",,R425,SUPPORT- PROFESSIONAL: ENGINEERING/TECHNICAL,541690,OTHER SCIENTIFIC AND TECHNICAL CONSULTING SERVICES,TERMINATION FOR CONVENIENCE.,EO: RADICAL TRANSPARENCY ABOUT WASTEFUL SPENDING,DEFINITIVE CONTRACT
36C24225P0006,P00003,2025-05-28,2024-11-11,2025-05-21,-5700.00,0.00,0.00,242-NETWORK CONTRACT OFFICE 02 (36C242),DEPT OF VETERANS AFFAIRS (3600),NY,NORTHPORT,SUFFOLK,117682200,01,SILVER NATIONAL CORP.,,J045,"MAINT/REPAIR/REBUILD OF EQUIPMENT- PLUMBING, HEATING, AND WASTE DISPOSAL EQUIPMENT",238220,"PLUMBING, HEATING, AND AIR-CONDITIONING CONTRACTORS",EMERGENCY BOILER #3 CLEANING - TERMINATE FOR CONVENIENCE,EO: RADICAL TRANSPARENCY ABOUT WASTEFUL SPENDING,PURCHASE ORDER
36C24723P0776,P00002,2025-05-28,2023-06-01,2025-03-05,-7098.92,23276.08,23276.08,247-NETWORK CONTRACT OFFICE 7 (36C247),521-BIRMINGHAM(00521)(36C521),AL,BIRMINGHAM,JEFFERSON,352940002,07,UNIVERSITY OF ALABAMA AT BIRMINGHAM,,AN21,HEALTH R&D SERVICES; HEALTH RESEARCH AND TRAINING; BASIC RESEARCH,541690,OTHER SCIENTIFIC AND TECHNICAL CONSULTING SERVICES,TERMINATION FOR CONVENIENCE,EO: RADICAL TRANSPARENCY ABOUT WASTEFUL SPENDING,PURCHASE ORDER
36E77620N0002,P00004,2025-05-28,2019-11-19,2025-05-31,-78333.66,282024.33,469198.12,PCAC (36C776),245-NETWORK CONTRACT OFFICE 5 (36C245),DC,WASHINGTON,DISTRICT OF COLUMBIA,204220001,98,"HARTIGAN, BOWMAN, FOSTER & ASSOCIATES, LLC",,C1DA,ARCHITECT AND ENGINEERING- CONSTRUCTION: HOSPITALS AND INFIRMARIES,541330,ENGINEERING SERVICES,TERMINATION FOR CONVENIENCE OF DESIGN OF THE RENOVATE OUTPATIENT CLINIC MEET PACT DESIGN.,,DELIVERY ORDER
36C10F24C50013,P00002,2025-05-29,2024-08-14,2025-01-30,-339173.46,416917.86,416917.86,OFFICE OF CONSTRUCTION &  FACILITIES MGMT (36C10F),OFFICE OF CONSTRUCTION &  FACILITIES MGMT (36C10F),TX,DALLAS,DALLAS,752167167,30,FFE ENVIRONMENTAL SERVICES INC,,C219,ARCHITECT AND ENGINEERING- GENERAL: OTHER,541330,ENGINEERING SERVICES,TERMINATION FOR CONVENIENCE. MODIFICATION TO DE-OBLIGATE FUNDS. 'EO: RADICAL TRANSPARENCY ABOUT WASTEFUL SPENDING'.,EO: RADICAL TRANSPARENCY ABOUT WASTEFUL SPENDING,DEFINITIVE CONTRACT
36C24123C0067,P00005,2025-05-29,2023-08-18,2029-07-09,-294672.95,912137.86,1206810.81,241-NETWORK CONTRACT OFFICE 01 (36C241),402-TOGUS (00402),ME,AUGUSTA,KENNEBEC,043309322,02,BRAVO ZULU LLC,,C1DZ,ARCHITECT AND ENGINEERING- CONSTRUCTION: OTHER HOSPITAL BUILDINGS,541310,ARCHITECTURAL SERVICES,AE RENO OPERATING SUITE - P00005 TERMINATION FOR CONVENIENCE,EO: RADICAL TRANSPARENCY ABOUT WASTEFUL SPENDING,DEFINITIVE CONTRACT
36C24624D0029,P00002,2025-05-29,2024-06-01,,0.00,0.00,150636.93,246-NETWORK CONTRACTING OFFICE 6 (36C246),637-ASHEVILLE (00637)(36C637),,,,,,"RELIANCE MEDICAL TRANSPORT, LLC",,V225,TRANSPORTATION/TRAVEL/RELOCATION- TRAVEL/LODGING/RECRUITMENT: AMBULANCE,621910,AMBULANCE SERVICES,AMBULANCE SERVICES TERMINATION FOR CONVENIENCE,EO: RADICAL TRANSPARENCY ABOUT WASTEFUL SPENDING,IDC
36C25525P0002,P00001,2025-05-29,2025-01-01,2029-12-31,-4852.83,1581.57,1581.57,255-NETWORK CONTRACT OFFICE 15 (36C255),657 STL EASTERN ORBIT,IL,MARION,WILLIAMSON,629591188,12,"BRINK'S, INCORPORATED",,R602,SUPPORT- ADMINISTRATIVE: COURIER/MESSENGER,561613,ARMORED CAR SERVICES,BASE YEAR FOR ARMORED CAR SERVICES - TERMINATE FOR CONVENIENCE,,PURCHASE ORDER
36C25725P0398,P00001,2025-05-29,2025-05-06,2025-05-15,-16770.00,0.00,0.00,257-NETWORK CONTRACT OFFICE 17 (36C257),674-TEMPLE (00674),TX,TEMPLE,BELL,765047176,31,MEAK SOLUTIONS LLC.,,J041,"MAINT/REPAIR/REBUILD OF EQUIPMENT- REFRIGERATION, AIR CONDITIONING, AND AIR CIRCULATING EQUIPMENT",238220,"PLUMBING, HEATING, AND AIR-CONDITIONING CONTRACTORS",CTX HVAC REPAIR SERVICE,,PURCHASE ORDER
36C26323P0419,P00004,2025-05-29,2023-05-01,2028-04-30,-56003.40,39117.60,666913.56,NETWORK CONTRACT OFFICE 23 (36C263),618-MINNEAPOLIS VA MED CTR (00618),MN,MINNEAPOLIS,HENNEPIN,554545005,05,REGENTS OF THE UNIVERSITY OF MINNESOTA,,U099,EDUCATION/TRAINING- OTHER,541611,ADMINISTRATIVE MANAGEMENT AND GENERAL MANAGEMENT CONSULTING SERVICES,TERMINATION FOR CONVENIENCE AGREEMENT-REAL LIFE PATIENT SIMULATORS/MEDICAL TRAINING,EO: RADICAL TRANSPARENCY ABOUT WASTEFUL SPENDING,PURCHASE ORDER
36C10X24P0097,P00001,2025-05-30,2024-09-30,2025-05-30,0.00,30000.00,90000.00,SAC FREDERICK (36C10X),SAC FREDERICK (36C10X),TN,NASHVILLE,DAVIDSON,372090001,05,"PRIVASENSE, LLC",,DJ10,IT AND TELECOM - SECURITY AND COMPLIANCE AS A SERVICE,541511,CUSTOM COMPUTER PROGRAMMING SERVICES,TERMINATION FOR CONVENIENCE (COMPLETE),EO: RADICAL TRANSPARENCY ABOUT WASTEFUL SPENDING,PURCHASE ORDER
36C24220C0072,P00015,2025-05-30,2020-03-01,2025-05-31,-1060908.58,20029920.93,23377892.51,242-NETWORK CONTRACT OFFICE 02 (36C242),DEPT OF VETERANS AFFAIRS,NY,BUFFALO,ERIE,142151129,26,"UNIVERSITY EMERGENCY MEDICAL SERVICES, INC.",,Q201,MEDICAL- MANAGED HEALTHCARE,611310,"COLLEGES, UNIVERSITIES, AND PROFESSIONAL SCHOOLS",BOARD CERTIFIED/BOARD ELIGIBLE EMERGENCY DEPARTMENT PHYSICIAN AND ADVANCED PRACTICE PROVIDER SERVICES ON BEHALF OF THE VA WESTERN NEW YORK HEALTHCARE SYSTEM AT BUFFALO,,DEFINITIVE CONTRACT
36C24825P0893,P00002,2025-05-30,2025-03-14,2025-05-30,-108750.00,27500.00,27500.00,248-NETWORK CONTRACT OFFICE 8 (36C248),573-NF/SG VETS HOSP(00573)(36C573),TX,AUSTIN,TRAVIS,787343608,10,DERRAH MORRISON ENTERPRISES LLC,,6515,"MEDICAL AND SURGICAL INSTRUMENTS, EQUIPMENT, AND SUPPLIES",339112,SURGICAL AND MEDICAL INSTRUMENT MANUFACTURING,SURGICAL SAWS,,PURCHASE ORDER
36C10F24F0030,P00003,2025-06-02,2024-09-30,2025-03-07,-9681.00,166619.00,166619.00,OFFICE OF CONSTRUCTION &  FACILITIES MGMT (36C10F),ACQUISITION BUSINESS SERVICE (36C10C),DC,WASHINGTON,DISTRICT OF COLUMBIA,200041017,98,MNB MERIDIAN DEFENSE LTD LLC,,R499,SUPPORT- PROFESSIONAL: OTHER,541611,ADMINISTRATIVE MANAGEMENT AND GENERAL MANAGEMENT CONSULTING SERVICES,SETTLEMENT OF TERMINATION FOR CONVENIENCE AGREEMENT. EO: RADICAL TRANSPARENCY ABOUT WASTEFUL SPENDING,EO: RADICAL TRANSPARENCY ABOUT WASTEFUL SPENDING,DELIVERY ORDER
36C10X20N0139,P00014,2025-06-02,2020-09-30,2025-02-25,-9474519.11,63466227.92,63466227.92,SAC FREDERICK (36C10X),SAC FREDERICK (36C10X),DC,WASHINGTON,DISTRICT OF COLUMBIA,200010004,98,"APTIVE HTG, LLC",,R408,SUPPORT- PROFESSIONAL: PROGRAM MANAGEMENT/SUPPORT,541611,ADMINISTRATIVE MANAGEMENT AND GENERAL MANAGEMENT CONSULTING SERVICES,NOTICE OF TERMINATION FOR CONVENIENCE - SETTLEMENT OF TERMINATION PROPOSAL AND DEOBLIGATION OF EXCESS FUNDS,EO: RADICAL TRANSPARENCY ABOUT WASTEFUL SPENDING,DELIVERY ORDER
36C10X22N0162,P00010,2025-06-02,2022-09-21,2025-02-25,0.00,4443692.26,4443699.52,SAC FREDERICK (36C10X),SAC FREDERICK (36C10X),DC,WASHINGTON,DISTRICT OF COLUMBIA,200011152,98,"APTIVE HTG, LLC",,R499,SUPPORT- PROFESSIONAL: OTHER,541611,ADMINISTRATIVE MANAGEMENT AND GENERAL MANAGEMENT CONSULTING SERVICES,VHA INTEGRATED HEALTHCARE TRANSFORMATION (IHT) IDIQ CONTRACT- TOPR0132 - P000010 - TERMINATE FOR CONVENIENCE (COMPLETE OR PARTIAL),EO: RADICAL TRANSPARENCY ABOUT WASTEFUL SPENDING,DELIVERY ORDER
36C10X23F0054,P00003,2025-06-02,2023-08-15,2025-02-25,-739078.26,2250917.94,2250917.94,SAC FREDERICK (36C10X),SAC FREDERICK (36C10X),VA,MONETA,FRANKLIN,241216390,09,"CONCOURSE FEDERAL GROUP, LLC",,R406,SUPPORT- PROFESSIONAL: POLICY REVIEW/DEVELOPMENT,541611,ADMINISTRATIVE MANAGEMENT AND GENERAL MANAGEMENT CONSULTING SERVICES,"THIS MODIFICATION IS FOR TERMINATION SETTLEMENT AND DE-OBLIGATION OF EXCESS FUNDS, DUE TO A TERMINATION FOR CONVENIENCE. EXECUTIVE ORDER: RTWS",EO: RADICAL TRANSPARENCY ABOUT WASTEFUL SPENDING,DELIVERY ORDER
36C10B23C0033,P00004,2025-06-03,2023-08-28,2025-06-03,-8997248.62,0.00,0.00,TECHNOLOGY ACQUISITION CENTER NJ (36C10B),TECHNOLOGY ACQUISITION CENTER NJ (36C10B),VA,HERNDON,FAIRFAX,201715346,11,"IRON BOW TECHNOLOGIES, LLC",,DA01,IT AND TELECOM - BUSINESS APPLICATION/APPLICATION DEVELOPMENT SUPPORT SERVICES (LABOR),541519,OTHER COMPUTER RELATED SERVICES,SYSTEM INTEGRATION AND DEVICE TESTING - MUTUAL TERMINATION,,DEFINITIVE CONTRACT
36C10M25P50004,P00001,2025-06-03,2025-08-03,2025-08-08,-148400.00,0.00,0.00,OFFICE OF INSPECTOR GENERAL OIG (36C10M),OFFICE OF INSPECTOR GENERAL OIG (36C10M),FL,ORLANDO,ORANGE,328216358,09,WORLD CENTER MARRIOTT,,R499,SUPPORT- PROFESSIONAL: OTHER,721110,HOTELS (EXCEPT CASINO HOTELS) AND MOTELS,TERMINATION FOR CONVENIENCE,,PURCHASE ORDER
36C10X24C0028,P00003,2025-06-03,2024-09-23,2025-02-25,-99848.78,577256.22,577256.22,SAC FREDERICK (36C10X),SAC FREDERICK (36C10X),VA,CHESAPEAKE,CHESAPEAKE CITY,233222794,02,WATERFRONT TRAINING SOLUTIONS INC.,,R499,SUPPORT- PROFESSIONAL: OTHER,541611,ADMINISTRATIVE MANAGEMENT AND GENERAL MANAGEMENT CONSULTING SERVICES,TERMINATION FOR CONVENIENCE - SETTLEMENT OF TERMINATION PROPOSAL AND DEOBLIGATION OF EXCESS FUNDS.,EO: RADICAL TRANSPARENCY ABOUT WASTEFUL SPENDING,DEFINITIVE CONTRACT
36C26322D0046,P00003,2025-06-03,2022-02-01,,0.00,0.00,4368460.00,NETWORK CONTRACT OFFICE 23 (36C263),636-NEBRASKA WESTERN-IOWA (00636),,,,,,"MID-AMERICA CARE CENTERS, INC",,Q402,"NURSING HOME, LONG-TERM & ADULT DAY CARE SERVICES",623110,NURSING CARE FACILITIES (SKILLED NURSING FACILITIES),MID AMERICA DBA HOLMES LAKE MANOR 5 YEAR IDC CONTRACT. TERMINATION FOR CONVENIENCE.,,IDC
36C10D23F0029,P00005,2025-06-04,2023-09-21,2025-06-04,0.00,10699165.92,27577990.76,VETERANS BENEFITS ADMIN (36C10D),VBA STRATEGIC PROGRAM MANAGEMENT OFFICE,DC,WASHINGTON,DISTRICT OF COLUMBIA,200061053,98,"BLUE WATER THINKING,LLC",,R408,SUPPORT- PROFESSIONAL: PROGRAM MANAGEMENT/SUPPORT,541519,OTHER COMPUTER RELATED SERVICES,TERMINATION FOR CONVENIENCE,,DELIVERY ORDER
36C10F25P0005,P00002,2025-06-04,2025-03-09,2025-03-06,-45630.00,0.00,0.00,OFFICE OF CONSTRUCTION &  FACILITIES MGMT (36C10F),OFFICE OF CONSTRUCTION &  FACILITIES MGMT (36C10F),IL,CHICAGO,COOK,606061718,07,AMERICAN HOSPITAL ASSOCIATION,,U005,EDUCATION/TRAINING- TUITION/REGISTRATION/MEMBERSHIP FEES,611430,PROFESSIONAL AND MANAGEMENT DEVELOPMENT TRAINING,TERMINATION FOR CONVENIENCE AGREEMENT (EO: RADICAL TRANSPARENCY ABOUT WASTEFUL SPENDING),EO: RADICAL TRANSPARENCY ABOUT WASTEFUL SPENDING,PURCHASE ORDER
36C10X24F0089,P00003,2025-06-04,2024-09-28,2025-09-27,-132176.20,47453.80,47453.80,SAC FREDERICK (36C10X),SAC FREDERICK (36C10X),MD,FREDERICK,FREDERICK,217032817,06,"STAFFORD CONSULTING COMPANY, INC.",,U008,EDUCATION/TRAINING- TRAINING/CURRICULUM DEVELOPMENT,541611,ADMINISTRATIVE MANAGEMENT AND GENERAL MANAGEMENT CONSULTING SERVICES,NO-COST SETTLEMENT AGREEMENT FOR TERMINATION FOR GOVERNMENT CONVENIENCE IAW FAR 52.212-4(L) AND DE-OBLIGATION OF FUNDS. RADICAL TRANSPARENCY ABOUT WASTEFUL SPENDING (RTWS) INITIATIVE.,EO: RADICAL TRANSPARENCY ABOUT WASTEFUL SPENDING,BPA CALL
36C10X24N0172,P00003,2025-06-04,2024-09-02,2025-03-04,-159265.15,184546.37,1629823.97,SAC FREDERICK (36C10X),SAC FREDERICK (36C10X),VA,FAIRFAX STATION,FAIRFAX,220391203,10,"METRICS, LLC",,R408,SUPPORT- PROFESSIONAL: PROGRAM MANAGEMENT/SUPPORT,541611,ADMINISTRATIVE MANAGEMENT AND GENERAL MANAGEMENT CONSULTING SERVICES,T4C SETTLEMENT - TERMINATION FOR THE GOVERNMENTS CONVENIENCE IAW FAR 52 212 4 PARA L,EO: RADICAL TRANSPARENCY ABOUT WASTEFUL SPENDING,DELIVERY ORDER
36C10X25P0003,P00003,2025-06-04,2025-01-06,2026-01-26,-4845122.40,150000.00,341720.00,SAC FREDERICK (36C10X),VBA MEDICAL DISABILITY EXAMINATIONS OFFICE,VA,ARLINGTON,ARLINGTON,222013868,08,BLUE PHOENIX SOLUTIONS LLC,,R499,SUPPORT- PROFESSIONAL: OTHER,541611,ADMINISTRATIVE MANAGEMENT AND GENERAL MANAGEMENT CONSULTING SERVICES,"BUSINESS ADVISORY SUPPORT SERVICES.  P00003 DE-OBLIGATES-$4,845,122.40 AND ADDS NEW CLIN 0009 IN THE AMOUNT OF $150,000.00 FOR TERMINATION SETTLEMENT COSTS.",,PURCHASE ORDER
36C24120D0027,P00007,2025-06-04,2021-01-29,,0.00,0.00,999999.00,241-NETWORK CONTRACT OFFICE 01 (36C241),VETERANS HEALTH ADMINISTRATION,,,,,,BROWN UNIVERSITY IN PROVIDENCE IN THE STATE OF RHODE ISLAND AND PROVIDENCE PLANTATIONS,,AN11,HEALTH R&D SERVICES; HEALTH CARE SERVICES; BASIC RESEARCH,611310,"COLLEGES, UNIVERSITIES, AND PROFESSIONAL SCHOOLS",RESEARCH ASSISTANT SERVICES,EO: RADICAL TRANSPARENCY ABOUT WASTEFUL SPENDING,IDC
36C24124N0779,P00001,2025-06-04,2024-06-07,2025-04-30,0.00,25000.00,25000.00,241-NETWORK CONTRACT OFFICE 01 (36C241),VETERANS HEALTH ADMINISTRATION,RI,PROVIDENCE,PROVIDENCE,029080001,01,BROWN UNIVERSITY IN PROVIDENCE IN THE STATE OF RHODE ISLAND AND PROVIDENCE PLANTATIONS,,AN11,HEALTH R&D SERVICES; HEALTH CARE SERVICES; BASIC RESEARCH,611310,"COLLEGES, UNIVERSITIES, AND PROFESSIONAL SCHOOLS",RESEARCH ASSISTANT SERVICES,EO: RADICAL TRANSPARENCY ABOUT WASTEFUL SPENDING,DELIVERY ORDER
36C24124N1022,P00001,2025-06-04,2024-09-30,2025-06-04,-22886.11,17113.89,17113.89,241-NETWORK CONTRACT OFFICE 01 (36C241),VETERANS HEALTH ADMINISTRATION,RI,PROVIDENCE,PROVIDENCE,029080001,01,BROWN UNIVERSITY IN PROVIDENCE IN THE STATE OF RHODE ISLAND AND PROVIDENCE PLANTATIONS,,AN11,HEALTH R&D SERVICES; HEALTH CARE SERVICES; BASIC RESEARCH,611310,"COLLEGES, UNIVERSITIES, AND PROFESSIONAL SCHOOLS",RESEARCH ASSISTANT SERVICES,EO: RADICAL TRANSPARENCY ABOUT WASTEFUL SPENDING,DELIVERY ORDER
36C24124N1023,P00002,2025-06-04,2024-09-30,2025-09-29,-19269.48,20730.52,20730.52,241-NETWORK CONTRACT OFFICE 01 (36C241),VETERANS HEALTH ADMINISTRATION,RI,PROVIDENCE,PROVIDENCE,029080001,01,BROWN UNIVERSITY IN PROVIDENCE IN THE STATE OF RHODE ISLAND AND PROVIDENCE PLANTATIONS,,AN11,HEALTH R&D SERVICES; HEALTH CARE SERVICES; BASIC RESEARCH,611310,"COLLEGES, UNIVERSITIES, AND PROFESSIONAL SCHOOLS",RESEARCH ASSISTANT SERVICES,EO: RADICAL TRANSPARENCY ABOUT WASTEFUL SPENDING,DELIVERY ORDER
36C24822D0012,P00005,2025-06-04,2021-11-22,,0.00,0.00,986509.32,248-NETWORK CONTRACT OFFICE 8 (36C248),675-ORLANDO (00675)(36C675),,,,,,"SALVATION ARMY, THE",,G004,SOCIAL- SOCIAL REHABILITATION,624221,TEMPORARY SHELTERS,HOMELESS VETERAN EMERGENCY CARE SERVICES OY3,,IDC
36C24824F0350,P00001,2025-06-04,2024-09-19,2025-01-17,-20584.54,0.00,0.00,248-NETWORK CONTRACT OFFICE 8 (36C248),672-SAN JUAN (00672)(36C672),NC,FLETCHER,HENDERSON,287329315,11,"SDV OFFICE SYSTEMS, LLC",,7195,MISCELLANEOUS FURNITURE AND FIXTURES,337215,"SHOWCASE, PARTITION, SHELVING, AND LOCKER MANUFACTURING",TERMINATION FOR CONVENIENCE-MA FURNITURE FOR MENTAL HEALTH DOMICILIARY,,DELIVERY ORDER
36C24825N0168,P00001,2025-06-04,2024-11-01,2025-03-31,0.00,0.00,0.00,248-NETWORK CONTRACT OFFICE 8 (36C248),675-ORLANDO (00675)(36C675),FL,ORLANDO,ORANGE,328274329,09,"SALVATION ARMY, THE",,G004,SOCIAL- SOCIAL REHABILITATION,624221,TEMPORARY SHELTERS,TERMINATION FOR CONVENIENCE - HOMELESS VETERAN EMERGENCY CARE SERVICES,,DELIVERY ORDER
36C25221C0075,P00009,2025-06-04,2021-06-01,2025-05-31,0.00,28620.00,54540.00,252-NETWORK CONTRACT OFFICE 12 (36C252),DEPT OF VETERANS AFFAIRS (3600),IL,AURORA,DUPAGE,605046184,11,"FAMILY INSTITUTE, THE",,Q526,MEDICAL- MEDICAL/PSYCHIATRIC CONSULTATION,621330,OFFICES OF MENTAL HEALTH PRACTITIONERS (EXCEPT PHYSICIANS),READJUSTMENT COUNSELING SERVICES VET CENTER,,DEFINITIVE CONTRACT
36C78623D50307,P00002,2025-06-04,2023-06-01,,0.00,0.00,3205937.52,NATIONAL CEMETERY ADMIN (36C786),NATIONAL CEMETERY ADMIN (36C786),,,,,,"SANFORD FEDERAL, INC.",,S208,HOUSEKEEPING- LANDSCAPING/GROUNDSKEEPING,561730,LANDSCAPING SERVICES,TERMINATE FOR CONVENIENCE,EO: RADICAL TRANSPARENCY ABOUT WASTEFUL SPENDING,IDC
36C10G25D0004,P00001,2025-06-05,2025-05-01,,0.00,0.00,73302180.00,STRATEGIC ACQUISITION CENTER FREDERICKSBURG (36C10G),STRATEGIC ACQUISITION CENTER FREDERICKSBURG (36C10G),,,,,,RESPONSE ALERT LLC,,7F20,IT AND TELECOM - IT MANAGEMENT TOOLS/PRODUCTS (HARDWARE AND PERPETUAL LICENSE SOFTWARE),334220,RADIO AND TELEVISION BROADCASTING AND WIRELESS COMMUNICATIONS EQUIPMENT MANUFACTURING,MEDICAL EMERGENCY ALERT DEVICES FOR NECK PENDANT AND WRISTBAND TERMINATION.,,IDC
36C10G25N0004,P00001,2025-06-05,2025-05-01,2025-06-05,-2500.00,0.00,0.00,STRATEGIC ACQUISITION CENTER FREDERICKSBURG (36C10G),STRATEGIC ACQUISITION CENTER FREDERICKSBURG (36C10G),MD,PIKESVILLE,BALTIMORE,212084919,02,RESPONSE ALERT LLC,,7F20,IT AND TELECOM - IT MANAGEMENT TOOLS/PRODUCTS (HARDWARE AND PERPETUAL LICENSE SOFTWARE),334220,RADIO AND TELEVISION BROADCASTING AND WIRELESS COMMUNICATIONS EQUIPMENT MANUFACTURING,MEDICAL EMERGENCY ALERT DEVICES FOR NECK PENDANT TERMINATION.,,DELIVERY ORDER
36C24525N0128,P00003,2025-06-05,2024-11-08,2025-05-02,-81833.00,197997.01,197997.01,245-NETWORK CONTRACT OFFICE 5 (36C245),688-WASHINGTON DC (00688)(36C688),DC,WASHINGTON,DISTRICT OF COLUMBIA,204220001,98,"MILLER-REMICK, LLC",,C1DZ,ARCHITECT AND ENGINEERING- CONSTRUCTION: OTHER HOSPITAL BUILDINGS,541330,ENGINEERING SERVICES,DESCOPE OF WORK AND DE-OBLIGATION OF FUNDS DUE TO PARTIAL TERMINATION FOR CONVENIENCE FOR PROJECT 688-24-120 LIMITED FACILITY CONDITION ASSESSMENT AND DESIGN OF EXISTING SPS ROOFS FOR WASHINGTON DC VAMC,,DELIVERY ORDER
36C25624P1493,P00003,2025-06-05,2024-08-08,2025-04-17,-38500.00,38500.00,38500.00,256-NETWORK CONTRACT OFFICE 16 (36C256),629-SOUTHEAST LA HLTHCR SYS (00629),LA,NEW ORLEANS,ORLEANS,701194701,01,AFFIRMATIVE SOLUTIONS LLC,,W065,"LEASE OR RENTAL OF EQUIPMENT- MEDICAL, DENTAL, AND VETERINARY EQUIPMENT AND SUPPLIES",811210,ELECTRONIC AND PRECISION EQUIPMENT REPAIR AND MAINTENANCE,RENTAL SERVICE OF ENDOSCOPIC DECOMPRESSION SET,,PURCHASE ORDER
36C26322D0087,P00007,2025-06-05,2021-11-01,,0.00,0.00,2200939.09,NETWORK CONTRACT OFFICE 23 (36C263),636-NEBRASKA WESTERN-IOWA (00636),,,,,,EMERALD NURSING & REHAB LANCASTER LLC,,Q402,"NURSING HOME, LONG-TERM & ADULT DAY CARE SERVICES",623110,NURSING CARE FACILITIES (SKILLED NURSING FACILITIES),LANCASTER SNF OPERATIONS LLC DBA LANCASTER REHAB CENTER NWI NURSING HOME,,IDC
36C10D22F0019,P00007,2025-06-06,2022-09-30,2025-02-25,-904818.11,4936605.46,4936605.46,VETERANS BENEFITS ADMIN (36C10D),VBA LOAN GUARANTY SERVICE,FL,PENSACOLA,ESCAMBIA,325024141,01,"DYNAMIC INTEGRATED SERVICES, LLC",,R699,SUPPORT- ADMINISTRATIVE: OTHER,541611,ADMINISTRATIVE MANAGEMENT AND GENERAL MANAGEMENT CONSULTING SERVICES,LGY STAFFING SUPPORT SERVICES - DEOBLIGATING UNUSED OPT YR 2 CLINS AND PAYING TERMINATION SETTLEMENT. EO: RADICAL TRANSPARENCY ABOUT WASTEFUL SPENDING,EO: RADICAL TRANSPARENCY ABOUT WASTEFUL SPENDING,DELIVERY ORDER
36C24224F0165,P00001,2025-06-06,2024-06-01,2025-02-21,0.00,30805.25,92415.75,242-NETWORK CONTRACT OFFICE 02 (36C242),242-NETWORK CONTRACT OFFICE 02 (36C242),VA,WOODBRIDGE,PRINCE WILLIAM,221923826,07,REDHAWK IT SOLUTIONS LLC,,7A21,IT AND TELECOM - BUSINESS APPLICATION SOFTWARE (PERPETUAL LICENSE SOFTWARE),541519,OTHER COMPUTER RELATED SERVICES,ADOBE ACROBAT SIGN FEDRAMP MODERATE SUBSCRIPTION BUNDLE,,DELIVERY ORDER
36C25821C0009,P00013,2025-06-09,2020-10-01,2025-03-27,-44734.47,232358.07,232358.07,262-NETWORK CONTRACT OFFICE 22 (36C262),678-TUCSON(00678),AZ,TUCSON,PIMA,857230001,07,REC SOLAR COMMERCIAL CORPORATION,,J099,MAINT/REPAIR/REBUILD OF EQUIPMENT- MISCELLANEOUS,238210,ELECTRICAL CONTRACTORS AND OTHER WIRING INSTALLATION CONTRACTORS,TERMINATION FOR CONVENIENCE.,,DEFINITIVE CONTRACT
36C10X23P0036,P00008,2025-06-11,2023-04-01,2025-02-25,-514576.37,1555460.41,2556147.61,SAC FREDERICK (36C10X),SAC FREDERICK (36C10X),VA,FAIRFAX STATION,FAIRFAX,220393161,11,MILITARY SERVICE ALLIANCE INCORPORATED,,R707,SUPPORT- MANAGEMENT: CONTRACT/PROCUREMENT/ACQUISITION SUPPORT,541611,ADMINISTRATIVE MANAGEMENT AND GENERAL MANAGEMENT CONSULTING SERVICES,TERMINATION FOR CONVENIENCE - SETTLEMENT,EO: RADICAL TRANSPARENCY ABOUT WASTEFUL SPENDING,PURCHASE ORDER
36C26125N0045,P00001,2025-06-11,2024-10-01,2025-04-24,-417647.44,767011.16,767011.16,261-NETWORK CONTRACT OFFICE 21 (36C261),261-NETWORK CONTRACT OFFICE 21 (36C261),NV,NORTH LAS VEGAS,CLARK,890864400,04,SIEMENS HEALTHCARE DIAGNOSTICS INC.,,6640,LABORATORY EQUIPMENT AND SUPPLIES,334516,ANALYTICAL LABORATORY INSTRUMENT MANUFACTURING,PARTIAL TERMINATION FOR CONVENIENCE. SIEMENS ATELLICA ANALYZER COST PER REPORTABLE RESULT (CPRR).,EO: RADICAL TRANSPARENCY ABOUT WASTEFUL SPENDING,DELIVERY ORDER
VA24617J7273,P00013,2025-06-12,2017-09-06,2025-06-12,-157028.94,593856.00,593856.00,246-NETWORK CONTRACTING OFFICE 6 (36C246),VETERANS HEALTH ADMINISTRATION,NC,DURHAM,DURHAM,277054190,04,"ATRIAX, P.L.L.C.",,C1DA,ARCHITECT AND ENGINEERING- CONSTRUCTION: HOSPITALS AND INFIRMARIES,541310,ARCHITECTURAL SERVICES,CONVERTED TO TERMINATION FOR CONVENIENCE,EO: RADICAL TRANSPARENCY ABOUT WASTEFUL SPENDING,DELIVERY ORDER
36C10F24N0043,P00003,2025-06-13,2024-09-30,2025-03-05,-7915.00,37370.44,37370.44,OFFICE OF CONSTRUCTION &  FACILITIES MGMT (36C10F),OFFICE OF CONSTRUCTION &  FACILITIES MGMT (36C10F),VA,STERLING,LOUDOUN,201664220,10,"INTERIOR SYSTEMS, INC.",,E1PC,PURCHASE OF UNIMPROVED REAL PROPERTY (LAND),541611,ADMINISTRATIVE MANAGEMENT AND GENERAL MANAGEMENT CONSULTING SERVICES,"TERMINATION FOR CONVENIENCE AGREEMENT
- RADICAL TRANSPARENCY ABOUT WASTEFUL SPENDING",EO: RADICAL TRANSPARENCY ABOUT WASTEFUL SPENDING,BPA CALL
36C10F24N0045,P00002,2025-06-13,2024-09-30,2025-03-05,-3000.00,15700.00,15700.00,OFFICE OF CONSTRUCTION &  FACILITIES MGMT (36C10F),OFFICE OF CONSTRUCTION &  FACILITIES MGMT (36C10F),VA,STERLING,LOUDOUN,201664220,10,"INTERIOR SYSTEMS, INC.",,R404,SUPPORT- PROFESSIONAL: LAND SURVEYS-CADASTRAL (NON-CONSTRUCTION),541611,ADMINISTRATIVE MANAGEMENT AND GENERAL MANAGEMENT CONSULTING SERVICES,"TERMINATION FOR CONVENIENCE AGREEMENT
- RADICAL TRANSPARENCY ABOUT WASTEFUL SPENDING",EO: RADICAL TRANSPARENCY ABOUT WASTEFUL SPENDING,BPA CALL
36C24222P1166,P00006,2025-06-16,2022-08-01,2027-07-31,-33915.44,100440.44,147951.89,242-NETWORK CONTRACT OFFICE 02 (36C242),DEPT OF VETERANS AFFAIRS,MI,BINGHAM FARMS,OAKLAND,480255800,12,"TRILLAMED, LLC",,J065,"MAINT/REPAIR/REBUILD OF EQUIPMENT- MEDICAL, DENTAL, AND VETERINARY EQUIPMENT AND SUPPLIES",811219,OTHER ELECTRONIC AND PRECISION EQUIPMENT REPAIR AND MAINTENANCE,"PARTIAL TERMINATION FOR CONVENIENCE 
REMOVAL OF CALIBRATION SERVICES - CLIN 3002 AND 4002",,PURCHASE ORDER
36C25525N0022,P00001,2025-06-16,2024-10-01,2025-02-27,-161563.67,392368.93,2882696.12,255-NETWORK CONTRACT OFFICE 15 (36C255),589 KAN WESTERN ORBIT,MO,KANSAS CITY,JACKSON,641282226,05,"TENACITY SOLUTIONS, LLC",,R699,SUPPORT- ADMINISTRATIVE: OTHER,541611,ADMINISTRATIVE MANAGEMENT AND GENERAL MANAGEMENT CONSULTING SERVICES,DOGE TERMINATION_BASE YEAR - SWITCHBOARD TELEPHONE OPERATOR SERVICES FOR THE KC VAMC,EO: RADICAL TRANSPARENCY ABOUT WASTEFUL SPENDING,DELIVERY ORDER
36C10X24C0025,P00002,2025-06-17,2024-08-08,2025-02-25,-1601276.81,2749044.39,2749044.39,SAC FREDERICK (36C10X),SAC FREDERICK (36C10X),VA,STAFFORD,STAFFORD,225569052,07,"BEN ALLEGRETTI CONSULTING, INC",,R425,SUPPORT- PROFESSIONAL: ENGINEERING/TECHNICAL,541611,ADMINISTRATIVE MANAGEMENT AND GENERAL MANAGEMENT CONSULTING SERVICES,IAW EO RADICAL TRANSPARENCY ABOUT WASTEFUL SPENDING RTWS - TERMINATION,,DEFINITIVE CONTRACT
36C25023C0198,P00003,2025-06-17,2023-09-28,2025-06-30,-58535.00,174165.00,174165.00,250-NETWORK CONTRACT OFFICE 10 (36C250),583-INDIANAPOLIS(00583),IN,FORT WAYNE,ALLEN,468055602,03,ZB TRAINING SOLUTIONS LLC,,U008,EDUCATION/TRAINING- TRAINING/CURRICULUM DEVELOPMENT,611430,PROFESSIONAL AND MANAGEMENT DEVELOPMENT TRAINING,610 SUPERVISORS TRAINING ACADEMY PROGRAM FOR NIHCS TERMINATION FOR CONVENIENCE,EO: RADICAL TRANSPARENCY ABOUT WASTEFUL SPENDING,DEFINITIVE CONTRACT
36C25025F0700,P00001,2025-06-17,2025-05-15,2030-04-30,-48702.00,0.00,0.00,250-NETWORK CONTRACT OFFICE 10 (36C250),757-COLUMBUS (00757),OH,COLUMBUS,FRANKLIN,432191834,03,"JOHNSON CONTROLS, INC.",,J063,"MAINT/REPAIR/REBUILD OF EQUIPMENT- ALARM, SIGNAL, AND SECURITY DETECTION SYSTEMS",334290,OTHER COMMUNICATIONS EQUIPMENT MANUFACTURING,FIRE ALARM TESTING AND MAINTENANCE,,DELIVERY ORDER
36C10B25F0111,P00001,2025-06-18,2025-05-24,2025-05-30,-4432100.00,0.00,0.00,TECHNOLOGY ACQUISITION CENTER NJ (36C10B),TECHNOLOGY ACQUISITION CENTER NJ (36C10B),CT,MIDDLETOWN,MIDDLESEX,064577570,01,REGAN TECHNOLOGIES CORPORATION,,DA10,IT AND TELECOM - BUSINESS APPLICATION/APPLICATION DEVELOPMENT SOFTWARE AS A SERVICE,541519,OTHER COMPUTER RELATED SERVICES,BRAND NAME TRIAGEXPERT CONTACT CENTER (TXCC) SOFTWARE-AS-A-SERVICE (SAAS) LICENSE SUBSCRIPTIONS AND RELATED TECHNICAL SUPPORT - TERMINATION FOR THE GOVERNMENT'S CONVENIENCE,,DELIVERY ORDER
36C10D23F0029,P00006,2025-06-18,2023-09-21,2025-06-04,-2450403.20,8248762.72,8248762.72,VETERANS BENEFITS ADMIN (36C10D),VBA STRATEGIC PROGRAM MANAGEMENT OFFICE,DC,WASHINGTON,DISTRICT OF COLUMBIA,200061053,98,"BLUE WATER THINKING,LLC",,R408,SUPPORT- PROFESSIONAL: PROGRAM MANAGEMENT/SUPPORT,541519,OTHER COMPUTER RELATED SERVICES,TERMINATION FOR CONVENIENCE AGREEMENT,,DELIVERY ORDER
36C10X24N0062,P00003,2025-06-18,2024-01-18,2025-02-25,-481890.03,788963.52,788963.52,SAC FREDERICK (36C10X),VHACO SUPPORT SERVICES,VA,CHANTILLY,FAIRFAX,201513933,11,RB MANAGEMENT CONSULTANTS LLC,,R499,SUPPORT- PROFESSIONAL: OTHER,541611,ADMINISTRATIVE MANAGEMENT AND GENERAL MANAGEMENT CONSULTING SERVICES,TERMINATION FOR CONVENIENCE AGREEMENT,EO: RADICAL TRANSPARENCY ABOUT WASTEFUL SPENDING,DELIVERY ORDER
36C24625C0023,P00001,2025-06-18,2025-03-25,2025-05-27,-45815.00,0.00,0.00,246-NETWORK CONTRACTING OFFICE 6 (36C246),565-FAYETTEVILLE (00565)(36565),NC,FAYETTEVILLE,CUMBERLAND,283119728,09,J3 ENTERPRISE LLC,,F108,ENVIRONMENTAL SYSTEMS PROTECTION- ENVIRONMENTAL REMEDIATION,236220,COMMERCIAL AND INSTITUTIONAL BUILDING CONSTRUCTION,"""TERMINATION FOR CONVENIENCE AGREEMENT""",EO: RADICAL TRANSPARENCY ABOUT WASTEFUL SPENDING,DEFINITIVE CONTRACT
36C26024D0014,P00001,2025-06-18,2023-12-15,,0.00,0.00,2700000.00,260-NETWORK CONTRACT OFFICE 20 (36C260),648-PORTLAND (00648),,,,,,"SLEEP CARE, INC.",,Q301,REFERENCE LABORATORY TESTING,621610,HOME HEALTH CARE SERVICES,HOME SLEEP STUDY TESTING SERVICES,,IDC
36C77622C0038,P00003,2025-06-18,2022-05-19,2024-06-18,0.00,1679314.81,1679314.81,PCAC (36C776),PCAC (36C776),CA,MENLO PARK,SAN MATEO,940252539,15,SPEES-HERNANDEZ JV LLC,,Y1DA,CONSTRUCTION OF HOSPITALS AND INFIRMARIES,236220,COMMERCIAL AND INSTITUTIONAL BUILDING CONSTRUCTION,MODIFICATION TO TERMINATION FOR CONVENIENCE.,,DEFINITIVE CONTRACT
36C26322D0133,P00002,2025-06-23,2022-07-01,,0.00,0.00,1300000.00,NETWORK CONTRACT OFFICE 23 (36C263),438-SIOUX FALLS VA MED CTR (00438),,,,,,"NORTON SD SKILLED NURSING FACILITY, LLC",,Q402,"NURSING HOME, LONG-TERM & ADULT DAY CARE SERVICES",623110,NURSING CARE FACILITIES (SKILLED NURSING FACILITIES),NORTON SD SKILLED NURSING FACILITY: NURSING HOME 5 YEAR IDC CONTRACT. TERMINATION FOR CONVENIENCE OF THE GOVERNMENT. RTWS CODE,EO: RADICAL TRANSPARENCY ABOUT WASTEFUL SPENDING,IDC
36C24721C0186,P00005,2025-06-24,2021-08-18,2026-04-16,-442833.28,668796.72,668796.72,247-NETWORK CONTRACT OFFICE 7 (36C247),534-CHARLESTON (00534)(36C534),SC,CHARLESTON,CHARLESTON,294015799,06,"BEEKMAN POINT ENGINEERING, LLC",,C1DA,ARCHITECT AND ENGINEERING- CONSTRUCTION: HOSPITALS AND INFIRMARIES,541330,ENGINEERING SERVICES,PN 534-21-101 CORRECT ELECTRICAL DEF PH 3 NO COST TIME EXT P00002,,DEFINITIVE CONTRACT
36C10X21N0182,P00007,2025-06-25,2021-09-30,2025-02-25,-119353.43,777084.97,1009659.37,SAC FREDERICK (36C10X),SAC FREDERICK (36C10X),VA,ALEXANDRIA,FAIRFAX,223103309,08,"TRILOGY FEDERAL, LLC",,R499,SUPPORT- PROFESSIONAL: OTHER,541611,ADMINISTRATIVE MANAGEMENT AND GENERAL MANAGEMENT CONSULTING SERVICES,NOTICE OF TERMINATION FOR CONVENIENCE,EO: RADICAL TRANSPARENCY ABOUT WASTEFUL SPENDING,DELIVERY ORDER
36C26225F0458,P00001,2025-06-25,2025-05-19,2025-06-18,-383110.60,0.00,0.00,262-NETWORK CONTRACT OFFICE 22 (36C262),605-VA LOMA LINDA HLTHCR SYS(00605),FL,NICEVILLE,OKALOOSA,325788839,01,FIRST NATION GROUP LLC,,6515,"MEDICAL AND SURGICAL INSTRUMENTS, EQUIPMENT, AND SUPPLIES",339112,SURGICAL AND MEDICAL INSTRUMENT MANUFACTURING,SUPPLY:STOCK VENTILATORS,,DELIVERY ORDER
36C10X20N0145,P00011,2025-06-26,2020-09-28,2025-02-25,-235040.75,1491744.70,1491744.70,SAC FREDERICK (36C10X),SAC FREDERICK (36C10X),DC,WASHINGTON,DISTRICT OF COLUMBIA,204200001,98,TITAN ALPHA LLC,,R426,SUPPORT- PROFESSIONAL: COMMUNICATIONS,541611,ADMINISTRATIVE MANAGEMENT AND GENERAL MANAGEMENT CONSULTING SERVICES,TERMINATION FOR CONVENIENCE - PROPOSAL SETTLEMENT,EO: RADICAL TRANSPARENCY ABOUT WASTEFUL SPENDING,DELIVERY ORDER
36C24725P0673,P00001,2025-06-27,2025-09-30,2030-09-30,-51420.00,0.00,0.00,247-NETWORK CONTRACT OFFICE 7 (36C247),247-NETWORK CONTRACT OFFICE 7 (36C247),AL,BIRMINGHAM,JEFFERSON,352331121,07,DPT WASTE SOLUTIONS INC,,S205,HOUSEKEEPING- TRASH/GARBAGE COLLECTION,562111,SOLID WASTE COLLECTION,WASTE REMOVAL SERVICES,EO: RADICAL TRANSPARENCY ABOUT WASTEFUL SPENDING,PURCHASE ORDER
36C24E24C0012,P00001,2025-06-27,2024-06-01,2025-03-25,-7031.80,28122.00,177230.11,RPO EAST (36C24E),663-SEATTLE (00663),CA,LA JOLLA,SAN DIEGO,920930021,50,"UNIVERSITY OF CALIFORNIA, SAN DIEGO",,AN12,HEALTH R&D SERVICES; HEALTH CARE SERVICES; APPLIED RESEARCH,541690,OTHER SCIENTIFIC AND TECHNICAL CONSULTING SERVICES,NOTICE OF TERMINATION FOR CONVENIENCE - BIOSTATISTICIAN,EO: RADICAL TRANSPARENCY ABOUT WASTEFUL SPENDING,DEFINITIVE CONTRACT
36C26221C0144,P00006,2025-06-27,2021-08-01,2025-05-22,0.00,191600.00,244800.00,262-NETWORK CONTRACT OFFICE 22 (36C262),691-VA GREATER LA HLTHCR SYS(00691),CA,LOS ANGELES,LOS ANGELES,900730001,32,"RAND CORPORATION, THE",,U008,EDUCATION/TRAINING- TRAINING/CURRICULUM DEVELOPMENT,611710,EDUCATIONAL SUPPORT SERVICES,"PER VHA LEADERSHIP, TERMINATING CONTRACT FOR GOVERNMENT'S CONVINIENCE. 'RADICAL TRANSPARENCY ABOUT WASTEFUL SPENDING,",EO: RADICAL TRANSPARENCY ABOUT WASTEFUL SPENDING,DEFINITIVE CONTRACT
36C26225P1180,P00001,2025-06-27,2025-05-09,2025-09-01,-299185.00,0.00,0.00,262-NETWORK CONTRACT OFFICE 22 (36C262),644-PHOENIX (00644),TX,AUSTIN,TRAVIS,787580102,37,FIDELIS HEALTHCARE LLC,,6520,"DENTAL INSTRUMENTS, EQUIPMENT, AND SUPPLIES",339114,DENTAL EQUIPMENT AND SUPPLIES MANUFACTURING,TERMINATION FOR CONVENIENCE,,PURCHASE ORDER
36C10A24F0035,P00003,2025-06-30,2024-06-12,2025-06-27,0.00,2481139.59,6575802.31,TECHNOLOGY ACQUISITION CENTER AUSTIN (36C10A),TECHNOLOGY ACQUISITION CENTER AUSTIN (36C10A),DC,WASHINGTON,DISTRICT OF COLUMBIA,204200001,98,"REI SYSTEMS, INC.",,DH10,"IT AND TELECOM - PLATFORM AS A SERVICE: DATABASE, MAINFRAME, MIDDLEWARE",541511,CUSTOM COMPUTER PROGRAMMING SERVICES,"FULL TERMINATION FOR THE GOVERNMENT'S CONVENIENCE, VA GRANTS MANAGEMENT SOLUTION AND HOSTING",,DELIVERY ORDER
36C24824P2195,P00001,2025-06-30,2024-09-01,2024-12-31,-20710.69,0.00,0.00,248-NETWORK CONTRACT OFFICE 8 (36C248),VETERANS HEALTH ADMINISTRATION,FL,BAY PINES,PINELLAS,337440151,13,THE JANZ CORP,,J065,"MAINT/REPAIR/REBUILD OF EQUIPMENT- MEDICAL, DENTAL, AND VETERINARY EQUIPMENT AND SUPPLIES",339112,SURGICAL AND MEDICAL INSTRUMENT MANUFACTURING,WALL INSTALLATION SERVICES FOR VITAL SIGN MONITOR TERMINATION FOR CONVENIENCE.,,PURCHASE ORDER
36C24E23C0010,P00002,2025-06-30,2023-09-13,2025-06-20,0.00,384814.64,693667.00,RPO EAST (36C24E),506-ANN ARBOR (00506),MA,BOSTON,SUFFOLK,021156027,07,PRESIDENT AND FELLOWS OF HARVARD COLLEGE,,B537,SPECIAL STUDIES/ANALYSIS- MEDICAL/HEALTH,541715,"RESEARCH AND DEVELOPMENT IN THE PHYSICAL, ENGINEERING, AND LIFE SCIENCES (EXCEPT NANOTECHNOLOGY AND BIOTECHNOLOGY)",NOTICE OF TERMINATION FOR CONVENIENCE,EO: RADICAL TRANSPARENCY ABOUT WASTEFUL SPENDING,DEFINITIVE CONTRACT
36C10X22N0172,P00011,2025-07-01,2022-09-28,2025-02-25,-396651.74,879250.72,3414198.10,SAC FREDERICK (36C10X),SAC FREDERICK (36C10X),VA,CHANTILLY,FAIRFAX,201511680,11,TITAN ALPHA LLC,,R499,SUPPORT- PROFESSIONAL: OTHER,541611,ADMINISTRATIVE MANAGEMENT AND GENERAL MANAGEMENT CONSULTING SERVICES,NOTICE OF TERMINATION FOR CONVENIENCE. TERMINATION SETTLEMENT,EO: RADICAL TRANSPARENCY ABOUT WASTEFUL SPENDING,DELIVERY ORDER
36C10X23F0089,P00005,2025-07-01,2023-09-26,2025-02-25,-5990560.77,14190159.23,42861239.23,SAC FREDERICK (36C10X),SAC FREDERICK (36C10X),DC,WASHINGTON,DISTRICT OF COLUMBIA,200010001,98,"CRUX FIRM LLC, THE",,U009,EDUCATION/TRAINING- GENERAL,541611,ADMINISTRATIVE MANAGEMENT AND GENERAL MANAGEMENT CONSULTING SERVICES,"MODIFICATION P00005 TO FINALIZE SETTLEMENT PROPOSAL, DE-OBLIGATE ALL EXCESS FUNDS, AND CLOSEOUT CONTRACT. TERMINATION FOR CONVENIENCE",,BPA CALL
36C10X23N0047,P00003,2025-07-01,2023-02-28,2025-02-25,0.00,2368796.69,3594378.95,SAC FREDERICK (36C10X),SAC FREDERICK (36C10X),VA,ARLINGTON,ARLINGTON,222092211,08,RB MANAGEMENT CONSULTANTS LLC,,R499,SUPPORT- PROFESSIONAL: OTHER,541611,ADMINISTRATIVE MANAGEMENT AND GENERAL MANAGEMENT CONSULTING SERVICES,NOTICE OF TERMINATION FOR CONVENIENCE. - NO COST SETTLEMENT MOD,EO: RADICAL TRANSPARENCY ABOUT WASTEFUL SPENDING,DELIVERY ORDER
36C10X24N0192,P00003,2025-07-01,2024-08-30,2025-02-25,-1437631.98,1544185.62,4560716.82,SAC FREDERICK (36C10X),SAC FREDERICK (36C10X),VA,ARLINGTON,ARLINGTON,222092297,08,"TRILOGY FEDERAL, LLC",,R408,SUPPORT- PROFESSIONAL: PROGRAM MANAGEMENT/SUPPORT,541611,ADMINISTRATIVE MANAGEMENT AND GENERAL MANAGEMENT CONSULTING SERVICES,NOTICE OF TERMINATION FOR CONVENIENCE. SETTLEMENT AND AMEND PO,EO: RADICAL TRANSPARENCY ABOUT WASTEFUL SPENDING,DELIVERY ORDER
36C25021N0679,P00002,2025-07-01,2021-09-30,2025-11-28,-7290.00,74611.00,74611.00,250-NETWORK CONTRACT OFFICE 10 (36C250),610-MARION (00610),IN,MARION,GRANT,469539536,05,"FFE ENVIRONMENTAL SERVICES, INC.",,C1DA,ARCHITECT AND ENGINEERING- CONSTRUCTION: HOSPITALS AND INFIRMARIES,541310,ARCHITECTURAL SERVICES,ADD PACS SYSTEM ON CAMPUS - 610-21-209 - PARTIAL TERMINATION FOR CONVENIENCE,,DELIVERY ORDER
36C25021N0781,P00003,2025-07-01,2021-09-16,2025-06-30,-39950.00,489924.00,489924.00,250-NETWORK CONTRACT OFFICE 10 (36C250),610-MARION (00610),IN,INDIANAPOLIS,MARION,462022375,07,"FFE ENVIRONMENTAL SERVICES, INC.",,C1DA,ARCHITECT AND ENGINEERING- CONSTRUCTION: HOSPITALS AND INFIRMARIES,541330,ENGINEERING SERVICES,AE REPAIR EXTERIOR INFRASTRUCTURE - 583-20-101 - PARTIAL TERMINATION,,DELIVERY ORDER
36C25024C0080,P00001,2025-07-01,2024-09-28,2025-06-30,-65816.00,3445.00,3445.00,250-NETWORK CONTRACT OFFICE 10 (36C250),610-MARION (00610),IN,FORT WAYNE,ALLEN,468012360,03,"WATSON ENGINEERING, PC",,C1DA,ARCHITECT AND ENGINEERING- CONSTRUCTION: HOSPITALS AND INFIRMARIES,541310,ARCHITECTURAL SERVICES,AE INSTALL HEAT EXCHANGER FOR THE EAST SIDE OF BUILDING #1 - 610A4-22-204 - PARTIAL TERM FOR CONVENIENCE,,DEFINITIVE CONTRACT
36C25721F0121,P00015,2025-07-01,2021-04-01,2025-04-18,-106233.07,934664.43,1170197.87,257-NETWORK CONTRACT OFFICE 17 (36C257),257-NETWORK CONTRACT OFFICE 17 (36C257),TX,DALLAS,DALLAS,752167175,30,"ARBINGER COMPANY, THE",,U099,EDUCATION/TRAINING- OTHER,541611,ADMINISTRATIVE MANAGEMENT AND GENERAL MANAGEMENT CONSULTING SERVICES,TERMINATION FOR CONVENIENCE,EO: RADICAL TRANSPARENCY ABOUT WASTEFUL SPENDING,DELIVERY ORDER
36C24525C0001,P00001,2025-07-02,2024-12-01,2025-02-11,-2058168.00,0.00,9174672.00,245-NETWORK CONTRACT OFFICE 5 (36C245),512-BALTIMORE(00512)(36C512),WV,MARTINSBURG,BERKELEY,254055810,02,"TAYLOR MADE TRANSPORTATION SERVICES, INC.",,V212,TRANSPORTATION/TRAVEL/RELOCATION- TRAVEL/LODGING/RECRUITMENT: MOTOR PASSENGER,485999,ALL OTHER TRANSIT AND GROUND PASSENGER TRANSPORTATION,FULL TERMINATION - VAMHCS SHUTTLE TRANSPORTATION SERVICES - TERMINATION FOR CONVENIENCE,,DEFINITIVE CONTRACT
36C25025C0108,P00001,2025-07-02,2025-05-01,2025-07-02,-17200.00,0.00,0.00,250-NETWORK CONTRACT OFFICE 10 (36C250),583-INDIANAPOLIS(00583),IN,INDIANAPOLIS,MARION,462022375,07,"ELEVEN BRAVO GROUP, LLC",,J065,"MAINT/REPAIR/REBUILD OF EQUIPMENT- MEDICAL, DENTAL, AND VETERINARY EQUIPMENT AND SUPPLIES",811210,ELECTRONIC AND PRECISION EQUIPMENT REPAIR AND MAINTENANCE,TERMINATION FOR CONVENIENCE,,DEFINITIVE CONTRACT
36C10X25N0128,P00002,2025-07-06,2025-01-31,2025-02-25,-986938.19,14049.01,14049.01,SAC FREDERICK (36C10X),SAC FREDERICK (36C10X),DC,WASHINGTON,DISTRICT OF COLUMBIA,204200001,98,"SPREZZATURA MANAGEMENT CONSULTING, LLC",,R410,SUPPORT- PROFESSIONAL: PROGRAM EVALUATION/REVIEW/DEVELOPMENT,541611,ADMINISTRATIVE MANAGEMENT AND GENERAL MANAGEMENT CONSULTING SERVICES,TERMINATION FOR CONVENIENCE,EO: RADICAL TRANSPARENCY ABOUT WASTEFUL SPENDING,DELIVERY ORDER
36C10X24N0162,P00003,2025-07-08,2024-07-08,2025-02-25,-60300.74,286276.98,286276.98,SAC FREDERICK (36C10X),SAC FREDERICK (36C10X),VA,CHANTILLY,FAIRFAX,201513255,11,TITAN ALPHA LLC,,R410,SUPPORT- PROFESSIONAL: PROGRAM EVALUATION/REVIEW/DEVELOPMENT,541611,ADMINISTRATIVE MANAGEMENT AND GENERAL MANAGEMENT CONSULTING SERVICES,T4C TERMINATION SETTLEMENT PAYMENT. OFFICE OF CLINICAL SERVICES PPROPS AND CPRP. EXECUTIVE ORDER: RTWS,EO: RADICAL TRANSPARENCY ABOUT WASTEFUL SPENDING,DELIVERY ORDER
36C24224F0159,P00002,2025-07-08,2024-06-01,2025-06-27,-4474.96,13058.82,13058.82,242-NETWORK CONTRACT OFFICE 02 (36C242),DEPT OF VETERANS AFFAIRS,NY,CANANDAIGUA,ONTARIO,144248048,24,"SIERRA 7, INC.",,DE11,IT AND TELECOM - MOBILE DEVICE AS A SERVICE,541519,OTHER COMPUTER RELATED SERVICES,PLUM CASE SERVICE TERMINATION FOR CONVENIENCE,,DELIVERY ORDER
36C24224P1555,P00004,2025-07-08,2024-08-12,2025-07-08,-57600.00,0.00,0.00,242-NETWORK CONTRACT OFFICE 02 (36C242),DEPT OF VETERANS AFFAIRS (3600),NY,NORTHPORT,SUFFOLK,117682200,01,TEKTON C.C LLC,,H345,"INSPECTION- PLUMBING, HEATING, AND WASTE DISPOSAL EQUIPMENT",238220,"PLUMBING, HEATING, AND AIR-CONDITIONING CONTRACTORS",EMERGENCY BOILER INSPECTIONS - TERMINATION FOR CONVENIENCE,EO: RADICAL TRANSPARENCY ABOUT WASTEFUL SPENDING,PURCHASE ORDER
36C24724P0158,P00003,2025-07-09,2024-01-01,2025-03-05,-5985.50,8120.56,8120.56,247-NETWORK CONTRACT OFFICE 7 (36C247),534-CHARLESTON (00534)(36C534),SC,CHARLESTON,CHARLESTON,294015799,06,PRESS GANEY ASSOCIATES LLC,,R499,SUPPORT- PROFESSIONAL: OTHER,541611,ADMINISTRATIVE MANAGEMENT AND GENERAL MANAGEMENT CONSULTING SERVICES,"NOTICE OF TERMINATION AGREEMENT.
NDNQI SUBSCRIPTION FULL TERMINATION
PARTIAL OY 1, OY 2, 3, AND 4 (CLINS 1001, 2001, 3001,4001) $32,615.06 WILL NOT BE EXERCISED IAW THE WHITE HOUSE MEMORANDUM EO: RADICAL TRANSPARENCY ABOUT WASTEFUL SPENDING",EO: RADICAL TRANSPARENCY ABOUT WASTEFUL SPENDING,PURCHASE ORDER
36C78623C50627,P00002,2025-07-09,2023-09-29,2028-09-28,-10327.98,30983.94,30983.94,NATIONAL CEMETERY ADMIN (36C786),NATIONAL CEMETERY ADMIN (36C786),CA,LOS ANGELES,LOS ANGELES,900499582,32,"SANFORD FEDERAL, INC.",,S209,HOUSEKEEPING- LAUNDRY/DRYCLEANING,812320,DRYCLEANING AND LAUNDRY SERVICES (EXCEPT COIN-OPERATED),TERMINATE FOR CONVENIENCE - LANC MOBILE DRY CLEANING SERVICE,EO: RADICAL TRANSPARENCY ABOUT WASTEFUL SPENDING,DEFINITIVE CONTRACT
36C10D25F0032,P00002,2025-07-10,2025-03-17,2025-06-04,-6853435.78,2096091.02,2096091.02,VETERANS BENEFITS ADMIN (36C10D),VBA OFFICE OF AUTOMATED BENEFITS DELIVERY,SC,HOLLYWOOD,CHARLESTON,294496215,06,PHRONESIS GLOBAL TRAINING SOLUTIONS LLC,,R499,SUPPORT- PROFESSIONAL: OTHER,541611,ADMINISTRATIVE MANAGEMENT AND GENERAL MANAGEMENT CONSULTING SERVICES,MODERN CLAIMS PROCESSING SERVICES - TERMINATION FOR CONVENIENCE,,DELIVERY ORDER
36C25024F0389,P00002,2025-07-10,2024-02-28,2025-08-10,15718.00,67916.00,67916.00,250-NETWORK CONTRACT OFFICE 10 (36C250),541-BRECKSVILLE (00541),RI,WARWICK,KENT,028862204,02,CLAFLIN SERVICE COMPANY,,6515,"MEDICAL AND SURGICAL INSTRUMENTS, EQUIPMENT, AND SUPPLIES",339112,SURGICAL AND MEDICAL INSTRUMENT MANUFACTURING,"EMAIL SENT TO FEDDATACHECK.  PARTIAL TERMINATION SETTLEMENT, THIS P00002 IS FOR CLAIM AND FINAL COMPLETE TERMINATION SETTLEMENT. APW",,DELIVERY ORDER
36C25525P0329,P00001,2025-07-10,2025-06-10,2025-07-21,-211274.18,0.00,0.00,255-NETWORK CONTRACT OFFICE 15 (36C255),589 KAN WESTERN ORBIT,NV,CARSON CITY,CARSON CITY,897034160,02,"FIDELIS SUSTAINABILITY DISTRIBUTION, LLC",,6515,"MEDICAL AND SURGICAL INSTRUMENTS, EQUIPMENT, AND SUPPLIES",334510,ELECTROMEDICAL AND ELECTROTHERAPEUTIC APPARATUS MANUFACTURING,CARDIOHELP AND ACCESSORIES - TERMINATION FOR CONVENIENCE CARDIOHELP EQUIPMENT WAS RECALLED BY THE FDA.,,PURCHASE ORDER
36C78625N0253,P00002,2025-07-10,2025-01-25,2026-01-24,-219450.00,7942.00,7942.00,NATIONAL CEMETERY ADMIN (36C786),NATIONAL CEMETERY ADMIN (36C786),OK,BLACKWELL,KAY,746316511,03,SCHATZ PUBLISHING GROUP LLC,,R617,SUPPORT - ADMINISTRATIVE: ELECTRONIC RECORDS MANAGEMENT SERVICES,518210,"COMPUTING INFRASTRUCTURE PROVIDERS, DATA PROCESSING, WEB HOSTING, AND RELATED SERVICES",TERMINATE FOR CONVENIENCE - 508 DOCUMENT REMEDIATION. FUND OPT 2,EO: RADICAL TRANSPARENCY ABOUT WASTEFUL SPENDING,DELIVERY ORDER
36C24221F0011,P00015,2025-07-11,2020-10-01,2025-09-30,0.00,93352.58,212055.00,242-NETWORK CONTRACT OFFICE 02 (36C242),UNITED STATES DEPARTMENT OF VETERANS AFFAIRS,NJ,EAST ORANGE,ESSEX,070183583,10,SAFEGUARD DOCUMENT DESTRUCTION INC.,,R614,SUPPORT- ADMINISTRATIVE: PAPER SHREDDING,561990,ALL OTHER SUPPORT SERVICES,TERMINATION FOR THE GOVERNMENT'S CONVENIENCE-SENSITIVE DOCUMENT DESTRUCTION SERVICES FOR NJHCS,,DELIVERY ORDER
36C10F23F0036,P00007,2025-07-14,2023-10-07,2025-02-25,-4405663.36,11259332.82,11259332.82,OFFICE OF CONSTRUCTION &  FACILITIES MGMT (36C10F),OFFICE OF CONSTRUCTION &  FACILITIES MGMT (36C10F),DC,WASHINGTON,DISTRICT OF COLUMBIA,200012924,98,REEFPOINT GROUP LLC,,R408,SUPPORT- PROFESSIONAL: PROGRAM MANAGEMENT/SUPPORT,541611,ADMINISTRATIVE MANAGEMENT AND GENERAL MANAGEMENT CONSULTING SERVICES,"EO: RADICAL TRANSPARENCY ABOUT WASTEFUL SPENDING
SETTLEMENT OF TERMINATION FOR CONVENIENCE",EO: RADICAL TRANSPARENCY ABOUT WASTEFUL SPENDING,DELIVERY ORDER
36C24722F0344,P00010,2025-07-14,2022-04-15,2025-09-30,44797.65,2995024.53,3919719.67,247-NETWORK CONTRACT OFFICE 7 (36C247),521-BIRMINGHAM(00521)(36C521),AL,BIRMINGHAM,JEFFERSON,352331228,07,"COGAR GROUP, LTD., THE",,S206,HOUSEKEEPING- GUARD,561612,SECURITY GUARDS AND PATROL SERVICES,BIRMINGHAM VAMC SECURITY GUARDS OY2 _ TERMINATION FOR GOV CONVENIENCE SETTLEMENT,,DELIVERY ORDER
36C24822D0061,P00002,2025-07-14,2022-04-15,,0.00,0.00,880785.44,248-NETWORK CONTRACT OFFICE 8 (36C248),675-ORLANDO (00675)(36C675),,,,,,"TRUSS MEDICAL REPAIR SOLUTIONS, INC.",,J065,"MAINT/REPAIR/REBUILD OF EQUIPMENT- MEDICAL, DENTAL, AND VETERINARY EQUIPMENT AND SUPPLIES",811219,OTHER ELECTRONIC AND PRECISION EQUIPMENT REPAIR AND MAINTENANCE,TERMINATE FOR CONVENIENCE (COMPLETE),,IDC
36C10X24N0235,P00002,2025-07-15,2024-09-30,2025-09-29,-390521.90,352021.60,352021.60,SAC FREDERICK (36C10X),SAC FREDERICK (36C10X),NC,DURHAM,ORANGE,277058041,04,ARROW ARC LLC,,Q201,MEDICAL- MANAGED HEALTHCARE,561320,TEMPORARY HELP SERVICES,MOD TO PARTIALLY TERMINATE CONTRACT,EO: RADICAL TRANSPARENCY ABOUT WASTEFUL SPENDING,DELIVERY ORDER
36C25725F0075,P00001,2025-07-15,2025-07-06,2025-07-15,-130056.76,0.00,0.00,257-NETWORK CONTRACT OFFICE 17 (36C257),549-DALLAS (00549),TX,DALLAS,DALLAS,752164100,30,"DEPENDABLE ON-SITE SCAN & SHRED, INC.",,R614,SUPPORT- ADMINISTRATIVE: PAPER SHREDDING,561990,ALL OTHER SUPPORT SERVICES,TERMINATE FOR CONVENIENCE DUE TO GAO PROTEST.  CORRECTIVE ACTIONS BEING TAKEN FOR NEW AWARD DECISION.,,DELIVERY ORDER
36C10F22N0032,P00009,2025-07-16,2022-09-07,2024-06-28,-446829.23,3288358.63,3288358.63,OFFICE OF CONSTRUCTION &  FACILITIES MGMT (36C10F),OFFICE OF CONSTRUCTION &  FACILITIES MGMT (36C10F),SD,RAPID CITY,PENNINGTON,577012729,00,"FOURFRONT DESIGN, INC.",,C219,ARCHITECT AND ENGINEERING- GENERAL: OTHER,541310,ARCHITECTURAL SERVICES,FORT SNELLING DESIGN TERMINATION AGREEMENT.,,DELIVERY ORDER
36C10X21F0012,P00006,2025-07-16,2021-01-01,2025-02-25,-583441.33,2522884.19,2522884.19,SAC FREDERICK (36C10X),SAC FREDERICK (36C10X),MD,FREDERICK,FREDERICK,217032817,06,"METRICS, LLC",,R499,SUPPORT- PROFESSIONAL: OTHER,541611,ADMINISTRATIVE MANAGEMENT AND GENERAL MANAGEMENT CONSULTING SERVICES,TERMINATION FOR CONVENIENCE DE-OBLIGATION AND TERMINATION SETTLEMENT PAYMENT. EXECUTIVE ORDER: RTWS,EO: RADICAL TRANSPARENCY ABOUT WASTEFUL SPENDING,DELIVERY ORDER
36C77025P0204,P00001,2025-07-16,2025-06-02,2025-12-16,-3231900.00,1615950.00,1615950.00,NATIONAL CMOP OFFICE (36C770),NATIONAL CMOP OFFICE (36C770),TX,SAN ANTONIO,BEXAR,782162809,21,NATIONWIDE PHARMACEUTICAL LLC,,6505,DRUGS AND BIOLOGICALS,325412,PHARMACEUTICAL PREPARATION MANUFACTURING,"PHARMACEUTICALS 770-25-3-801-0442 -NATIONAL CMOP T0385, TAMSULOSIN, THE ACTION TAKEN IS A TERMINATION FOR CONVENIENCE",,PURCHASE ORDER
36C78625F50126,P00002,2025-07-16,2025-01-13,2025-09-30,-4117.52,29712.76,29712.76,NATIONAL CEMETERY ADMIN (36C786),NATIONAL CEMETERY ADMIN (36C786),MO,SAINT LOUIS,SAINT LOUIS CITY,631251007,01,MANAGEMENT RESOURCE SERVICES INC,,U008,EDUCATION/TRAINING- TRAINING/CURRICULUM DEVELOPMENT,541611,ADMINISTRATIVE MANAGEMENT AND GENERAL MANAGEMENT CONSULTING SERVICES,"TERMINATE FOR CONVENIENCE
TO: 36C78625F50126
DE-OB FOR ($4,117.52)
THIS CONTRACT ENDED AND WAS NOT A CONSULTING CONTRACT.",EO: RADICAL TRANSPARENCY ABOUT WASTEFUL SPENDING,DELIVERY ORDER
36C10A24N0033,P00001,2025-07-17,2024-09-29,2026-09-28,-88953.43,10804171.30,23753253.53,TECHNOLOGY ACQUISITION CENTER AUSTIN (36C10A),TECHNOLOGY ACQUISITION CENTER AUSTIN (36C10A),VA,MCLEAN,FAIRFAX,221020002,11,THE MITRE CORPORATION,,R799,SUPPORT- MANAGEMENT: OTHER,541990,"ALL OTHER PROFESSIONAL, SCIENTIFIC, AND TECHNICAL SERVICES",PARTIAL TERMINATION FOR CONVENIENCE ON ORDER FOR FEDERALLY FUNDED RESEARCH AND DEVELOPMENT CENTER SERVICES TO VBA SPMO FOR DATA ANALYSIS AND AUTOMATION SUPPORT,EO: RADICAL TRANSPARENCY ABOUT WASTEFUL SPENDING,DELIVERY ORDER
36C25019N1290,P00005,2025-07-17,2019-09-26,2025-07-17,-76816.07,455575.77,455575.77,250-NETWORK CONTRACT OFFICE 10 (36C250),583-INDIANAPOLIS(00583),IN,INDIANAPOLIS,MARION,462022375,07,GUIDON DESIGN INC.,,C1DA,ARCHITECT AND ENGINEERING- CONSTRUCTION: HOSPITALS AND INFIRMARIES,541310,ARCHITECTURAL SERVICES,AE IMPROVE PARKING & TRAFFIC FLOW - 583-18-106 - TERMINATE FOR CONVENIENCE,,DELIVERY ORDER
36C79123D0004,P00005,2025-07-18,2023-06-01,,0.00,0.00,1032000000.00,COMMODITIES & SERVICES ACQUISITION SERVICE (36C791),COMMODITIES & SERVICES ACQUISITION SERVICE (36C791),,,,,,VALOR HEALTHCARE INC,,Q201,MEDICAL- MANAGED HEALTHCARE,621999,ALL OTHER MISCELLANEOUS AMBULATORY HEALTH CARE SERVICES,TERMINATION FOR CONVENIENCE,,IDC
36C10X24F0108,P00002,2025-07-21,2024-09-27,2025-03-18,-330691.61,316398.39,316398.39,SAC FREDERICK (36C10X),SAC FREDERICK (36C10X),VA,MCLEAN,FAIRFAX,221025150,11,KPMG LLP,,R408,SUPPORT- PROFESSIONAL: PROGRAM MANAGEMENT/SUPPORT,541211,OFFICES OF CERTIFIED PUBLIC ACCOUNTANTS,HPP TRAINING ORDER. SETTLEMENT AGREEMENT FOR TERMINATION FOR CONVENIENCE (T4C).,,BPA CALL
36C25024P0225,P00004,2025-07-21,2023-12-01,2025-03-04,-15656.57,134343.43,134343.43,250-NETWORK CONTRACT OFFICE 10 (36C250),539-CINCINNATI (00539),OH,CINCINNATI,HAMILTON,452202213,01,NATIONAL ACADEMY OF SCIENCES,,R408,SUPPORT- PROFESSIONAL: PROGRAM MANAGEMENT/SUPPORT,541690,OTHER SCIENTIFIC AND TECHNICAL CONSULTING SERVICES,MEMBERSHIP FEES - MICROBIAL THREAT FORUM,EO: RADICAL TRANSPARENCY ABOUT WASTEFUL SPENDING,PURCHASE ORDER
36C10B23F0182,P00012,2025-07-22,2023-07-07,2025-05-11,-588507.56,5044065.33,186212627.28,TECHNOLOGY ACQUISITION CENTER NJ (36C10B),TECHNOLOGY ACQUISITION CENTER NJ (36C10B),FL,PORT ORANGE,VOLUSIA,321288318,07,TECHANAX LLC,,DE10,"IT and Telecom - End User as a Service: Help Desk;Tier 1-2,Workspace,Print,Output,Productivity Tools",541519,OTHER COMPUTER RELATED SERVICES,"TERMINATION FOR CONVENIENCE AGREEMENT
EO: RADICAL TRANSPARENCY ABOUT WASTEFUL SPENDING",EO: RADICAL TRANSPARENCY ABOUT WASTEFUL SPENDING,DELIVERY ORDER
36C10B23N10340005,P00007,2025-07-22,2023-04-17,2028-06-15,-2009776.49,15209813.30,50858311.43,TECHNOLOGY ACQUISITION CENTER NJ (36C10B),TECHNOLOGY ACQUISITION CENTER NJ (36C10B),MD,ROCKVILLE,MONTGOMERY,208521838,08,"DEXTERITECH SOLUTIONS, LLC",,DF01,IT AND TELECOM - IT MANAGEMENT SUPPORT SERVICES (LABOR),541512,COMPUTER SYSTEMS DESIGN SERVICES,PARTIAL TERMINATION FOR CONVENIENCE AND DEOBLIGATION FROM BASE PERIOD AND OPTION PERIOD ONE,EO: RADICAL TRANSPARENCY ABOUT WASTEFUL SPENDING,DELIVERY ORDER
36C10X21N0160,P00020,2025-07-22,2021-09-30,2025-02-25,0.00,30339022.65,38883978.74,SAC FREDERICK (36C10X),SAC FREDERICK (36C10X),VA,ALEXANDRIA,FAIRFAX,223105538,11,"TRILOGY FEDERAL, LLC",,R408,SUPPORT- PROFESSIONAL: PROGRAM MANAGEMENT/SUPPORT,541611,ADMINISTRATIVE MANAGEMENT AND GENERAL MANAGEMENT CONSULTING SERVICES,TERMINATE FOR CONVENIENCE (COMPLETE OR PARTIAL),EO: RADICAL TRANSPARENCY ABOUT WASTEFUL SPENDING,DELIVERY ORDER
36C26223C0207,P00004,2025-07-22,2023-09-01,2028-08-31,-385078.00,0.00,0.00,262-NETWORK CONTRACT OFFICE 22 (36C262),644-PHOENIX (00644),CA,SAN DIEGO,SAN DIEGO,921610002,50,"SIEMENS MEDICAL SOLUTIONS USA, INC.",,J065,"MAINT/REPAIR/REBUILD OF EQUIPMENT- MEDICAL, DENTAL, AND VETERINARY EQUIPMENT AND SUPPLIES",811210,ELECTRONIC AND PRECISION EQUIPMENT REPAIR AND MAINTENANCE,TERMINATE FOR CONVENIENCE.,,DEFINITIVE CONTRACT
36C24220C0017,P00005,2025-07-23,2019-11-01,2025-06-30,-216232.79,223104.06,223104.06,242-NETWORK CONTRACT OFFICE 02 (36C242),DEPT OF VETERANS AFFAIRS,NY,NEW YORK,NEW YORK,100105011,12,"CONCENTRIC GROUP, LLC",,Y1DA,CONSTRUCTION OF HOSPITALS AND INFIRMARIES,236220,COMMERCIAL AND INSTITUTIONAL BUILDING CONSTRUCTION,"THIS MODIFICATION EXECUTES A PARTIAL TERMINATION FOR CONVENIENCE FOR THE REMAINING SCOPE. THE VA HAS AGREED TO A FINAL EQUITABLE PAYMENT OF $135,000 FOR G&C COSTS INCURRED DURING THE DELAY. THE TOTAL VALUE OF THE TERMINATED WORK IS $216,232.79.",EO: RADICAL TRANSPARENCY ABOUT WASTEFUL SPENDING,DEFINITIVE CONTRACT
36C25020N0760,P00006,2025-07-23,2020-08-10,2025-07-23,-12631.59,37198.55,37198.55,250-NETWORK CONTRACT OFFICE 10 (36C250),610-MARION (00610),IN,FORT WAYNE,ALLEN,468050084,03,"VIRIDIAN ARCHITECTURAL DESIGN, INC.",,C1DZ,ARCHITECT AND ENGINEERING- CONSTRUCTION: OTHER HOSPITAL BUILDINGS,541330,ENGINEERING SERVICES,AE MEP IDIQ FOR INDIANA VA MEDICAL FACILITIES - OPTION YEAR 2 - TERMINATE FOR CONVENIENCE (COMPLETE OR PARTIAL),,DELIVERY ORDER
36C10B25F0117,P00001,2025-07-24,2025-05-20,2025-07-23,0.00,1187096.01,3197289.05,TECHNOLOGY ACQUISITION CENTER NJ (36C10B),TECHNOLOGY ACQUISITION CENTER NJ (36C10B),TX,AUSTIN,TRAVIS,787727830,35,REGAN TECHNOLOGIES CORPORATION,,DH10,"IT AND TELECOM - PLATFORM AS A SERVICE: DATABASE, MAINFRAME, MIDDLEWARE",541519,OTHER COMPUTER RELATED SERVICES,"NOTICE OF TERMINATION FOR CONVENIENCE
EO: RADICAL TRANSPARENCY ABOUT WASTEFUL SPENDING",EO: RADICAL TRANSPARENCY ABOUT WASTEFUL SPENDING,DELIVERY ORDER
36C24122C0086,P00005,2025-07-24,2022-09-12,2025-06-27,-353671.43,745418.70,745418.70,241-NETWORK CONTRACT OFFICE 01 (36C241),402-TOGUS (00402),ME,AUGUSTA,KENNEBEC,043306796,02,ALESIA ARCHITECTURE PC,,C1DA,ARCHITECT AND ENGINEERING- CONSTRUCTION: HOSPITALS AND INFIRMARIES,541310,ARCHITECTURAL SERVICES,402-20-676 RENOVATE EMERGENCY DEPARTMENT A/E - MOD 5 TERMINATION FOR CONVENIENCE DUE TO FUNDING CONSTRAINTS.,EO: RADICAL TRANSPARENCY ABOUT WASTEFUL SPENDING,DEFINITIVE CONTRACT
36C24821D0094,P00004,2025-07-24,2021-09-15,,0.00,0.00,460917.00,248-NETWORK CONTRACT OFFICE 8 (36C248),675-ORLANDO (00675)(36C675),,,,,,VORTEX LLC,,J036,MAINT/REPAIR/REBUILD OF EQUIPMENT- SPECIAL INDUSTRY MACHINERY,238290,OTHER BUILDING EQUIPMENT CONTRACTORS,VEHICLE BARRIER PM - TERMINATION FOR CONVENIENCE,,IDC
36C77622N1883,P00002,2025-07-24,2022-05-24,2024-05-30,-10897.53,56039.32,122976.17,PCAC (36C776),657 STL EASTERN ORBIT,IN,INDIANAPOLIS,MARION,462023772,07,"DESIGN-AIRE ENGINEERING, INC.",,C1DA,ARCHITECT AND ENGINEERING- CONSTRUCTION: HOSPITALS AND INFIRMARIES,541310,ARCHITECTURAL SERVICES,POPLAR BLUFF EHRM TRAINING SPACE PHASE 2 TERMINATION FOR CONVENIENCE,,DELIVERY ORDER
36C24723F0205,P00005,2025-07-25,2023-02-08,2025-07-21,-265129.58,604019.49,604019.49,247-NETWORK CONTRACT OFFICE 7 (36C247),509-AUGUSTA(00509),GA,AUGUSTA,RICHMOND,309046285,12,"ARBINGER COMPANY, THE",,U008,EDUCATION/TRAINING- TRAINING/CURRICULUM DEVELOPMENT,541611,ADMINISTRATIVE MANAGEMENT AND GENERAL MANAGEMENT CONSULTING SERVICES,TERMINATION FOR CONVINCE (EO: RADICAL TRANSPARENCY ABOUT WASTEFUL SPENDING.,,DELIVERY ORDER
36C77623N0867,P00006,2025-07-28,2023-07-10,2025-03-05,-111430.86,428837.65,1859478.61,PCAC (36C776),PCAC (36C776),VA,CLIFTON,FAIRFAX,201241831,10,"J P SYSTEMS, INC.",,R499,SUPPORT- PROFESSIONAL: OTHER,541690,OTHER SCIENTIFIC AND TECHNICAL CONSULTING SERVICES,TERMINOLOGY STANDARDS SUPPORT SERVICES TO 13.  TERMINATION FOR CONVENIENCE AGREEMENT.  EO: RADICAL TRANSPARENCY ABOUT WASTEFUL SPENDING.,EO: RADICAL TRANSPARENCY ABOUT WASTEFUL SPENDING,DELIVERY ORDER
36C24424D0026,P00001,2025-07-29,2024-03-04,,0.00,0.00,0.00,244-NETWORK CONTRACT OFFICE 4 (36C244),529-BUTLER (00529)(36C529),,,,,,"POTOMAC VALOR HEALTHCARE 2, LLC",,Q201,MEDICAL- MANAGED HEALTHCARE,621498,ALL OTHER OUTPATIENT CARE CENTERS,TERMINATION FOR CONVENIENCE - CBOC SERVICES ARMSTRONG AND CLARION COUNTIES AND CRANBERRY TWP PA,,IDC
36C26224P1935,P00001,2025-07-29,2024-09-01,2025-06-26,-27484.10,38477.74,38477.74,262-NETWORK CONTRACT OFFICE 22 (36C262),605-VA LOMA LINDA HLTHCR SYS(00605),CA,LOMA LINDA,SAN BERNARDINO,923571000,23,RC QUARTERMASTER LLC,,J066,MAINT/REPAIR/REBUILD OF EQUIPMENT- INSTRUMENTS AND LABORATORY EQUIPMENT,811210,ELECTRONIC AND PRECISION EQUIPMENT REPAIR AND MAINTENANCE,TERMINATE FOR CONVENIENCE. EQUIPMENT IS UNABLE TO BE USED IN HOSPITAL SETTING. OHMNICLEAN ROBOT PMR,,PURCHASE ORDER
36C26325P0471,P00001,2025-07-29,2025-05-01,2025-07-21,-15323.28,0.00,0.00,NETWORK CONTRACT OFFICE 23 (36C263),618-MINNEAPOLIS VA MED CTR (00618),MN,MINNEAPOLIS,HENNEPIN,554172309,05,RED ORANGE NORTH AMERICA INC.,,J045,"MAINT/REPAIR/REBUILD OF EQUIPMENT- PLUMBING, HEATING, AND WASTE DISPOSAL EQUIPMENT",562998,ALL OTHER MISCELLANEOUS WASTE MANAGEMENT SERVICES,MINNEAPOLIS VAMC GREASE INTERCEPTOR SERVICING CONTRACT. TERMINATION FOR CONVENIENCE,,PURCHASE ORDER
36C10X24C0011,P00004,2025-07-30,2024-04-12,2025-02-25,-277666.31,3758060.61,3758060.61,SAC FREDERICK (36C10X),SAC FREDERICK (36C10X),VA,ARLINGTON,ARLINGTON,222091800,08,"RIOS PARTNERS, LLC",,R408,SUPPORT- PROFESSIONAL: PROGRAM MANAGEMENT/SUPPORT,541611,ADMINISTRATIVE MANAGEMENT AND GENERAL MANAGEMENT CONSULTING SERVICES,TERMINATION SETTLEMENT PAYMENT AND FINAL CLOSEOUT DEOBLIGATIONS. - 'EO: RADICAL TRANSPARENCY ABOUT WASTEFUL SPENDING',EO: RADICAL TRANSPARENCY ABOUT WASTEFUL SPENDING,DEFINITIVE CONTRACT
36C25023C0011,P00001,2025-07-30,2023-05-25,2025-07-30,-7273516.83,2352294.17,2352294.17,250-NETWORK CONTRACT OFFICE 10 (36C250),583-INDIANAPOLIS(00583),IN,INDIANAPOLIS,MARION,462022884,07,NORA CONTRACTING & HAGERMAN LLC,,Y1NE,CONSTRUCTION OF WATER SUPPLY FACILITIES,237110,WATER AND SEWER LINE AND RELATED STRUCTURES CONSTRUCTION,"CONSTRUCT CONTINGENCY WATER SUPPLY - 583-17-102

TERMINATION FOR CONVENIENCE",,DEFINITIVE CONTRACT
36C24725P0636,P00001,2025-07-31,2025-09-01,2030-08-31,-189106.78,0.00,1066779.88,247-NETWORK CONTRACT OFFICE 7 (36C247),508-ATLANTA (00508)(36C508),SC,NORTH AUGUSTA,AIKEN,298413108,02,PAULA F PRICE ENTERPRISES LLC,,6830,GASES: COMPRESSED AND LIQUEFIED,325120,INDUSTRIAL GAS MANUFACTURING,BULK LIQUID OXYGEN-TERMINATION FOR CONVENIENCE,,PURCHASE ORDER
36C77624N0837,P00002,2025-07-31,2024-09-25,2025-02-25,-436605.85,678481.89,678481.89,PCAC (36C776),PCAC (36C776),MD,ANNAPOLIS,ANNE ARUNDEL,214033246,03,TAURIAN CONSULTING LLC,,R799,SUPPORT- MANAGEMENT: OTHER,541611,ADMINISTRATIVE MANAGEMENT AND GENERAL MANAGEMENT CONSULTING SERVICES,"TERMINATION FOR CONVENIENCE AGREEMENT - SAVINGS: $436,605.85",,DELIVERY ORDER
36C10B24D0028,P00001,2025-08-01,2023-10-31,,0.00,0.00,60700000000.00,TECHNOLOGY ACQUISITION CENTER NJ (36C10B),TECHNOLOGY ACQUISITION CENTER NJ (36C10B),,,,,,JTECH LLC,,DA01,IT AND TELECOM - BUSINESS APPLICATION/APPLICATION DEVELOPMENT SUPPORT SERVICES (LABOR),541512,COMPUTER SYSTEMS DESIGN SERVICES,TRANSFORMATION TWENTY-ONE TOTAL TECHNOLOGY NEXT GENERATION TWO (T4NG2) BASIC CONTRACT,,IDC
36C24623C0082,P00002,2025-08-01,2023-10-18,2025-08-01,0.00,4499771.00,4499771.00,246-NETWORK CONTRACTING OFFICE 6 (36C246),658-SALEM (00658)(36C658),VA,SALEM,SALEM,241536404,06,MC3 SOLUTIONS LLC,,Z1DA,MAINTENANCE OF HOSPITALS AND INFIRMARIES,238220,"PLUMBING, HEATING, AND AIR-CONDITIONING CONTRACTORS",REPLACE DRY PIPE SPRINKLER SYSTEM TERMINATION FOR CONVENIENCE,EO: RADICAL TRANSPARENCY ABOUT WASTEFUL SPENDING,DEFINITIVE CONTRACT
36C25025A0005,P00001,2025-08-01,2024-12-01,,0.00,0.00,0.00,250-NETWORK CONTRACT OFFICE 10 (36C250),583-INDIANAPOLIS(00583),,,,,,ALL AMERICAN EXPRESS SOLUTIONS LLC,,R602,SUPPORT- ADMINISTRATIVE: COURIER/MESSENGER,492110,COURIERS AND EXPRESS DELIVERY SERVICES,VHI LAB COURIER SERVICES. TERMINATE FOR CONVENIENCE,,BPA
36C25725F0043,P00001,2025-08-01,2025-02-03,2025-08-01,-27486.00,0.00,0.00,257-NETWORK CONTRACT OFFICE 17 (36C257),674-TEMPLE (00674),FL,TAMPA,HILLSBOROUGH,336124446,15,FEDERAL CONTRACTS LLC,,2305,GROUND EFFECT VEHICLES,336112,LIGHT TRUCK AND UTILITY VEHICLE MANUFACTURING,TWO 8-PASSENGER GOLF CARTS - TERMINATION FOR CONVENIENCE,EO: RADICAL TRANSPARENCY ABOUT WASTEFUL SPENDING,DELIVERY ORDER
36C10G22D0022,P00008,2025-08-04,2022-06-26,,0.00,0.00,2326909.60,STRATEGIC ACQUISITION CENTER FREDERICKSBURG (36C10G),STRATEGIC ACQUISITION CENTER FREDERICKSBURG (36C10G),,,,,,"METRO MEDICAL EQUIPMENT & SUPPLY, INC.",,6515,"MEDICAL AND SURGICAL INSTRUMENTS, EQUIPMENT, AND SUPPLIES",339112,SURGICAL AND MEDICAL INSTRUMENT MANUFACTURING,"TERMINATE FOR GOVERNMENTS CONVENIENCE, COMPLETE",,IDC
36C10X23N0141,P00003,2025-08-04,2023-09-22,2025-02-25,-78084.97,263746.14,758065.44,SAC FREDERICK (36C10X),SAC FREDERICK (36C10X),VA,ARLINGTON,ARLINGTON,222093709,08,RB MANAGEMENT CONSULTANTS LLC,,R408,SUPPORT- PROFESSIONAL: PROGRAM MANAGEMENT/SUPPORT,541611,ADMINISTRATIVE MANAGEMENT AND GENERAL MANAGEMENT CONSULTING SERVICES,NOTICE OF TERMINATION FOR CONVENIENCE,EO: RADICAL TRANSPARENCY ABOUT WASTEFUL SPENDING,DELIVERY ORDER
36C24225P0414,P00002,2025-08-04,2025-01-06,2025-03-01,-56548.79,0.00,0.00,242-NETWORK CONTRACT OFFICE 02 (36C242),DEPT OF VETERANS AFFAIRS,FL,JACKSONVILLE,DUVAL,322189434,04,"VETERANS HEALTHCARE SUPPLY SOLUTIONS, INC",,6515,"MEDICAL AND SURGICAL INSTRUMENTS, EQUIPMENT, AND SUPPLIES",334510,ELECTROMEDICAL AND ELECTROTHERAPEUTIC APPARATUS MANUFACTURING,"PYXIS ANESTHESIA ES SYSTEM FOR THE NEW YORK HARBOR (MANHATTAN CAMPUS).

MOD P00002 - TERMINATION FOR CONVENIENCE.",,PURCHASE ORDER
36C77625P0004,P00003,2025-08-04,2024-10-11,2025-07-14,-410466.65,292423.43,292423.43,PCAC (36C776),PCAC (36C776),OH,INDEPENDENCE,CUYAHOGA,441312546,07,"VETERANS MANAGEMENT SERVICES, INC.",,R707,SUPPORT- MANAGEMENT: CONTRACT/PROCUREMENT/ACQUISITION SUPPORT,541611,ADMINISTRATIVE MANAGEMENT AND GENERAL MANAGEMENT CONSULTING SERVICES,"TERMINATION FOR CONVENIENCE - PROGRAM SUPPORT SERVICES
-$410,466.65",EO: RADICAL TRANSPARENCY ABOUT WASTEFUL SPENDING,PURCHASE ORDER
36C10X22N0125,P00007,2025-08-05,2022-09-01,2025-08-05,0.00,1667728.86,2261389.26,SAC FREDERICK (36C10X),SAC FREDERICK (36C10X),MD,EDGEWATER,ANNE ARUNDEL,210374435,05,"BLUE WATER THINKING, LLC",,R425,SUPPORT- PROFESSIONAL: ENGINEERING/TECHNICAL,541990,"ALL OTHER PROFESSIONAL, SCIENTIFIC, AND TECHNICAL SERVICES",BIOMEDICAL ENGINEERING TECHNICAL AND PROFESSIONAL SUPPORT SERVICES (BETPSS) IDIQ CONTRACT TOPR 0012 | MODIFICATION P00007 TERMINATION FOR GOVERNMENTS CONVENIENCE.,,DELIVERY ORDER
36C26121F0449,P00004,2025-08-05,2021-09-30,2025-09-29,-109230.80,546154.00,710000.20,261-NETWORK CONTRACT OFFICE 21 (36C261),261-NETWORK CONTRACT OFFICE 21 (36C261),CA,SAN FRANCISCO,SAN FRANCISCO,941211563,11,PRESS GANEY ASSOCIATES LLC,,R408,SUPPORT- PROFESSIONAL: PROGRAM MANAGEMENT/SUPPORT,541611,ADMINISTRATIVE MANAGEMENT AND GENERAL MANAGEMENT CONSULTING SERVICES,PATIENT SATISFACTION SURVEY FOR THE VA SAN FRANCISCO HEALTH CARE SYSTEM,,DELIVERY ORDER
36C10D23F0008,P00011,2025-08-06,2023-03-29,2025-08-06,0.00,30664766.35,30664766.35,VETERANS BENEFITS ADMIN (36C10D),VBA OFFICE OF BUSINESS INTEGRATION,DC,WASHINGTON,DISTRICT OF COLUMBIA,200061053,98,DELOITTE CONSULTING LLP,,R799,SUPPORT- MANAGEMENT: OTHER,541611,ADMINISTRATIVE MANAGEMENT AND GENERAL MANAGEMENT CONSULTING SERVICES,MODIFICATION FOR BARS SERVICES FOR GOVERNMENT TERMINATION FOR CONVENIENCE.  EO: RADICAL TRANSPARENCY ABOUT WASTEFUL SPENDING,EO: RADICAL TRANSPARENCY ABOUT WASTEFUL SPENDING,DELIVERY ORDER
36C10X22N0144,P00010,2025-08-06,2022-09-12,2025-02-25,-521473.76,5658232.81,5658232.81,SAC FREDERICK (36C10X),SAC FREDERICK (36C10X),VA,CHANTILLY,FAIRFAX,201511680,11,TITAN ALPHA LLC,,R499,SUPPORT- PROFESSIONAL: OTHER,541611,ADMINISTRATIVE MANAGEMENT AND GENERAL MANAGEMENT CONSULTING SERVICES,TERMINATION FOR CONVENIENCE SETTLEMENT,EO: RADICAL TRANSPARENCY ABOUT WASTEFUL SPENDING,DELIVERY ORDER
36C24422D0167,P00002,2025-08-06,2022-09-01,,0.00,0.00,2720741.00,244-NETWORK CONTRACT OFFICE 4 (36C244),VETERANS HEALTH ADMINISTRATION,,,,,,125 HOLLY ROAD OPERATIONS LLC,,Q402,"NURSING HOME, LONG-TERM & ADULT DAY CARE SERVICES",623110,NURSING CARE FACILITIES (SKILLED NURSING FACILITIES),NURSING HOME SERVICES. THIS CONTRACT HAS BEEN TERMINATED FOR CONVENIENCE BECAUSE THE CONTRACTOR SWITCHED TO THE VETERANS CARE AGREEMENT (VCA) AND OPTED OUT OF THE CONTRACT.,EO: RADICAL TRANSPARENCY ABOUT WASTEFUL SPENDING,IDC
36C24425P0677,P00001,2025-08-06,2025-07-21,2025-08-06,-164500.00,0.00,0.00,244-NETWORK CONTRACT OFFICE 4 (36C244),646-PITTSBURGH (00646)(36C646),PA,PITTSBURGH,ALLEGHENY,152401004,12,"HILL-ROM, INC.",,6515,"MEDICAL AND SURGICAL INSTRUMENTS, EQUIPMENT, AND SUPPLIES",339112,SURGICAL AND MEDICAL INSTRUMENT MANUFACTURING,UPGRADE WELCH ALLYN TEMPERATURE PROBES. TERMINATE FOR CONVENIENCE.,,PURCHASE ORDER
36C24724C0016,P00002,2025-08-06,2024-01-04,2025-12-31,-250553.00,77947.00,77947.00,247-NETWORK CONTRACT OFFICE 7 (36C247),619-CENTERAL ALABAM (00619)(36C619),AL,MONTGOMERY,MONTGOMERY,361093725,02,"DAV ENERGY SOLUTIONS, INC.",,C1DA,ARCHITECT AND ENGINEERING- CONSTRUCTION: HOSPITALS AND INFIRMARIES,541330,ENGINEERING SERVICES,619-24-101 | REPLACE FAN COIL UNITS AND EXHAUST FANS SYSTEMS BUILDING 1 AE DESIGN WITH CONSTRUCTION PERIOD SERVICES AND CONSTRUCTION SITE VISITS.,,DEFINITIVE CONTRACT
36C25025D0032,P00001,2025-08-06,2025-03-01,,0.00,0.00,205356.16,250-NETWORK CONTRACT OFFICE 10 (36C250),250-NETWORK CONTRACT OFFICE 10 (36C250),,,,,,"G & M AUTOMOTIVE TRANSPORT, INC",,V212,TRANSPORTATION/TRAVEL/RELOCATION- TRAVEL/LODGING/RECRUITMENT: MOTOR PASSENGER,485991,SPECIAL NEEDS TRANSPORTATION,NON-EMERGENT PATIENT TRANSPORTATION - DETROIT,,IDC
36C10B21N10200007,P00005,2025-08-07,2021-09-27,2025-04-30,-211819.45,1833987.59,1833987.83,TECHNOLOGY ACQUISITION CENTER NJ (36C10B),TECHNOLOGY ACQUISITION CENTER NJ (36C10B),VA,ARLINGTON,ARLINGTON,222093196,08,SPREZZATURA-GOVERNMENTCIO JOINT VENTURE LLC,,R499,SUPPORT- PROFESSIONAL: OTHER,541512,COMPUTER SYSTEMS DESIGN SERVICES,PARTIAL TERMINATION OF FINAL OPTION PERIOD.  THE SERVICES PROVIDED ARE NO LONGER REQUIRED.,,DELIVERY ORDER
36C10B24C0054,P00005,2025-08-07,2024-09-27,2025-07-10,0.00,286250.00,774998.89,TECHNOLOGY ACQUISITION CENTER NJ (36C10B),TECHNOLOGY ACQUISITION CENTER NJ (36C10B),,,,,,TRAKGENE PTY LTD,,7A21,IT AND TELECOM - BUSINESS APPLICATION SOFTWARE (PERPETUAL LICENSE SOFTWARE),513210,SOFTWARE PUBLISHERS,TERMINATE FOR CONVENIENCE (COMPLETE),EO: RADICAL TRANSPARENCY ABOUT WASTEFUL SPENDING,DEFINITIVE CONTRACT
36C24620C0023,P00012,2025-08-07,2020-01-10,2025-03-03,0.00,10337349.63,10337349.63,246-NETWORK CONTRACTING OFFICE 6 (36C246),652-RICHMOND(00652)(36C652),VA,RICHMOND,RICHMOND CITY,232490001,04,"KMK CONSTRUCTION, INC.",,Y1DB,CONSTRUCTION OF LABORATORIES AND CLINICS,236220,COMMERCIAL AND INSTITUTIONAL BUILDING CONSTRUCTION,NOTICE OF TERMINATION FOR CONVENIENCE,EO: RADICAL TRANSPARENCY ABOUT WASTEFUL SPENDING,DEFINITIVE CONTRACT
36C25723P0440,P00003,2025-08-07,2023-06-01,2028-05-31,-47876.00,95752.00,191504.00,257-NETWORK CONTRACT OFFICE 17 (36C257),674-TEMPLE (00674),TX,WACO,MCLENNAN,767111329,17,TALON VETERAN SERVICES INCORPORATED,,J045,"MAINT/REPAIR/REBUILD OF EQUIPMENT- PLUMBING, HEATING, AND WASTE DISPOSAL EQUIPMENT",562998,ALL OTHER MISCELLANEOUS WASTE MANAGEMENT SERVICES,TERMINATION FOR CAUSE GREASE AND GRIT TRAP SERVICE CONTRACT FOR CENTRAL TEXAS.,EO: RADICAL TRANSPARENCY ABOUT WASTEFUL SPENDING,PURCHASE ORDER
36C24623C0096,P00004,2025-08-08,2023-10-01,2024-10-02,0.00,4578758.00,4578758.00,246-NETWORK CONTRACTING OFFICE 6 (36C246),652-RICHMOND(00652)(36C652),VA,RICHMOND,RICHMOND CITY,232490002,04,"JETT'S SPECIALTY CONTRACTING, LLC",,Z2DA,REPAIR OR ALTERATION OF HOSPITALS AND INFIRMARIES,236220,COMMERCIAL AND INSTITUTIONAL BUILDING CONSTRUCTION,NOTICE OF TERMINATION FOR CONVENIENCE - FULL TERMINATION EXPAND STEAM DISTRIBUTION SYSTEMS,EO: RADICAL TRANSPARENCY ABOUT WASTEFUL SPENDING,DEFINITIVE CONTRACT
36C77622N2008,P00003,2025-08-11,2022-08-15,2025-07-31,-810494.90,187895.10,388449.10,PCAC (36C776),245-NETWORK CONTRACT OFFICE 5 (36C245),DC,WASHINGTON,DISTRICT OF COLUMBIA,204220001,98,"DERBY ENTERPRISES, LLC",,C1DZ,ARCHITECT AND ENGINEERING- CONSTRUCTION: OTHER HOSPITAL BUILDINGS,541330,ENGINEERING SERVICES,TERMINATION FOR CONVENIENCE (COMPLETE OR PATRIAL).,,DELIVERY ORDER
36C10X22N0165,P00006,2025-08-13,2022-09-14,2025-02-25,-860474.57,3563068.20,3563068.20,SAC FREDERICK (36C10X),SAC FREDERICK (36C10X),MD,FREDERICK,FREDERICK,217015213,06,"APTIVE HTG, LLC",,U006,EDUCATION/TRAINING- VOCATIONAL/TECHNICAL,541611,ADMINISTRATIVE MANAGEMENT AND GENERAL MANAGEMENT CONSULTING SERVICES,TERMINATION SETTLEMENT AND DEOBLIGATION. EXECUTIVE ORDER: RTWS,EO: RADICAL TRANSPARENCY ABOUT WASTEFUL SPENDING,DELIVERY ORDER
36C10X24C0037,P00002,2025-08-13,2024-09-18,2025-02-25,-2678561.92,2073895.12,2073895.12,SAC FREDERICK (36C10X),SAC FREDERICK (36C10X),DC,WASHINGTON,DISTRICT OF COLUMBIA,204200001,98,"BLUE WATER THINKING,LLC",,R408,SUPPORT- PROFESSIONAL: PROGRAM MANAGEMENT/SUPPORT,541611,ADMINISTRATIVE MANAGEMENT AND GENERAL MANAGEMENT CONSULTING SERVICES,TERMINATE FOR CONVENIENCE.,EO: RADICAL TRANSPARENCY ABOUT WASTEFUL SPENDING,DEFINITIVE CONTRACT
36C26025P0981,P00001,2025-08-13,2025-07-23,2030-07-22,-188692.00,0.00,0.00,260-NETWORK CONTRACT OFFICE 20 (36C260),(463)463-ANCHORAGE VAMC,NJ,MONTCLAIR,ESSEX,070421732,11,REJ MANAGEMENT NY LLC,,8145,SPECIALIZED SHIPPING AND STORAGE CONTAINERS,339112,SURGICAL AND MEDICAL INSTRUMENT MANUFACTURING,TERMINATION FOR CONVENIENCE OF 36C26025P0981,,PURCHASE ORDER
36C26124N0853,P00001,2025-08-13,2024-09-03,2025-03-06,-178229.94,209532.49,209532.49,261-NETWORK CONTRACT OFFICE 21 (36C261),654-RENO (00654),NV,RENO,WASHOE,895026263,02,MAXIM HEALTHCARE SERVICES INCORPORATED (0951),,Q601,MEDICAL CODING AND AUDITING,541611,ADMINISTRATIVE MANAGEMENT AND GENERAL MANAGEMENT CONSULTING SERVICES,"MEDICAL CODING SERVICE
TERMINATION OF SERVICES",EO: RADICAL TRANSPARENCY ABOUT WASTEFUL SPENDING,BPA CALL
36C24423P0388,P00011,2025-08-14,2023-05-01,2028-04-30,-457164.63,482602.69,3127757.24,244-NETWORK CONTRACT OFFICE 4 (36C244),244-NETWORK CONTRACT OFFICE 4 (36C244),PA,PITTSBURGH,ALLEGHENY,152401000,12,"TTG ISOTOPES, LLC",,6505,DRUGS AND BIOLOGICALS,325412,PHARMACEUTICAL PREPARATION MANUFACTURING,TERMINATION FOR CONVENIENCE - RADIOPHARM - ISOTOPES,,PURCHASE ORDER
36C25625P1245,P00002,2025-08-14,2025-07-21,2025-08-14,-1394355.00,0.00,0.00,256-NETWORK CONTRACT OFFICE 16 (36C256),598-NORTH LITTLE ROCK(00598),NJ,WILDWOOD,CAPE MAY,082602544,02,KSC FEDERAL CONTRACTORS LLC,,4110,REFRIGERATION EQUIPMENT,333415,AIR-CONDITIONING AND WARM AIR HEATING EQUIPMENT AND COMMERCIAL AND INDUSTRIAL REFRIGERATION EQUIPMENT MANUFACTURING,WALK-IN COOLER/FREEZER AND HOOD SYSTEM,,PURCHASE ORDER
36C26025P0778,P00001,2025-08-14,2025-07-22,2025-08-14,-144512.00,0.00,0.00,260-NETWORK CONTRACT OFFICE 20 (36C260),663-SEATTLE (00663),WA,GIG HARBOR,PIERCE,983299201,06,BOOMTOWN SERVICES LLC,,Z1LZ,MAINTENANCE OF PARKING FACILITIES,561210,FACILITIES SUPPORT SERVICES,"PUGET SOUND VA MEDICAL CENTER, WASHINGTON STATE - ANNUAL RESTRIPING SERVICES - TERMINATION FOR CONVENIENCE OF THE GOVERNMENT IAW FAR 52.212-4 (L).",,PURCHASE ORDER
36C77624C0048,P00005,2025-08-14,2024-04-01,2025-03-05,36226.07,2467631.96,6538129.90,PCAC (36C776),PCAC (36C776),DC,WASHINGTON,DISTRICT OF COLUMBIA,200011031,98,SIGIL CONSULTING GROUP LLC,,R408,SUPPORT- PROFESSIONAL: PROGRAM MANAGEMENT/SUPPORT,541611,ADMINISTRATIVE MANAGEMENT AND GENERAL MANAGEMENT CONSULTING SERVICES,ONS NURSING WORKFORCE SERVICES.  TERMINATION FOR CONVENIENCE AGREEMENT.  EO: RADICAL TRANSPARENCY ABOUT WASTEFUL SPENDING.,EO: RADICAL TRANSPARENCY ABOUT WASTEFUL SPENDING,DEFINITIVE CONTRACT
36C25925P0650,P00001,2025-08-15,2025-06-01,2025-09-29,-57500.00,0.00,0.00,NETWORK CONTRACT OFFICE 19 (36C259),442-CHEYENNE (00442),OK,OKLAHOMA CITY,CLEVELAND,731706215,04,BHPE LLC,,6525,"IMAGING EQUIPMENT AND SUPPLIES: MEDICAL, DENTAL, VETERINARY",334510,ELECTROMEDICAL AND ELECTROTHERAPEUTIC APPARATUS MANUFACTURING,SITE RITE ULTRASOUND,,PURCHASE ORDER
36C25524C0062,P00001,2025-08-18,2024-08-30,2025-05-08,-350163.48,93011.94,93011.94,255-NETWORK CONTRACT OFFICE 15 (36C255),589 KAN WESTERN ORBIT,CO,GRAND JUNCTION,MESA,815063946,03,CITRINE-OLSSON JV 2 LLC,,C1DA,ARCHITECT AND ENGINEERING- CONSTRUCTION: HOSPITALS AND INFIRMARIES,541310,ARCHITECTURAL SERVICES,"AE DESIGN SERVICES FOR PROJECT 589A7-22-800 RENOVATE BUILDINGS 10, 11, 12, AND 16",,DEFINITIVE CONTRACT
36C10X24N0191,P00003,2025-08-19,2024-09-30,2025-03-04,-2601641.16,1165531.12,1165531.12,SAC FREDERICK (36C10X),SAC FREDERICK (36C10X),MD,FREDERICK,FREDERICK,217048344,06,"RB CONSULTING, INC.",,R499,SUPPORT- PROFESSIONAL: OTHER,541611,ADMINISTRATIVE MANAGEMENT AND GENERAL MANAGEMENT CONSULTING SERVICES,NOTICE OF TERMINATION FOR CONVENIENCE. EO: RADICAL TRANSPARENCY ABOUT WASTEFUL SPENDING,EO: RADICAL TRANSPARENCY ABOUT WASTEFUL SPENDING,DELIVERY ORDER
36C24125F0106,P00001,2025-08-19,2025-07-01,2026-07-31,-21805.80,0.00,0.00,241-NETWORK CONTRACT OFFICE 01 (36C241),402-TOGUS (00402),ME,AUGUSTA,KENNEBEC,043306796,02,"QUADIENT, INC.",,W099,LEASE OR RENTAL OF EQUIPMENT- MISCELLANEOUS,561499,ALL OTHER BUSINESS SUPPORT SERVICES,TERMINATE FOR CONVENIENCE,,DELIVERY ORDER
36C24424D0009,P00002,2025-08-19,2023-10-01,,0.00,0.00,5961899.00,244-NETWORK CONTRACT OFFICE 4 (36C244),VETERANS HEALTH ADMINISTRATION,,,,,,WYM OP HOLDINGS LLC,,Q402,"NURSING HOME, LONG-TERM & ADULT DAY CARE SERVICES",623110,NURSING CARE FACILITIES (SKILLED NURSING FACILITIES),NURSING HOME SERVICES. THIS CONTRACT HAS BEEN TERMINATED FOR CONVENIENCE BECAUSE THE CONTRACTOR SWITCHED TO THE VETERANS CARE AGREEMENT (VCA) AND OPTED OUT OF THE CONTRACT.,EO: RADICAL TRANSPARENCY ABOUT WASTEFUL SPENDING,IDC
36C25025N0164,P00001,2025-08-19,2025-03-11,2025-04-01,-1340091.84,205356.16,205356.16,250-NETWORK CONTRACT OFFICE 10 (36C250),553-DETROIT (00553),MI,DETROIT,WAYNE,482013107,13,"G & M AUTOMOTIVE TRANSPORT, INC",,V212,TRANSPORTATION/TRAVEL/RELOCATION- TRAVEL/LODGING/RECRUITMENT: MOTOR PASSENGER,485991,SPECIAL NEEDS TRANSPORTATION,NON-EMERGENT PATIENT TRANSPORTATION CONTRACT DETROIT VAMC,,DELIVERY ORDER
36C77623N0815,P00005,2025-08-19,2023-06-30,2025-02-25,-229174.16,1111366.36,2559500.76,PCAC (36C776),PCAC (36C776),VA,CLIFTON,FAIRFAX,201241831,10,"J P SYSTEMS, INC.",,R405,SUPPORT- PROFESSIONAL: OPERATIONS RESEARCH/QUANTITATIVE ANALYSIS,541690,OTHER SCIENTIFIC AND TECHNICAL CONSULTING SERVICES,TERMINOLOGY STANDARDS SUPPORT SERVICES TO 11.  TERMINATION FOR CONVENIENCE AGREEMENT.  EO: RADICAL TRANSPARENCY ABOUT WASTEFUL SPENDING.,EO: RADICAL TRANSPARENCY ABOUT WASTEFUL SPENDING,DELIVERY ORDER
36C24425N0726,P00001,2025-08-20,2025-04-16,2025-09-05,-20993.68,0.00,0.00,244-NETWORK CONTRACT OFFICE 4 (36C244),646-PITTSBURGH (00646)(36C646),PA,HERMITAGE,MERCER,161480029,16,"BIODEX MEDICAL SYSTEMS, INC.",,6515,"MEDICAL AND SURGICAL INSTRUMENTS, EQUIPMENT, AND SUPPLIES",339112,SURGICAL AND MEDICAL INSTRUMENT MANUFACTURING,"BIODEX BALANCE SYSTEM - TERMINATE FOR CONVENIENCE
ITEM NO LONGER AVAILABLE.",,DELIVERY ORDER
36C24825P1757,P00001,2025-08-20,2025-08-01,2025-08-04,-361609.12,0.00,0.00,248-NETWORK CONTRACT OFFICE 8 (36C248),248-NETWORK CONTRACT OFFICE 8 (36C248),VA,ALEXANDRIA,ALEXANDRIA CITY,223143359,08,MELLING LLC,,6525,"IMAGING EQUIPMENT AND SUPPLIES: MEDICAL, DENTAL, VETERINARY",334510,ELECTROMEDICAL AND ELECTROTHERAPEUTIC APPARATUS MANUFACTURING,TERMINATE FOR CONVENIENCE,EO: RADICAL TRANSPARENCY ABOUT WASTEFUL SPENDING,PURCHASE ORDER
36C10F23F0038,P00005,2025-08-21,2023-09-29,2025-03-05,-16525.00,109847.00,109847.00,OFFICE OF CONSTRUCTION &  FACILITIES MGMT (36C10F),OFFICE OF CONSTRUCTION &  FACILITIES MGMT (36C10F),WI,MADISON,DANE,537052254,02,"INTERIOR SYSTEMS, INC.",,E1PC,PURCHASE OF UNIMPROVED REAL PROPERTY (LAND),541611,ADMINISTRATIVE MANAGEMENT AND GENERAL MANAGEMENT CONSULTING SERVICES,"TERMINATION FOR CONVENIENCE AGREEMENT
- RADICAL TRANSPARENCY ABOUT WASTEFUL SPENDING",EO: RADICAL TRANSPARENCY ABOUT WASTEFUL SPENDING,DELIVERY ORDER
36C24424D0032,P00001,2025-08-21,2024-01-15,,0.00,0.00,3519211.00,244-NETWORK CONTRACT OFFICE 4 (36C244),VETERANS HEALTH ADMINISTRATION,,,,,,500 EAST PHILADELPHIA AVENUE OPERATIONS LLC,,Q402,"NURSING HOME, LONG-TERM & ADULT DAY CARE SERVICES",623110,NURSING CARE FACILITIES (SKILLED NURSING FACILITIES),NURSING HOME SERVICES. THIS CONTRACT HAS BEEN TERMINATED FOR CONVENIENCE BECAUSE THE CONTRACTOR SWITCHED TO THE VETERANS CARE AGREEMENT (VCA) AND OPTED OUT OF THE CONTRACT.,EO: RADICAL TRANSPARENCY ABOUT WASTEFUL SPENDING,IDC
36C24425N1127,P00001,2025-08-21,2025-08-15,2025-09-12,-66435.00,0.00,0.00,244-NETWORK CONTRACT OFFICE 4 (36C244),542-COATSVILLE (00542)(36C542),PA,COATESVILLE,CHESTER,193201319,06,"CORPS MEDICAL SUPPLY, LLC",,6515,"MEDICAL AND SURGICAL INSTRUMENTS, EQUIPMENT, AND SUPPLIES",339115,OPHTHALMIC GOODS MANUFACTURING,HAAG-STREIT SLIT LAMPS AND TONOMETERS AGAINST SAC - TERMINATION FOR CONVENIENCE. ORDERING OFFICER RESPONSIBLE FOR ORDERING.,,DELIVERY ORDER
36C25924N0274,P00001,2025-08-21,2024-08-19,2025-02-25,-529287.10,268713.90,268713.90,NETWORK CONTRACT OFFICE 19 (36C259),NETWORK CONTRACT OFFICE 19 (36C259),WY,SHERIDAN,SHERIDAN,828018320,00,"APOGEE CONSULTING GROUP, P.A.",,C1DA,ARCHITECT AND ENGINEERING- CONSTRUCTION: HOSPITALS AND INFIRMARIES,541330,ENGINEERING SERVICES,AE IDIQ - COMPLETE CHILLED WATER LOOP TERMINATION FOR CONVENIENCE AGREEMENT.,,DELIVERY ORDER
36C25025C0012,P00001,2025-08-22,2024-11-01,2029-10-31,-96237.25,47762.75,593127.75,250-NETWORK CONTRACT OFFICE 10 (36C250),541-BRECKSVILLE (00541),OH,CLEVELAND,CUYAHOGA,441062369,11,"GRACE REGISTRY SERVICES, LLC",,B537,SPECIAL STUDIES/ANALYSIS- MEDICAL/HEALTH,541611,ADMINISTRATIVE MANAGEMENT AND GENERAL MANAGEMENT CONSULTING SERVICES,IGF:CT:IGF:CANCER REGISTER TUMOR,,DEFINITIVE CONTRACT
36C25725C0051,P00001,2025-08-22,2025-07-08,2025-08-21,-659835.00,59985.00,59985.00,257-NETWORK CONTRACT OFFICE 17 (36C257),257-NETWORK CONTRACT OFFICE 17 (36C257),TX,TEMPLE,BELL,765045129,31,IS HEALTHCARE LLC,,Q522,MEDICAL- RADIOLOGY,621512,DIAGNOSTIC IMAGING CENTERS,TERMINATION FOR GOVT'S CONVENIENCE: MOBILE MRI TRAILER AND TECHNOLOGIST,,DEFINITIVE CONTRACT
36C26225C0147,P00001,2025-08-22,2025-03-28,2025-08-22,-6583.88,218224.10,218224.10,262-NETWORK CONTRACT OFFICE 22 (36C262),262-NETWORK CONTRACT OFFICE 22 (36C262),AZ,PHOENIX,MARICOPA,850121835,03,SPEES LLC,,C1DA,ARCHITECT AND ENGINEERING- CONSTRUCTION: HOSPITALS AND INFIRMARIES,541310,ARCHITECTURAL SERVICES,TERMINATION FOR CONVENIENCE OF AE SERVICE FOR CATHETERIZATION LAB INSTALLATION.,EO: RADICAL TRANSPARENCY ABOUT WASTEFUL SPENDING,DEFINITIVE CONTRACT
36C77622C0172,P00001,2025-08-22,2022-09-29,2024-12-03,-201841.65,521414.35,521414.35,PCAC (36C776),PCAC (36C776),OH,TIPP CITY,MIAMI,453719064,15,CALVARY CONTRACTING INC,,5680,MISCELLANEOUS CONSTRUCTION MATERIALS,236220,COMMERCIAL AND INSTITUTIONAL BUILDING CONSTRUCTION,DAYTON EHRM TASS TERMINATION FOR CONVENIENCE OF THE GOVERNMENT,,DEFINITIVE CONTRACT
36A79721F0110,P00003,2025-08-26,2021-05-11,2025-06-30,-1124964.00,0.00,0.00,NAC HIGH TECH ORDERS (36A797),NAC HIGH TECH ORDERS (36A797),PA,MALVERN,CHESTER,193551418,06,"SIEMENS MEDICAL SOLUTIONS USA, INC.",,6525,"IMAGING EQUIPMENT AND SUPPLIES: MEDICAL, DENTAL, VETERINARY",334517,IRRADIATION APPARATUS MANUFACTURING,"MODALITY: XR MRI
PURCHASE ORDER: 668B0301
STATION: VAMC SPOKANE WA
REQUIREMENT: MOD P00003 TERMINATE ORDER FOR THE CONVENIENCE OF THE GOVERNMENT.",,DELIVERY ORDER
36C10X24N0224,P00002,2025-08-26,2024-09-27,2025-03-04,-410752.71,372503.63,372503.63,SAC FREDERICK (36C10X),SAC FREDERICK (36C10X),VA,FAIRFAX,FAIRFAX,220306112,11,"CLIENT FIRST TECHNOLOGIES, INC",,R408,SUPPORT- PROFESSIONAL: PROGRAM MANAGEMENT/SUPPORT,541611,ADMINISTRATIVE MANAGEMENT AND GENERAL MANAGEMENT CONSULTING SERVICES,"TERMINATE COMMERCIAL PROFESSIONAL SERVICES, EO: RADICAL TRANSPARENCY ABOUT WASTEFUL SPENDING",EO: RADICAL TRANSPARENCY ABOUT WASTEFUL SPENDING,DELIVERY ORDER
36C25025D0056,P00001,2025-08-26,2025-06-13,,0.00,0.00,0.00,250-NETWORK CONTRACT OFFICE 10 (36C250),583-INDIANAPOLIS(00583),,,,,,"INCARE, LLC",,V226,TRANSPORTATION/TRAVEL/RELOCATION- TRAVEL/LODGING/RECRUITMENT: TAXICAB,485991,SPECIAL NEEDS TRANSPORTATION,VA IHCS PARATRANSIT TRANSPORTATION SERVICES,,IDC
36C25025D0057,P00001,2025-08-26,2025-06-13,,0.00,0.00,0.00,250-NETWORK CONTRACT OFFICE 10 (36C250),583-INDIANAPOLIS(00583),,,,,,INTEGRATED MAINTENANCE AND BUS SERVICES LLC,,V226,TRANSPORTATION/TRAVEL/RELOCATION- TRAVEL/LODGING/RECRUITMENT: TAXICAB,485991,SPECIAL NEEDS TRANSPORTATION,VA IHCS PARATRANSIT TRANSPORTATION,,IDC
36C25025N0516,P00001,2025-08-26,2025-06-13,2025-08-22,-915980.00,0.00,0.00,250-NETWORK CONTRACT OFFICE 10 (36C250),583-INDIANAPOLIS(00583),IN,INDIANAPOLIS,MARION,462022375,07,"INCARE, LLC",,V226,TRANSPORTATION/TRAVEL/RELOCATION- TRAVEL/LODGING/RECRUITMENT: TAXICAB,485991,SPECIAL NEEDS TRANSPORTATION,RLR VAMC PARATRANSIT,,DELIVERY ORDER
36C25025N0517,P00001,2025-08-26,2025-06-13,2025-08-26,-933138.60,0.00,0.00,250-NETWORK CONTRACT OFFICE 10 (36C250),583-INDIANAPOLIS(00583),IN,INDIANAPOLIS,MARION,462022375,07,INTEGRATED MAINTENANCE AND BUS SERVICES LLC,,V226,TRANSPORTATION/TRAVEL/RELOCATION- TRAVEL/LODGING/RECRUITMENT: TAXICAB,485991,SPECIAL NEEDS TRANSPORTATION,RLR VAMC PARATRANSIT,,DELIVERY ORDER
36C25623C0014,P00001,2025-08-26,2022-12-19,2024-01-25,-1039332.22,548591.12,548591.12,256-NETWORK CONTRACT OFFICE 16 (36C256),667-SHREVEPORT (00667),LA,SHREVEPORT,CADDO,711014243,06,SPEES LLC,,Z1DA,MAINTENANCE OF HOSPITALS AND INFIRMARIES,236220,COMMERCIAL AND INSTITUTIONAL BUILDING CONSTRUCTION,"MOD TO TERMINATE CONTRACT.
PROJECT 667-18-111 ABATE CENTRAL CHASE/FIRE MAIN REPAIR",,DEFINITIVE CONTRACT
36C10X24C0021,P00002,2025-08-27,2024-08-05,2025-03-04,-240000.00,346000.00,346000.00,SAC FREDERICK (36C10X),SAC FREDERICK (36C10X),MD,GAITHERSBURG,MONTGOMERY,208785622,06,IBILITY LLC,,R799,SUPPORT- MANAGEMENT: OTHER,541611,ADMINISTRATIVE MANAGEMENT AND GENERAL MANAGEMENT CONSULTING SERVICES,"TERMINATE VHA ENTERPRISE PROGRAM MANAGEMENT OFFICE (EPMO) PACT ACT
EO: RADICAL TRANSPARENCY ABOUT WASTEFUL SPENDING",EO: RADICAL TRANSPARENCY ABOUT WASTEFUL SPENDING,DEFINITIVE CONTRACT
36C24724D0005,P00003,2025-08-28,2024-01-01,,0.00,0.00,893269.64,247-NETWORK CONTRACT OFFICE 7 (36C247),508-ATLANTA (00508)(36C508),,,,,,"PHARR COURT ASSOCIATES, L.P.",,Q402,"NURSING HOME, LONG-TERM & ADULT DAY CARE SERVICES",623110,NURSING CARE FACILITIES (SKILLED NURSING FACILITIES),TERMINATION FOR CONVENIENCE - CNH SERVICES,,IDC
36C25222P0599,P00004,2025-08-28,2022-05-01,2026-04-30,-25205.15,127014.15,127014.15,252-NETWORK CONTRACT OFFICE 12 (36C252),695-MILWAUKEE(00695)(36C695),IL,CHICAGO,COOK,606124223,07,RICHARD WOLF MEDICAL INSTRUMENTS CORP.,,J065,"MAINT/REPAIR/REBUILD OF EQUIPMENT- MEDICAL, DENTAL, AND VETERINARY EQUIPMENT AND SUPPLIES",811219,OTHER ELECTRONIC AND PRECISION EQUIPMENT REPAIR AND MAINTENANCE,TERMINATION FOR CONVENIENCE (EOL EQUIPMENT) - PREVENTATIVE AND CORRECTIVE MAINTENANCE ON TWENTY-TWO (22) RICHARD WOLF FIBER NASO-PHARYNGO LARYNGOSCOPES,,PURCHASE ORDER
36C26121F0302,P00011,2025-08-28,2021-08-01,2025-03-05,-3114945.95,11990865.66,17171665.94,261-NETWORK CONTRACT OFFICE 21 (36C261),261-NETWORK CONTRACT OFFICE 21 (36C261),CA,PALO ALTO,SANTA CLARA,943040001,16,PLANATE MANAGEMENT GROUP LLC,,R425,SUPPORT- PROFESSIONAL: ENGINEERING/TECHNICAL,541611,ADMINISTRATIVE MANAGEMENT AND GENERAL MANAGEMENT CONSULTING SERVICES,"EO: RADICAL TRANSPARENCY ABOUT WASTEFUL SPENDING"" BUT THE REASON FOR MODIFICATION FIELD IS CODED AS ""TERMINATE FOR CONVENIENCE (COMPLETE OR PARTIAL)"".TERMINATION FOR CONVENIENCE DOGE CUT LIST",,DELIVERY ORDER
36C26225P1678,P00001,2025-08-28,2025-08-01,2025-09-01,-10000.00,0.00,0.00,262-NETWORK CONTRACT OFFICE 22 (36C262),600-VA LONG BEACH HLTCAR SYS(00600),NM,ALBUQUERQUE,BERNALILLO,871085153,01,ASSOCIATION OF AMERICAN MEDICAL COLLEGES,,U005,EDUCATION/TRAINING- TUITION/REGISTRATION/MEMBERSHIP FEES,813920,PROFESSIONAL ORGANIZATIONS,"MEMBERSHIP FEES, TERMINATE FOR CONVENIENCE COMPLETE.",,PURCHASE ORDER
36C77025P0222,P00001,2025-08-28,2025-07-02,2025-08-28,-167706.00,0.00,0.00,NATIONAL CMOP OFFICE (36C770),VA CMOP CHARLESTOWN(00766),FL,NAPLES,COLLIER,341090796,19,JEMNI INC,,7510,OFFICE SUPPLIES,325992,"PHOTOGRAPHIC FILM, PAPER, PLATE, CHEMICAL, AND COPY TONER MANUFACTURING",TERMINATE FOR CONVENIENCE SHARP RIBBON PART,EO: RADICAL TRANSPARENCY ABOUT WASTEFUL SPENDING,PURCHASE ORDER
VA101F15J0277,P00003,2025-08-29,2015-08-14,2025-07-10,-197161.78,57716.30,57716.30,OFFICE OF CONSTRUCTION &  FACILITIES MGMT (36C10F),OFFICE OF CONSTRUCTION &  FACILITIES MGMT (36C10F),MD,PERRYVILLE,CECIL,219030179,01,ENVIROS LLC,,C214,ARCHITECT AND ENGINEERING- GENERAL: MANAGEMENT ENGINEERING,561210,FACILITIES SUPPORT SERVICES,MOD P00003 - TERMINATION FOR CONVENIENCE,,DELIVERY ORDER
36C24125P0601,P00001,2025-09-02,2025-07-28,2025-09-02,-141551.41,17615.00,17615.00,241-NETWORK CONTRACT OFFICE 01 (36C241),241-NETWORK CONTRACT OFFICE 01 (36C241),ME,AUGUSTA,KENNEBEC,043306795,02,MEAK SOLUTIONS LLC.,,H999,OTHER QC/TEST/INSPECT- MISCELLANEOUS,541380,TESTING LABORATORIES AND SERVICES,WATER SAMPLING TOGUS VAMC,,PURCHASE ORDER
36C77624N0603,P00002,2025-09-02,2024-09-30,2025-02-25,-798407.62,563148.30,3388469.42,PCAC (36C776),PCAC (36C776),VA,CLIFTON,FAIRFAX,201241831,10,"J P SYSTEMS, INC.",,R405,SUPPORT- PROFESSIONAL: OPERATIONS RESEARCH/QUANTITATIVE ANALYSIS,541690,OTHER SCIENTIFIC AND TECHNICAL CONSULTING SERVICES,"TERMINOLOGY STANDARDS SUPPORT SERVICES TO16 TERMINATION FOR CONVENIENCE PER DOGE DEMAND RE: ""EO: RADICAL TRANSPARENCY ABOUT WASTEFUL SPENDING""",EO: RADICAL TRANSPARENCY ABOUT WASTEFUL SPENDING,DELIVERY ORDER
36C78624C0069,P00001,2025-09-02,2024-09-16,2025-04-14,-508520.63,0.00,0.00,NATIONAL CEMETERY ADMIN (36C786),NATIONAL CEMETERY ADMIN (36C786),CA,SAN BRUNO,SAN MATEO,940667470,15,AB CEMETERY MANAGEMENT INC.,,Y1NZ,CONSTRUCTION OF OTHER UTILITIES,561730,LANDSCAPING SERVICES,"TERMINATE FOR CONVENIENCE  
REPLACE IRRIGATION SYSTEM ON MOUND HILL",EO: RADICAL TRANSPARENCY ABOUT WASTEFUL SPENDING,DEFINITIVE CONTRACT
36A79723F0263,P00001,2025-09-03,2023-08-01,2025-09-03,-124800.00,0.00,0.00,NAC HIGH TECH ORDERS (36A797),NAC HIGH TECH ORDERS (36A797),PA,MALVERN,CHESTER,193551418,06,"SIEMENS MEDICAL SOLUTIONS USA, INC.",,6525,"IMAGING EQUIPMENT AND SUPPLIES: MEDICAL, DENTAL, VETERINARY",334517,IRRADIATION APPARATUS MANUFACTURING,TERMINATION OF THE ORDER IN ITS ENTIRETY,,DELIVERY ORDER
36C24222P1269,P00006,2025-09-03,2022-09-08,2025-09-30,-2833.33,102000.07,133166.67,242-NETWORK CONTRACT OFFICE 02 (36C242),DEPT OF VETERANS AFFAIRS,NY,BUFFALO,ERIE,142153410,26,ALLIANT ENTERPRISES LLC,,J065,"MAINT/REPAIR/REBUILD OF EQUIPMENT- MEDICAL, DENTAL, AND VETERINARY EQUIPMENT AND SUPPLIES",811219,OTHER ELECTRONIC AND PRECISION EQUIPMENT REPAIR AND MAINTENANCE,AQUACARE SERVICE AGREEMENT AT THE BUFFALO VAMC - OY3 FUNDED BY FY25 2237 FOR 09/01/2025 - 09/30/2025. TERMINATING FOR CONVENIENCE DUE TO ALLIANT ENTERPRISES NO LONGER BEING AN AUTHORIZED PROVIDER OF PROCEPT BIOROBOTICS EQUIPMENT.,,PURCHASE ORDER
36C24422D0026,P00001,2025-09-03,2021-10-31,,0.00,0.00,2853339.00,244-NETWORK CONTRACT OFFICE 4 (36C244),503-ALTOONA (00503)(36C503),,,,,,"GUARDIAN ELDER CARE AT HASTINGS, LLC",,Q402,"NURSING HOME, LONG-TERM & ADULT DAY CARE SERVICES",623110,NURSING CARE FACILITIES (SKILLED NURSING FACILITIES),NURSING HOME SERVICES. THIS CONTRACT HAS BEEN TERMINATED FOR CONVENIENCE BECAUSE THE CONTRACTOR SWITCHED TO THE VETERANS CARE AGREEMENT (VCA) AND OPTED OUT OF THE CONTRACT.,EO: RADICAL TRANSPARENCY ABOUT WASTEFUL SPENDING,IDC
36C24422D0027,P00001,2025-09-03,2021-10-15,,0.00,0.00,987666.00,244-NETWORK CONTRACT OFFICE 4 (36C244),503-ALTOONA (00503)(36C503),,,,,,"GUARDIAN ELDER CARE AT JOHNSTOWN, LLC",,Q402,"NURSING HOME, LONG-TERM & ADULT DAY CARE SERVICES",623110,NURSING CARE FACILITIES (SKILLED NURSING FACILITIES),NURSING HOME SERVICES. THIS CONTRACT HAS BEEN TERMINATED FOR CONVENIENCE BECAUSE THE CONTRACTOR SWITCHED TO THE VETERANS CARE AGREEMENT (VCA) AND OPTED OUT OF THE CONTRACT.,EO: RADICAL TRANSPARENCY ABOUT WASTEFUL SPENDING,IDC
36C24422D0071,P00001,2025-09-03,2022-01-01,,0.00,0.00,2993214.00,244-NETWORK CONTRACT OFFICE 4 (36C244),503-ALTOONA (00503)(36C503),,,,,,"GUARDIAN ELDER CARE AT LEWISTOWN, LLC",,Q402,"NURSING HOME, LONG-TERM & ADULT DAY CARE SERVICES",623110,NURSING CARE FACILITIES (SKILLED NURSING FACILITIES),NURSING HOME SERVICES. THIS CONTRACT HAS BEEN TERMINATED FOR CONVENIENCE BECAUSE THE CONTRACTOR SWITCHED TO THE VETERANS CARE AGREEMENT (VCA) AND OPTED OUT OF THE CONTRACT.,EO: RADICAL TRANSPARENCY ABOUT WASTEFUL SPENDING,IDC
36C25021C0023,P00007,2025-09-03,2020-10-22,2025-06-25,-8383.50,53524.50,53524.50,250-NETWORK CONTRACT OFFICE 10 (36C250),583-INDIANAPOLIS(00583),IN,INDIANAPOLIS,MARION,462021010,07,"BIOMERIEUX , INC.",,J065,"MAINT/REPAIR/REBUILD OF EQUIPMENT- MEDICAL, DENTAL, AND VETERINARY EQUIPMENT AND SUPPLIES",811219,OTHER ELECTRONIC AND PRECISION EQUIPMENT REPAIR AND MAINTENANCE,EASY MAG/BAC-T  MAINTENANCE - DECREASE MOD,,DEFINITIVE CONTRACT
36C24625F0033,P00001,2025-09-04,2024-11-21,2026-08-13,0.00,206745.53,206745.53,246-NETWORK CONTRACTING OFFICE 6 (36C246),652-RICHMOND(00652)(36C652),VA,RICHMOND,RICHMOND CITY,232490001,04,"TRAUNER CONSULTING SERVICES, INC.",,R424,SUPPORT- PROFESSIONAL: EXPERT WITNESS,236220,COMMERCIAL AND INSTITUTIONAL BUILDING CONSTRUCTION,EXPERT WITNESS DELAY NOTICE OF FULL TERMINATION FOR CONVENIENCE.,EO: RADICAL TRANSPARENCY ABOUT WASTEFUL SPENDING,DELIVERY ORDER
36C78624D50455,P00001,2025-09-04,2024-09-15,,0.00,0.00,0.00,NATIONAL CEMETERY ADMIN (36C786),NATIONAL CEMETERY ADMIN (36C786),,,,,,WORRELL CONTRACTING CO INC,,S208,HOUSEKEEPING- LANDSCAPING/GROUNDSKEEPING,561730,LANDSCAPING SERVICES,TERMINATION FOR CONVENIENCE - GROUNDS MAINTENANCE CONTRACT FOR BEVERLY NATIONAL CEMETERY IDIQ,EO: RADICAL TRANSPARENCY ABOUT WASTEFUL SPENDING,IDC
36C24823P0320,P00003,2025-09-05,2023-01-02,2025-04-02,0.00,58466.22,122993.76,248-NETWORK CONTRACT OFFICE 8 (36C248),248-NETWORK CONTRACT OFFICE 8 (36C248),FL,TAMPA,HILLSBOROUGH,336125500,15,PRESS GANEY ASSOCIATES LLC,,R699,SUPPORT- ADMINISTRATIVE: OTHER,541611,ADMINISTRATIVE MANAGEMENT AND GENERAL MANAGEMENT CONSULTING SERVICES,TERMINATE FOR CONVENIENCE PER DOGE,EO: RADICAL TRANSPARENCY ABOUT WASTEFUL SPENDING,PURCHASE ORDER
36C10X24F0042,P00005,2025-09-08,2024-03-08,2025-02-25,0.00,2171188.21,2171188.21,SAC FREDERICK (36C10X),SAC FREDERICK (36C10X),VA,MCLEAN,FAIRFAX,221023605,11,"CPS PROFESSIONAL SERVICES, LLC",,R799,SUPPORT- MANAGEMENT: OTHER,541611,ADMINISTRATIVE MANAGEMENT AND GENERAL MANAGEMENT CONSULTING SERVICES,TERMINATION FOR CONVIVENCE,,BPA CALL
36C24224P1216,P00001,2025-09-10,2024-09-01,2029-08-31,-341902.50,303097.50,303097.50,242-NETWORK CONTRACT OFFICE 02 (36C242),UNITED STATES DEPARTMENT OF VETERANS AFFAIRS,NJ,TOMS RIVER,OCEAN,087538234,04,SALVADORINI CONSULTING LLC,,W065,"LEASE OR RENTAL OF EQUIPMENT- MEDICAL, DENTAL, AND VETERINARY EQUIPMENT AND SUPPLIES",532490,OTHER COMMERCIAL AND INDUSTRIAL MACHINERY AND EQUIPMENT RENTAL AND LEASING,TERMINATION FOR CONVENIENCE AGREEMENT,,PURCHASE ORDER
36C24725P0566,P00001,2025-09-10,2025-06-09,2025-07-18,-29729.00,0.00,0.00,247-NETWORK CONTRACT OFFICE 7 (36C247),521-BIRMINGHAM(00521)(36C521),MO,ELLISVILLE,SAINT LOUIS,630112195,02,"PROAIM AMERICAS, LLC.",,6540,"OPHTHALMIC INSTRUMENTS, EQUIPMENT, AND SUPPLIES",334510,ELECTROMEDICAL AND ELECTROTHERAPEUTIC APPARATUS MANUFACTURING,ZEISS ATLAS 500 CORNEAL TOPOGRAPHER TERMINATED,,PURCHASE ORDER
36A79721N0245,P00004,2025-09-11,2021-09-16,2025-09-10,-1918667.00,35000.00,35000.00,NAC HIGH TECH ORDERS (36A797),NAC HIGH TECH ORDERS (36A797),WI,WAUKESHA,WAUKESHA,531881615,05,GE PRECISION HEALTHCARE LLC,,6525,"IMAGING EQUIPMENT AND SUPPLIES: MEDICAL, DENTAL, VETERINARY",334517,IRRADIATION APPARATUS MANUFACTURING,"MODALITY: XR CT
PURCHASE ORDER: 663B03009
STATION: VAMC SEATTLE WA
REQUIREMENT: TERMINATE THIS ORDER
IN ITS ENTIRETY DUE TO THE CONVENIENCE, IT IS
ACKNOWLEDGED THAT THE CUSTOMER HAS RECEIVED LINE NUMBER 27, PART NUMBER E8026AF.",,DELIVERY ORDER
36C10X21N0060,P00011,2025-09-11,2021-04-09,2025-03-10,-60708.39,2571485.58,2571485.58,SAC FREDERICK (36C10X),SAC FREDERICK (36C10X),VA,ALEXANDRIA,ALEXANDRIA CITY,223143121,08,"APTIVE HTG, LLC",,R408,SUPPORT- PROFESSIONAL: PROGRAM MANAGEMENT/SUPPORT,541611,ADMINISTRATIVE MANAGEMENT AND GENERAL MANAGEMENT CONSULTING SERVICES,EO: RADICAL TRANSPARENCY ABOUT WASTEFUL SPENDING NO COST TERMINATION SETTLEMENT DEOBLIGATION CLOSEOUT,EO: RADICAL TRANSPARENCY ABOUT WASTEFUL SPENDING,DELIVERY ORDER
36C10X24P0089,P00001,2025-09-11,2024-09-30,2025-03-31,-27247.50,0.00,0.00,SAC FREDERICK (36C10X),SAC FREDERICK (36C10X),AR,NORTH LITTLE ROCK,PULASKI,721145394,02,"EDUCATIONAL CATERING, INC.",,S203,HOUSEKEEPING- FOOD,722310,FOOD SERVICE CONTRACTORS,TERMINATE FOR CONVENIENCE  (COMPLETE OR PARTIAL) - OFFSITE LUNCH MEALS AT CAMP ROBINSON,,PURCHASE ORDER
36C25022N0257,P00001,2025-09-11,2022-02-01,2025-09-11,-47281.34,39520.01,39520.01,250-NETWORK CONTRACT OFFICE 10 (36C250),250-NETWORK CONTRACT OFFICE 10 (36C250),IN,MARION,GRANT,469539536,05,"DESIGN-AIRE ENGINEERING, INC.",,C1DA,ARCHITECT AND ENGINEERING- CONSTRUCTION: HOSPITALS AND INFIRMARIES,541310,ARCHITECTURAL SERVICES,AE SPS AND AIR HANDLER,,DELIVERY ORDER
36C25022N0701,P00004,2025-09-11,2022-08-10,2025-09-11,-9565.00,78270.00,78270.00,250-NETWORK CONTRACT OFFICE 10 (36C250),610-MARION (00610),IN,FORT WAYNE,ALLEN,468055100,03,"FFE ENVIRONMENTAL SERVICES, INC.",,C1DA,ARCHITECT AND ENGINEERING- CONSTRUCTION: HOSPITALS AND INFIRMARIES,541330,ENGINEERING SERVICES,"610A4-22-207 - A&E REPLACE ELECTRICAL PANELS - FORT WAYNE, IN - AE MEP IDIQ FOR INDIANA VA MEDICAL FACILITIES. TERMINATE FOR CONVENIENCE (COMPLETE OR PARTIAL). TERMINATE FOR CONVENIENCE TERMINATE FOR CONVENIENCE (COMPLETE OR PARTIAL)",,DELIVERY ORDER
36C10X23C0064,P00004,2025-09-12,2023-09-29,2025-02-25,-143079.58,677830.42,677830.42,SAC FREDERICK (36C10X),ACQUISITION BUSINESS SERVICE (36C10C),CO,GREENWOOD VILLAGE,ARAPAHOE,801113512,06,ZUBER CONSULTING,,R410,SUPPORT- PROFESSIONAL: PROGRAM EVALUATION/REVIEW/DEVELOPMENT,541611,ADMINISTRATIVE MANAGEMENT AND GENERAL MANAGEMENT CONSULTING SERVICES,"FINALIZE TERMINATION SETTLEMENT, DE-OBLIGATE EXCESS FUNDING, AND CLOSE OUT CONTRACT FOR PROGRAMMING, DEVELOPMENT, DELIVERY, & SUPPORT OF THE INET ACCELERATOR PROGRAM DUE TO EO: RADICAL TRANSPARENCY ABOUT WASTEFUL SPENDING INITIATIVE.",EO: RADICAL TRANSPARENCY ABOUT WASTEFUL SPENDING,DEFINITIVE CONTRACT
36C24525P0479,P00001,2025-09-12,2025-04-21,2026-04-20,-32000.00,0.00,0.00,245-NETWORK CONTRACT OFFICE 5 (36C245),581 HUNTINGTON (00581)(36C581),WV,HUNTINGTON,CABELL,257016285,01,BHPE LLC,,J044,"MAINT/REPAIR/REBUILD OF EQUIPMENT- FURNACE, STEAM PLANT, AND DRYING EQUIPMENT; NUCLEAR REACTORS",561210,FACILITIES SUPPORT SERVICES,-REPLACE CHILLER PLANT EXPANSION TANKS,,PURCHASE ORDER
36C10X23N0126,P00007,2025-09-15,2023-08-14,2025-02-13,-892800.06,2282705.94,8878769.94,SAC FREDERICK (36C10X),SAC FREDERICK (36C10X),MD,FREDERICK,FREDERICK,217026440,06,"MANAGEMENT SUPPORT TECHNOLOGY, INCORPORATED",,R410,SUPPORT- PROFESSIONAL: PROGRAM EVALUATION/REVIEW/DEVELOPMENT,541611,ADMINISTRATIVE MANAGEMENT AND GENERAL MANAGEMENT CONSULTING SERVICES,MODIFICATION TO FINALIZE TERMINATION SETTLEMENT | EO: RADICAL TRANSPARENCY ABOUT WASTEFUL SPENDING,EO: RADICAL TRANSPARENCY ABOUT WASTEFUL SPENDING,DELIVERY ORDER
36C24422D0046,P00002,2025-09-15,2022-02-01,,0.00,0.00,6233187.00,244-NETWORK CONTRACT OFFICE 4 (36C244),646-PITTSBURGH (00646)(36C646),,,,,,"GUARDIAN ELDER CARE AT UNIONTOWN, LLC",,Q402,"NURSING HOME, LONG-TERM & ADULT DAY CARE SERVICES",623110,NURSING CARE FACILITIES (SKILLED NURSING FACILITIES),NURSING HOME SERVICES. THIS CONTRACT HAS BEEN TERMINATED FOR CONVENIENCE BECAUSE THE CONTRACTOR SWITCHED TO THE VETERANS CARE AGREEMENT (VCA) AND OPTED OUT OF THE CONTRACT.,EO: RADICAL TRANSPARENCY ABOUT WASTEFUL SPENDING,IDC
36C24422D0121,P00001,2025-09-15,2022-06-01,,0.00,0.00,11849554.00,244-NETWORK CONTRACT OFFICE 4 (36C244),646-PITTSBURGH (00646)(36C646),,,,,,"GUARDIAN ELDER CARE AT WAYNESBURG, LLC",,Q402,"NURSING HOME, LONG-TERM & ADULT DAY CARE SERVICES",623110,NURSING CARE FACILITIES (SKILLED NURSING FACILITIES),NURSING HOME SERVICES. THIS CONTRACT HAS BEEN TERMINATED FOR CONVENIENCE BECAUSE THE CONTRACTOR SWITCHED TO THE VETERANS CARE AGREEMENT (VCA) AND OPTED OUT OF THE CONTRACT.,EO: RADICAL TRANSPARENCY ABOUT WASTEFUL SPENDING,IDC
36C25020N0949,P00004,2025-09-15,2020-09-18,2025-09-30,-28747.62,91668.93,91668.93,250-NETWORK CONTRACT OFFICE 10 (36C250),610-MARION (00610),IN,FORT WAYNE,ALLEN,468050084,03,"VIRIDIAN ARCHITECTURAL DESIGN, INC.",,C1DA,ARCHITECT AND ENGINEERING- CONSTRUCTION: HOSPITALS AND INFIRMARIES,541310,ARCHITECTURAL SERVICES,AE REMODEL BLDG 3 - 610A4-21-206 - TERMINATION FOR CONVENIENCE,,DELIVERY ORDER
36C77621P0002,P00005,2025-09-15,2021-03-01,2025-08-20,-34102.80,316519.75,316519.77,PCAC (36C776),PCAC (36C776),OH,CINCINNATI,HAMILTON,452021150,01,"ADVANCED SURVEY DESIGN, LLC",,R699,SUPPORT- ADMINISTRATIVE: OTHER,518210,"COMPUTING INFRASTRUCTURE PROVIDERS, DATA PROCESSING, WEB HOSTING, AND RELATED SERVICES",NOTICE OF TERMINATION FOR CONVENIENCE - EO: RADICAL TRANSPARENCY ABOUT WASTEFUL SPENDING - ALL EMPLOYEE SURVEY,EO: RADICAL TRANSPARENCY ABOUT WASTEFUL SPENDING,PURCHASE ORDER
36C25725D0075,P00001,2025-09-16,2025-08-14,,0.00,0.00,500000000.00,257-NETWORK CONTRACT OFFICE 17 (36C257),257-NETWORK CONTRACT OFFICE 17 (36C257),,,,,,RICHARD GROUP LLC,,Y1DA,CONSTRUCTION OF HOSPITALS AND INFIRMARIES,236220,COMMERCIAL AND INSTITUTIONAL BUILDING CONSTRUCTION,TERMINATION FOR CONVENIENCE.,,IDC
VA24313J0700,P00004,2025-09-16,2012-06-29,2025-09-30,-77311.87,337162.38,337162.38,242-NETWORK CONTRACT OFFICE 02 (36C242),242-NETWORK CONTRACT OFFICE 02 (36C242),NY,NEW YORK,NEW YORK,100105011,12,LOTHROP ASSOCIATES,,C211,"ARCHITECT AND ENGINEERING- GENERAL: LANDSCAPING, INTERIOR LAYOUT, AND DESIGNING",541310,ARCHITECTURAL SERVICES,THIS MOD IS CLOSE OUT REMAINING INVOICES AND CLOSE OUT.,,DELIVERY ORDER
36C25525C0069,P00001,2025-09-17,2025-09-30,2025-09-16,0.00,0.00,0.00,255-NETWORK CONTRACT OFFICE 15 (36C255),589 KAN WESTERN ORBIT,AZ,MESA,MARICOPA,852093332,05,JMG VETERAN CONTRACTING LLC,,W023,"LEASE OR RENTAL OF EQUIPMENT- GROUND EFFECT VEHICLES, MOTOR VEHICLES, TRAILERS, AND CYCLES",532120,"TRUCK, UTILITY TRAILER, AND RV (RECREATIONAL VEHICLE) RENTAL AND LEASING","MOBILE COMPOUNDING TRAILER
TERMINATE FOR CONVENIENCE",,DEFINITIVE CONTRACT
36C26324C0002,P00002,2025-09-17,2023-12-15,2025-04-01,-536201.32,1298958.68,2209038.68,NETWORK CONTRACT OFFICE 23 (36C263),618-MINNEAPOLIS VA MED CTR (00618),MN,MINNEAPOLIS,HENNEPIN,554172309,05,SALVADORINI CONSULTING LLC,,Q522,MEDICAL- RADIOLOGY,621512,DIAGNOSTIC IMAGING CENTERS,TERMINATION FOR CONVENIENCE (COMPLETE) - MOBILE MRI SERVICES INCLUDING TECHNICIAN,,DEFINITIVE CONTRACT
36C77623N0888,P00005,2025-09-17,2023-09-20,2025-03-05,-4377597.68,12050864.21,29340793.85,PCAC (36C776),PCAC (36C776),VA,CLIFTON,FAIRFAX,201241831,10,"J P SYSTEMS, INC.",,R499,SUPPORT- PROFESSIONAL: OTHER,541690,OTHER SCIENTIFIC AND TECHNICAL CONSULTING SERVICES,TERMINOLOGY STANDARDS SUPPORT SERVICES TO 12 - MOD P00005 - DEOB UNUSED FUNDS AFTER DOGE DEMANDED TERMINATION FOR CONVENIENCE AND NO COST SETTLEMENT 'EO: RADICAL TRANSPARENCY ABOUT WASTEFUL SPENDING',EO: RADICAL TRANSPARENCY ABOUT WASTEFUL SPENDING,DELIVERY ORDER
36C78625F50632,P00001,2025-09-17,2025-08-01,2025-07-31,-154958.00,0.00,0.00,NATIONAL CEMETERY ADMIN (36C786),NATIONAL CEMETERY ADMIN (36C786),MO,SAINT LOUIS,SAINT LOUIS,631250001,01,WALKING POINT FARMS LLC,,8720,FERTILIZERS,325320,PESTICIDE AND OTHER AGRICULTURAL CHEMICAL MANUFACTURING,TERMINATE FOR CONVENIENCE,EO: RADICAL TRANSPARENCY ABOUT WASTEFUL SPENDING,DELIVERY ORDER
VA26114J2187,P00001,2025-09-17,2014-06-11,2022-11-09,-284454.71,713932.29,713932.29,261-NETWORK CONTRACT OFFICE 21 (36C261),261-NETWORK CONTRACT OFFICE 21 (36C261),CA,SAN FRANCISCO,SAN FRANCISCO,941043715,11,POLYTECH ASSOCIATES INC.,,C1DA,ARCHITECT AND ENGINEERING- CONSTRUCTION: HOSPITALS AND INFIRMARIES,541330,ENGINEERING SERVICES,BLDG 18 SEISMIC DESIGN TERMINATION FOR CONVENIENCE,,DELIVERY ORDER
36C26225C0141,P00001,2025-09-18,2025-09-03,2025-09-18,0.00,38500.00,704881.52,262-NETWORK CONTRACT OFFICE 22 (36C262),664-SAN DIEGO HEALTHCARE SYS(00664),CA,SAN DIEGO,SAN DIEGO,921610002,50,STERILECO LLC,,J046,MAINT/REPAIR/REBUILD OF EQUIPMENT- WATER PURIFICATION AND SEWAGE TREATMENT EQUIPMENT,221310,WATER SUPPLY AND IRRIGATION SYSTEMS,REVERSE OSMOSIS-BASE YEAR DE-OBLIGATED DUE TO CONTRACT BEING TERMINATED FOR A CORRECTIVE ACTION FROM THE PROTEST.,,DEFINITIVE CONTRACT
36C10X21N0150,P00005,2025-09-19,2021-09-28,2025-02-25,-166876.71,1082153.45,1082153.45,SAC FREDERICK (36C10X),SAC FREDERICK (36C10X),VA,CHANTILLY,FAIRFAX,201513255,11,TITAN ALPHA LLC,,R499,SUPPORT- PROFESSIONAL: OTHER,541611,ADMINISTRATIVE MANAGEMENT AND GENERAL MANAGEMENT CONSULTING SERVICES,"TERMINATION OF INTEGRATED HEALTHCARE TRANSFORMATION (IHT) IDIQ CONTRACT TASK ORDER, EO: RADICAL TRANSPARENCY ABOUT WASTEFUL SPENDING  	

EO: RADICAL TRANSPARENCY ABOUT WASTEFUL SPENDING",EO: RADICAL TRANSPARENCY ABOUT WASTEFUL SPENDING,DELIVERY ORDER
36C10X23N0146,P00007,2025-09-19,2023-09-29,2025-03-04,-521289.48,3163050.77,3163050.77,SAC FREDERICK (36C10X),SAC FREDERICK (36C10X),VA,FREDERICKSBURG,FREDERICKSBURG CITY,224014912,07,"WORLDWIDE COUNTER THREAT SOLUTIONS, LLC",,R499,SUPPORT- PROFESSIONAL: OTHER,541611,ADMINISTRATIVE MANAGEMENT AND GENERAL MANAGEMENT CONSULTING SERVICES,"TERMINATE VECTOR TOPR 0127 OHVP MISSION CRITICAL SERVICES, 
EO: RADICAL TRANSPARENCY ABOUT WASTEFUL SPENDING",EO: RADICAL TRANSPARENCY ABOUT WASTEFUL SPENDING,DELIVERY ORDER
36C10X24N0153,P00002,2025-09-19,2024-07-26,2025-02-19,-370032.08,672471.40,672471.40,SAC FREDERICK (36C10X),SAC FREDERICK (36C10X),MD,FREDERICK,FREDERICK,217038397,06,"RB CONSULTING, INC.",,R408,SUPPORT- PROFESSIONAL: PROGRAM MANAGEMENT/SUPPORT,541611,ADMINISTRATIVE MANAGEMENT AND GENERAL MANAGEMENT CONSULTING SERVICES,TERMINATION FOR CONVENIENCE. SETTLEMENT AND DEOBLIGATION  EO: RADICAL TRANSPARENCY ABOUT WASTEFUL SPENDING.,EO: RADICAL TRANSPARENCY ABOUT WASTEFUL SPENDING,DELIVERY ORDER
36C25221C0053,P00010,2025-09-19,2021-05-01,2025-09-30,0.00,68537.00,68537.00,252-NETWORK CONTRACT OFFICE 12 (36C252),607-MADISON(00607)(36C607),WI,MADISON,DANE,537044761,02,"CATHOLIC CHARITIES, INC., DIOCESE OF MADISON",,G002,SOCIAL- CHAPLAIN,813110,RELIGIOUS ORGANIZATIONS,"TERMINATION CATHOLIC PRIEST SERVICES AT THE VAMC IN MADISON, WI.",,DEFINITIVE CONTRACT
VA70117F0020,P00012,2025-09-19,2017-09-18,2034-02-01,2800000.00,6558789.34,8701442.00,PCAC (36C776),PCAC (36C776),CA,MENLO PARK,SAN MATEO,940252539,15,PACIFIC GAS AND ELECTRIC COMPANY,,S119,UTILITIES- OTHER,221122,ELECTRIC POWER DISTRIBUTION,"OTHER FUNCTIONS - UTILITY ENERGY SERVICES CONTRACT (UESC) FOR VISN 21 SIERRA PACIFIC NETWORK VA MEDICAL CENTER IN MENLO PARK, CA.",,DELIVERY ORDER
36C10X21C0067,P00006,2025-09-22,2021-09-27,2025-02-25,0.00,4961640.20,6321723.02,SAC FREDERICK (36C10X),SAC FREDERICK (36C10X),NJ,BUTLER,MORRIS,074051371,11,"FIRST ENVIRONMENT, INC.",,R499,SUPPORT- PROFESSIONAL: OTHER,541620,ENVIRONMENTAL CONSULTING SERVICES,"RADICAL TRANSPARENCY ABOUT WASTEFUL SPENDING
TERMINATION FOR CONVENIENCE AGREEMENT SETTLEMENT",EO: RADICAL TRANSPARENCY ABOUT WASTEFUL SPENDING,DEFINITIVE CONTRACT
36C10X24F0103,P00002,2025-09-22,2024-09-16,2025-02-25,-182650.93,56774.07,56774.07,SAC FREDERICK (36C10X),SAC FREDERICK (36C10X),IL,CHICAGO,COOK,606065165,07,DATIX (USA) INC.,,R699,SUPPORT- ADMINISTRATIVE: OTHER,541611,ADMINISTRATIVE MANAGEMENT AND GENERAL MANAGEMENT CONSULTING SERVICES,"MISSION ACT CREDENTIALS VERIFICATION FOR NON-COMMUNITY CARE NETWORK (CCN) PROVIDERS ORDER 4. NO-COST SETTLEMENT AGREEMENT, TERMINATION FOR CONVENIENCE IAW FAR 52.212-4(L) DE-OBLIGATE UNEXPENDED FUNDS. EO RADICAL TRANSPARENCY ABOUT WASTEFUL SPENDING",EO: RADICAL TRANSPARENCY ABOUT WASTEFUL SPENDING,DELIVERY ORDER
36C10E23F0055,P00008,2025-09-23,2023-04-01,2025-09-23,0.00,75051.50,135437.50,VBA FIELD CONTRACTING (36C10E),PHILADELPHIA REGIONAL BENEFIT OFFICE,PA,PHILADELPHIA,PHILADELPHIA,191441355,03,"DEPENDABLE ON-SITE SCAN & SHRED, INC.",,R614,SUPPORT- ADMINISTRATIVE: PAPER SHREDDING,561990,ALL OTHER SUPPORT SERVICES,TERMINATE FOR CONVENIENCE - VBA PHILADELPHIA RO DOCUMENT DESTRUCTION SERVICES PURCHASE.,,DELIVERY ORDER
36C10X22N0154,P00006,2025-09-23,2022-09-16,2025-02-25,-354322.20,1280112.11,1280112.11,SAC FREDERICK (36C10X),SAC FREDERICK (36C10X),VA,ARLINGTON,ARLINGTON,222092281,08,RB MANAGEMENT CONSULTANTS LLC,,R426,SUPPORT- PROFESSIONAL: COMMUNICATIONS,541611,ADMINISTRATIVE MANAGEMENT AND GENERAL MANAGEMENT CONSULTING SERVICES,MODIFICATION TO PROVIDE FOR TERMINATION SETTLEMENT AFTER TERMINATION DUE TO 'EO: RADICAL TRANSPARENCY ABOUT WASTEFUL SPENDING'. DEOBLIGATE REMAINING FUNDS. FAR 52.212-4(C)(L) 49.603-9,EO: RADICAL TRANSPARENCY ABOUT WASTEFUL SPENDING,DELIVERY ORDER
36C25625P0976,P00001,2025-09-23,2025-05-19,2025-09-28,0.00,277491.53,277491.53,256-NETWORK CONTRACT OFFICE 16 (36C256),580-HOUSTON(00580),FL,JUNO BEACH,PALM BEACH,334082478,21,DOCUMENT STORAGE SYSTEMS INC,,7A21,IT AND TELECOM - BUSINESS APPLICATION SOFTWARE (PERPETUAL LICENSE SOFTWARE),541519,OTHER COMPUTER RELATED SERVICES,THERADOC SOFTWARE - T4C DUE TO CORRECTIVE ACTIONS TAKEN BY AGENCY,,PURCHASE ORDER
36C10G24D0101,P00001,2025-09-24,2024-09-09,,0.00,0.00,6134987.64,STRATEGIC ACQUISITION CENTER FREDERICKSBURG (36C10G),STRATEGIC ACQUISITION CENTER FREDERICKSBURG (36C10G),,,,,,TRITON LIGHT MEDICAL LLC,,6515,"MEDICAL AND SURGICAL INSTRUMENTS, EQUIPMENT, AND SUPPLIES",339113,SURGICAL APPLIANCE AND SUPPLIES MANUFACTURING,MEDICAL CARTS: CARDIOPULMONARY RESUSCITATION (CRASH CART). TERMINATION FOR CONVENIENCE,EO: RADICAL TRANSPARENCY ABOUT WASTEFUL SPENDING,IDC
36C10G24D0112,P00002,2025-09-24,2024-10-10,,0.00,0.00,3453754.25,STRATEGIC ACQUISITION CENTER FREDERICKSBURG (36C10G),STRATEGIC ACQUISITION CENTER FREDERICKSBURG (36C10G),,,,,,MELLING LLC,,6540,"OPHTHALMIC INSTRUMENTS, EQUIPMENT, AND SUPPLIES",339115,OPHTHALMIC GOODS MANUFACTURING,CLASS DEVIATION FROM THE VA ACQUISITION REGULATION (VAAR) TO PROMOTE COMPLIANCE WITH EXECUTIVE ORDER 13899 TO INCORPORATE VAAR CLAUSE 852.222-71 INTO THE CURRENT CONTRACT.,,IDC
36C26225N0992,P00001,2025-09-24,2025-09-24,2025-09-24,-7472.40,0.00,0.00,262-NETWORK CONTRACT OFFICE 22 (36C262),496-DES PACIFIC HLTHCARE NET(00498),AZ,PRESCOTT,YAVAPAI,863135001,02,VET REPORTING LLC,,R606,SUPPORT- ADMINISTRATIVE: COURT REPORTING,561492,COURT REPORTING AND STENOTYPE SERVICES,COURT REPORTING SERVICES-PRESCOTT- TERMINATION FOR GOVT. CONVENIENCE,EO: RADICAL TRANSPARENCY ABOUT WASTEFUL SPENDING,BPA CALL
36C24124P0905,P00002,2025-09-25,2024-09-09,2026-09-08,-71120.00,0.00,0.00,241-NETWORK CONTRACT OFFICE 01 (36C241),523-BOSTON (00523)(36C523),MA,JAMAICA PLAIN,SUFFOLK,021304817,07,"FROST CALL, INC",,AB12,COMMUNITY AND REGIONAL DEVELOPMENT R&D SERVICES; COMMUNITY DEVELOPMENT; APPLIED RESEARCH,541720,RESEARCH AND DEVELOPMENT IN THE SOCIAL SCIENCES AND HUMANITIES,TERMINATE FOR CONVENIENCE. COMMUNITY BASED SOCIAL SUPPORT SYSTEM THROUGH GAMING (ONLINE AND IN-PERSON),,PURCHASE ORDER
36C24819N1141,P00009,2025-09-25,2019-09-30,2025-09-30,0.00,18721685.00,18721685.00,248-NETWORK CONTRACT OFFICE 8 (36C248),248-NETWORK CONTRACT OFFICE 8 (36C248),FL,TAMPA,HILLSBOROUGH,336125500,15,"VENERGY GROUP, LLC",,Y1DA,CONSTRUCTION OF HOSPITALS AND INFIRMARIES,236220,COMMERCIAL AND INSTITUTIONAL BUILDING CONSTRUCTION,TASK ORDER TERMINATED FOR DEFAULT ON 28 JULY 2023.   THIS MODIFICATION EXTENDS THE SURETY TAKEOVER AGREEMENT TO 30 SEPT 2025.,,DELIVERY ORDER
36C24922F0088,P00008,2025-09-25,2022-02-01,2025-10-31,613275.99,1837516.51,2900970.07,249-NETWORK CONTRACT OFFICE 9 (36C249),596-LEXINGTON(00596),KY,LEXINGTON,FAYETTE,405023430,06,FEDSTORE CORPORATION,,W074,"LEASE OR RENTAL OF EQUIPMENT- OFFICE MACHINES, TEXT PROCESSING SYSTEMS, AND VISIBLE RECORD EQUIPMENT",541519,OTHER COMPUTER RELATED SERVICES,MFD LEASE - VAMC LEXINGTON,,DELIVERY ORDER
36C25024D0137,P00002,2025-09-26,2024-07-01,,0.00,0.00,15600.00,250-NETWORK CONTRACT OFFICE 10 (36C250),655-SAGINAW (00655),,,,,,MEDTEL OUTCOMES LLC,,R702,SUPPORT- MANAGEMENT: DATA COLLECTION,518210,"COMPUTING INFRASTRUCTURE PROVIDERS, DATA PROCESSING, WEB HOSTING, AND RELATED SERVICES",A TERMINATION FOR CONVENIENCE HAS OCCURRED. THE SERVICE NO LONGER REQUIRES THE SERVICE.,EO: RADICAL TRANSPARENCY ABOUT WASTEFUL SPENDING,IDC
36C25025N0597,P00001,2025-09-26,2025-07-01,2025-09-15,-2475.00,525.00,525.00,250-NETWORK CONTRACT OFFICE 10 (36C250),655-SAGINAW (00655),MI,SAGINAW,SAGINAW,486025727,08,MEDTEL OUTCOMES LLC,,R702,SUPPORT- MANAGEMENT: DATA COLLECTION,518210,"COMPUTING INFRASTRUCTURE PROVIDERS, DATA PROCESSING, WEB HOSTING, AND RELATED SERVICES",A TERMINATION FOR CONVENIENCE HAS OCCURRED. THE SERVICE NO LONGER REQUIRES THIS SERVICE.,EO: RADICAL TRANSPARENCY ABOUT WASTEFUL SPENDING,DELIVERY ORDER
36C10X22N0097,P00006,2025-09-27,2022-08-22,2025-03-04,-143204.11,882703.61,882703.61,SAC FREDERICK (36C10X),SAC FREDERICK (36C10X),VA,ARLINGTON,ARLINGTON,222092281,08,RB MANAGEMENT CONSULTANTS LLC,,R499,SUPPORT- PROFESSIONAL: OTHER,541611,ADMINISTRATIVE MANAGEMENT AND GENERAL MANAGEMENT CONSULTING SERVICES,"TERMINATION OF VHA INTEGRATED HEALTHCARE TRANSFORMATION (IHT) IDIQ CONTRACT- TASK ORDER FOR TECHNICAL WRITING SUPPORT SERVICES.
EO: RADICAL TRANSPARENCY ABOUT WASTEFUL SPENDING",,DELIVERY ORDER
36C10X22N0202,P00004,2025-09-27,2022-09-29,2025-03-04,-178508.23,981455.77,981455.77,SAC FREDERICK (36C10X),SAC FREDERICK (36C10X),VA,ARLINGTON,ARLINGTON,222092281,08,RB MANAGEMENT CONSULTANTS LLC,,R410,SUPPORT- PROFESSIONAL: PROGRAM EVALUATION/REVIEW/DEVELOPMENT,541611,ADMINISTRATIVE MANAGEMENT AND GENERAL MANAGEMENT CONSULTING SERVICES,"TERMINATION OF VHA INTEGRATED HEALTHCARE TRANSFORMATION (IHT) IDIQ CONTRACT. 	
EO: RADICAL TRANSPARENCY ABOUT WASTEFUL SPENDING	

EO: RADICAL TRANSPARENCY ABOUT WASTEFUL SPENDING


EO: RADICAL TRANSPARENCY ABOUT WASTEFUL SPENDING",EO: RADICAL TRANSPARENCY ABOUT WASTEFUL SPENDING,DELIVERY ORDER
36C10B24C0047,P00003,2025-09-29,2024-08-21,2027-08-20,-62250.00,201408.87,1450882.32,TECHNOLOGY ACQUISITION CENTER NJ (36C10B),TECHNOLOGY ACQUISITION CENTER AUSTIN (36C10A),NC,ASHEVILLE,BUNCOMBE,288052087,11,AUTOMATION SYSTEMS INC,,DA01,IT AND TELECOM - BUSINESS APPLICATION/APPLICATION DEVELOPMENT SUPPORT SERVICES (LABOR),541519,OTHER COMPUTER RELATED SERVICES,"TERMINATION - BUILDING MANAGEMENT COMPUTER CONTROL SYSTEMS, CHARLES GEORGE VAMC",,DEFINITIVE CONTRACT
36C10B24N10250026,P00005,2025-09-29,2024-02-12,2029-02-11,-1236909.55,19095623.57,61535464.68,TECHNOLOGY ACQUISITION CENTER NJ (36C10B),TECHNOLOGY ACQUISITION CENTER NJ (36C10B),VA,ASHBURN,LOUDOUN,201472902,10,"INSIGNIA TECHNOLOGY SERVICES, LLC",,DA01,IT AND TELECOM - BUSINESS APPLICATION/APPLICATION DEVELOPMENT SUPPORT SERVICES (LABOR),541512,COMPUTER SYSTEMS DESIGN SERVICES,MODIFICATION - TERMINATION FOR CONVENIENCE OF OPTIONAL TASK 1 - EXECUTIVE ORDERS AND SPECIAL PROJECTS - CLOUD MIGRATION READINESS TASK,,DELIVERY ORDER
36C24921F0008,P00015,2025-09-29,2020-10-01,2025-07-31,-58913.35,3051853.27,4659245.51,249-NETWORK CONTRACT OFFICE 9 (36C249),626-NASHVILLE (00626),TN,NASHVILLE,DAVIDSON,372124363,05,FEDSTORE CORPORATION,,W074,"LEASE OR RENTAL OF EQUIPMENT- OFFICE MACHINES, TEXT PROCESSING SYSTEMS, AND VISIBLE RECORD EQUIPMENT",541519,OTHER COMPUTER RELATED SERVICES,COMPLETE TERMINATION FOR GOVERNMENTS CONVENIENCE. BASE AND 4 OPTION YEAR TVHS WIDE MULTI FUNCTIONAL DEVICE COPIER CONTRACT. 252 VARIOUS DEVICES.,,DELIVERY ORDER
36C24923F0043,P00014,2025-09-29,2022-10-01,2025-10-31,519804.05,1334533.24,2608303.48,249-NETWORK CONTRACT OFFICE 9 (36C249),603-LOUISVILLE (00603),KY,LOUISVILLE,JEFFERSON,402062698,03,MICROTECHNOLOGIES LLC,,W074,"LEASE OR RENTAL OF EQUIPMENT- OFFICE MACHINES, TEXT PROCESSING SYSTEMS, AND VISIBLE RECORD EQUIPMENT",541519,OTHER COMPUTER RELATED SERVICES,PARTIAL TERMINATION FOR GOVERNMENT CONVENIENCE. MULTIFUNCTION DEVICES LEASE AND MAINTENANCE FOR LOUISVILLE VAMC.,,DELIVERY ORDER
36C24924F0089,P00002,2025-09-29,2024-04-01,2025-10-31,661208.15,1123573.75,2264040.31,249-NETWORK CONTRACT OFFICE 9 (36C249),614-MEMPHIS(00614),TN,MEMPHIS,SHELBY,381053903,09,FEDSTORE CORPORATION,,W075,LEASE OR RENTAL OF EQUIPMENT- OFFICE SUPPLIES AND DEVICES,541519,OTHER COMPUTER RELATED SERVICES,COMPLETE TERMINATION FOR GOVERNMENT CONVENIENCE. VARIOUS MULTI-FUNCTIONAL DEVICES LEASE CONTRACT.,,DELIVERY ORDER
36C24924F0091,P00003,2025-09-29,2024-07-01,2025-09-30,287897.79,607131.09,1373291.01,249-NETWORK CONTRACT OFFICE 9 (36C249),621-MOUNTAIN HOME (00621),MD,ROCKVILLE,MONTGOMERY,208502452,08,FEDSTORE CORPORATION,,W074,"LEASE OR RENTAL OF EQUIPMENT- OFFICE MACHINES, TEXT PROCESSING SYSTEMS, AND VISIBLE RECORD EQUIPMENT",541519,OTHER COMPUTER RELATED SERVICES,"COMPLETE TERMINATION FOR GOVERNMENT CONVENIENCE. MULTI-FUNCTION DEVICE LEASE, MULTIPLE LOCATIONS NCO 9",,DELIVERY ORDER
36C77625C0062,P00001,2025-09-29,2025-07-15,2025-09-25,-46987000.00,0.00,0.00,PCAC (36C776),504-AMARILLO (00504),TX,AMARILLO,POTTER,791061991,13,AMCOR JV ONE LLC,,Z2DA,REPAIR OR ALTERATION OF HOSPITALS AND INFIRMARIES,236220,COMMERCIAL AND INSTITUTIONAL BUILDING CONSTRUCTION,CONTRACTOR WAS UNABLE TO PROVIDE BONDING FOR THE CONSTRUCTION PROJECT AND HAS AGREED TO A NO COST SETTLEMENT. TERMINATION FOR CONVENIENCE - COMPLETE TERMINATION.,,DEFINITIVE CONTRACT
36C78625C50517,P00001,2025-09-29,2025-08-20,2025-09-19,-48758.12,0.00,0.00,NATIONAL CEMETERY ADMIN (36C786),NATIONAL CEMETERY ADMIN (36C786),NC,WILMINGTON,NEW HANOVER,284031017,07,MHR MEDICAL HEALTH RECORDER LLC,,S208,HOUSEKEEPING- LANDSCAPING/GROUNDSKEEPING,561730,LANDSCAPING SERVICES,TERMINATE FOR CONVENIENCE - TREE REMOVAL AT WILMINGTON NATIONAL CEMETERY,EO: RADICAL TRANSPARENCY ABOUT WASTEFUL SPENDING,DEFINITIVE CONTRACT
36A79722F0024,P00004,2025-09-30,2021-12-03,2025-09-12,-1015684.00,0.00,0.00,NAC HIGH TECH ORDERS (36A797),NAC HIGH TECH ORDERS (36A797),PA,MALVERN,CHESTER,193551418,06,"SIEMENS MEDICAL SOLUTIONS USA, INC.",,6525,"IMAGING EQUIPMENT AND SUPPLIES: MEDICAL, DENTAL, VETERINARY",334517,IRRADIATION APPARATUS MANUFACTURING,"MODALITY: XR HYRID
PURCHASE ORDER: 668B13000
STATION: VAMC SPOKANE WA
REQUIREMENT: THIS UNILATERAL MODIFICATION IS ISSUED TO TERMINATE THE DELIVERY ORDER ON THE ABOVE SUBJECT IN BLOCK 10A IN ITS
ENTIRETY FOR THE CONVENIENCE OF THE GOVERNMENT",,DELIVERY ORDER
36C24625F0033,P00002,2025-09-30,2024-11-21,2025-05-29,-193586.55,13158.98,13158.98,246-NETWORK CONTRACTING OFFICE 6 (36C246),652-RICHMOND(00652)(36C652),VA,RICHMOND,RICHMOND CITY,232490001,04,"TRAUNER CONSULTING SERVICES, INC.",,R424,SUPPORT- PROFESSIONAL: EXPERT WITNESS,236220,COMMERCIAL AND INSTITUTIONAL BUILDING CONSTRUCTION,EXPERT WITNESS DELAY SETTLEMENT ON FULL TERMINATION FOR CONVENIENCE.,EO: RADICAL TRANSPARENCY ABOUT WASTEFUL SPENDING,DELIVERY ORDER
36C24422D0122,P00001,2025-10-01,2022-06-01,,0.00,0.00,6013016.00,244-NETWORK CONTRACT OFFICE 4 (36C244),646-PITTSBURGH (00646)(36C646),,,,,,"GUARDIAN ELDER CARE AT ALIQUIPPA, LLC",,Q402,"NURSING HOME, LONG-TERM & ADULT DAY CARE SERVICES",623110,NURSING CARE FACILITIES (SKILLED NURSING FACILITIES),THIS IS A TERMINATION FOR CONVENIENCE. FACILITY WAS SOLD AND THERE IS NO NEED TO KEEP THIS IDIQ CONTRACT.,EO: RADICAL TRANSPARENCY ABOUT WASTEFUL SPENDING,IDC
36C24825P2070,P00001,2025-10-01,2025-10-01,2025-09-30,-93600.00,0.00,424738.00,248-NETWORK CONTRACT OFFICE 8 (36C248),248-NETWORK CONTRACT OFFICE 8 (36C248),FL,JACKSONVILLE,DUVAL,322265601,04,"VETERANS HEALTHCARE SUPPLY SOLUTIONS, INC",,6640,LABORATORY EQUIPMENT AND SUPPLIES,334516,ANALYTICAL LABORATORY INSTRUMENT MANUFACTURING,TERMINATION OF CONTRACT DUE TO AN ADMINISTRATIVE ERROR. THE CONTRACT WAS CREATED IN ERROR USING THE INCORRECT FISCAL YEAR. A NEW CONTRACT WAS CREATED TO REPLACE THIS CONTRACT.,EO: RADICAL TRANSPARENCY ABOUT WASTEFUL SPENDING,PURCHASE ORDER
36C25023P0704,P00003,2025-10-01,2023-05-01,2025-10-01,-8500.00,17000.00,17000.00,250-NETWORK CONTRACT OFFICE 10 (36C250),506-ANN ARBOR (00506),MI,ANN ARBOR,WASHTENAW,481059482,06,"SANFORD FEDERAL, INC.",,S201,HOUSEKEEPING- CUSTODIAL JANITORIAL,561720,JANITORIAL SERVICES,TERMINATION FOR CAUSE,EO: RADICAL TRANSPARENCY ABOUT WASTEFUL SPENDING,PURCHASE ORDER
36C10B23F0294,P00004,2025-10-02,2023-09-12,2025-09-12,-2214881.36,10379380.92,51640459.60,TECHNOLOGY ACQUISITION CENTER NJ (36C10B),TECHNOLOGY ACQUISITION CENTER NJ (36C10B),MD,ROCKVILLE,MONTGOMERY,208503293,08,VETERANS ENGINEERING INCORPORATED,,DF01,IT AND TELECOM - IT MANAGEMENT SUPPORT SERVICES (LABOR),541511,CUSTOM COMPUTER PROGRAMMING SERVICES,CLOUD AND INFRASTRUCTURE ADVISORY SERVICES - TERMINATION FOR GOVERNMENT CONVENIENCE,EO: RADICAL TRANSPARENCY ABOUT WASTEFUL SPENDING,DELIVERY ORDER
36C25020N0943,P00005,2025-10-02,2020-09-28,2025-10-02,-27517.47,68021.75,68021.75,250-NETWORK CONTRACT OFFICE 10 (36C250),610-MARION (00610),IN,FORT WAYNE,ALLEN,468055100,03,GUIDON DESIGN INC.,,C1DA,ARCHITECT AND ENGINEERING- CONSTRUCTION: HOSPITALS AND INFIRMARIES,541310,ARCHITECTURAL SERVICES,AE BUILD SIM LAB - 610A4-21-201,,DELIVERY ORDER
36C77622C0070,P00003,2025-10-06,2022-08-30,2025-04-04,-396354.74,1153057.24,1494650.24,PCAC (36C776),PCAC (36C776),SC,CHARLESTON,CHARLESTON,294015703,06,GUIDON-CHARLOTTE ENGINEERS SDVOSB JV LLC,,C1DA,ARCHITECT AND ENGINEERING- CONSTRUCTION: HOSPITALS AND INFIRMARIES,541330,ENGINEERING SERVICES,TERMINATION FOR CONVENIENCE,,DEFINITIVE CONTRACT
36C24424D0002,P00001,2025-10-07,2023-10-01,,0.00,0.00,1781779.00,244-NETWORK CONTRACT OFFICE 4 (36C244),529-BUTLER (00529)(36C529),,,,,,"GUARDIAN ELDER CARE AT CLARION, LLC",,Q402,"NURSING HOME, LONG-TERM & ADULT DAY CARE SERVICES",623110,NURSING CARE FACILITIES (SKILLED NURSING FACILITIES),THIS CONTRACT HAS BEEN TERMINATED FOR CONVENIENCE BECAUSE THE CONTRACTOR SWITCHED TO THE VETERANS CARE AGREEMENT (VCA) AND OPTED OUT OF THE CONTRACT.,EO: RADICAL TRANSPARENCY ABOUT WASTEFUL SPENDING,IDC
36C24424D0003,P00001,2025-10-07,2023-10-01,,0.00,0.00,2244018.00,244-NETWORK CONTRACT OFFICE 4 (36C244),529-BUTLER (00529)(36C529),,,,,,"GUARDIAN ELDER CARE AT SHIPPENVILLE, LLC",,Q402,"NURSING HOME, LONG-TERM & ADULT DAY CARE SERVICES",623110,NURSING CARE FACILITIES (SKILLED NURSING FACILITIES),THIS CONTRACT HAS BEEN TERMINATED FOR CONVENIENCE.,EO: RADICAL TRANSPARENCY ABOUT WASTEFUL SPENDING,IDC
36C25524A0040,P00001,2025-10-07,2024-09-03,,0.00,0.00,369096.77,255-NETWORK CONTRACT OFFICE 15 (36C255),589 KAN WESTERN ORBIT,,,,,,UNITED ENTERPRISES LLC,,4460,AIR PURIFICATION EQUIPMENT,238220,"PLUMBING, HEATING, AND AIR-CONDITIONING CONTRACTORS",TERMINATION FOR CONVENIENCE VENDOR WENT OUT OF BUSINESS. THIS WAS FOR HVAC FILTERS AT THE WICHITA VAMC.,EO: RADICAL TRANSPARENCY ABOUT WASTEFUL SPENDING,BPA
36C25626P0047,P00001,2025-10-07,2025-10-07,2025-10-07,0.00,0.00,206955.00,256-NETWORK CONTRACT OFFICE 16 (36C256),520-BILOXI (00520),MS,BILOXI,HARRISON,395312410,04,ATLANTIC FIRST INDUSTRIES CORPORATION,,H959,OTHER QC/TEST/INSPECT- ELECTRICAL AND ELECTRONIC EQUIPMENT COMPONENTS,541350,BUILDING INSPECTION SERVICES,ELEVATOR INSPECTION SERVICES - TERMINATION FOR CONVENIENCE / PERFORMANCE WAS NEVER BEGUN BY AWARDEE.,,PURCHASE ORDER
36C24421D0109,P00003,2025-10-08,2021-10-01,,0.00,0.00,2204445.00,244-NETWORK CONTRACT OFFICE 4 (36C244),529-BUTLER (00529)(36C529),,,,,,SUNNYVIEW OPERATING LLC,,Q402,"NURSING HOME, LONG-TERM & ADULT DAY CARE SERVICES",623110,NURSING CARE FACILITIES (SKILLED NURSING FACILITIES),THIS CONTRACT HAS BEEN TERMINATED FOR CONVENIENCE BECAUSE THE CONTRACTOR SWITCHED TO THE VETERANS CARE AGREEMENT (VCA) AND OPTED OUT OF THE CONTRACT.,EO: RADICAL TRANSPARENCY ABOUT WASTEFUL SPENDING,IDC
36C26225P1846,P00002,2025-10-08,2025-08-15,2025-10-08,-17290.00,0.00,0.00,262-NETWORK CONTRACT OFFICE 22 (36C262),691-VA GREATER LA HLTHCR SYS(00691),CA,LOS ANGELES,LOS ANGELES,900731003,32,NATUS MEDICAL INCORPORATED,,J065,"MAINT/REPAIR/REBUILD OF EQUIPMENT- MEDICAL, DENTAL, AND VETERINARY EQUIPMENT AND SUPPLIES",811210,ELECTRONIC AND PRECISION EQUIPMENT REPAIR AND MAINTENANCE,AUDIOLOGY DIAGNOSTIC PMI / CM SERVICES- TERMINATION FOR CONVENIENCE,,PURCHASE ORDER
36C25525P0220,P00002,2025-10-09,2025-03-12,2025-09-25,-35199.00,67098.00,67098.00,255-NETWORK CONTRACT OFFICE 15 (36C255),657 STL EASTERN ORBIT,IL,MARION,WILLIAMSON,629591188,12,CDS SERVICES INC,,S207,HOUSEKEEPING- INSECT/RODENT CONTROL,561710,EXTERMINATING AND PEST CONTROL SERVICES,PEST CONTROL -TERMINATION FOR CONVENIENCE,,PURCHASE ORDER
36C77623P0143,P00003,2025-10-09,2023-10-01,2025-09-30,0.00,7097.60,24719.20,PCAC (36C776),PCAC (36C776),CA,MENLO PARK,SAN MATEO,940254737,16,"MIND GARDEN, INC",,R408,SUPPORT- PROFESSIONAL: PROGRAM MANAGEMENT/SUPPORT,518210,"COMPUTING INFRASTRUCTURE PROVIDERS, DATA PROCESSING, WEB HOSTING, AND RELATED SERVICES",NOTICE OF TERMINATION FOR CONVENIENCE (DID NOT EXERCISE THE OPTION YEAR),EO: RADICAL TRANSPARENCY ABOUT WASTEFUL SPENDING,PURCHASE ORDER
36C25224F0236,P00002,2025-10-10,2024-09-01,2029-08-31,0.00,66834.56,66834.56,252-NETWORK CONTRACT OFFICE 12 (36C252),578-HINES(00578)(36C578),IL,HINES,COOK,601415000,07,TACTEGRA LLC,,R410,SUPPORT- PROFESSIONAL: PROGRAM EVALUATION/REVIEW/DEVELOPMENT,541611,ADMINISTRATIVE MANAGEMENT AND GENERAL MANAGEMENT CONSULTING SERVICES,NOTICE OF TERMINATION FOR CONVENIENCE,,DELIVERY ORDER
36C25925P0385,P00001,2025-10-10,2025-02-04,2025-10-31,-11389.00,0.00,0.00,NETWORK CONTRACT OFFICE 19 (36C259),554-DENVER (00554),AZ,TEMPE,MARICOPA,852813802,04,"BARD PERIPHERAL VASCULAR, INC.",,6515,"MEDICAL AND SURGICAL INSTRUMENTS, EQUIPMENT, AND SUPPLIES",339113,SURGICAL APPLIANCE AND SUPPLIES MANUFACTURING,PROS STENTS,,PURCHASE ORDER
36C25925P0563,P00001,2025-10-10,2025-03-27,2025-10-31,-43116.75,0.00,0.00,NETWORK CONTRACT OFFICE 19 (36C259),554-DENVER (00554),PA,NORRISTOWN,MONTGOMERY,194035214,04,"GLOBUS MEDICAL, INC.",,6515,"MEDICAL AND SURGICAL INSTRUMENTS, EQUIPMENT, AND SUPPLIES",339113,SURGICAL APPLIANCE AND SUPPLIES MANUFACTURING,PROS POST SURGERY,,PURCHASE ORDER
36C25024F0115,P00001,2025-10-14,2023-11-09,2025-10-14,-12245.30,0.00,0.00,250-NETWORK CONTRACT OFFICE 10 (36C250),610-MARION (00610),FL,SARASOTA,SARASOTA,342343109,17,"HARMAR MOBILITY, LLC",,6515,"MEDICAL AND SURGICAL INSTRUMENTS, EQUIPMENT, AND SUPPLIES",339112,SURGICAL AND MEDICAL INSTRUMENT MANUFACTURING,STAIRLIFT,,DELIVERY ORDER
36C10X25N0017,P00004,2025-10-15,2024-10-01,2025-09-30,0.00,2655818.48,5875704.60,SAC FREDERICK (36C10X),SAC FREDERICK (36C10X),VA,MCLEAN,FAIRFAX,221013605,08,"CPS PROFESSIONAL SERVICES, LLC",,R408,SUPPORT- PROFESSIONAL: PROGRAM MANAGEMENT/SUPPORT,541611,ADMINISTRATIVE MANAGEMENT AND GENERAL MANAGEMENT CONSULTING SERVICES,TRANSITION AND ECONOMIC DEVELOPMENT PROGRAM SUPPORT,,DELIVERY ORDER
36C24923P0982,P00001,2025-10-16,2023-09-19,2023-12-22,-24900.00,0.00,0.00,249-NETWORK CONTRACT OFFICE 9 (36C249),626-NASHVILLE (00626),CA,CARLSBAD,SAN DIEGO,920087321,49,LIFE TECHNOLOGIES CORPORATION,,6515,"MEDICAL AND SURGICAL INSTRUMENTS, EQUIPMENT, AND SUPPLIES",334516,ANALYTICAL LABORATORY INSTRUMENT MANUFACTURING,CELESTE 6 SOFTWARE 6 DONGLE ONE. TERMINATION FOR CONVENIENCE.,,PURCHASE ORDER
36C24422D0085,P00001,2025-10-20,2022-03-01,,0.00,0.00,2115931.00,244-NETWORK CONTRACT OFFICE 4 (36C244),646-PITTSBURGH (00646)(36C646),,,,,,MT LEBANON OPERATIONS LLC,,Q402,"NURSING HOME, LONG-TERM & ADULT DAY CARE SERVICES",623110,NURSING CARE FACILITIES (SKILLED NURSING FACILITIES),TERMINATION FOR CONVENIENCE.,,IDC
36C24422D0086,P00001,2025-10-20,2022-03-01,,0.00,0.00,2383132.00,244-NETWORK CONTRACT OFFICE 4 (36C244),646-PITTSBURGH (00646)(36C646),,,,,,MONROEVILLE OPERATIONS LLC,,Q402,"NURSING HOME, LONG-TERM & ADULT DAY CARE SERVICES",623110,NURSING CARE FACILITIES (SKILLED NURSING FACILITIES),TERMINATION FOR CONVENIENCE.,,IDC
36C24422D0088,P00001,2025-10-20,2022-03-01,,0.00,0.00,6124483.00,244-NETWORK CONTRACT OFFICE 4 (36C244),646-PITTSBURGH (00646)(36C646),,,,,,SOUTH HILLS OPERATIONS LLC,,Q402,"NURSING HOME, LONG-TERM & ADULT DAY CARE SERVICES",623110,NURSING CARE FACILITIES (SKILLED NURSING FACILITIES),TERMINATION FOR CONVENIENCE.,,IDC
36C25020C0198,P00007,2025-10-20,2020-09-01,2025-10-31,0.00,72996.00,72996.00,250-NETWORK CONTRACT OFFICE 10 (36C250),757-COLUMBUS (00757),OH,COLUMBUS,FRANKLIN,432191834,03,"J.E. FEDERAL ENTERPRISES, LLC.",,R499,SUPPORT- PROFESSIONAL: OTHER,624190,OTHER INDIVIDUAL AND FAMILY SERVICES,TERMINATION FOR GOVERNMENT CONVENIENCE,,DEFINITIVE CONTRACT
36C77624N0843,P00002,2025-10-20,2024-09-30,2025-02-25,-477231.30,340879.50,1179451.26,PCAC (36C776),PCAC (36C776),VA,CLIFTON,FAIRFAX,201241831,10,"J P SYSTEMS, INC.",,R499,SUPPORT- PROFESSIONAL: OTHER,541690,OTHER SCIENTIFIC AND TECHNICAL CONSULTING SERVICES,TERMINOLOGY TASK ORDER 17 FOR SUPPORT FOR EVENT SET HIERARCHY (ESH) REPAIR AND OPTIMIZATION - NO COST SETTLEMENT AFTER DOGE DEMANDED TERMINATION FOR CONVENIENCE AND DEOBLIGATION OF REMAINING FUNDS. EO RADICAL TRANSPARENCY ABOUT WASTEFUL SPENDING,EO: RADICAL TRANSPARENCY ABOUT WASTEFUL SPENDING,DELIVERY ORDER
36C10X24N0225,P00004,2025-10-21,2024-09-26,2025-02-25,-41839.95,27893.30,27893.30,SAC FREDERICK (36C10X),SAC FREDERICK (36C10X),VA,UNION HALL,FRANKLIN,241764085,09,PENBAY TECHNOLOGY GROUP LLC,,R499,SUPPORT- PROFESSIONAL: OTHER,541611,ADMINISTRATIVE MANAGEMENT AND GENERAL MANAGEMENT CONSULTING SERVICES,MODIFICATION TO DE-OBLIGATE EXCESS FUNDS AND SETTLE THE TASK ORDER AFTER 2/25/25 TERMINATION FOR CONVENIENCE IAW 52.212-4(C) & (L),EO: RADICAL TRANSPARENCY ABOUT WASTEFUL SPENDING,DELIVERY ORDER
36C25022P1150,P00005,2025-10-21,2022-06-01,2025-10-31,0.00,94176.00,119364.00,250-NETWORK CONTRACT OFFICE 10 (36C250),539-CINCINNATI (00539),OH,CINCINNATI,HAMILTON,452202213,01,"J.E. FEDERAL ENTERPRISES, LLC.",,R499,SUPPORT- PROFESSIONAL: OTHER,624190,OTHER INDIVIDUAL AND FAMILY SERVICES,TERMINATION FOR GOVERNMENT CONVENIENCE,,PURCHASE ORDER
36C10X21P0013,P00008,2025-10-22,2020-11-23,2025-02-25,-41915.80,3508064.72,3508078.22,SAC FREDERICK (36C10X),SAC FREDERICK (36C10X),DC,WASHINGTON,DISTRICT OF COLUMBIA,204200001,98,DUTY FIRST CONSULTING LLC,,R408,SUPPORT- PROFESSIONAL: PROGRAM MANAGEMENT/SUPPORT,541611,ADMINISTRATIVE MANAGEMENT AND GENERAL MANAGEMENT CONSULTING SERVICES,RADICAL TRANSPARENCY ABOUT WASTEFUL SPENDING ENTERPRISE MAIL MANAGEMENT PROGRAM SUPPORT SERVICES | TERMINATE FOR CONVENIENCE SETTLEMENT,EO: RADICAL TRANSPARENCY ABOUT WASTEFUL SPENDING,PURCHASE ORDER
36C24424D0010,P00002,2025-10-22,2023-10-01,,0.00,0.00,5239640.00,244-NETWORK CONTRACT OFFICE 4 (36C244),VETERANS HEALTH ADMINISTRATION,,,,,,"TREMONT HEALTH & REHABILITATION CENTER, LLC",,Q402,"NURSING HOME, LONG-TERM & ADULT DAY CARE SERVICES",623110,NURSING CARE FACILITIES (SKILLED NURSING FACILITIES),NURSING HOME SERVICES - TERMINATION FOR CONVENIENCE.,EO: RADICAL TRANSPARENCY ABOUT WASTEFUL SPENDING,IDC
36C25024D0004,P00001,2025-10-22,2023-11-27,,0.00,0.00,2685690.00,250-NETWORK CONTRACT OFFICE 10 (36C250),610-MARION (00610),,,,,,VOLUNTEERS OF AMERICA OHIO & INDIANA,,G099,SOCIAL- OTHER,624221,TEMPORARY SHELTERS,HCHV CERS MALE & FEMALE VETERANS - NIHCS (FT. WAYNE),,IDC
36C26223C0268,P00001,2025-10-22,2023-10-19,2025-12-31,-2197486.04,846275.96,846275.96,262-NETWORK CONTRACT OFFICE 22 (36C262),649 PRESCOTT (00649),AZ,PRESCOTT,YAVAPAI,863018121,02,"POVOLNY GROUP, INC, THE",,Z2DA,REPAIR OR ALTERATION OF HOSPITALS AND INFIRMARIES,236220,COMMERCIAL AND INSTITUTIONAL BUILDING CONSTRUCTION,"REPLACE MAIN HOSPITAL ELECTRICAL SERVICE AT VA PRESCOTT MEDICAL CENTER, PRESCOTT, AZ 86301. T4C",,DEFINITIVE CONTRACT
36C26225C0298,P00001,2025-10-22,2025-08-18,2030-08-17,-535830.00,0.00,0.00,262-NETWORK CONTRACT OFFICE 22 (36C262),644-PHOENIX (00644),AZ,PHOENIX,MARICOPA,850121087,03,"SLEEP CARE, INC.",,Q521,MEDICAL- PULMONARY,621498,ALL OTHER OUTPATIENT CARE CENTERS,TERMINATION FOR CONVENIENCE.,EO: RADICAL TRANSPARENCY ABOUT WASTEFUL SPENDING,DEFINITIVE CONTRACT
36C10G26D0001,P00001,2025-10-23,2025-10-13,,0.00,0.00,6013715.50,STRATEGIC ACQUISITION CENTER FREDERICKSBURG (36C10G),STRATEGIC ACQUISITION CENTER FREDERICKSBURG (36C10G),,,,,,THE KMASK GROUP LLC,,6515,"MEDICAL AND SURGICAL INSTRUMENTS, EQUIPMENT, AND SUPPLIES",339113,SURGICAL APPLIANCE AND SUPPLIES MANUFACTURING,"MEDICAL CARTS: CARDIOPULMONARY RESUSCITATION (CRASH CART). CONTRACT TERMS AND CONDITIONS COMMERCIAL PRODUCTS, TERMINATION FOR THE GOVERNMENT'S CONVENIENCE.",EO: RADICAL TRANSPARENCY ABOUT WASTEFUL SPENDING,IDC
36C10X24N0112,P00003,2025-10-23,2024-07-31,2025-02-19,-1947798.28,1013679.12,13418245.71,SAC FREDERICK (36C10X),SAC FREDERICK (36C10X),FL,WESTON,BROWARD,333313624,25,"HRS CONSULTING, INC.",,U009,EDUCATION/TRAINING- GENERAL,541611,ADMINISTRATIVE MANAGEMENT AND GENERAL MANAGEMENT CONSULTING SERVICES,TERMINATION FOR CONVENIENCE - COACHING SUPPORT & DASHBOARD SERVICES,EO: RADICAL TRANSPARENCY ABOUT WASTEFUL SPENDING,DELIVERY ORDER
36C10X22N0222,P00007,2025-10-24,2022-09-30,2025-09-30,-464132.20,1860549.83,2379150.83,SAC FREDERICK (36C10X),SAC FREDERICK (36C10X),VA,FAIRFAX,FAIRFAX,220306044,11,"CUSTOMER VALUE PARTNERS, INC.",,AN13,HEALTH R&D SERVICES; HEALTH CARE SERVICES; EXPERIMENTAL DEVELOPMENT,541715,"RESEARCH AND DEVELOPMENT IN THE PHYSICAL, ENGINEERING, AND LIFE SCIENCES (EXCEPT NANOTECHNOLOGY AND BIOTECHNOLOGY)",MODIFICATION P00007 TERMINATION FOR CONVENIENCE AND SETTLEMENT PROPOSAL PAYOUT FOR RADICAL TRANSPARENCY ABOUT WASTEFUL SPENDING INITIATIVE ACQUISITION LETTER MV-2025-03,EO: RADICAL TRANSPARENCY ABOUT WASTEFUL SPENDING,DELIVERY ORDER
36C24424D0012,P00002,2025-10-24,2023-10-01,,0.00,0.00,5249682.00,244-NETWORK CONTRACT OFFICE 4 (36C244),VETERANS HEALTH ADMINISTRATION,,,,,,"STONEBRIDGE HEALTH & REHABILITATION CENTER, LLC",,Q402,"NURSING HOME, LONG-TERM & ADULT DAY CARE SERVICES",623110,NURSING CARE FACILITIES (SKILLED NURSING FACILITIES),NURSING HOME SERVICES. TERMINATED FOR CONVENIENCE- ESTABLISHED A VETERANS CARE AGREEMENT (VCA).,,IDC
36C24424D0013,P00002,2025-10-24,2023-10-01,,0.00,0.00,4407333.00,244-NETWORK CONTRACT OFFICE 4 (36C244),VETERANS HEALTH ADMINISTRATION,,,,,,"SPRUCE MANOR NURSING & REHABILITATION CENTER, LLC",,Q402,"NURSING HOME, LONG-TERM & ADULT DAY CARE SERVICES",623110,NURSING CARE FACILITIES (SKILLED NURSING FACILITIES),NURSING HOME SERVICES. TERMINATED FOR CONVENIENCE- ESTABLISHED A VETERANS CARE AGREEMENT (VCA).,,IDC
36C24424D0018,P00002,2025-10-24,2023-10-01,,0.00,0.00,4578779.00,244-NETWORK CONTRACT OFFICE 4 (36C244),VETERANS HEALTH ADMINISTRATION,,,,,,"BROAD MOUNTAIN HEALTH & REHABILITATION CENTER, LLC",,Q402,"NURSING HOME, LONG-TERM & ADULT DAY CARE SERVICES",623110,NURSING CARE FACILITIES (SKILLED NURSING FACILITIES),NURSING HOME SERVICES. TERMINATED FOR CONVENIENCE- ESTABLISHED A VETERANS CARE AGREEMENT (VCA).,,IDC
36C24725P0901,P00001,2025-10-27,2025-07-07,2025-09-06,-19739.00,0.00,0.00,247-NETWORK CONTRACT OFFICE 7 (36C247),557-DUBLIN (00557),GA,DUBLIN,LAURENS,310210001,12,"TURN-KEY TECHNOLOGIES, INC.",,J049,MAINT/REPAIR/REBUILD OF EQUIPMENT- MAINTENANCE AND REPAIR SHOP EQUIPMENT,334290,OTHER COMMUNICATIONS EQUIPMENT MANUFACTURING,TERMINATION FOR CONVENIENCE FOR TURNKEY TECHNOLOGIES EQUIPMENT MOVE,,PURCHASE ORDER
36C25625P1758,P00002,2025-10-27,2025-09-26,2025-09-26,-2990246.40,0.00,0.00,256-NETWORK CONTRACT OFFICE 16 (36C256),256-NETWORK CONTRACT OFFICE 16 (36C256),TX,HOUSTON,HARRIS,770565643,07,"BTL TECHNOLOGIES, INC",,R707,SUPPORT- MANAGEMENT: CONTRACT/PROCUREMENT/ACQUISITION SUPPORT,541611,ADMINISTRATIVE MANAGEMENT AND GENERAL MANAGEMENT CONSULTING SERVICES,THIS MODIFICATION IS FOR A TERMINATION FOR CONVENIENCE OF 36C25625P1758 AND MOD 36C25625P1758 P00001 DUE TO AGENCY PROTEST AND REQUIRED CORRECTIVE ACTIONS TO RESOLICIT.,,PURCHASE ORDER
36C77625C0144,P00001,2025-10-27,2025-09-30,2026-09-29,0.00,0.00,0.00,PCAC (36C776),PCAC (36C776),OH,INDEPENDENCE,CUYAHOGA,441318051,07,"VETERANS MANAGEMENT SERVICES, INC.",,R499,SUPPORT- PROFESSIONAL: OTHER,541611,ADMINISTRATIVE MANAGEMENT AND GENERAL MANAGEMENT CONSULTING SERVICES,ACQUISITION SUPPORT SUPPORT SERVICES FOR PCAC TERMINATION FOR CONVENIENCE.,,DEFINITIVE CONTRACT
36C10X24N0059,P00004,2025-10-28,2024-01-26,2025-02-25,0.00,2284191.45,5855240.68,SAC FREDERICK (36C10X),SAC FREDERICK (36C10X),VA,ALEXANDRIA,ALEXANDRIA CITY,223043909,08,"GREEN-GATE TECHNOLOGY, INC",,U008,EDUCATION/TRAINING- TRAINING/CURRICULUM DEVELOPMENT,541611,ADMINISTRATIVE MANAGEMENT AND GENERAL MANAGEMENT CONSULTING SERVICES,TERMINATION FOR CONVENIENCE.,EO: RADICAL TRANSPARENCY ABOUT WASTEFUL SPENDING,DELIVERY ORDER
36C24422D0169,P00001,2025-10-28,2022-09-01,,0.00,0.00,6248605.00,244-NETWORK CONTRACT OFFICE 4 (36C244),VETERANS HEALTH ADMINISTRATION,,,,,,FOX SUBACUTE AT MECHANICSBURG,,Q402,"NURSING HOME, LONG-TERM & ADULT DAY CARE SERVICES",623110,NURSING CARE FACILITIES (SKILLED NURSING FACILITIES),NURSING HOME SERVICES. TERMINATION FOR CONVENIENCE - ESTABLISHED A VETERANS CARE AGREEMENT (VCA).,,IDC
36C24725P0904,P00001,2025-10-28,2025-07-07,2025-09-26,0.00,255937.16,255937.16,247-NETWORK CONTRACT OFFICE 7 (36C247),247-NETWORK CONTRACT OFFICE 7 (36C247),TX,SAN ANTONIO,BEXAR,782076319,35,MERCY MEDICAL EQUIPMENT COMPANY,,6515,"MEDICAL AND SURGICAL INSTRUMENTS, EQUIPMENT, AND SUPPLIES",339112,SURGICAL AND MEDICAL INSTRUMENT MANUFACTURING,CEILING LIFTS,,PURCHASE ORDER
36C26124C0030,P00006,2025-10-28,2024-04-01,2025-07-15,-2611099.06,2058846.26,2099613.42,261-NETWORK CONTRACT OFFICE 21 (36C261),261-NETWORK CONTRACT OFFICE 21 (36C261),NV,RENO,WASHOE,895026263,02,GLOBAL ENGINEERING SERVICES INC,,Z1DA,MAINTENANCE OF HOSPITALS AND INFIRMARIES,236220,COMMERCIAL AND INSTITUTIONAL BUILDING CONSTRUCTION,TERMINCATION FOR CONVENIENCE AND CLOSEOUT,,DEFINITIVE CONTRACT
36C24525P0328,P00002,2025-10-29,2025-03-11,2025-10-22,0.00,1115.88,6035.10,245-NETWORK CONTRACT OFFICE 5 (36C245),VISN 05-VETERANS INTEGRATED(36C482),MD,LINTHICUM HEIGHTS,ANNE ARUNDEL,210902700,03,"DIRECTV, LLC",,S119,UTILITIES- OTHER,517410,SATELLITE TELECOMMUNICATIONS,TERMINATION FOR CONVENIENCE. CABLE TV VISN OFFICE,EO: RADICAL TRANSPARENCY ABOUT WASTEFUL SPENDING,PURCHASE ORDER
36C25725P0160,P00003,2025-10-29,2025-02-21,2025-11-14,-10055.13,16896.87,16896.87,257-NETWORK CONTRACT OFFICE 17 (36C257),756-EL PASO (00756),TX,EL PASO,EL PASO,799304211,16,JTF BUSINESS SOLUTIONS CORP.,,W074,"LEASE OR RENTAL OF EQUIPMENT- OFFICE MACHINES, TEXT PROCESSING SYSTEMS, AND VISIBLE RECORD EQUIPMENT",532420,OFFICE MACHINERY AND EQUIPMENT RENTAL AND LEASING,TERMINATION FOR CONVENIENCE,EO: RADICAL TRANSPARENCY ABOUT WASTEFUL SPENDING,PURCHASE ORDER
VA101F14J0239,P00019,2025-10-29,2014-09-15,2023-10-31,-165253.88,945896.96,945896.96,OFFICE OF CONSTRUCTION &  FACILITIES MGMT (36C10F),OFFICE OF CONSTRUCTION &  FACILITIES MGMT (36C10F),MS,BILOXI,HARRISON,395313510,04,LEO A DALY COMPANY,,C1DA,ARCHITECT AND ENGINEERING- CONSTRUCTION: HOSPITALS AND INFIRMARIES,541310,ARCHITECTURAL SERVICES,TERMINATION FOR CONVENIENCE NO-COST SETTLEMENT DE-OBLIGATION (T FOR C ACTION NOT RELATED TO EO: RADICAL TRANSPARENCY ABOUT WASTEFUL SPENDING),,DELIVERY ORDER
36C24523D0010,P00001,2025-10-30,2023-02-17,,0.00,0.00,18550.00,245-NETWORK CONTRACT OFFICE 5 (36C245),540-CLARKSBURG (00540)(36C540),,,,,,M M COURIER SERVICES,,V129,TRANSPORTATION/TRAVEL/RELOCATION- TRANSPORTATION: OTHER,492110,COURIERS AND EXPRESS DELIVERY SERVICES,TERMINATION FOR CONVENIENCE,,IDC
36C24525N0231,P00001,2025-10-30,2025-02-17,2026-02-16,-3710.00,0.00,0.00,245-NETWORK CONTRACT OFFICE 5 (36C245),540-CLARKSBURG (00540)(36C540),WV,CLARKSBURG,HARRISON,263019498,02,M M COURIER SERVICES,,V129,TRANSPORTATION/TRAVEL/RELOCATION- TRANSPORTATION: OTHER,492110,COURIERS AND EXPRESS DELIVERY SERVICES,TERMINATION FOR CONVENIENCE,,DELIVERY ORDER
36C24421D0080,P00005,2025-10-31,2021-06-01,,0.00,0.00,5101491.25,244-NETWORK CONTRACT OFFICE 4 (36C244),693-WILKES BARRE(00693)(36C693),,,,,,TRANS-MED AMBULANCE INC,,V225,TRANSPORTATION/TRAVEL/RELOCATION- TRAVEL/LODGING/RECRUITMENT: AMBULANCE,621910,AMBULANCE SERVICES,NON-EMERGENT AMBULANCE TRANSPORTATION - THIS ACTION TAKEN IS A TERMINATION FOR CONVENIENCE FOR THE GOVERNMENT.,,IDC
36C24422D0087,P00001,2025-11-03,2022-03-01,,0.00,0.00,4447141.00,244-NETWORK CONTRACT OFFICE 4 (36C244),646-PITTSBURGH (00646)(36C646),,,,,,MURRYSVILLE OPERATIONS LLC,,Q402,"NURSING HOME, LONG-TERM & ADULT DAY CARE SERVICES",623110,NURSING CARE FACILITIES (SKILLED NURSING FACILITIES),TERMINATION FOR CONVENIENCE.,,IDC
36C24925P0904,P00001,2025-11-03,2025-09-26,2026-09-25,-2999932.83,0.00,0.00,249-NETWORK CONTRACT OFFICE 9 (36C249),262-NETWORK CONTRACT OFC 22(00701),VA,STERLING,LOUDOUN,201655178,10,"VETERANS MANAGEMENT SERVICES, INC.",,R499,SUPPORT- PROFESSIONAL: OTHER,541611,ADMINISTRATIVE MANAGEMENT AND GENERAL MANAGEMENT CONSULTING SERVICES,ACQUISITION SUPPORT SERVICES TERMINATION FOR CONVENIENCE,,PURCHASE ORDER
36C25625C0035,P00001,2025-11-03,2025-06-10,2025-08-05,-2898400.00,0.00,0.00,256-NETWORK CONTRACT OFFICE 16 (36C256),586-JACKSON (00586),MS,JACKSON,HINDS,392138221,02,PERRY CONSTRUCTION CO,,Y1DZ,CONSTRUCTION OF OTHER HOSPITAL BUILDINGS,236220,COMMERCIAL AND INSTITUTIONAL BUILDING CONSTRUCTION,PHARMACY PHYSICAL SECURITY UPGRADE,,DEFINITIVE CONTRACT
36C10X25N0168,P00001,2025-11-04,2025-07-15,2026-01-14,0.00,65842.40,65842.40,SAC FREDERICK (36C10X),SAC FREDERICK (36C10X),DC,WASHINGTON,DISTRICT OF COLUMBIA,204200001,98,"CAREER MANAGEMENT ASSOCIATES OF IOWA, LLC",,R699,SUPPORT- ADMINISTRATIVE: OTHER,561320,TEMPORARY HELP SERVICES,TEMPORARY ADMIN SERVICES - INCORPORATE VAAR CLAUSE 852.222-71,,BPA CALL
36C24E22P0144,P00005,2025-11-04,2022-08-15,2025-03-07,-34707.17,58954.50,58954.50,RPO EAST (36C24E),640-PALO ALTO (00640),CA,STANFORD,SANTA CLARA,943051001,16,"LELAND STANFORD JUNIOR UNIVERSITY, THE",,AN31,HEALTH R&D SERVICES; CONSUMER AND OCCUPATIONAL HEALTH AND SAFETY; BASIC RESEARCH,541690,OTHER SCIENTIFIC AND TECHNICAL CONSULTING SERVICES,NOTICE OF TERMINATION FOR CONVENIENCE - INSTITUTIONAL BIOSAFETY COMMITTEE (IBC),EO: RADICAL TRANSPARENCY ABOUT WASTEFUL SPENDING,PURCHASE ORDER
36C10X23N0103,P00004,2025-11-05,2023-07-03,2025-02-25,-229709.05,1453556.95,1453556.95,SAC FREDERICK (36C10X),SAC FREDERICK (36C10X),DC,WASHINGTON,DISTRICT OF COLUMBIA,200011152,98,"RB CONSULTING, INC.",,R408,SUPPORT- PROFESSIONAL: PROGRAM MANAGEMENT/SUPPORT,541611,ADMINISTRATIVE MANAGEMENT AND GENERAL MANAGEMENT CONSULTING SERVICES,"DOGE TERMINATION - RTWS
TERMINATION SETTLEMENT AND DEOBLIGATION",EO: RADICAL TRANSPARENCY ABOUT WASTEFUL SPENDING,DELIVERY ORDER
36C25624C0006,P00001,2025-11-05,2024-02-12,2025-11-05,-3103534.00,1399172.00,2073747.00,256-NETWORK CONTRACT OFFICE 16 (36C256),564-FAYETTEVILLE (00564),NJ,CHERRY HILL,CAMDEN,080340001,01,"MILLER-REMICK, LLC",,C1NZ,ARCHITECT AND ENGINEERING- CONSTRUCTION: OTHER UTILITIES,541330,ENGINEERING SERVICES,564-22-500 CONSTRUCT NEW WATER STORAGE FACILITY AT VHSO TERMINATION FOR CONVENIENCE,,DEFINITIVE CONTRACT
36C79125D0003,P00001,2025-11-05,2024-12-03,,0.00,0.00,793801.80,COMMODITIES & SERVICES ACQUISITION SERVICE (36C791),COMMODITIES & SERVICES ACQUISITION SERVICE (36C791),,,,,,BHPE LLC,,6515,"MEDICAL AND SURGICAL INSTRUMENTS, EQUIPMENT, AND SUPPLIES",339113,SURGICAL APPLIANCE AND SUPPLIES MANUFACTURING,TERMINATION FOR CONVENIENCE ARTIFICIAL LARYNGES - DENVER LOGISTICS SERVICE,,IDC
36C10X23N0143,P00005,2025-11-06,2023-09-28,2026-09-27,-791495.50,1579371.99,1579371.99,SAC FREDERICK (36C10X),SAC FREDERICK (36C10X),DC,WASHINGTON,DISTRICT OF COLUMBIA,200010001,98,"ADVANCED MANAGEMENT STRATEGIES GROUP, INC.",,U009,EDUCATION/TRAINING- GENERAL,541611,ADMINISTRATIVE MANAGEMENT AND GENERAL MANAGEMENT CONSULTING SERVICES,P00005 NOTICE OF TERMINATION FOR CONVENIENCE AND SETTLEMENT PAYMENT,EO: RADICAL TRANSPARENCY ABOUT WASTEFUL SPENDING,DELIVERY ORDER
36C24125P0050,P00002,2025-11-06,2024-10-27,2025-10-26,-43815.00,0.00,0.00,241-NETWORK CONTRACT OFFICE 01 (36C241),VETERANS HEALTH ADMINISTRATION,RI,PROVIDENCE,PROVIDENCE,029084734,02,GAM MEDICAL SURGICAL CONSULTING LLC,,W065,"LEASE OR RENTAL OF EQUIPMENT- MEDICAL, DENTAL, AND VETERINARY EQUIPMENT AND SUPPLIES",532490,OTHER COMMERCIAL AND INDUSTRIAL MACHINERY AND EQUIPMENT RENTAL AND LEASING,SHOCKWAVE LITHOTRIPSY RENTAL DE-OBLIGATION OF BASE YEAR AND CANCELLATION 650C58030,,PURCHASE ORDER
36C25023N0246,P00002,2025-11-06,2023-01-17,2025-11-06,-20444.50,37590.50,37590.50,250-NETWORK CONTRACT OFFICE 10 (36C250),583-INDIANAPOLIS(00583),IN,INDIANAPOLIS,MARION,462022375,07,"FFE ENVIRONMENTAL SERVICES, INC.",,C1DA,ARCHITECT AND ENGINEERING- CONSTRUCTION: HOSPITALS AND INFIRMARIES,541310,ARCHITECTURAL SERVICES,AE COMMISSIONING SERVICES FOR RELOCATE NUCLEAR MEDICINE - PARTIAL TERMINATION FOR CONVENIENCE.,,DELIVERY ORDER
36C24122F0095,P00005,2025-11-07,2022-02-01,2025-07-28,-130463.75,733296.25,733296.25,241-NETWORK CONTRACT OFFICE 01 (36C241),518-BEDFORD (00518)(36C518),MA,BEDFORD,MIDDLESEX,017301114,06,"NINETY FIVE SOUTH, INC.",,S201,HOUSEKEEPING- CUSTODIAL JANITORIAL,561210,FACILITIES SUPPORT SERVICES,FLOOR CLEANING AND MAINTENANCE FOR THE BEDFORD VAMC,,DELIVERY ORDER
36C25721P0875,P00006,2025-11-10,2021-06-23,2025-11-03,-11175.84,72569.76,72569.76,257-NETWORK CONTRACT OFFICE 17 (36C257),257-NETWORK CONTRACT OFFICE 17 (36C257),TX,EL PASO,EL PASO,799304210,16,"SUSTAINMENT TECHNOLOGIES, LLC",,J065,"MAINT/REPAIR/REBUILD OF EQUIPMENT- MEDICAL, DENTAL, AND VETERINARY EQUIPMENT AND SUPPLIES",339112,SURGICAL AND MEDICAL INSTRUMENT MANUFACTURING,TERMINATE DUE TO EQUIPMENT NO LONGER IN USE,,PURCHASE ORDER
36C25922N0346,P00002,2025-11-12,2022-07-12,2025-08-19,-122009.63,108163.37,108163.37,NETWORK CONTRACT OFFICE 19 (36C259),NETWORK CONTRACT OFFICE 19 (36C259),CO,GRAND JUNCTION,MESA,815018925,03,"SPUR DESIGN, LLC",,C1DA,ARCHITECT AND ENGINEERING- CONSTRUCTION: HOSPITALS AND INFIRMARIES,541330,ENGINEERING SERVICES,TERMINATION FOR CONVIVENCE (AT THE REQUEST OF THE VA) - UNFORESEEN COST AND RISK DISCOVERED BY THE AWARDED ARCHITECTURAL ENGINEER FIRM DURING THE COMPREHENSIVE ASSESSMENT.,EO: RADICAL TRANSPARENCY ABOUT WASTEFUL SPENDING,DELIVERY ORDER
36C10X23F0090,P00003,2025-11-13,2023-09-28,2025-02-25,-77027.47,222050.57,222050.57,SAC FREDERICK (36C10X),SAC FREDERICK (36C10X),VA,ARLINGTON,ARLINGTON,222023709,08,RB MANAGEMENT CONSULTANTS LLC,,R408,SUPPORT- PROFESSIONAL: PROGRAM MANAGEMENT/SUPPORT,541611,ADMINISTRATIVE MANAGEMENT AND GENERAL MANAGEMENT CONSULTING SERVICES,'EO: RADICAL TRANSPARENCY ABOUT WASTEFUL SPENDING',EO: RADICAL TRANSPARENCY ABOUT WASTEFUL SPENDING,DELIVERY ORDER
36C25525F0071,P00001,2025-11-13,2025-07-21,2025-11-11,-56250.40,0.00,0.00,255-NETWORK CONTRACT OFFICE 15 (36C255),589 KAN WESTERN ORBIT,VA,CHANTILLY,FAIRFAX,201513813,11,"FOUR POINTS TECHNOLOGY, L.L.C.",,6515,"MEDICAL AND SURGICAL INSTRUMENTS, EQUIPMENT, AND SUPPLIES",541519,OTHER COMPUTER RELATED SERVICES,PYXIS ANESTHESIA ES SYSTEM - TERMINATE FOR THE GOVERNMENT'S CONVENIENCE.  FACILITY WAS NOT READY FOR EQUIPMENT.,,DELIVERY ORDER
36C24724P0248,P00002,2025-11-17,2024-04-01,2026-03-31,-13990.00,0.00,41970.00,247-NETWORK CONTRACT OFFICE 7 (36C247),509-AUGUSTA(00509),GA,AUGUSTA,RICHMOND,309045752,12,BIOVENTUS LLC,,J065,"MAINT/REPAIR/REBUILD OF EQUIPMENT- MEDICAL, DENTAL, AND VETERINARY EQUIPMENT AND SUPPLIES",811210,ELECTRONIC AND PRECISION EQUIPMENT REPAIR AND MAINTENANCE,PREVENTIVE MAINTENANCE VEC 1000 TERMINATION FOR CONVENIENCE,,PURCHASE ORDER
36C25225F0213,P00001,2025-11-17,2025-09-26,2026-09-25,0.00,2999993.70,2999993.70,252-NETWORK CONTRACT OFFICE 12 (36C252),262-NETWORK CONTRACT OFC 22(00701),WI,MILWAUKEE,MILWAUKEE,532141476,04,"STAFFORD CONSULTING COMPANY, INC.",,R707,SUPPORT- MANAGEMENT: CONTRACT/PROCUREMENT/ACQUISITION SUPPORT,541611,ADMINISTRATIVE MANAGEMENT AND GENERAL MANAGEMENT CONSULTING SERVICES,TERMINATION FOR CONVENIENCE,,DELIVERY ORDER
36C26025P1203,P00001,2025-11-17,2025-09-09,2025-10-07,-38771.17,0.00,0.00,260-NETWORK CONTRACT OFFICE 20 (36C260),663-SEATTLE (00663),NY,NEW YORK,NEW YORK,100010011,12,TECH SERVICE SOLUTIONS LLC,,6515,"MEDICAL AND SURGICAL INSTRUMENTS, EQUIPMENT, AND SUPPLIES",339113,SURGICAL APPLIANCE AND SUPPLIES MANUFACTURING,PUGET SOUND TOTAL BODY IRRADIATION ROTATABLE TABLETOP,,PURCHASE ORDER
36C10X23N0152,P00003,2025-11-19,2023-09-18,2025-02-25,-283964.99,698289.53,698289.53,SAC FREDERICK (36C10X),SAC FREDERICK (36C10X),DC,WASHINGTON,DISTRICT OF COLUMBIA,200011152,98,COLEY & ASSOCIATES INC,,R499,SUPPORT- PROFESSIONAL: OTHER,541611,ADMINISTRATIVE MANAGEMENT AND GENERAL MANAGEMENT CONSULTING SERVICES,TERMINATION FOR CONVENIENCE (T4C) - RADICAL TRANSPARENCY ABOUT WASTEFUL SPENDING (RTWS),EO: RADICAL TRANSPARENCY ABOUT WASTEFUL SPENDING,DELIVERY ORDER
36C24822F0139,P00008,2025-11-19,2022-07-06,2025-11-19,-342360.00,1729.61,201229.61,248-NETWORK CONTRACT OFFICE 8 (36C248),573-NF/SG VETS HOSP(00573)(36C573),FL,GAINESVILLE,ALACHUA,326081135,03,"LAREDO TECHNICAL SERVICES, INC.",,Q401,MEDICAL- NURSING,561320,TEMPORARY HELP SERVICES,TERMINATION FOR CONVENIENCE - CNA SERVICES FOR REASONABLE ACCOMMODATIONS,,DELIVERY ORDER
36C26225N1172,P00001,2025-11-19,2025-09-22,2025-11-17,-84294.36,0.00,0.00,262-NETWORK CONTRACT OFFICE 22 (36C262),501-ALBUERQUE (00501),OH,VERSAILLES,DARKE,453809488,08,MIDMARK CORPORATION,,6530,"HOSPITAL FURNITURE, EQUIPMENT, UTENSILS, AND SUPPLIES",339112,SURGICAL AND MEDICAL INSTRUMENT MANUFACTURING,TERMINATION FOR CONVENIENCE (COMPLETE),,DELIVERY ORDER
36C26325P1168,P00001,2025-11-19,2025-09-30,2026-09-24,-2999925.33,0.00,0.00,NETWORK CONTRACT OFFICE 23 (36C263),NETWORK CONTRACT OFFICE 23 (36C263),VA,STERLING,LOUDOUN,201656151,10,"VETERANS MANAGEMENT SERVICES, INC.",,R499,SUPPORT- PROFESSIONAL: OTHER,541611,ADMINISTRATIVE MANAGEMENT AND GENERAL MANAGEMENT CONSULTING SERVICES,TERMINATION TO RESOLVE A PROTEST FOR ACQUISITION SUPPORT SERVICES TO SUPPORT NETWORK 23 CONTRACTING OFFICE,,PURCHASE ORDER
36C26325P1173,P00001,2025-11-19,2025-09-24,2026-03-31,-335689.30,0.00,0.00,NETWORK CONTRACT OFFICE 23 (36C263),499-NETWOK CONTRACT OFFICE 23,OH,COLUMBUS,FRANKLIN,432131529,03,THE JANZ CORP,,6515,"MEDICAL AND SURGICAL INSTRUMENTS, EQUIPMENT, AND SUPPLIES",339112,SURGICAL AND MEDICAL INSTRUMENT MANUFACTURING,BIOSAFETY STATIONS FOR THE VISN,,PURCHASE ORDER
36C10X24N0236,P00002,2025-11-20,2024-09-30,2025-02-25,-342535.45,177415.20,177415.20,SAC FREDERICK (36C10X),SAC FREDERICK (36C10X),FL,PENSACOLA,ESCAMBIA,325012334,01,DYNAMIC INTEGRATED SERVICES LLC,,R708,SUPPORT- MANAGEMENT: PUBLIC RELATIONS,541611,ADMINISTRATIVE MANAGEMENT AND GENERAL MANAGEMENT CONSULTING SERVICES,TERMINATION FOR CONVENIENCE  - RADICAL TRANSPARENCY ABOUT WASTEFUL SPENDING-RADICAL TRANSPARENCY ABOUT WASTEFUL SPENDING INITIATIVE EXECUTIVE ORDER.,EO: RADICAL TRANSPARENCY ABOUT WASTEFUL SPENDING,DELIVERY ORDER
36C25722P0808,P00006,2025-11-20,2022-09-26,2025-11-06,-121133.60,346870.10,346870.10,257-NETWORK CONTRACT OFFICE 17 (36C257),674-TEMPLE (00674),TX,TEMPLE,BELL,765042497,31,"INTERIOR FUSION, L. L. C.",,H165,"QUALITY CONTROL- MEDICAL, DENTAL, AND VETERINARY EQUIPMENT AND SUPPLIES",811219,OTHER ELECTRONIC AND PRECISION EQUIPMENT REPAIR AND MAINTENANCE,TERMINATE FOR CONVENIENCE FOR FAILURE TO PERFORM,,PURCHASE ORDER
36C25725P0907,P00001,2025-11-20,2025-09-16,2025-11-13,-16393.72,2341.28,137983.88,257-NETWORK CONTRACT OFFICE 17 (36C257),504-AMARILLO (00504),TX,AMARILLO,POTTER,791064019,13,CDS SERVICES INC,,S207,HOUSEKEEPING- INSECT/RODENT CONTROL,561710,EXTERMINATING AND PEST CONTROL SERVICES,"TERMINATION FOR CONVENIENCE, PEST CONTROL IN AMARILLO VA",,PURCHASE ORDER
36C77623F0010,P00004,2025-11-20,2023-03-29,2025-02-25,-91197.33,2541627.39,3812176.59,PCAC (36C776),MID ATLANTIC CPAC 36C730,VA,ARLINGTON,ARLINGTON,222092300,08,"T3 TECHNOLOGIES, LLC",,R408,SUPPORT- PROFESSIONAL: PROGRAM MANAGEMENT/SUPPORT,541611,ADMINISTRATIVE MANAGEMENT AND GENERAL MANAGEMENT CONSULTING SERVICES,HIPAA EDI AND PRODUCT LINE SUPPORT,,DELIVERY ORDER
36C25023C0175,P00003,2025-11-21,2023-10-03,2025-11-30,-149281.74,4826776.03,4826776.03,250-NETWORK CONTRACT OFFICE 10 (36C250),539-CINCINNATI (00539),OH,CINCINNATI,HAMILTON,452192637,01,CHARLOTTE ENGINEERS-GUIDON JV LLC,,C1DA,ARCHITECT AND ENGINEERING- CONSTRUCTION: HOSPITALS AND INFIRMARIES,541310,ARCHITECTURAL SERVICES,PROJECT NO. 539-23-600 - AE MARKET CAPITAL ASSETS MASTER PLAN - CENTRAL-WESTERN OHIO. - T4C,,DEFINITIVE CONTRACT
36C25025C0127,P00001,2025-11-21,2025-08-01,2025-11-21,-5704.29,7605.72,68451.48,250-NETWORK CONTRACT OFFICE 10 (36C250),583-INDIANAPOLIS(00583),IN,INDIANAPOLIS,MARION,462022375,07,PEAK SCIENTIFIC INC,,J065,"MAINT/REPAIR/REBUILD OF EQUIPMENT- MEDICAL, DENTAL, AND VETERINARY EQUIPMENT AND SUPPLIES",811210,ELECTRONIC AND PRECISION EQUIPMENT REPAIR AND MAINTENANCE,NITROGEN GENERATOR TERMINATION FOR CONVENIENCE,,DEFINITIVE CONTRACT
36C10X24P0097,P00002,2025-11-28,2024-09-30,2025-05-30,-30000.00,0.00,60000.00,SAC FREDERICK (36C10X),SAC FREDERICK (36C10X),TN,NASHVILLE,DAVIDSON,372090001,05,"PRIVASENSE, LLC",,DJ10,IT AND TELECOM - SECURITY AND COMPLIANCE AS A SERVICE,541511,CUSTOM COMPUTER PROGRAMMING SERVICES,"TERMINATION FOR CONVENIENCE (COMPLETE) $0 SETTLEMENT, DEOBLIGATION, AND CLOSE OUT",EO: RADICAL TRANSPARENCY ABOUT WASTEFUL SPENDING,PURCHASE ORDER
36C24E21N0053,P00001,2025-12-01,2021-04-01,2022-03-31,-365359.00,631745.60,631745.60,RPO EAST (36C24E),583-INDIANAPOLIS(00583),IN,INDIANAPOLIS,MARION,462025130,07,TRUSTEES OF INDIANA UNIVERSITY,,Q301,REFERENCE LABORATORY TESTING,541380,TESTING LABORATORIES AND SERVICES,TERMINATION FOR CONVENIENCE - NOT CONNECTED TO EO LARC SERVICES,,DELIVERY ORDER
36E79725D0013,P00002,2025-12-01,2025-03-28,,0.00,0.00,2445241.70,NAC PHARMACEUTICALS (36E797),NAC PHARMACEUTICALS (36E797),,,,,,"GOLDEN STATE MEDICAL SUPPLY, INC.",,6505,DRUGS AND BIOLOGICALS,325412,PHARMACEUTICAL PREPARATION MANUFACTURING,"THIS MODIFICATION IS ISSUED TO TERMINATE NATIONAL CONTRACT 36E79725D0013 IN ITS ENTIRETY, EFFECTIVE 12/1/2025.",,IDC
36C10X21N0153,P00009,2025-12-02,2021-09-20,2025-03-04,-380291.29,3127592.24,3127592.24,SAC FREDERICK (36C10X),SAC FREDERICK (36C10X),VA,ARLINGTON,ARLINGTON,222023709,08,RB MANAGEMENT CONSULTANTS LLC,,DA01,IT AND TELECOM - BUSINESS APPLICATION/APPLICATION DEVELOPMENT SUPPORT SERVICES (LABOR),541611,ADMINISTRATIVE MANAGEMENT AND GENERAL MANAGEMENT CONSULTING SERVICES,TERMINATION FOR CONVENIENCE  - RADICAL TRANSPARENCY ABOUT WASTEFUL SPENDING-RADICAL TRANSPARENCY ABOUT WASTEFUL SPENDING INITIATIVE EXECUTIVE ORDER.,EO: RADICAL TRANSPARENCY ABOUT WASTEFUL SPENDING,DELIVERY ORDER
36C24723P0377,P00005,2025-12-02,2023-03-01,2025-12-02,-16041.00,32500.50,103864.50,247-NETWORK CONTRACT OFFICE 7 (36C247),509-AUGUSTA(00509),GA,AUGUSTA,RICHMOND,309045752,12,SHOEBOX LTD,,W065,"LEASE OR RENTAL OF EQUIPMENT- MEDICAL, DENTAL, AND VETERINARY EQUIPMENT AND SUPPLIES",339112,SURGICAL AND MEDICAL INSTRUMENT MANUFACTURING,AUDIOMETRY AND SOFTWARE RENTAL,,PURCHASE ORDER
36C25020N0899,P00002,2025-12-04,2020-10-12,2025-12-31,-167787.00,506362.00,506362.00,250-NETWORK CONTRACT OFFICE 10 (36C250),610-MARION (00610),IN,MARION,WELLS,469528817,03,"FFE ENVIRONMENTAL SERVICES, INC.",,C1DA,ARCHITECT AND ENGINEERING- CONSTRUCTION: HOSPITALS AND INFIRMARIES,541330,ENGINEERING SERVICES,AE REMODEL BLD 172 FOR CLC PHASE II - 610-20-105 - T4C,,DELIVERY ORDER
36C25224F0052,P00003,2025-12-04,2024-02-01,2029-01-31,0.00,142519.37,424537.34,252-NETWORK CONTRACT OFFICE 12 (36C252),537-J. BROWN(CHICAGO)(00537)(36C537,IL,CHICAGO,COOK,606121374,07,JOHNSON CONTROLS FIRE PROTECTION LP,,H212,EQUIPMENT AND MATERIALS TESTING- FIRE CONTROL EQUIPMENT,561210,FACILITIES SUPPORT SERVICES,TERMINATIN DUE TO THE SYSTEM NOT BEING USED AT THE STATION,,DELIVERY ORDER
36C10X23F0093,P00003,2025-12-05,2023-09-29,2025-02-25,-417356.37,1078627.47,1078627.47,SAC FREDERICK (36C10X),SAC FREDERICK (36C10X),VA,ANNANDALE,FAIRFAX,220032610,08,"CALADWICH CONSULTING, LLC",,R497,SUPPORT- PROFESSIONAL: PERSONAL SERVICES CONTRACTS,541614,"PROCESS, PHYSICAL DISTRIBUTION, AND LOGISTICS CONSULTING SERVICES",RADICAL TRANSPARENCY ABOUT WASTEFUL SPENDING TERMINATE FOR CONVENIENCE.  TERMINATION SETTLEMENT MOD,EO: RADICAL TRANSPARENCY ABOUT WASTEFUL SPENDING,DELIVERY ORDER
36C26025P1244,P00002,2025-12-08,2025-09-15,2025-12-03,-363103.66,0.00,0.00,260-NETWORK CONTRACT OFFICE 20 (36C260),668-SPOKANE (00668),CA,EL SEGUNDO,LOS ANGELES,902455017,36,KARL STORZ ENDOSCOPY-AMERICA INC,,6515,"MEDICAL AND SURGICAL INSTRUMENTS, EQUIPMENT, AND SUPPLIES",339112,SURGICAL AND MEDICAL INSTRUMENT MANUFACTURING,668 ENDOSCOPIC VIDEO SYSTEM. SUSPENSION OF WORK.,,PURCHASE ORDER
36C24725C0015,P00004,2025-12-09,2024-12-02,2029-12-01,-40320.00,40320.00,161280.00,247-NETWORK CONTRACT OFFICE 7 (36C247),544-COLUMBIA (00544)(36C544),SC,COLUMBIA,RICHLAND,292092110,02,APOLLO FACILITIES LLC,,S209,HOUSEKEEPING- LAUNDRY/DRYCLEANING,812320,DRYCLEANING AND LAUNDRY SERVICES (EXCEPT COIN-OPERATED),TERMINATION FOR CONVENIENCE - LAUNDRY SERVICES,,DEFINITIVE CONTRACT
36C10G25N0021,P00001,2025-12-10,2025-01-07,2025-03-31,-148510.18,2885580.82,2885580.82,STRATEGIC ACQUISITION CENTER FREDERICKSBURG (36C10G),STRATEGIC ACQUISITION CENTER FREDERICKSBURG (36C10G),MD,HYATTSVILLE,PRINCE GEORGES,207852275,04,ASCELLON CORPORATION,,R499,SUPPORT- PROFESSIONAL: OTHER,541611,ADMINISTRATIVE MANAGEMENT AND GENERAL MANAGEMENT CONSULTING SERVICES,PARTIAL TERMINATION FOR CONVENIENCE SETTLEMENT FOR 6 SVH SURVEYS IN FEB 2025,EO: RADICAL TRANSPARENCY ABOUT WASTEFUL SPENDING,DELIVERY ORDER
36C10X22N0195,P00009,2025-12-10,2022-09-29,2025-02-25,-205106.30,710163.62,1390291.38,SAC FREDERICK (36C10X),SAC FREDERICK (36C10X),VA,CHANTILLY,FAIRFAX,201513255,11,TITAN ALPHA LLC,,R499,SUPPORT- PROFESSIONAL: OTHER,541611,ADMINISTRATIVE MANAGEMENT AND GENERAL MANAGEMENT CONSULTING SERVICES,"RADICAL TRANSPARENCY ABOUT WASTEFUL SPENDING INITIATIVE EXECUTIVE ORDER
MOD RE NOTICE OF TERMINATION FOR CONVENIENCE. 

VHA INTEGRATED HEALTHCARE TRANSFORMATION (IHT) - TOPR 0138 CLINICAL SERVICES COMMUNICATIONS AND DIGITAL MEDIA SUPPORT.",EO: RADICAL TRANSPARENCY ABOUT WASTEFUL SPENDING,DELIVERY ORDER
36C26025F0083,P00001,2025-12-10,2025-01-03,2030-01-02,-15280.51,0.00,0.00,260-NETWORK CONTRACT OFFICE 20 (36C260),653-ROSEBURG (00653),OR,ROSEBURG,DOUGLAS,974714422,04,"CHEMDAQ, INC.",,J046,MAINT/REPAIR/REBUILD OF EQUIPMENT- WATER PURIFICATION AND SEWAGE TREATMENT EQUIPMENT,532490,OTHER COMMERCIAL AND INDUSTRIAL MACHINERY AND EQUIPMENT RENTAL AND LEASING,ANNUAL STERITRAC SENSOR REPLACEMENT - NO COST MODIFICATION TO TERMINATE THE CONTRACT FOR CONVENIENCE,,DELIVERY ORDER
36C26321N0792,P00005,2025-12-10,2021-07-13,2025-11-12,-370119.01,909220.89,909220.89,NETWORK CONTRACT OFFICE 23 (36C263),656-ST CLOUD VA MEDICAL CTR (00656),MN,MINNEAPOLIS,HENNEPIN,554415429,03,"ANDERSON ENGINEERING OF MINNESOTA, LLC",,C1DA,ARCHITECT AND ENGINEERING- CONSTRUCTION: HOSPITALS AND INFIRMARIES,541310,ARCHITECTURAL SERVICES,TERMINATION FOR CONVENIENCE,,DELIVERY ORDER
36C24525C0068,P00001,2025-12-11,2025-03-03,2026-03-02,-46757.69,82732.82,82732.82,245-NETWORK CONTRACT OFFICE 5 (36C245),688-WASHINGTON DC (00688)(36C688),MD,CHARLOTTE HALL,CHARLES,206223424,05,SERVEXO,,J063,"MAINT/REPAIR/REBUILD OF EQUIPMENT- ALARM, SIGNAL, AND SECURITY DETECTION SYSTEMS",561621,SECURITY SYSTEMS SERVICES (EXCEPT LOCKSMITHS),VIDEO SURVEILLANCE SYSTEM UPGRADE,,DEFINITIVE CONTRACT
36C24624P1525,P00003,2025-12-11,2024-07-22,2025-04-14,0.00,169900.00,289800.00,246-NETWORK CONTRACTING OFFICE 6 (36C246),565-FAYETTEVILLE (00565)(36565),NC,FAYETTEVILLE,CUMBERLAND,283015494,07,CITIZEN CONTRACTING GROUP LLC,,L042,TECHNICAL REP- FIRE FIGHTING/RESCUE/SAFETY EQUIPMENT; ENVIRON PROTECT EQUIPMENT/MATLS,541990,"ALL OTHER PROFESSIONAL, SCIENTIFIC, AND TECHNICAL SERVICES",TERMINATION FOR CONVENIENCE AGREEMENT,,PURCHASE ORDER
36C24725F0125,P00001,2025-12-11,2025-02-24,2025-11-17,-6074.43,323963.07,323963.07,247-NETWORK CONTRACT OFFICE 7 (36C247),247-NETWORK CONTRACT OFFICE 7 (36C247),GA,DECATUR,DEKALB,300333425,05,"MINBURN TECHNOLOGY GROUP, LLC",,Q201,MEDICAL- MANAGED HEALTHCARE,541519,OTHER COMPUTER RELATED SERVICES,CLINICAL SURVEILLANCE SOFTWARE - EMERGENCY AWARD,,DELIVERY ORDER
36C24926P0074,P00001,2025-12-11,2025-11-01,2026-04-30,-134244.80,15443.20,15443.20,249-NETWORK CONTRACT OFFICE 9 (36C249),626-NASHVILLE (00626),TN,NASHVILLE,DAVIDSON,372125824,07,CITADEL FEDERAL SOLUTIONS LLC,,J065,"MAINT/REPAIR/REBUILD OF EQUIPMENT- MEDICAL, DENTAL, AND VETERINARY EQUIPMENT AND SUPPLIES",238220,"PLUMBING, HEATING, AND AIR-CONDITIONING CONTRACTORS",TERMINATION FOR CONVENIENCE PARTIAL OF ACO OPERATORS,EO: RADICAL TRANSPARENCY ABOUT WASTEFUL SPENDING,PURCHASE ORDER
36C25525C0076,P00001,2025-12-11,2025-09-30,2025-12-05,-431000.00,0.00,0.00,255-NETWORK CONTRACT OFFICE 15 (36C255),589 KAN WESTERN ORBIT,AZ,MESA,MARICOPA,852093332,05,JMG VETERAN CONTRACTING LLC,,W023,"LEASE OR RENTAL OF EQUIPMENT- GROUND EFFECT VEHICLES, MOTOR VEHICLES, TRAILERS, AND CYCLES",532120,"TRUCK, UTILITY TRAILER, AND RV (RECREATIONAL VEHICLE) RENTAL AND LEASING",T4C MOBILE PHARMACY COMPOUNDING TRAILER,,DEFINITIVE CONTRACT
36C10X24P0101,P00001,2025-12-15,2024-09-30,2025-02-19,-27392.77,22529.16,102000.00,SAC FREDERICK (36C10X),STRATEGIC ACQUISITION CENTER FREDERICKSBURG (36C10G),DC,WASHINGTON,DISTRICT OF COLUMBIA,200052236,98,AURELIUS TALENT SOLUTION LLC,,R420,SUPPORT- PROFESSIONAL: CERTIFICATIONS AND ACCREDITATIONS (OTHER THAN EDUC OR INFO TECH C&A),611430,PROFESSIONAL AND MANAGEMENT DEVELOPMENT TRAINING,TERMINATION CONFLICT COACHING TRAINING.,EO: RADICAL TRANSPARENCY ABOUT WASTEFUL SPENDING,PURCHASE ORDER
36C24W25P0115,P00001,2025-12-15,2025-07-23,2025-12-15,-1944116.99,0.00,0.00,RPO WEST (36C24W),623-MUSKOGEE (00623),MD,FREDERICK,FREDERICK,217014028,06,L1 ENTERPRISES INCORPORATED,,6515,"MEDICAL AND SURGICAL INSTRUMENTS, EQUIPMENT, AND SUPPLIES",334510,ELECTROMEDICAL AND ELECTROTHERAPEUTIC APPARATUS MANUFACTURING,ENDOSCOPE SURGICAL TOWERS- TERMINATION FOR CONVENIENCE.,EO: RADICAL TRANSPARENCY ABOUT WASTEFUL SPENDING,PURCHASE ORDER
36C26121D0021,P00006,2025-12-15,2021-02-02,,0.00,0.00,7000000.00,261-NETWORK CONTRACT OFFICE 21 (36C261),261-NETWORK CONTRACT OFFICE 21 (36C261),,,,,,UNITED STATES VETERANS INITIATIVE,,G099,SOCIAL- OTHER,624221,TEMPORARY SHELTERS,TERMINATION OF KAUAI LOCATION CLIN,,IDC
36C24623C0082,P00003,2025-12-16,2023-10-18,2025-12-16,189684.61,4689455.61,4689455.61,246-NETWORK CONTRACTING OFFICE 6 (36C246),658-SALEM (00658)(36C658),VA,SALEM,SALEM,241536404,06,MC3 SOLUTIONS LLC,,Z1DA,MAINTENANCE OF HOSPITALS AND INFIRMARIES,238220,"PLUMBING, HEATING, AND AIR-CONDITIONING CONTRACTORS",REPLACE DRY PIPE SPRINKLER SYSTEM - TERMINATION SETTLEMENT,EO: RADICAL TRANSPARENCY ABOUT WASTEFUL SPENDING,DEFINITIVE CONTRACT
36C24721F0483,P00009,2025-12-16,2021-07-23,2025-12-31,-19773.58,845801.07,845801.07,247-NETWORK CONTRACT OFFICE 7 (36C247),544-COLUMBIA (00544)(36C544),VA,MCLEAN,FAIRFAX,221023817,11,ALVAREZ LLC,,6515,"MEDICAL AND SURGICAL INSTRUMENTS, EQUIPMENT, AND SUPPLIES",541519,OTHER COMPUTER RELATED SERVICES,NUANCE SOFTWARE LICENSE TERMINATION FOR CONV.,,DELIVERY ORDER
36C25923P0185,P00003,2025-12-16,2023-02-03,2028-02-02,-0.08,142349.92,246749.92,NETWORK CONTRACT OFFICE 19 (36C259),623-MUSKOGEE (00623),OK,MUSKOGEE,MUSKOGEE,744015001,02,A-BEAR CONSULT LLC,,H358,"INSPECTION- COMMUNICATION, DETECTION, AND COHERENT RADIATION EQUIPMENT",541690,OTHER SCIENTIFIC AND TECHNICAL CONSULTING SERVICES,"RADIATION PHYSICIST SUPPORT SERVICES (NOT INCLUDING RADIATION SAFETY OFFICER) SUPPORTING OPERATIONS AT EASTERN OKLAHOMA VA HEALTH CARE SYSTEM MUSKOGEE AND TULSA, OKLAHOMA",,PURCHASE ORDER
36S79724P0017,P00003,2025-12-16,2024-09-30,2025-12-03,-2598826.21,1299692.94,3898519.15,NAC FACILITY PURCHASING SUPPORT (36S797),NAC FACILITY PURCHASING SUPPORT (36S797),VA,FREDERICKSBURG,SPOTSYLVANIA,224082697,07,"SIGMA HEALTH CONSULTING, LLC",,R410,SUPPORT- PROFESSIONAL: PROGRAM EVALUATION/REVIEW/DEVELOPMENT,541611,ADMINISTRATIVE MANAGEMENT AND GENERAL MANAGEMENT CONSULTING SERVICES,SUPPORT SERVICES FOR VACO OFFICE OF INTEGRITY AND COMPLIANCE OVERSIGHT & ACCOUNTABILITY - FULL TERMINATION FOR CONVENIENCE.,EO: RADICAL TRANSPARENCY ABOUT WASTEFUL SPENDING,PURCHASE ORDER
36C25224P0763,P00001,2025-12-17,2024-07-08,2025-07-31,-165566.86,2933.14,2933.14,252-NETWORK CONTRACT OFFICE 12 (36C252),578-HINES(00578)(36C578),IL,JOLIET,WILL,604321398,14,BLUE YONDER INC,,J041,"MAINT/REPAIR/REBUILD OF EQUIPMENT- REFRIGERATION, AIR CONDITIONING, AND AIR CIRCULATING EQUIPMENT",238220,"PLUMBING, HEATING, AND AIR-CONDITIONING CONTRACTORS",REPAIRS OF THE VDF PUMPS,,PURCHASE ORDER
36C26225P2275,P00001,2025-12-17,2025-09-23,2026-09-30,-19439.00,0.00,0.00,262-NETWORK CONTRACT OFFICE 22 (36C262),262-NETWORK CONTRACT OFFICE 22 (36C262),CA,TUSTIN,ORANGE,927807047,40,"CANON MEDICAL SYSTEMS USA, INC",,6515,"MEDICAL AND SURGICAL INSTRUMENTS, EQUIPMENT, AND SUPPLIES",339112,SURGICAL AND MEDICAL INSTRUMENT MANUFACTURING,FLAT TABLE INSERT,,PURCHASE ORDER
36C77024P0250,P00006,2025-12-17,2024-04-30,2025-12-31,-43428.00,7800.00,7800.00,NATIONAL CMOP OFFICE (36C770),VA CMOP DALLAS (00763),CA,RANCHO CUCAMONGA,SAN BERNARDINO,917374341,28,EIGHTH AVENUE ENTERPRISE,,7125,"CABINETS, LOCKERS, BINS, AND SHELVING",337215,"SHOWCASE, PARTITION, SHELVING, AND LOCKER MANUFACTURING","DRIVE-IN RACKING SYSTEMS (60EA POSITIONS) & PUSHBACK RACKING SYSTEMS (108EA POSITIONS) FOR CMOP LANCASTER (763) WAREHOUSE.
TERMINATION FOR THE GOVT'S CONVENIENCE DUE TO ONGOING ISSUES ACQUIRING PROPER CITY PERMITS.",,PURCHASE ORDER
36C10X24N0193,P00002,2025-12-18,2024-09-29,2025-02-25,-5693703.75,1015610.66,1015610.66,SAC FREDERICK (36C10X),SAC FREDERICK (36C10X),VA,ARLINGTON,ARLINGTON,222091742,08,DELOITTE CONSULTING LLP,,R702,SUPPORT- MANAGEMENT: DATA COLLECTION,541611,ADMINISTRATIVE MANAGEMENT AND GENERAL MANAGEMENT CONSULTING SERVICES,"MODIFICATION TO ACCEPT TERMINATION SETTLEMENT AMOUNT, CHANGE CONTRACTING OFFICER AND DEOBLIGATE UNUSED FUNDING. TERMINATION DUE TO EO: RADICAL TRANSPARENCY ABOUT WASTEFUL SPENDING",EO: RADICAL TRANSPARENCY ABOUT WASTEFUL SPENDING,BPA CALL
36C10X24N0236,P00003,2025-12-18,2024-09-30,2025-02-25,6000.00,183415.20,183415.20,SAC FREDERICK (36C10X),SAC FREDERICK (36C10X),FL,PENSACOLA,ESCAMBIA,325012334,01,DYNAMIC INTEGRATED SERVICES LLC,,R708,SUPPORT- MANAGEMENT: PUBLIC RELATIONS,541611,ADMINISTRATIVE MANAGEMENT AND GENERAL MANAGEMENT CONSULTING SERVICES,TERMINATION FOR CONVENIENCE  - RADICAL TRANSPARENCY ABOUT WASTEFUL SPENDING-RADICAL TRANSPARENCY ABOUT WASTEFUL SPENDING INITIATIVE EXECUTIVE ORDER.,EO: RADICAL TRANSPARENCY ABOUT WASTEFUL SPENDING,DELIVERY ORDER
36C26226C0009,P00001,2025-12-18,2025-10-01,2026-01-31,-128243.75,0.00,523855.00,262-NETWORK CONTRACT OFFICE 22 (36C262),678-TUCSON(00678),AZ,TUCSON,PIMA,857230802,07,"VETS FIRE AND LIFE SAFETY, LLC",,J036,MAINT/REPAIR/REBUILD OF EQUIPMENT- SPECIAL INDUSTRY MACHINERY,238290,OTHER BUILDING EQUIPMENT CONTRACTORS,TERMINATION FOR CONVENIENCE,EO: RADICAL TRANSPARENCY ABOUT WASTEFUL SPENDING,DEFINITIVE CONTRACT
36C10X21N0083,P00012,2025-12-19,2021-07-19,2026-07-18,0.00,8066187.59,10344356.19,SAC FREDERICK (36C10X),SAC FREDERICK (36C10X),VA,CHANTILLY,FAIRFAX,201513255,11,TITAN ALPHA LLC,,R410,SUPPORT- PROFESSIONAL: PROGRAM EVALUATION/REVIEW/DEVELOPMENT,541611,ADMINISTRATIVE MANAGEMENT AND GENERAL MANAGEMENT CONSULTING SERVICES,NOTICE OF TERMINATION FOR CONVENIENCE EO RADICAL TRANSPARENCY ABOUT WASTEFUL SPENDING.,,DELIVERY ORDER
36C24122C0080,P00002,2025-12-19,2022-10-19,2025-06-25,-56896.80,124840.64,124840.64,241-NETWORK CONTRACT OFFICE 01 (36C241),523-BOSTON (00523)(36C523),MA,JAMAICA PLAIN,SUFFOLK,021301000,07,"WEST POINT ENGINEERS, LLC",,C1DZ,ARCHITECT AND ENGINEERING- CONSTRUCTION: OTHER HOSPITAL BUILDINGS,541330,ENGINEERING SERVICES,AE REPLACE FLOORS JP - MODIFICATION P00002-PARTIAL TERMINATION FOR CONVENIENCE.,,DEFINITIVE CONTRACT
36C25025P1615,P00001,2025-12-19,2025-09-30,2025-12-19,-32400.00,0.00,0.00,250-NETWORK CONTRACT OFFICE 10 (36C250),541-BRECKSVILLE (00541),OH,CLEVELAND,CUYAHOGA,441061702,11,"THREE65 IDEAS, LLC",,R701,SUPPORT- MANAGEMENT: ADVERTISING,541810,ADVERTISING AGENCIES,VANEOHS MINORITY VETERAN OUTREACH DIGITAL AD CAMPAIGN - TERMINATION,,PURCHASE ORDER
36C25626P0141,P00001,2025-12-19,2025-11-10,2025-12-19,-55490.00,0.00,221960.00,256-NETWORK CONTRACT OFFICE 16 (36C256),520-BILOXI (00520),MS,BILOXI,HARRISON,395312410,04,MASS TECHNOLOGIES LLP,,H265,"EQUIPMENT AND MATERIALS TESTING- MEDICAL, DENTAL, AND VETERINARY EQUIPMENT AND SUPPLIES",811210,ELECTRONIC AND PRECISION EQUIPMENT REPAIR AND MAINTENANCE,"TERMINATION FOR CONVENIENCE THAT IS NOT CATEGORIZED AS, AFFILIATED WITH, NOR RELATED TO THE FOLLOWING: EO: RADICAL TRANSPARENCY ABOUT WASTEFUL SPENDING",,PURCHASE ORDER
36C24E21N0029,P00001,2025-12-29,2021-01-22,2021-09-21,-9555.00,0.00,0.00,RPO EAST (36C24E),523-BOSTON (00523)(36C523),CA,NEWARK,ALAMEDA,945601160,17,"ADVANCED CELL DIAGNOSTICS, INC.",,6640,LABORATORY EQUIPMENT AND SUPPLIES,334516,ANALYTICAL LABORATORY INSTRUMENT MANUFACTURING,RNA SCOPE KITS - TERMINATION - NOT DUE TO EO,,DELIVERY ORDER
36C24224P1235,P00002,2025-12-30,2024-06-12,2028-06-11,-6012.06,18036.18,42084.42,242-NETWORK CONTRACT OFFICE 02 (36C242),242-NETWORK CONTRACT OFFICE 02 (36C242),NY,BUFFALO,ERIE,142151129,26,"GETINGE USA SALES, LLC",,J065,"MAINT/REPAIR/REBUILD OF EQUIPMENT- MEDICAL, DENTAL, AND VETERINARY EQUIPMENT AND SUPPLIES",811210,ELECTRONIC AND PRECISION EQUIPMENT REPAIR AND MAINTENANCE,CP GETINGE PREMIUM SERVICE PLAN FOR CARDIOHELP SN #90413086 - TERMINATION FOR CONVENIENCE DUE TO FDA RECALL OF DISPOSABLES.,,PURCHASE ORDER
36C24W25P0084,P00001,2025-12-30,2025-06-30,2025-08-20,28200.00,56400.00,56400.00,RPO WEST (36C24W),600-VA LONG BEACH HLTCAR SYS(00600),CA,BLYTHE,RIVERSIDE,922258317,25,AML-AMERICAN MADE LOGISTICS,,9905,"SIGNS, ADVERTISING DISPLAYS, AND IDENTIFICATION PLATES",339950,SIGN MANUFACTURING,MILITARY EMBLEMS,,PURCHASE ORDER
36C25521C0047,P00007,2025-12-30,2021-07-15,2025-10-17,-44995.57,284601.23,284601.23,255-NETWORK CONTRACT OFFICE 15 (36C255),589 KAN WESTERN ORBIT,KS,WICHITA,SEDGWICK,672181607,04,"CASSLING DIAGNOSTIC IMAGING, INC.",,J065,"MAINT/REPAIR/REBUILD OF EQUIPMENT- MEDICAL, DENTAL, AND VETERINARY EQUIPMENT AND SUPPLIES",811219,OTHER ELECTRONIC AND PRECISION EQUIPMENT REPAIR AND MAINTENANCE,AXIOM LUMINOS MAINTENANCE. OY 4 - TERMINATION FOR GOVERNMENT'S CONVENIENCE. EQUIPMENT NO LONGER NEEDED.,,DEFINITIVE CONTRACT
VA24616C0003,P00009,2025-12-30,2015-12-23,2021-07-30,0.00,5126219.21,5126219.21,246-NETWORK CONTRACTING OFFICE 6 (36C246),652-RICHMOND(00652)(36C652),VA,RICHMOND,RICHMOND CITY,232252005,04,"HLS CONSTRUCTION, INC.",,Y1DA,CONSTRUCTION OF HOSPITALS AND INFIRMARIES,236220,COMMERCIAL AND INSTITUTIONAL BUILDING CONSTRUCTION,IMPROVE PATIENT PRIVACY 4C/B MOD NOTICE OF TERMINATION AND TCO REASSIGNMENT,,DEFINITIVE CONTRACT
36C10X21N0083,P00013,2025-12-31,2021-07-19,2026-07-18,0.00,8066187.59,10344356.19,SAC FREDERICK (36C10X),SAC FREDERICK (36C10X),VA,CHANTILLY,FAIRFAX,201513255,11,TITAN ALPHA LLC,,R410,SUPPORT- PROFESSIONAL: PROGRAM EVALUATION/REVIEW/DEVELOPMENT,541611,ADMINISTRATIVE MANAGEMENT AND GENERAL MANAGEMENT CONSULTING SERVICES,NOTICE OF TERMINATION FOR CONVENIENCE EO RADICAL TRANSPARENCY ABOUT WASTEFUL SPENDING.,,DELIVERY ORDER
36C26226P0293,P00001,2026-01-02,2026-02-01,2029-01-31,-89415.00,0.00,0.00,262-NETWORK CONTRACT OFFICE 22 (36C262),605-VA LOMA LINDA HLTHCR SYS(00605),CA,LOMA LINDA,SAN BERNARDINO,923571000,23,"SCDATACOM, LLC",,N063,"INSTALLATION OF EQUIPMENT- ALARM, SIGNAL, AND SECURITY DETECTION SYSTEMS",561621,SECURITY SYSTEMS SERVICES (EXCEPT LOCKSMITHS),WEAPONS DETECTION SYSTEM. TERMINATION FOR GOVERNMENT'S CONVENIENCE DUE TO SOW NOT FULLY STATING THE REQUIREMENTS NECESSARY TO FULFILL THE GOVERNMENT'S NEED. A NEW SOLICITATION IS FOLLOWING.,,PURCHASE ORDER
36C10B24F0353,P00002,2026-01-06,2024-09-17,2026-01-06,-4209652.37,3827192.32,12667253.69,TECHNOLOGY ACQUISITION CENTER NJ (36C10B),TECHNOLOGY ACQUISITION CENTER NJ (36C10B),MD,CHEVERLY,PRINCE GEORGES,207851453,04,"MINBURN TECHNOLOGY GROUP, LLC",,DA01,IT AND TELECOM - BUSINESS APPLICATION/APPLICATION DEVELOPMENT SUPPORT SERVICES (LABOR),541519,OTHER COMPUTER RELATED SERVICES,MODIFICATION TO TERMINATE FOR CONVENIENCE AND DEOBLIGATION OF OPTION PERIOD 1.,EO: RADICAL TRANSPARENCY ABOUT WASTEFUL SPENDING,DELIVERY ORDER
36C10A24N0036,P00003,2026-01-09,2024-05-17,2025-12-08,-39048.87,71461.27,71461.27,TECHNOLOGY ACQUISITION CENTER NJ (36C10B),TECHNOLOGY ACQUISITION CENTER AUSTIN (36C10A),AR,LITTLE ROCK,PULASKI,722055446,02,DOCUMENT STORAGE SYSTEMS INC,,DA01,IT AND TELECOM - BUSINESS APPLICATION/APPLICATION DEVELOPMENT SUPPORT SERVICES (LABOR),541512,COMPUTER SYSTEMS DESIGN SERVICES,NATIONAL DIALYSIS EHR SOFTWARE SOLUTION - TASK ORDER TERMINATED FOR THE GOVERNMENT'S CONVENIENCE.,,DELIVERY ORDER
36C25625D0003,P00001,2026-01-12,2025-07-01,,0.00,0.00,13261822.20,256-NETWORK CONTRACT OFFICE 16 (36C256),564-FAYETTEVILLE (00564),,,,,,PRIMARY CARE SOLUTIONS INC,,Q201,MEDICAL- MANAGED HEALTHCARE,621498,ALL OTHER OUTPATIENT CARE CENTERS,TERMINATION FOR CONVENIENCE COMMUNITY BASED OUTPATIENT CLINIC,EO: RADICAL TRANSPARENCY ABOUT WASTEFUL SPENDING,IDC
36C10X22N0125,P00008,2026-01-13,2022-09-01,2025-08-05,-354095.16,1313633.70,1907294.10,SAC FREDERICK (36C10X),SAC FREDERICK (36C10X),MD,EDGEWATER,ANNE ARUNDEL,210374435,05,"BLUE WATER THINKING, LLC",,R425,SUPPORT- PROFESSIONAL: ENGINEERING/TECHNICAL,541990,"ALL OTHER PROFESSIONAL, SCIENTIFIC, AND TECHNICAL SERVICES","MODIFICATION P00008 TO FINALIZE TERMINATION SETTLEMENT ('EO: RADICAL TRANSPARENCY ABOUT WASTEFUL SPENDING'), DE-OBLIGATE FUNDING AND CLOSEOUT CONTRACT.",EO: RADICAL TRANSPARENCY ABOUT WASTEFUL SPENDING,DELIVERY ORDER
36C25223D0042,P00003,2026-01-13,2023-02-01,,0.00,0.00,470488.00,252-NETWORK CONTRACT OFFICE 12 (36C252),578-HINES(00578)(36C578),,,,,,HOPE FOR TOMORROW INC,,G099,SOCIAL- OTHER,624229,OTHER COMMUNITY HOUSING SERVICES,TERMINATION OF CONTRACTED RESIDENTIAL SERVICES FOR HINES VAH BENEFICIARIES,,IDC
36C10G26N0003,P00001,2026-01-14,2025-10-10,2026-01-06,-27737.50,2972349.50,2972349.50,STRATEGIC ACQUISITION CENTER FREDERICKSBURG (36C10G),STRATEGIC ACQUISITION CENTER FREDERICKSBURG (36C10G),MD,HYATTSVILLE,PRINCE GEORGES,207852275,04,ASCELLON CORPORATION,,R499,SUPPORT- PROFESSIONAL: OTHER,541611,ADMINISTRATIVE MANAGEMENT AND GENERAL MANAGEMENT CONSULTING SERVICES,PARTIAL TERMINATION - 1 CLC SURVEY AT DANVILLE IL TERMINATED DUE TO COVID OUTBREAK,,DELIVERY ORDER
36C10X23P0111,P00003,2026-01-15,2023-09-20,2025-02-25,-804613.36,2417529.40,2417529.40,SAC FREDERICK (36C10X),VHACO SUPPORT SERVICES,MD,FREDERICK,FREDERICK,217046681,06,"RB CONSULTING, INC.",,R499,SUPPORT- PROFESSIONAL: OTHER,541611,ADMINISTRATIVE MANAGEMENT AND GENERAL MANAGEMENT CONSULTING SERVICES,"TERMINATION FOR CONVENIENCE AGREEMENT
EO: RADICAL TRANSPARENCY ABOUT WASTEFUL SPENDING",EO: RADICAL TRANSPARENCY ABOUT WASTEFUL SPENDING,PURCHASE ORDER
36C25726P0059,P00001,2026-01-15,2026-01-01,2025-12-17,-251580.00,0.00,1084992.00,257-NETWORK CONTRACT OFFICE 17 (36C257),671-SAN ANTONIO (00671),TX,SAN ANTONIO,BEXAR,782295898,20,XENTURIS LLC,,N040,"INSTALLATION OF EQUIPMENT- ROPE, CABLE, CHAIN, AND FITTINGS",517111,WIRED TELECOMMUNICATIONS CARRIERS,TERMINATION FOR CONVENIENCE STX CABLE/INTERNET SERVICES,EO: RADICAL TRANSPARENCY ABOUT WASTEFUL SPENDING,PURCHASE ORDER
36C26120N0879,P00002,2026-01-16,2020-10-05,2025-11-05,-164759.40,1189790.60,1189790.60,261-NETWORK CONTRACT OFFICE 21 (36C261),261-NETWORK CONTRACT OFFICE 21 (36C261),NV,NORTH LAS VEGAS,CLARK,890861552,04,"APOGEE CONSULTING GROUP, P.A.",,C1DA,ARCHITECT AND ENGINEERING- CONSTRUCTION: HOSPITALS AND INFIRMARIES,541330,ENGINEERING SERVICES,TERMINATION FOR CONVENIENCE AGREEMENT,EO: RADICAL TRANSPARENCY ABOUT WASTEFUL SPENDING,DELIVERY ORDER
36C25925P1089,P00001,2026-01-20,2025-09-15,2025-12-01,-22374.48,0.00,0.00,NETWORK CONTRACT OFFICE 19 (36C259),442-CHEYENNE (00442),CO,AURORA,ARAPAHOE,800110401,06,"QUADIENT, INC.",,W075,LEASE OR RENTAL OF EQUIPMENT- OFFICE SUPPLIES AND DEVICES,532420,OFFICE MACHINERY AND EQUIPMENT RENTAL AND LEASING,MAIL EQUIPMENT LEASE - TERMINATION FOR CONVENIENCE,,PURCHASE ORDER
36C10X23N0163,P00003,2026-01-21,2023-09-28,2025-02-24,-511898.30,1355096.38,1355096.38,SAC FREDERICK (36C10X),SAC FREDERICK (36C10X),MD,FREDERICK,FREDERICK,217046681,06,"RB CONSULTING, INC.",,R499,SUPPORT- PROFESSIONAL: OTHER,541611,ADMINISTRATIVE MANAGEMENT AND GENERAL MANAGEMENT CONSULTING SERVICES,'EO: RADICAL TRANSPARENCY ABOUT WASTEFUL SPENDING',EO: RADICAL TRANSPARENCY ABOUT WASTEFUL SPENDING,DELIVERY ORDER
36C24223C0108,P00003,2026-01-21,2023-05-15,2025-09-30,-49676.49,197977.27,197997.27,242-NETWORK CONTRACT OFFICE 02 (36C242),242-NETWORK CONTRACT OFFICE 02 (36C242),NY,SYRACUSE,ONONDAGA,132102716,22,EVOQUA WATER TECHNOLOGIES LLC,,J065,"MAINT/REPAIR/REBUILD OF EQUIPMENT- MEDICAL, DENTAL, AND VETERINARY EQUIPMENT AND SUPPLIES",811210,ELECTRONIC AND PRECISION EQUIPMENT REPAIR AND MAINTENANCE,SERVICE AND PM FOR EVOQUA MILLENIUM HX PORTABLE DIALYSIS UNITS AT THE SYRACUSE VAMC. TERMINATION FOR CONVENIENCE AS A CONTINUED NEED DOES NOT EXIST.,,DEFINITIVE CONTRACT
36C24422D0113,P00001,2026-01-21,2022-03-14,,0.00,0.00,7840985.00,244-NETWORK CONTRACT OFFICE 4 (36C244),VETERANS HEALTH ADMINISTRATION,,,,,,CLAREMONT NURSING & REHABILITATION CENTER LLC,,Q402,"NURSING HOME, LONG-TERM & ADULT DAY CARE SERVICES",623110,NURSING CARE FACILITIES (SKILLED NURSING FACILITIES),NURSING HOME SERVICES. TERMINATED IDIQ CONTRACT FOR CONVENIENCE DUE TO VENDOR CONVERTING TO THE NEW REQUIRED VETERANS CARE AGREEMENT (VCA).,,IDC
36C24423D0087,P00002,2026-01-21,2023-02-01,,0.00,0.00,2597902.00,244-NETWORK CONTRACT OFFICE 4 (36C244),VETERANS HEALTH ADMINISTRATION,,,,,,900 TUCK STREET OPERATIONS LLC,,Q402,"NURSING HOME, LONG-TERM & ADULT DAY CARE SERVICES",623110,NURSING CARE FACILITIES (SKILLED NURSING FACILITIES),NURSING HOME SERVICES. TERMINATED IDIQ CONTRACT FOR CONVENIENCE DUE TO VENDOR CONVERTING TO THE NEW REQUIRED VETERANS CARE AGREEMENT (VCA).,,IDC
36C24626N0349,P00001,2026-01-21,2025-12-01,2026-11-30,0.00,0.00,0.00,246-NETWORK CONTRACTING OFFICE 6 (36C246),HAMPTON 590 (36C590),TX,SOUTHLAKE,TARRANT,760921546,24,BLACKGREYGOLD SOLUTIONS LLC,,Q503,MEDICAL- DENTISTRY,339116,DENTAL LABORATORIES,DENTURES,,DELIVERY ORDER
36C25623P1757,P00001,2026-01-21,2023-09-21,2023-10-12,-28230.00,0.00,0.00,256-NETWORK CONTRACT OFFICE 16 (36C256),598-NORTH LITTLE ROCK(00598),PA,PHILADELPHIA,PHILADELPHIA,191321603,03,DISORB SYSTEMS INC,,6515,"MEDICAL AND SURGICAL INSTRUMENTS, EQUIPMENT, AND SUPPLIES",339113,SURGICAL APPLIANCE AND SUPPLIES MANUFACTURING,TERMINATION FOR CONVENIENCE - EYE SURGERY STRETCHER - DEOB 598A30144,EO: RADICAL TRANSPARENCY ABOUT WASTEFUL SPENDING,PURCHASE ORDER
36C24126C0002,P00001,2026-01-22,2025-11-05,2026-10-23,-1781229.00,0.00,0.00,241-NETWORK CONTRACT OFFICE 01 (36C241),402-TOGUS (00402),ME,SIDNEY,KENNEBEC,043301800,02,KEE SOLUTIONS LLC,,Z1DA,MAINTENANCE OF HOSPITALS AND INFIRMARIES,238330,FLOORING CONTRACTORS,402-24-007 LOBBY FLOORS (B200) P00001 - TERMINATION FOR CONVENIENCE,EO: RADICAL TRANSPARENCY ABOUT WASTEFUL SPENDING,DEFINITIVE CONTRACT
36C24225P1380,P00001,2026-01-22,2025-09-01,2026-02-27,-283250.00,0.00,0.00,242-NETWORK CONTRACT OFFICE 02 (36C242),DEPT OF VETERANS AFFAIRS,NY,NEW YORK,NEW YORK,100105011,12,"CENSIS TECHNOLOGIES, INC.",,DA10,IT AND TELECOM - BUSINESS APPLICATION/APPLICATION DEVELOPMENT SOFTWARE AS A SERVICE,811210,ELECTRONIC AND PRECISION EQUIPMENT REPAIR AND MAINTENANCE,CENSIMARK LASER MARKING AND DATA OPTIMIZATION | NYHHCS MANHATTAN- TERMINATE FOR CONVENIENCE,,PURCHASE ORDER
36C24423D0010,P00003,2026-01-22,2022-10-01,,0.00,0.00,6566612.00,244-NETWORK CONTRACT OFFICE 4 (36C244),460-WILMINGTON (00460)(36C460),,,,,,"CUMBERLAND OPERATOR, LLC",,Q402,"NURSING HOME, LONG-TERM & ADULT DAY CARE SERVICES",623110,NURSING CARE FACILITIES (SKILLED NURSING FACILITIES),NURSING HOME SERVICES. TERMINATED IDIQ CONTRACT FOR CONVENIENCE DUE TO VENDOR CONVERTING TO THE NEW REQUIRED VETERANS CARE AGREEMENT (VCA).,,IDC
36C24423D0012,P00002,2026-01-23,2022-10-01,,0.00,0.00,4475754.00,244-NETWORK CONTRACT OFFICE 4 (36C244),460-WILMINGTON (00460)(36C460),,,,,,GOLDEN REHABILITATION AND NURSING CENTER LLC,,Q402,"NURSING HOME, LONG-TERM & ADULT DAY CARE SERVICES",623110,NURSING CARE FACILITIES (SKILLED NURSING FACILITIES),NURSING HOME SERVICES. TERMINATED IDIQ CONTRACT FOR CONVENIENCE DUE TO VENDOR CONVERTING TO THE NEW REQUIRED VETERANS CARE AGREEMENT (VCA).,,IDC
36C24524C0140,P00001,2026-01-23,2024-09-30,2025-09-29,-177109.94,0.00,0.00,245-NETWORK CONTRACT OFFICE 5 (36C245),688-WASHINGTON DC (00688)(36C688),MI,GRAND RAPIDS,KENT,495053979,03,"ALLIANT ENTERPRISES, LLC",,6515,"MEDICAL AND SURGICAL INSTRUMENTS, EQUIPMENT, AND SUPPLIES",339113,SURGICAL APPLIANCE AND SUPPLIES MANUFACTURING,TERMINATION FOR CONVENIENCE BECAUSE THE VENDOR LOST THEIR AUTHORIZED DISTRIBUTORSHIP WITH THE OEM.,,DEFINITIVE CONTRACT
36C25525C0051,P00001,2026-01-23,2025-09-15,2025-12-19,-21113155.08,0.00,0.00,255-NETWORK CONTRACT OFFICE 15 (36C255),657 STL EASTERN ORBIT,MO,POPLAR BLUFF,BUTLER,639017734,08,"JETT'S SPECIALTY CONTRACTING, LLC",,Z2DA,REPAIR OR ALTERATION OF HOSPITALS AND INFIRMARIES,238220,"PLUMBING, HEATING, AND AIR-CONDITIONING CONTRACTORS","657A4-21-800 - TF - FCA - REMOVE AND REPLACE END-OF-LIFE HEATING, VENTILATION AND AIR CONDITIONING INFRASTRUCTURE BUILDING 1 TERMINATION FOR CONVENIENCE",,DEFINITIVE CONTRACT
36C10B25F0117,P00002,2026-01-26,2025-05-20,2025-07-23,-660800.09,526295.92,526295.92,TECHNOLOGY ACQUISITION CENTER NJ (36C10B),TECHNOLOGY ACQUISITION CENTER NJ (36C10B),TX,AUSTIN,TRAVIS,787727830,35,REGAN TECHNOLOGIES CORPORATION,,DH10,"IT AND TELECOM - PLATFORM AS A SERVICE: DATABASE, MAINFRAME, MIDDLEWARE",541519,OTHER COMPUTER RELATED SERVICES,"TERMINATION FOR CONVENIENCE AGREEMENT
EO: RADICAL TRANSPARENCY ABOUT WASTEFUL SPENDING",EO: RADICAL TRANSPARENCY ABOUT WASTEFUL SPENDING,DELIVERY ORDER
36C24422D0166,P00002,2026-01-27,2022-09-01,,0.00,0.00,5904006.00,244-NETWORK CONTRACT OFFICE 4 (36C244),VETERANS HEALTH ADMINISTRATION,,,,,,"ODD FELLOWS HOME OF PENNSYLVANIA, THE",,Q402,"NURSING HOME, LONG-TERM & ADULT DAY CARE SERVICES",623110,NURSING CARE FACILITIES (SKILLED NURSING FACILITIES),NURSING HOME SERVICES. TERMINATED IDIQ CONTRACT FOR CONVENIENCE DUE TO VENDOR CONVERTING TO THE NEW REQUIRED VETERANS CARE AGREEMENT (VCA).,,IDC
36C24423D0066,P00001,2026-01-27,2023-04-01,,0.00,0.00,7491962.00,244-NETWORK CONTRACT OFFICE 4 (36C244),460-WILMINGTON (00460)(36C460),,,,,,COMPLETE CARE AT COURT HOUSE LLC,,Q402,"NURSING HOME, LONG-TERM & ADULT DAY CARE SERVICES",623110,NURSING CARE FACILITIES (SKILLED NURSING FACILITIES),NURSING HOME SERVICES. TERMINATED IDIQ CONTRACT FOR CONVENIENCE DUE TO VENDOR CONVERTING TO THE NEW REQUIRED VETERANS CARE AGREEMENT (VCA).,,IDC
36C24422D0033,P00002,2026-01-28,2021-12-01,,0.00,0.00,5862760.00,244-NETWORK CONTRACT OFFICE 4 (36C244),460-WILMINGTON (00460)(36C460),,,,,,"HARBOR DE SNF MANAGEMENT, LLC",,Q402,"NURSING HOME, LONG-TERM & ADULT DAY CARE SERVICES",623110,NURSING CARE FACILITIES (SKILLED NURSING FACILITIES),NURSING HOME SERVICES. TERMINATED IDIQ CONTRACT FOR CONVENIENCE DUE TO VENDOR CONVERTING TO THE NEW REQUIRED VETERANS CARE AGREEMENT (VCA).,,IDC
36C24422D0118,P00003,2026-01-28,2021-12-27,,0.00,0.00,5105265.00,244-NETWORK CONTRACT OFFICE 4 (36C244),460-WILMINGTON (00460)(36C460),,,,,,EASTERN PINES CARE AND REHABILITATION CENTER LLC,,Q402,"NURSING HOME, LONG-TERM & ADULT DAY CARE SERVICES",623110,NURSING CARE FACILITIES (SKILLED NURSING FACILITIES),NURSING HOME SERVICES. TERMINATED IDIQ CONTRACT FOR CONVENIENCE DUE TO VENDOR CONVERTING TO THE NEW REQUIRED VETERANS CARE AGREEMENT (VCA).,,IDC
36C24626D0031,P00002,2026-01-28,2025-12-01,,0.00,0.00,2745448.00,246-NETWORK CONTRACTING OFFICE 6 (36C246),HAMPTON 590 (36C590),,,,,,BLACKGREYGOLD SOLUTIONS LLC,,Q503,MEDICAL- DENTISTRY,339116,DENTAL LABORATORIES,DENTURE CONTRACT IS TERMINATED DUE TO ERROR IN THE SOLICITATION,,IDC
36C25024C0022,P00004,2026-01-30,2023-11-01,2027-10-31,-50289.75,100579.50,100579.50,250-NETWORK CONTRACT OFFICE 10 (36C250),583-INDIANAPOLIS(00583),IN,INDIANAPOLIS,MARION,462022375,07,"SHIMADZU SCIENTIFIC INSTRUMENTS, INC.",,J065,"MAINT/REPAIR/REBUILD OF EQUIPMENT- MEDICAL, DENTAL, AND VETERINARY EQUIPMENT AND SUPPLIES",811310,COMMERCIAL AND INDUSTRIAL MACHINERY AND EQUIPMENT (EXCEPT AUTOMOTIVE AND ELECTRONIC) REPAIR AND MAINTENANCE,"INDY SHIMADZU SCIENTIFIC INSTRUMENTS, INC. - TERMINATION FOR CONVENIENCE",,DEFINITIVE CONTRACT
36C10X24F0105,P00003,2026-02-02,2024-09-25,2025-04-15,-336457.31,326877.09,326877.09,SAC FREDERICK (36C10X),SAC FREDERICK (36C10X),VA,ASHBURN,LOUDOUN,201486862,10,"RP PROFESSIONAL SERVICES, LLC",,R499,SUPPORT- PROFESSIONAL: OTHER,541519,OTHER COMPUTER RELATED SERVICES,BVA QUALITY ASSURANCE SUPPORT SERVICES: ADD VAAR CLAUSE 852.222-71 IN COMPLIANCE WITH EXECUTIVE ORDER 13899,,DELIVERY ORDER
36C24422D0168,P00001,2026-02-02,2022-09-01,,0.00,0.00,5989476.00,244-NETWORK CONTRACT OFFICE 4 (36C244),VETERANS HEALTH ADMINISTRATION,,,,,,STONERIDGE RETIREMENT LIVING,,Q402,"NURSING HOME, LONG-TERM & ADULT DAY CARE SERVICES",623110,NURSING CARE FACILITIES (SKILLED NURSING FACILITIES),NURSING HOME SERVICES. TERMINATED IDIQ CONTRACT FOR CONVENIENCE DUE TO VENDOR CONVERTING TO THE NEW REQUIRED VETERANS CARE AGREEMENT (VCA).,,IDC
36C24425D0022,P00001,2026-02-02,2024-12-09,,0.00,0.00,581316.20,244-NETWORK CONTRACT OFFICE 4 (36C244),642-PHILADELPHIA (00642)(36C642),,,,,,"WILLIAMS, LUCINDA M",,S206,HOUSEKEEPING- GUARD,561612,SECURITY GUARDS AND PATROL SERVICES,"TERMINATION FOR CONVENIENCE: CONTRACT NO LONGER UTILIZED, NO COST TERMINATION",,IDC
36C10B24C0077,P00004,2026-02-04,2024-09-30,2025-12-31,-369769.00,0.00,0.00,TECHNOLOGY ACQUISITION CENTER NJ (36C10B),TECHNOLOGY ACQUISITION CENTER NJ (36C10B),KS,LEAVENWORTH,LEAVENWORTH,660482113,02,"R.E.D. CONSTRUCTION SERVICES, LLC",,6350,"MISCELLANEOUS ALARM, SIGNAL, AND SECURITY DETECTION SYSTEMS",561621,SECURITY SYSTEMS SERVICES (EXCEPT LOCKSMITHS),CONTRACT TERMINATED FOR CONVENIENCE DUE TO A GOVERNMENT SHIFT IN THE REQUIREMENT. (SIEMENS WIRELESS INTERMESH FIRE ALARM MONITORING SYSTEM),,DEFINITIVE CONTRACT
36C24423D0077,P00002,2026-02-05,2023-04-01,,0.00,0.00,5622558.00,244-NETWORK CONTRACT OFFICE 4 (36C244),503-ALTOONA (00503)(36C503),,,,,,HILLVIEW SNF OPERATING COMPANY LLC,,Q402,"NURSING HOME, LONG-TERM & ADULT DAY CARE SERVICES",623110,NURSING CARE FACILITIES (SKILLED NURSING FACILITIES),TERMINATION FOR CONVENIENCE.,EO: RADICAL TRANSPARENCY ABOUT WASTEFUL SPENDING,IDC
36C25723C0093,P00005,2026-02-05,2023-09-07,2026-02-13,0.00,2786480.37,2786480.37,257-NETWORK CONTRACT OFFICE 17 (36C257),549-DALLAS (00549),TX,DALLAS,DALLAS,752161328,30,VALIANT GROUP LLC,,Y1DA,CONSTRUCTION OF HOSPITALS AND INFIRMARIES,238220,"PLUMBING, HEATING, AND AIR-CONDITIONING CONTRACTORS",549-19-191 CONSTR. REPLACE ISOLATION VALVES & CORRECT PLUMBING.,,DEFINITIVE CONTRACT
36C10G22D0027,P00009,2026-02-06,2022-08-25,,0.00,0.00,17372337.90,STRATEGIC ACQUISITION CENTER FREDERICKSBURG (36C10G),STRATEGIC ACQUISITION CENTER FREDERICKSBURG (36C10G),,,,,,ALLIANT ENTERPRISES LLC,,6515,"MEDICAL AND SURGICAL INSTRUMENTS, EQUIPMENT, AND SUPPLIES",339113,SURGICAL APPLIANCE AND SUPPLIES MANUFACTURING,TERMINATION FOR CONVENIENCE,,IDC
36C24421C0019,P00003,2026-02-10,2020-12-10,2025-09-30,-620004.16,257813.33,257813.33,244-NETWORK CONTRACT OFFICE 4 (36C244),642-PHILADELPHIA (00642)(36C642),PA,PHILADELPHIA,PHILADELPHIA,191041111,03,"ACELA ARCHITECTS + ENGINEERS, PC",,C1DA,ARCHITECT AND ENGINEERING- CONSTRUCTION: HOSPITALS AND INFIRMARIES,541330,ENGINEERING SERVICES,TERMINATION FOR CONVENIENCE,,DEFINITIVE CONTRACT
36C24426N0186,P00002,2026-02-10,2025-12-05,2026-12-04,-697578.51,749.49,749.49,244-NETWORK CONTRACT OFFICE 4 (36C244),646-PITTSBURGH (00646)(36C646),PA,ASPINWALL,ALLEGHENY,152151625,17,"BRAVE ONE CONTRACT AGENCY, LLC",,J035,MAINT/REPAIR/REBUILD OF EQUIPMENT- SERVICE AND TRADE EQUIPMENT,561210,FACILITIES SUPPORT SERVICES,"P00002 TERMINATION FOR CONVENIENCE DUE TO PROTEST
ELEVATOR AND LIFT MAINTENANCE AND REPAIR SERVICES",,BPA CALL
36C25525D0052,P00002,2026-02-10,2025-10-01,,0.00,0.00,0.00,255-NETWORK CONTRACT OFFICE 15 (36C255),657 STL EASTERN ORBIT,,,,,,XENTURIS LLC,,V225,TRANSPORTATION/TRAVEL/RELOCATION- TRAVEL/LODGING/RECRUITMENT: AMBULANCE,621910,AMBULANCE SERVICES,GROUND AMBULANCE SERVICES,,IDC
36C25525N0255,P00001,2026-02-10,2025-09-30,2025-10-09,-1270665.02,0.00,0.00,255-NETWORK CONTRACT OFFICE 15 (36C255),657 STL EASTERN ORBIT,IL,MARION,WILLIAMSON,629591165,12,XENTURIS LLC,,V225,TRANSPORTATION/TRAVEL/RELOCATION- TRAVEL/LODGING/RECRUITMENT: AMBULANCE,621910,AMBULANCE SERVICES,GROUND AMBULANCE SERVICES,,DELIVERY ORDER
36C25024D0096,P00001,2026-02-11,2024-04-01,,0.00,0.00,9000000.00,250-NETWORK CONTRACT OFFICE 10 (36C250),250-NETWORK CONTRACT OFFICE 10 (36C250),,,,,,"THE WATERS OF MARTINSVILLE, LLC",,Q402,"NURSING HOME, LONG-TERM & ADULT DAY CARE SERVICES",623110,NURSING CARE FACILITIES (SKILLED NURSING FACILITIES),CNH,,IDC
36C24723P0034,P00007,2026-02-12,2022-10-01,2027-07-31,0.00,408816.17,408816.17,247-NETWORK CONTRACT OFFICE 7 (36C247),521-BIRMINGHAM(00521)(36C521),AL,BIRMINGHAM,JEFFERSON,352331228,07,UNIVERSITY OF ALABAMA AT BIRMINGHAM,,Q301,REFERENCE LABORATORY TESTING,621511,MEDICAL LABORATORIES,"NOTICE OF TERMINATION AGREEMENT. FULL TERMINATION FOR CONVENIENCE. 
BLOOD AND BLOOD PRODUCTS",,PURCHASE ORDER
36C10B24F0322,P00001,2026-02-13,2024-09-23,2025-09-22,-32386.32,0.00,32388.80,TECHNOLOGY ACQUISITION CENTER NJ (36C10B),TECHNOLOGY ACQUISITION CENTER NJ (36C10B),FL,GAINESVILLE,ALACHUA,326081135,03,"V3GATE, LLC",,DA10,IT AND TELECOM - BUSINESS APPLICATION/APPLICATION DEVELOPMENT SOFTWARE AS A SERVICE,541519,OTHER COMPUTER RELATED SERVICES,ACTION IS A COMPLETE TERMINATE FOR CONVENIENCE OF THE GOVERNMENT. THIS T4C ACTION IS NOT RELATED TO THE EXECUTIVE ORDER 'RADICAL TRANSPARENCY ABOUT WASTEFUL SPENDING'.,EO: RADICAL TRANSPARENCY ABOUT WASTEFUL SPENDING,DELIVERY ORDER
36C10B24F0376,P00006,2026-02-13,2024-09-25,2029-09-24,0.00,6027484.44,14691692.30,TECHNOLOGY ACQUISITION CENTER NJ (36C10B),ACQUISITION BUSINESS SERVICE (36C10C),VA,LEESBURG,LOUDOUN,201753730,10,"BDR SOLUTIONS, LLC",,R499,SUPPORT- PROFESSIONAL: OTHER,541519,OTHER COMPUTER RELATED SERVICES,NOTICE OF TERMINATION FOR CONVENIENCE.,EO: RADICAL TRANSPARENCY ABOUT WASTEFUL SPENDING,DELIVERY ORDER
36C10B24N10270009,P00006,2026-02-13,2024-06-07,2027-07-06,0.00,7606960.11,21973492.20,TECHNOLOGY ACQUISITION CENTER NJ (36C10B),TECHNOLOGY ACQUISITION CENTER NJ (36C10B),NC,PFAFFTOWN,FORSYTH,270409246,10,KING STREET TECHNOLOGY PARTNERS LLC,,R499,SUPPORT- PROFESSIONAL: OTHER,541512,COMPUTER SYSTEMS DESIGN SERVICES,NOTICE OF TERMINATION FOR CONVENIENCE,EO: RADICAL TRANSPARENCY ABOUT WASTEFUL SPENDING,DELIVERY ORDER
36C10X26K0069,P00001,2026-02-13,2026-01-01,2026-02-13,-47586.00,0.00,0.00,SAC FREDERICK (36C10X),STRATEGIC ACQUISITION CENTER FREDERICKSBURG (36C10G),VA,ALEXANDRIA,ALEXANDRIA CITY,223143359,08,MELLING LLC,,6540,"OPHTHALMIC INSTRUMENTS, EQUIPMENT, AND SUPPLIES",339115,OPHTHALMIC GOODS MANUFACTURING,THIS MODIFICATION IS TO CANCEL THE  EXPRESS REPORT 36C10X26K0069. THE CONTRACT REFERENCED 36C10G24D0112 WAS TERMINATED ON 10/9/2025 AND IS THEREFORE NO LONGER ACTIVE. THE EXPRESS REPORT WILL BE RE-CREATED UNDER 36C10G25D0059,EO: RADICAL TRANSPARENCY ABOUT WASTEFUL SPENDING,DELIVERY ORDER
36C25723C0041,P00001,2026-02-13,2023-04-03,2025-07-02,-3595763.94,371278.37,371278.37,257-NETWORK CONTRACT OFFICE 17 (36C257),671-SAN ANTONIO (00671),TX,SAN ANTONIO,BEXAR,782294404,20,HAMILTON PACIFIC CHAMBERLAIN LLC,,Y1DA,CONSTRUCTION OF HOSPITALS AND INFIRMARIES,236220,COMMERCIAL AND INSTITUTIONAL BUILDING CONSTRUCTION,TERMINATION FOR CONVENIENCE,EO: RADICAL TRANSPARENCY ABOUT WASTEFUL SPENDING,DEFINITIVE CONTRACT
36C26322N0434,P00004,2026-02-13,2022-04-01,2026-01-31,0.00,105225.30,157423.32,NETWORK CONTRACT OFFICE 23 (36C263),636A8-IOWA CITY HEALTH CARE,IA,IOWA CITY,JOHNSON,522462208,01,PITNEY BOWES INC.,,7490,MISCELLANEOUS OFFICE MACHINES,532420,OFFICE MACHINERY AND EQUIPMENT RENTAL AND LEASING,TERMINATE FOR GOVERNMENT CONVENIENCE.  CONTRACT WAS CONSOLIDATED UNDER A VISN WIDE AGREEMENT.,EO: RADICAL TRANSPARENCY ABOUT WASTEFUL SPENDING,DELIVERY ORDER
36C26326N0068,P00001,2026-02-13,2025-10-01,2026-01-31,0.00,37314.72,37314.72,NETWORK CONTRACT OFFICE 23 (36C263),437-FARGO VA MEDICAL CENTER (00437),ND,FARGO,CASS,581022417,00,PITNEY BOWES INC.,,J074,MAINT/REPAIR/REBUILD OF EQUIPMENT- OFFICE MACHINES/TEXT PROCESSING SYS/VISIBLE RECORD EQUIPMENT,532420,OFFICE MACHINERY AND EQUIPMENT RENTAL AND LEASING,TERMINATE FOR GOVERNMENT CONVENIENCE.  CONTRACT WAS CONSOLIDATED UNDER A VISN WIDE AGREEMENT.,EO: RADICAL TRANSPARENCY ABOUT WASTEFUL SPENDING,DELIVERY ORDER
36C25226N0208,P00001,2026-02-19,2026-01-14,2026-02-19,-348174.87,0.00,0.00,252-NETWORK CONTRACT OFFICE 12 (36C252),556-FHCC(N CHICAGO)(00556)(36C556),NJ,LAWRENCEVILLE,MERCER,086481205,03,BRISTOL-MYERS SQUIBB COMPANY,,6505,DRUGS AND BIOLOGICALS,325412,PHARMACEUTICAL PREPARATION MANUFACTURING,REVLIMID AND POMALYST SPECIALTY PHARMACEUTICALS (FHCC),,DELIVERY ORDER
36C77624C0205,P00001,2026-02-19,2024-09-27,2025-10-06,-812077.00,763208.00,1165625.00,PCAC (36C776),637-ASHEVILLE (00637)(36C637),VA,WOODBRIDGE,PRINCE WILLIAM,221925085,07,"AWEN SOLUTIONS GROUP, LLC",,C1DZ,ARCHITECT AND ENGINEERING- CONSTRUCTION: OTHER HOSPITAL BUILDINGS,541330,ENGINEERING SERVICES,TERMINATION FOR CONVENIENCE,,DEFINITIVE CONTRACT
36H79719D0005,P00021,2026-02-19,2019-08-23,,0.00,0.00,61290632.00,NAC HIGH TECH CONTRACTING (36H797),NAC HIGH TECH CONTRACTING (36H797),,,,,,"ALLIANT ENTERPRISES, LLC",,6525,"IMAGING EQUIPMENT AND SUPPLIES: MEDICAL, DENTAL, VETERINARY",334517,IRRADIATION APPARATUS MANUFACTURING,THE PURPOSE OF THIS MODIFICATION IS TO TERMINATE THE CONTRACT FOR CONVENIENCE.,EO: RADICAL TRANSPARENCY ABOUT WASTEFUL SPENDING,IDC
36C24226N0342,P00001,2026-02-20,2026-02-16,2026-02-10,-1173036.80,0.00,0.00,242-NETWORK CONTRACT OFFICE 02 (36C242),DEPT OF VETERANS AFFAIRS,NY,ROCHESTER,MONROE,146231002,25,PROMETHEUS FEDERAL SERVICES LLC,,Q505,MEDICAL- GASTROENTEROLOGY,561320,TEMPORARY HELP SERVICES,GASTROENTEROLOGY,,DELIVERY ORDER
36C24826P0155,P00001,2026-02-20,2025-11-10,2026-02-20,-59669.36,0.00,0.00,248-NETWORK CONTRACT OFFICE 8 (36C248),548-WEST PALM (00548)(36C548),FL,RIVIERA BEACH,PALM BEACH,334106400,21,"ALLIANT ENTERPRISES, LLC",,6530,"HOSPITAL FURNITURE, EQUIPMENT, UTENSILS, AND SUPPLIES",337214,OFFICE FURNITURE (EXCEPT WOOD) MANUFACTURING,TERMINATION FOR GOVT'S CONVENIENCE.,,PURCHASE ORDER
36C24926P0107,P00001,2026-02-20,2025-12-01,2025-12-31,-15036.92,0.00,0.00,249-NETWORK CONTRACT OFFICE 9 (36C249),614-MEMPHIS(00614),TN,MEMPHIS,SHELBY,381194878,08,ADVANCED PROSTHETICS AND ORTHOTICS LLC,,6515,"MEDICAL AND SURGICAL INSTRUMENTS, EQUIPMENT, AND SUPPLIES",339113,SURGICAL APPLIANCE AND SUPPLIES MANUFACTURING,ARTIFICIAL LEG - ABOVE KNEE PROSTHETIC - CANCELLED FOR CONVENIENCE,,PURCHASE ORDER
36C26225P2146,P00001,2026-02-20,2025-09-15,2026-01-31,-44043.90,26426.34,26426.34,262-NETWORK CONTRACT OFFICE 22 (36C262),605-VA LOMA LINDA HLTHCR SYS(00605),CA,LOMA LINDA,SAN BERNARDINO,923570001,23,LEGACYGEN INNOVATIONS LLC,,J065,"MAINT/REPAIR/REBUILD OF EQUIPMENT- MEDICAL, DENTAL, AND VETERINARY EQUIPMENT AND SUPPLIES",811210,ELECTRONIC AND PRECISION EQUIPMENT REPAIR AND MAINTENANCE,GE EQUIPMENT PMI,,PURCHASE ORDER
36C10B24F0061,P00006,2026-02-23,2024-02-07,2025-12-22,-117665.82,2692550.06,4445571.51,TECHNOLOGY ACQUISITION CENTER NJ (36C10B),TECHNOLOGY ACQUISITION CENTER NJ (36C10B),TX,AUSTIN,TRAVIS,787727830,35,REGAN TECHNOLOGIES CORPORATION,,DA10,IT AND TELECOM - BUSINESS APPLICATION/APPLICATION DEVELOPMENT SOFTWARE AS A SERVICE,541519,OTHER COMPUTER RELATED SERVICES,TERMINATION AND DE-OBLIGATION OF FUNDS UNDER CLIN 0005,,DELIVERY ORDER
36C25023C0131,P00002,2026-02-23,2023-07-24,2026-02-23,-50471.69,21933.06,21933.06,250-NETWORK CONTRACT OFFICE 10 (36C250),552-DAYTON (00552),OH,DAYTON,MONTGOMERY,454289000,10,"WEST POINT ENGINEERS, LLC",,C1PC,ARCHITECT AND ENGINEERING- CONSTRUCTION: UNIMPROVED REAL PROPERTY (LAND),541310,ARCHITECTURAL SERVICES,REPAIR HILL AND POND GROTTO - 552-22-202 - T4C,,DEFINITIVE CONTRACT
VA797H17D0011,P00029,2026-02-24,2016-12-10,,0.00,4000.00,100840575.00,NAC HIGH TECH CONTRACTING (36H797),NAC HIGH TECH CONTRACTING (36H797),,,,,,GUERBET LLC,,6515,"MEDICAL AND SURGICAL INSTRUMENTS, EQUIPMENT, AND SUPPLIES",334517,IRRADIATION APPARATUS MANUFACTURING,THE PURPOSE OF THIS MODIFICATION IS TO TERMINATE THE REMAINING CONTRACT SCOPE FOR THE GOVERNMENTS CONVENIENCE IN RESPONSE TO THE VENDOR REQUEST WITH PROPER CLOSEOUT.,,IDC
36C24626P0207,P00002,2026-02-25,2025-12-26,2026-02-05,-529200.00,0.00,0.00,246-NETWORK CONTRACTING OFFICE 6 (36C246),VETERANS HEALTH ADMINISTRATION,NC,DURHAM,ORANGE,277058041,04,M&H UNITED LLC,,S201,HOUSEKEEPING- CUSTODIAL JANITORIAL,561720,JANITORIAL SERVICES,"JANITORIAL SERVICES AT DURHAM VAMC-
TERMINATION FOR CONVENIENCE",,PURCHASE ORDER
36C25026P0149,P00001,2026-02-25,2025-12-05,2026-02-25,-76440.00,0.00,0.00,250-NETWORK CONTRACT OFFICE 10 (36C250),610-MARION (00610),IN,MARION,GRANT,469539536,05,"SAGE, LLC",,R616,SUPPORT - ADMINISTRATIVE: PHYSICAL RECORDS MANAGEMENT SERVICES,561990,ALL OTHER SUPPORT SERVICES,DOCUMENT DESTRUCTION FOR NORTHER INDIANA HEALTHCARE SYSTEMS,,PURCHASE ORDER
36C25726F00321,P00001,2026-02-25,2026-01-06,2026-02-27,-43700.00,0.00,0.00,257-NETWORK CONTRACT OFFICE 17 (36C257),549-DALLAS (00549),TX,DALLAS,DALLAS,752164100,30,MABBETT AND ASSOCIATES INCORPORATED,,F999,OTHER ENVIRONMENTAL SERVICES,541620,ENVIRONMENTAL CONSULTING SERVICES,GEMS PROGRAM/ SPCC/P2/ICP PLAN- TERMINATE FOR CONVENIENCE - CORRECTIVE ACTION,,DELIVERY ORDER
36C10D25P0009,P00005,2026-02-26,2024-10-01,2026-02-18,0.00,34918.00,69094.00,VETERANS BENEFITS ADMIN (36C10D),NEW ORLEANS REGIONAL BENEFIT OFFICE,LA,NEW ORLEANS,ORLEANS,701131871,02,VENERGY GROUP LLC,,J041,"MAINT/REPAIR/REBUILD OF EQUIPMENT- REFRIGERATION, AIR CONDITIONING, AND AIR CIRCULATING EQUIPMENT",238220,"PLUMBING, HEATING, AND AIR-CONDITIONING CONTRACTORS",TERMINATE FOR CONVENIENCE - HVAC SERVICES FOR THE NEW ORLEANS VBA REGIONAL OFFICE,,PURCHASE ORDER
36C25622D0038,P00004,2026-02-27,2022-03-01,,0.00,0.00,92840.00,256-NETWORK CONTRACT OFFICE 16 (36C256),564-FAYETTEVILLE (00564),,,,,,AGILITI HEALTH INC,,Q523,MEDICAL- SURGERY,621999,ALL OTHER MISCELLANEOUS AMBULATORY HEALTH CARE SERVICES,CONTRACTOR PROVIDED MOBILE LITHOTRIPSY SERVICES - TERMINATION OF REMAINDER OF CONTRACT.  NO FAULT OF CONTRACTOR.,,IDC
36C10G26N0003,P00002,2026-03-03,2025-10-10,2026-01-06,-23270.16,2949079.34,2949079.34,STRATEGIC ACQUISITION CENTER FREDERICKSBURG (36C10G),STRATEGIC ACQUISITION CENTER FREDERICKSBURG (36C10G),MD,HYATTSVILLE,PRINCE GEORGES,207852275,04,ASCELLON CORPORATION,,R499,SUPPORT- PROFESSIONAL: OTHER,541611,ADMINISTRATIVE MANAGEMENT AND GENERAL MANAGEMENT CONSULTING SERVICES,PARTIAL TERMINATION - 1 SVH SURVEY AT RICHMOND VA TERMINATED DUE TO FLU TYPE A OUTBREAK,,DELIVERY ORDER
36C24223C0111,P00004,2026-03-03,2023-08-14,2025-12-22,-478719.35,239463.62,239463.62,242-NETWORK CONTRACT OFFICE 02 (36C242),UNITED STATES DEPARTMENT OF VETERANS AFFAIRS,NJ,EAST ORANGE,ESSEX,070183153,10,AE WORKS LTD,,C1DA,ARCHITECT AND ENGINEERING- CONSTRUCTION: HOSPITALS AND INFIRMARIES,541330,ENGINEERING SERVICES,AE SERVICES TO RENOVATE BUILDING 11 TERMINATION,,DEFINITIVE CONTRACT
36C24725F0071,P00002,2026-03-03,2025-02-09,2026-03-03,-192839.08,199126.89,400427.75,247-NETWORK CONTRACT OFFICE 7 (36C247),247-NETWORK CONTRACT OFFICE 7 (36C247),SC,CHARLESTON,CHARLESTON,294011153,06,ALVAREZ LLC,,R499,SUPPORT- PROFESSIONAL: OTHER,541519,OTHER COMPUTER RELATED SERVICES,CDI PRO SERVICES,,DELIVERY ORDER
36C77625D0002,P00001,2026-03-03,2025-06-24,,0.00,0.00,74000000.00,RPO CENTRAL (36C24C),RPO CENTRAL (36C24C),,,,,,"AMERICAN ACCESS, INC.",,6515,"MEDICAL AND SURGICAL INSTRUMENTS, EQUIPMENT, AND SUPPLIES",339113,SURGICAL APPLIANCE AND SUPPLIES MANUFACTURING,NORTH CENTRAL MODULAR RAMPS,,IDC
36C77625D0003,P00001,2026-03-03,2025-06-24,,0.00,0.00,44000000.00,RPO CENTRAL (36C24C),RPO CENTRAL (36C24C),,,,,,"AMERICAN ACCESS, INC.",,6515,"MEDICAL AND SURGICAL INSTRUMENTS, EQUIPMENT, AND SUPPLIES",339113,SURGICAL APPLIANCE AND SUPPLIES MANUFACTURING,DELIVERY AND INSTALLATION OF MODULAR RAMPS.,,IDC
36C10X20F0033,P00013,2026-03-05,2020-07-01,2025-02-25,-9574474.48,74655674.83,75294462.35,SAC FREDERICK (36C10X),SAC FREDERICK (36C10X),DC,WASHINGTON,DISTRICT OF COLUMBIA,200010004,98,"ENTERPRISE RESOURCE PERFORMANCE, INC.",,R408,SUPPORT- PROFESSIONAL: PROGRAM MANAGEMENT/SUPPORT,541611,ADMINISTRATIVE MANAGEMENT AND GENERAL MANAGEMENT CONSULTING SERVICES,"TERMINATION FOR CONVENIENCE AGREEMENT, IAW 52.212-4(C) & (L) AND INITIATIVE ""E.O RADICAL TRANSPARENCY ABOUT WASTEFUL SPENDING""",EO: RADICAL TRANSPARENCY ABOUT WASTEFUL SPENDING,DELIVERY ORDER
36A79723N0463,P00002,2026-03-09,2023-09-27,2026-03-09,-1542322.74,0.00,0.00,NAC HIGH TECH ORDERS (36A797),NAC HIGH TECH ORDERS (36A797),WI,WAUKESHA,WAUKESHA,531881615,05,GE PRECISION HEALTHCARE LLC,,6525,"IMAGING EQUIPMENT AND SUPPLIES: MEDICAL, DENTAL, VETERINARY",334517,IRRADIATION APPARATUS MANUFACTURING,"MODALITY: XR MRI
PURCHASE ORDER: 585B20011
STATION: VAMC IRON MOUNTAIN, MI
REQUIREMENT: TERMINATION",,DELIVERY ORDER
36C24624P1021,P00006,2026-03-09,2024-05-01,2026-03-09,-172824.00,104798.90,277622.90,246-NETWORK CONTRACTING OFFICE 6 (36C246),565-FAYETTEVILLE (00565)(36565),NC,FAYETTEVILLE,CUMBERLAND,283015494,07,J3 ENTERPRISE LLC,,J059,MAINT/REPAIR/REBUILD OF EQUIPMENT- ELECTRICAL AND ELECTRONIC EQUIPMENT COMPONENTS,238290,OTHER BUILDING EQUIPMENT CONTRACTORS,ELEVATOR MAINTENANCE SERVICES - REPLACING 2 SRU BOARDS,,PURCHASE ORDER
36C24726P0265,P00001,2026-03-09,2026-01-19,2026-04-19,-235690.00,0.00,0.00,247-NETWORK CONTRACT OFFICE 7 (36C247),534-CHARLESTON (00534)(36C534),SC,CHARLESTON,CHARLESTON,294011153,06,KSC FEDERAL CONTRACTORS LLC,,J045,"MAINT/REPAIR/REBUILD OF EQUIPMENT- PLUMBING, HEATING, AND WASTE DISPOSAL EQUIPMENT",238220,"PLUMBING, HEATING, AND AIR-CONDITIONING CONTRACTORS","HOT WATER HEATER TANKS REPAIR, RALPH H. JOHNSON VETERANS AFFAIRS MEDICAL CENTER, SC",,PURCHASE ORDER
36C24926F0080,P00001,2026-03-09,2026-01-14,2026-07-03,-347880.00,0.00,0.00,249-NETWORK CONTRACT OFFICE 9 (36C249),614-MEMPHIS(00614),PA,PITTSBURGH,ALLEGHENY,152262503,17,ALTAMIRA LTD,,6530,"HOSPITAL FURNITURE, EQUIPMENT, UTENSILS, AND SUPPLIES",339112,SURGICAL AND MEDICAL INSTRUMENT MANUFACTURING,TERMINATION FOR GOV'T CONVENIENCE DUE TO CORRECTIVE ACTION REQUIRED FROM PROTEST. 50 PROGLIDE 300 EXAMINATION CHAIRS TO INCLUDE SUPPORT RAILS,,DELIVERY ORDER
36C25222N0331,P00005,2026-03-09,2022-03-23,2028-03-22,-41994.77,213320.15,254501.15,252-NETWORK CONTRACT OFFICE 12 (36C252),252-NETWORK CONTRACT OFFICE 12 (36C252),WI,MILWAUKEE,MILWAUKEE,532950004,04,"APOGEE CONSULTING GROUP, P.A.",,C1DA,ARCHITECT AND ENGINEERING- CONSTRUCTION: HOSPITALS AND INFIRMARIES,541330,ENGINEERING SERVICES,P00004:  SUSPEND,,DELIVERY ORDER
36C24825P1960,P00001,2026-03-10,2025-09-01,2026-03-13,-338716.08,383460.34,383460.34,248-NETWORK CONTRACT OFFICE 8 (36C248),673-TAMPA(00673)(36C673),FL,TAMPA,HILLSBOROUGH,336127528,14,"ALLIANT ENTERPRISES, LLC",,N065,"INSTALLATION OF EQUIPMENT- MEDICAL, DENTAL, AND VETERINARY EQUIPMENT AND SUPPLIES",339113,SURGICAL APPLIANCE AND SUPPLIES MANUFACTURING,CEILING-MOUNTED PATIENT LIFTS AND RAILS REPLACEMENT,,PURCHASE ORDER
36C25023C0125,P00001,2026-03-10,2023-06-29,2026-03-10,-1934534.45,0.00,0.00,250-NETWORK CONTRACT OFFICE 10 (36C250),552-DAYTON (00552),OH,DAYTON,MONTGOMERY,454289000,10,"EAGLE CONTRACTORS, INC.",,Z2LZ,REPAIR OR ALTERATION OF PARKING FACILITIES,236220,COMMERCIAL AND INSTITUTIONAL BUILDING CONSTRUCTION,EMERGENCY REPAIR PARKING LOT B128 - 552-23-504 - T4C,,DEFINITIVE CONTRACT
36C24726D0017,P00002,2026-03-11,2026-04-01,,0.00,0.00,0.00,247-NETWORK CONTRACT OFFICE 7 (36C247),619-CENTERAL ALABAM (00619)(36C619),,,,,,VETERANS FIRST HEALTH CARE,,W065,"LEASE OR RENTAL OF EQUIPMENT- MEDICAL, DENTAL, AND VETERINARY EQUIPMENT AND SUPPLIES",532283,HOME HEALTH EQUIPMENT RENTAL,CAVHCS HOME OXYGEN AND VENTILATOR SERVICES,,IDC
36C26125P1388,P00001,2026-03-12,2025-08-06,2028-08-05,-5842.18,0.00,0.00,261-NETWORK CONTRACT OFFICE 21 (36C261),662-SAN FRANCISCO (00662),CA,SAN FRANCISCO,SAN FRANCISCO,941212303,11,"OPENING TECHNOLOGIES, INC",,6350,"MISCELLANEOUS ALARM, SIGNAL, AND SECURITY DETECTION SYSTEMS",561621,SECURITY SYSTEMS SERVICES (EXCEPT LOCKSMITHS),VENDOR NOT REGISTERED IN FSC FOR PAYMENT.,,PURCHASE ORDER
36C77026P0030,P00001,2026-03-12,2026-01-30,2031-01-29,-9374.00,0.00,47578.00,NATIONAL CMOP OFFICE (36C770),VA CMOP TUCSON (00762),AZ,TUCSON,PIMA,857065041,07,"BEACON GROUP, INC.",,R614,SUPPORT- ADMINISTRATIVE: PAPER SHREDDING,561990,ALL OTHER SUPPORT SERVICES,SECURE SHREDDING SERVICES,,PURCHASE ORDER
36C25021C0263,P00001,2026-03-13,2021-10-12,2027-09-30,-287360.00,350925.00,350925.00,250-NETWORK CONTRACT OFFICE 10 (36C250),541-BRECKSVILLE (00541),OH,CLEVELAND,CUYAHOGA,441061728,11,"FFE - HEAPY JV, LLC",,C1DA,ARCHITECT AND ENGINEERING- CONSTRUCTION: HOSPITALS AND INFIRMARIES,541310,ARCHITECTURAL SERVICES,"AE DESIGN: RENOVATE PCU TO RELOCATE SAME-DAY SURGERY CENTER

MODIFICATION P00001 - TERMINATION FOR CONVENIENCE",,DEFINITIVE CONTRACT
36C25022P1250,P00002,2026-03-16,2022-05-18,2024-09-30,-67320.83,4241.00,4241.00,250-NETWORK CONTRACT OFFICE 10 (36C250),VA CENTRAL OFFICE,NY,TARRYTOWN,WESTCHESTER,105915005,16,SIEMENS HEALTHCARE DIAGNOSTICS INC.,,7B22,IT AND TELECOM - COMPUTE: SERVERS (HARDWARE AND PERPETUAL LICENSE SOFTWARE),511210,SOFTWARE PUBLISHERS,UNIPOC DATA MANAGEMENT SYSTEM CERNER INTERFACE - PARTIAL TERMINATION FOR THE GOVERNMENT'S CONVENIENCE,,PURCHASE ORDER
36C26326P0157,P00001,2026-03-16,2026-01-01,2025-12-27,-94921.20,0.00,0.00,NETWORK CONTRACT OFFICE 23 (36C263),568-VA BLK HILLS HLTH CARE (00568P),SD,FORT MEADE,MEADE,577411002,00,KONE INC,,J035,MAINT/REPAIR/REBUILD OF EQUIPMENT- SERVICE AND TRADE EQUIPMENT,238290,OTHER BUILDING EQUIPMENT CONTRACTORS,ELEVATOR MAINTENANCE & REPAIR SERVICES - COMPLETE TERMINATION DUE TO CORRECTIVE ACTION FROM PROTEST. (PROTESTOR-TK ELEVATOR),,PURCHASE ORDER
36C26122P1089,P00003,2026-03-17,2022-06-02,2024-09-30,-9800.00,34300.00,34300.00,261-NETWORK CONTRACT OFFICE 21 (36C261),261-NETWORK CONTRACT OFFICE 21 (36C261),CA,SAN FRANCISCO,SAN FRANCISCO,941023332,11,"BLACKBIRD INDUSTRIES, INC.",,S201,HOUSEKEEPING- CUSTODIAL JANITORIAL,561720,JANITORIAL SERVICES,JANITORIAL SERVICES. DE-OBLIGATE OPTION YEAR 2 FUNDS (703C46022) AND TERMINATE DUE TO FACILITY CLOSING SF VET CENTER.,,PURCHASE ORDER
36C25626P0328,P00002,2026-03-18,2026-02-14,2026-03-18,-615482.00,0.00,0.00,256-NETWORK CONTRACT OFFICE 16 (36C256),564-FAYETTEVILLE (00564),AR,FAYETTEVILLE,WASHINGTON,727031944,03,"SENTINEL SERVICES, LLC",,J045,"MAINT/REPAIR/REBUILD OF EQUIPMENT- PLUMBING, HEATING, AND WASTE DISPOSAL EQUIPMENT",238220,"PLUMBING, HEATING, AND AIR-CONDITIONING CONTRACTORS","HVAC PREVENTATIVE MAINTENANCE AND EMERGENCY SERVICES FOR THE VETERANS HEALTH CARE SYSTEM OF THE OZARKS, FAYETTEVILLE, ARKANSAS.",,PURCHASE ORDER
36C26026P0170,P00001,2026-03-18,2026-01-30,2026-03-13,-9487.54,0.00,0.00,260-NETWORK CONTRACT OFFICE 20 (36C260),668-SPOKANE (00668),WA,SPOKANE,SPOKANE,992056185,05,ACACHI LLC,,DA10,IT AND TELECOM - BUSINESS APPLICATION/APPLICATION DEVELOPMENT SOFTWARE AS A SERVICE,513210,SOFTWARE PUBLISHERS,CLOUD-BASED LABORATORY NETWORK SOFTWARE PLATFORM,,PURCHASE ORDER
36C26226C0050,P00001,2026-03-18,2025-12-01,2030-11-30,-2178660.00,0.00,0.00,262-NETWORK CONTRACT OFFICE 22 (36C262),664-SAN DIEGO HEALTHCARE SYS(00664),CA,SAN DIEGO,SAN DIEGO,921610002,50,PARKING VETERANS INC,,V122,TRANSPORTATION/TRAVEL/RELOCATION- TRANSPORTATION: MOTOR CHARTER,485999,ALL OTHER TRANSIT AND GROUND PASSENGER TRANSPORTATION,SHUTTLE SERVICE-TERMINATED DUE TO UCSD NOT ALLOWING THIRD PARTY VENDORS TO PROVIDE SERVICE ON CAMPUS.,,DEFINITIVE CONTRACT
36C24523F0571,P00003,2026-03-19,2023-07-01,2025-09-03,0.00,129322.52,314973.91,245-NETWORK CONTRACT OFFICE 5 (36C245),517-BECKLEY (00517)(36C517),WV,BECKLEY,RALEIGH,258018986,01,"MINBURN TECHNOLOGY GROUP, LLC",,DA10,IT AND TELECOM - BUSINESS APPLICATION/APPLICATION DEVELOPMENT SOFTWARE AS A SERVICE,541519,OTHER COMPUTER RELATED SERVICES,SOFTWARE SUBSCRIPTION,,DELIVERY ORDER
36C24826P0546,P00001,2026-03-19,2026-03-10,2026-03-19,-192067.95,0.00,0.00,248-NETWORK CONTRACT OFFICE 8 (36C248),573-NF/SG VETS HOSP(00573)(36C573),TX,SAN ANTONIO,BEXAR,782325407,21,IRON OAK SOLUTIONS LLC,,2330,TRAILERS,336212,TRUCK TRAILER MANUFACTURING,STORAGE TRAILERS,,PURCHASE ORDER
36C25525C0042,P00001,2026-03-20,2025-09-24,2026-01-30,-648972.20,4576.32,4576.32,255-NETWORK CONTRACT OFFICE 15 (36C255),657 STL EASTERN ORBIT,MO,SAINT LOUIS,SAINT LOUIS,631254199,02,"STONE GROUP ARCHITECTS, INC.",,C1DA,ARCHITECT AND ENGINEERING- CONSTRUCTION: HOSPITALS AND INFIRMARIES,541330,ENGINEERING SERVICES,"REPLACE ELEVATOR BLDG 1, BLDG 3 AND BLDG 52 ST LOUIS JB VAMC
PROJECT 657-25-107",,DEFINITIVE CONTRACT
36C25626F0056,P00001,2026-03-20,2026-01-01,2026-03-19,-2999040.00,0.00,0.00,256-NETWORK CONTRACT OFFICE 16 (36C256),256-NETWORK CONTRACT OFFICE 16 (36C256),AR,FAYETTEVILLE,WASHINGTON,727036210,03,"BTL TECHNOLOGIES, INC.",,R707,SUPPORT- MANAGEMENT: CONTRACT/PROCUREMENT/ACQUISITION SUPPORT,541611,ADMINISTRATIVE MANAGEMENT AND GENERAL MANAGEMENT CONSULTING SERVICES,TERMINATION FOR THE CONVENIENCE OF THE GOVERNMENT FOR TASK ORDER 36C25626F0056 FOR NCO16 ACQUISITION SUPPORT SERVICES.,,DELIVERY ORDER
36C77622C0148,P00011,2026-03-20,2022-09-27,2025-08-19,-145857.05,3857196.14,3857196.14,PCAC (36C776),PCAC (36C776),MO,SAINT LOUIS,SAINT LOUIS CITY,631061621,01,ANDERSON & SONS CONTRACTING LLC,,Y1DZ,CONSTRUCTION OF OTHER HOSPITAL BUILDINGS,236220,COMMERCIAL AND INSTITUTIONAL BUILDING CONSTRUCTION,THIS UNILATERAL MODIFICATION IS EXTENDING THE CONSTRUCTION DELIVERY DATE TO 20 JUNE 2025.,,DEFINITIVE CONTRACT
36C25023P0769,P00003,2026-03-24,2023-03-02,2025-05-31,-16417.50,128814.72,128814.72,250-NETWORK CONTRACT OFFICE 10 (36C250),552-DAYTON (00552),OH,DAYTON,MONTGOMERY,454289000,10,"RED BAG SOLUTIONS, INC.",,J045,"MAINT/REPAIR/REBUILD OF EQUIPMENT- PLUMBING, HEATING, AND WASTE DISPOSAL EQUIPMENT",811310,COMMERCIAL AND INDUSTRIAL MACHINERY AND EQUIPMENT (EXCEPT AUTOMOTIVE AND ELECTRONIC) REPAIR AND MAINTENANCE,STEAM STERILIZATION AND MACERATION (SSM) EQUIPMENT MAINTENANCE,,PURCHASE ORDER
36C25526D0022,P00001,2026-03-24,2025-12-01,,0.00,0.00,8572543.35,255-NETWORK CONTRACT OFFICE 15 (36C255),657 STL EASTERN ORBIT,,,,,,"MEDICONE MEDICAL RESPONSE OF TENNESSEE, INC",,V225,TRANSPORTATION/TRAVEL/RELOCATION- TRAVEL/LODGING/RECRUITMENT: AMBULANCE,621910,AMBULANCE SERVICES,GROUND AMBULANCE - MARION VAMC,,IDC
36C25624P1555,P00004,2026-03-25,2024-08-19,2024-10-09,-54439.39,23060.61,23060.61,256-NETWORK CONTRACT OFFICE 16 (36C256),598-NORTH LITTLE ROCK(00598),CA,HUNTINGTON BEACH,ORANGE,926474432,47,"LIFESTREAM WATERSYSTEMS, INC.",,4610,WATER PURIFICATION EQUIPMENT,333310,COMMERCIAL AND SERVICE INDUSTRY MACHINERY MANUFACTURING,TERMINATION FOR THE CONVENIENCE OF THE GOVERNMENT,,PURCHASE ORDER
36C26026F0162,P00001,2026-03-25,2026-02-03,2026-02-11,-61560.48,0.00,0.00,260-NETWORK CONTRACT OFFICE 20 (36C260),663-SEATTLE (00663),PA,PITTSBURGH,ALLEGHENY,152262503,17,ALTAMIRA LTD,,6515,"MEDICAL AND SURGICAL INSTRUMENTS, EQUIPMENT, AND SUPPLIES",339112,SURGICAL AND MEDICAL INSTRUMENT MANUFACTURING,6 PROGLIDE 300+BASE+TOP EXAM TABLES,,DELIVERY ORDER
36C10B24N10270009,P00007,2026-03-26,2024-06-07,2026-02-13,-520972.45,7085987.66,7085987.66,TECHNOLOGY ACQUISITION CENTER NJ (36C10B),TECHNOLOGY ACQUISITION CENTER NJ (36C10B),NC,PFAFFTOWN,FORSYTH,270409246,10,KING STREET TECHNOLOGY PARTNERS LLC,,R499,SUPPORT- PROFESSIONAL: OTHER,541512,COMPUTER SYSTEMS DESIGN SERVICES,TERMINATION FOR CONVENIENCE - FINAL SETTLEMENT AND DEOBLIGATION OF UNEXPENDED FUNDING.,EO: RADICAL TRANSPARENCY ABOUT WASTEFUL SPENDING,DELIVERY ORDER
36C24625C0050,P00002,2026-03-26,2025-08-26,2026-02-22,0.00,63200.00,63200.00,246-NETWORK CONTRACTING OFFICE 6 (36C246),246-NETWORK CONTRACTING OFFICE 6 (36C246),NC,DURHAM,DURHAM,277053875,04,VETERAN BUILDERS CORP,,N012,INSTALLATION OF EQUIPMENT- FIRE CONTROL EQUIPMENT,237110,WATER AND SEWER LINE AND RELATED STRUCTURES CONSTRUCTION,NOTICE OF TERMINATION FOR CONVENIENCE,,DEFINITIVE CONTRACT
36C24723F0096,P00010,2026-03-26,2023-01-01,2026-03-25,-118394.20,525154.19,680069.95,247-NETWORK CONTRACT OFFICE 7 (36C247),544-COLUMBIA (00544)(36C544),SC,COLUMBIA,RICHLAND,292014212,06,"ADMIRAL ELEVATOR COMPANY, INC.",,J035,MAINT/REPAIR/REBUILD OF EQUIPMENT- SERVICE AND TRADE EQUIPMENT,238290,OTHER BUILDING EQUIPMENT CONTRACTORS,ELEVATOR PM SERVICES,,DELIVERY ORDER
36C24225P0743,P00002,2026-03-27,2025-03-28,2030-03-27,0.00,282076.20,515559.40,242-NETWORK CONTRACT OFFICE 02 (36C242),242-NETWORK CONTRACT OFFICE 02 (36C242),NJ,EAST ORANGE,ESSEX,070181023,10,EMERITUS CLINICAL SOLUTIONS INC,,J065,"MAINT/REPAIR/REBUILD OF EQUIPMENT- MEDICAL, DENTAL, AND VETERINARY EQUIPMENT AND SUPPLIES",811210,ELECTRONIC AND PRECISION EQUIPMENT REPAIR AND MAINTENANCE,PARTIAL TERMINATION SERVICES NO LONGER REQUIRED FOR EQUIPMENT AT LYONS - REPLACED WITH NEW FLEET,,PURCHASE ORDER
36C24626C0026,P00001,2026-03-27,2026-04-05,2026-03-27,0.00,7592000.00,7592000.00,246-NETWORK CONTRACTING OFFICE 6 (36C246),658-SALEM (00658)(36C658),VA,SALEM,SALEM,241536404,06,CONTEGO ENVIRONMENTAL LLC,,Z1DA,MAINTENANCE OF HOSPITALS AND INFIRMARIES,238220,"PLUMBING, HEATING, AND AIR-CONDITIONING CONTRACTORS",UPGRADE HVAC SYSTEM PHASE II - TERMINATED FOR CONVENIENCE TO ADDRESS THE CORRECTED ACTION REQUIRED.,,DEFINITIVE CONTRACT
36C24424P0308,P00003,2026-03-30,2024-02-21,2024-09-13,0.00,0.00,0.00,244-NETWORK CONTRACT OFFICE 4 (36C244),642-PHILADELPHIA (00642)(36C642),PA,PHILADELPHIA,PHILADELPHIA,191045957,03,VIAKORP CORPORATION,,J059,MAINT/REPAIR/REBUILD OF EQUIPMENT- ELECTRICAL AND ELECTRONIC EQUIPMENT COMPONENTS,811310,COMMERCIAL AND INDUSTRIAL MACHINERY AND EQUIPMENT (EXCEPT AUTOMOTIVE AND ELECTRONIC) REPAIR AND MAINTENANCE,AUTOMATIC DOOR REPAIR,,PURCHASE ORDER
36C26025N0346,P00001,2026-03-30,2025-06-06,2026-02-05,-90870.00,44130.00,44130.00,260-NETWORK CONTRACT OFFICE 20 (36C260),668-SPOKANE (00668),WA,SPOKANE,SPOKANE,992050001,05,"INTEGRATED SOLUTIONS AND SERVICES UNLIMITED, INC.",,R607,SUPPORT- ADMINISTRATIVE: WORD PROCESSING/TYPING,518210,"COMPUTING INFRASTRUCTURE PROVIDERS, DATA PROCESSING, WEB HOSTING, AND RELATED SERVICES",SCANNIG INDEXING SERVICES FROM SAC BPA 36C10G23A0003 FOR SPOKANE VAMC - TERMINATION FOR CONVENIENCE. THE BPA TERMS DID NOT INCLUDE CERNER REQUIREMENTS.,,BPA CALL
36C25026F0321,P00001,2026-03-31,2026-03-01,2026-03-23,-276000.00,0.00,0.00,250-NETWORK CONTRACT OFFICE 10 (36C250),583-INDIANAPOLIS(00583),GA,ATLANTA,COBB,303394914,06,"ITAMAR MEDICAL, INC.",,Q510,MEDICAL- NEUROLOGY,334510,ELECTROMEDICAL AND ELECTROTHERAPEUTIC APPARATUS MANUFACTURING,SLEEP STUDIES,,DELIVERY ORDER
36C10B24F0376,P00007,2026-04-01,2024-09-25,2026-02-13,-1812780.05,4214704.39,4214704.39,TECHNOLOGY ACQUISITION CENTER NJ (36C10B),ACQUISITION BUSINESS SERVICE (36C10C),VA,LEESBURG,LOUDOUN,201753730,10,"BDR SOLUTIONS, LLC",,R499,SUPPORT- PROFESSIONAL: OTHER,541519,OTHER COMPUTER RELATED SERVICES,TERMINATION SETTLEMENT AGREEMENT AND DEOBLIGATION,EO: RADICAL TRANSPARENCY ABOUT WASTEFUL SPENDING,DELIVERY ORDER
36C24825F0023,P00002,2026-04-01,2024-10-01,2027-09-30,-81257.15,0.00,162514.30,248-NETWORK CONTRACT OFFICE 8 (36C248),VETERANS HEALTH ADMINISTRATION,FL,BAY PINES,PINELLAS,337440151,13,EXACT SCIENCES CORPORATION,,Q301,REFERENCE LABORATORY TESTING,621511,MEDICAL LABORATORIES,SPECIALIZED ONCOTYPE GENOMIC-BASED TESTING,,DELIVERY ORDER
36C26326C0023,P00001,2026-04-02,2026-04-01,2027-03-31,-26078.92,0.00,0.00,NETWORK CONTRACT OFFICE 23 (36C263),438-SIOUX FALLS VA MED CTR (00438),TX,CORPUS CHRISTI,NUECES,784185404,27,"HEIDELBERG RESOURCES, LLC",,H342,INSPECTION- FIRE FIGHTING/RESCUE/SAFETY EQUIPMENT; ENVIRON PROTECT EQUIPMENT/MATLS,541350,BUILDING INSPECTION SERVICES,CONDITIONS & SAFETY ASSESSMENT,,DEFINITIVE CONTRACT
36C25726C0015,P00001,2026-04-03,2026-03-01,2026-04-03,-1388820.00,0.00,0.00,257-NETWORK CONTRACT OFFICE 17 (36C257),671-SAN ANTONIO (00671),TX,SAN ANTONIO,BEXAR,782294404,20,"DALYWORKS, LLC",,R602,SUPPORT- ADMINISTRATIVE: COURIER/MESSENGER,492110,COURIERS AND EXPRESS DELIVERY SERVICES,MEDICAL COURIER SERVICES,,DEFINITIVE CONTRACT
36C24626P0162,P00002,2026-04-06,2025-12-01,2026-11-30,-255600.00,0.00,0.00,246-NETWORK CONTRACTING OFFICE 6 (36C246),658-SALEM (00658)(36C658),VA,SALEM,SALEM,241531449,09,MAGELLAN SOLUTIONS USA INC.,,R699,SUPPORT- ADMINISTRATIVE: OTHER,561421,TELEPHONE ANSWERING SERVICES,TERMINATION FOR GOVERNMENT'S CONVENIENCE. CORRECTIVE ACTION FOR POST-AWARD PROTEST. SALEM ON-SITE TELEPHONE SWITCHBOARD OPERATORS.,,PURCHASE ORDER
36C25522C0074,P00006,2026-04-06,2022-09-01,2026-01-14,-44413.00,193197.00,193197.00,255-NETWORK CONTRACT OFFICE 15 (36C255),589 KAN WESTERN ORBIT,MO,COLUMBIA,BOONE,652015275,03,BRUKER BIOSPIN CORPORATION,,J065,"MAINT/REPAIR/REBUILD OF EQUIPMENT- MEDICAL, DENTAL, AND VETERINARY EQUIPMENT AND SUPPLIES",561990,ALL OTHER SUPPORT SERVICES,BIOSPIN LABSCAPE MAINTENANCE - TERMINATE FOR CONVENIENCE,,DEFINITIVE CONTRACT
36C26225N0783,P00002,2026-04-06,2025-06-25,2026-03-20,-194436.10,13688.90,625688.90,262-NETWORK CONTRACT OFFICE 22 (36C262),691-VA GREATER LA HLTHCR SYS(00691),CA,LOS ANGELES,LOS ANGELES,900731003,32,LE3 LLC,,J065,"MAINT/REPAIR/REBUILD OF EQUIPMENT- MEDICAL, DENTAL, AND VETERINARY EQUIPMENT AND SUPPLIES",811210,ELECTRONIC AND PRECISION EQUIPMENT REPAIR AND MAINTENANCE,WSNC BPA - BED AND SURFACES PMI-TERMINATION FOR CONVENIENCE,,BPA CALL
36C24426P0019,P00001,2026-04-07,2026-01-07,2026-12-28,-409536.83,0.00,0.00,244-NETWORK CONTRACT OFFICE 4 (36C244),460-WILMINGTON (00460)(36C460),DE,WILMINGTON,NEW CASTLE,198054917,00,RF TECHNOLOGIES INC,,7A21,IT AND TELECOM - BUSINESS APPLICATION SOFTWARE (PERPETUAL LICENSE SOFTWARE),334290,OTHER COMMUNICATIONS EQUIPMENT MANUFACTURING,PATIENT ELOPEMENT SYSTEM,,PURCHASE ORDER
36C25526D0022,P00002,2026-04-07,2025-12-01,,0.00,0.00,8572543.35,255-NETWORK CONTRACT OFFICE 15 (36C255),657 STL EASTERN ORBIT,,,,,,"MEDICONE MEDICAL RESPONSE OF TENNESSEE, INC",,V225,TRANSPORTATION/TRAVEL/RELOCATION- TRAVEL/LODGING/RECRUITMENT: AMBULANCE,621910,AMBULANCE SERVICES,GROUND AMBULANCE - MARION VAMC,,IDC
36C24125N1313,P00001,2026-04-08,2025-08-29,2026-04-01,-20757.68,63228.42,63228.42,241-NETWORK CONTRACT OFFICE 01 (36C241),689-WEST HAVEN (00689)(36C689),CT,WEST HAVEN,NEW HAVEN,065162770,03,DISABLED VETERANS CONSTRUCTION INC,,J045,"MAINT/REPAIR/REBUILD OF EQUIPMENT- PLUMBING, HEATING, AND WASTE DISPOSAL EQUIPMENT",238220,"PLUMBING, HEATING, AND AIR-CONDITIONING CONTRACTORS",PLUMBING BPA,,BPA CALL
36C24626P0550,P00001,2026-04-09,2026-03-31,2026-04-09,-172534.32,0.00,0.00,246-NETWORK CONTRACTING OFFICE 6 (36C246),HAMPTON 590 (36C590),PA,PITTSBURGH,ALLEGHENY,152012901,12,EVOQUA WATER TECHNOLOGIES LLC,,6515,"MEDICAL AND SURGICAL INSTRUMENTS, EQUIPMENT, AND SUPPLIES",333310,COMMERCIAL AND SERVICE INDUSTRY MACHINERY MANUFACTURING,DIALYSIS WATER SYSTEM,,PURCHASE ORDER
36C24926F0099,P00001,2026-04-09,2026-03-01,2026-04-09,-857587.50,0.00,0.00,249-NETWORK CONTRACT OFFICE 9 (36C249),626-NASHVILLE (00626),TN,NASHVILLE,DAVIDSON,372125409,07,"VETERAN FIRST TECHNOLOGIES, LLC",,J045,"MAINT/REPAIR/REBUILD OF EQUIPMENT- PLUMBING, HEATING, AND WASTE DISPOSAL EQUIPMENT",561320,TEMPORARY HELP SERVICES,TERMINATED BASED ON NOT BEING ABLE TO PROVIDE ACO AND BPO OPERATORS,,DELIVERY ORDER
36C25726P0320,P00001,2026-04-09,2026-04-01,2026-04-01,0.00,22834.70,121232.80,257-NETWORK CONTRACT OFFICE 17 (36C257),756-EL PASO (00756),TX,EL PASO,EL PASO,799302242,16,AMERICAN LINEN SUPPLY OF NEW MEXICO INC,,S209,HOUSEKEEPING- LAUNDRY/DRYCLEANING,812320,DRYCLEANING AND LAUNDRY SERVICES (EXCEPT COIN-OPERATED),"EO 14398 - TERMINATE FOR THE GOVERNMENT'S CONVENIENCE
EMS LAUNDRY SERVICES",,PURCHASE ORDER
36C24526C0012,P00002,2026-04-13,2025-11-01,2026-03-18,-4074714.25,497353.55,497353.55,245-NETWORK CONTRACT OFFICE 5 (36C245),688-WASHINGTON DC (00688)(36C688),DC,WASHINGTON,DISTRICT OF COLUMBIA,204220002,98,STONY BIZ LLC,,V212,TRANSPORTATION/TRAVEL/RELOCATION- TRAVEL/LODGING/RECRUITMENT: MOTOR PASSENGER,485991,SPECIAL NEEDS TRANSPORTATION,TERMINATION FOR CONVENIENCE - DC WHEELCHAIR VAN TRANSPORTATION SERVICES,,DEFINITIVE CONTRACT
36C24825N0702,P00003,2026-04-13,2025-05-05,2026-03-31,-87680.00,0.00,0.00,248-NETWORK CONTRACT OFFICE 8 (36C248),VETERANS HEALTH ADMINISTRATION,TN,MURFREESBORO,RUTHERFORD,371290505,04,"1ST AMERICAN MEDICAL DISTRIBUTORS, INC.",,6515,"MEDICAL AND SURGICAL INSTRUMENTS, EQUIPMENT, AND SUPPLIES",339113,SURGICAL APPLIANCE AND SUPPLIES MANUFACTURING,SURGICAL C-ARM TABLE AND ACCESSORIES-TERMINATION FOR CONVENIENCE,,DELIVERY ORDER
36C26026P0266,P00001,2026-04-13,2026-03-01,2026-04-13,-82620.00,0.00,0.00,260-NETWORK CONTRACT OFFICE 20 (36C260),668-SPOKANE (00668),WA,SPOKANE,SPOKANE,992056185,05,"GENERAL SERVICE CONTRACTING, LLC",,J039,MAINT/REPAIR/REBUILD OF EQUIPMENT- MATERIALS HANDLING EQUIPMENT,561210,FACILITIES SUPPORT SERVICES,TERMINATION FOR CONVENIENCE OF ELEVATOR MAINTENANCE SERVICES FOR THE SPOKANE VAMC,,PURCHASE ORDER
VA24717C0133,P00008,2026-04-13,2017-06-22,2026-04-09,-315311.21,581202.96,581202.96,PCAC (36C776),544-COLUMBIA (00544)(36C544),SC,COLUMBIA,RICHLAND,292092450,02,CHARLOTTE ENGINEERS LLP,,C1DA,ARCHITECT AND ENGINEERING- CONSTRUCTION: HOSPITALS AND INFIRMARIES,541310,ARCHITECTURAL SERVICES,"EO14042 - VA247-17-R-0136, PROJECT NO. 544-329, A/E DESIGN EYE CLINIC CENTER. CONTRACT NUMBER  VA247-17-C-0133, AND THE OBLIGATION # IS 544-Z70000.",,DEFINITIVE CONTRACT
36C25021F0262,P00001,2026-04-14,2020-12-30,2026-03-31,-44866.05,12588.95,12588.95,250-NETWORK CONTRACT OFFICE 10 (36C250),506-ANN ARBOR (00506),MI,ANN ARBOR,WASHTENAW,481059204,06,"DAV ENERGY SOLUTIONS, INC.",,C1DA,ARCHITECT AND ENGINEERING- CONSTRUCTION: HOSPITALS AND INFIRMARIES,541350,BUILDING INSPECTION SERVICES,PROJECT 506-333CX - COMMISSIONING SERVICES,,DELIVERY ORDER
36C25526D0033,P00001,2026-04-14,2026-05-01,,0.00,105000.00,580194.00,255-NETWORK CONTRACT OFFICE 15 (36C255),255-NETWORK CONTRACT OFFICE 15 (36C255),,,,,,"HOME CARE EQUIPMENT, INC.",,Q403,MEDICAL- EVALUATION/SCREENING,621999,ALL OTHER MISCELLANEOUS AMBULATORY HEALTH CARE SERVICES,HOME SLEEP APNEA TESTING,,IDC
36C25625F0371,P00001,2026-04-14,2025-09-23,2025-11-24,-204250.00,18750.00,18750.00,256-NETWORK CONTRACT OFFICE 16 (36C256),667-SHREVEPORT (00667),LA,SHREVEPORT,CADDO,711014243,06,SKIES THE LIMIT ACADEMY LLC,,G099,SOCIAL- OTHER,624410,CHILD CARE SERVICES,VA KIDS CARE SERVICES OVERTON BROOKS VA MEDICAL CENTER,,DELIVERY ORDER
36C24726P0372,P00001,2026-04-15,2026-05-01,2026-04-15,-1090770.00,0.00,0.00,247-NETWORK CONTRACT OFFICE 7 (36C247),508-ATLANTA (00508)(36C508),GA,DECATUR,DEKALB,300334004,05,VETERANS SERVICE SOLUTIONS LLC,,S203,HOUSEKEEPING- FOOD,722310,FOOD SERVICE CONTRACTORS,FOOD CATERING SERVICE ATLANTA VA HEALTHCARE SYSTEM FORT MCPHERSON DOMICILIARY,,PURCHASE ORDER
36C24926P0171,P00001,2026-04-15,2026-02-01,2026-08-31,-47481.00,0.00,0.00,249-NETWORK CONTRACT OFFICE 9 (36C249),596-LEXINGTON(00596),KY,LEXINGTON,FAYETTE,405119298,06,UNIVERSITY OF KENTUCKY,,X1PZ,LEASE/RENTAL OF OTHER NON-BUILDING FACILITIES,812930,PARKING LOTS AND GARAGES,PARKING SPACE RENTAL TERMINATE FOR CONVENIENCE,,PURCHASE ORDER
36C25523P0648,P00001,2026-04-16,2023-08-24,2024-02-20,-24286.89,0.00,0.00,255-NETWORK CONTRACT OFFICE 15 (36C255),657 STL EASTERN ORBIT,IN,NEWBURGH,WARRICK,476309351,08,SOUTH WESTERN COMMUNICATIONS INC,,6145,"WIRE AND CABLE, ELECTRICAL",334290,OTHER COMMUNICATIONS EQUIPMENT MANUFACTURING,R5 INTEGRATION TO VOCERA - TERMINATE CONTRACT,,PURCHASE ORDER
36C24220C0185,P00004,2026-04-17,2020-09-15,2026-02-03,-32824.98,365777.03,365777.03,242-NETWORK CONTRACT OFFICE 02 (36C242),UNITED STATES DEPARTMENT OF VETERANS AFFAIRS,PA,HONESDALE,WAYNE,184312302,08,"NORTHEAST INFRASTRUCTURE, LLC",,C1DZ,ARCHITECT AND ENGINEERING- CONSTRUCTION: OTHER HOSPITAL BUILDINGS,541330,ENGINEERING SERVICES,EO14042 BLDG SECURITY AT THE VA LYONS CAMPUS,,DEFINITIVE CONTRACT
36C24622C0100,P00002,2026-04-19,2023-05-15,2026-04-24,-920315.46,166684.54,166684.54,246-NETWORK CONTRACTING OFFICE 6 (36C246),637-ASHEVILLE (00637)(36C637),NC,ASHEVILLE,BUNCOMBE,288050422,11,"MONUMENT CONSTRUCTION SERVICES, LLC",,Z1DA,MAINTENANCE OF HOSPITALS AND INFIRMARIES,236220,COMMERCIAL AND INSTITUTIONAL BUILDING CONSTRUCTION,RENOVATE AND MODERNIZING IMAGING SUITE TERMINATION FOR CONVENIENCE.,,DEFINITIVE CONTRACT
36C24626P0135,P00001,2026-04-20,2025-11-06,2026-03-31,-40927.80,0.00,0.00,246-NETWORK CONTRACTING OFFICE 6 (36C246),HAMPTON 590 (36C590),VA,ALEXANDRIA,FAIRFAX,223121158,08,FEDERON PROCUREMENT SOLUTIONS,,9905,"SIGNS, ADVERTISING DISPLAYS, AND IDENTIFICATION PLATES",339950,SIGN MANUFACTURING,PEDESTRIAN CROSSING SIGNAGE W/INSTALLATION,,PURCHASE ORDER
36C25023P0660,P00001,2026-04-20,2023-02-20,2024-11-01,-7312.00,14304.00,14304.00,250-NETWORK CONTRACT OFFICE 10 (36C250),552-DAYTON (00552),OH,DAYTON,MONTGOMERY,454289000,10,DEBRA-KUEMPEL INC.,,J041,"MAINT/REPAIR/REBUILD OF EQUIPMENT- REFRIGERATION, AIR CONDITIONING, AND AIR CIRCULATING EQUIPMENT",236220,COMMERCIAL AND INSTITUTIONAL BUILDING CONSTRUCTION,TERMINATION FOR CONVENIENCE TO DESCOPE REMAINING BALANCE.,,PURCHASE ORDER
36C24724C0096,P00002,2026-04-21,2024-09-30,2025-06-27,-206421.75,192666.97,192666.97,247-NETWORK CONTRACT OFFICE 7 (36C247),509-AUGUSTA(00509),GA,AUGUSTA,RICHMOND,309045752,12,"ATRIAX, P.L.L.C.",,C1DA,ARCHITECT AND ENGINEERING- CONSTRUCTION: HOSPITALS AND INFIRMARIES,541310,ARCHITECTURAL SERVICES,"PROVIDE PROFESSIONAL ARCHITECT/ENGINEER (A/E) AND HEALTHCARE PLANNING SERVICES NECESSARY TO REPLACE AND UPGRADE THE EXISTING OUTDATED ELECTRICAL VAULT FOUR (EV4) AND ITS ASSOCIATED ORIGINAL/OUTDATED PANELS, DISCONNECTS, AND TRANSFORMERS.",,DEFINITIVE CONTRACT
36C25221N0257,P00002,2026-04-21,2021-03-02,2026-02-25,-160276.04,186848.31,186848.31,252-NETWORK CONTRACT OFFICE 12 (36C252),252-NETWORK CONTRACT OFFICE 12 (36C252),IL,CHICAGO,COOK,606121374,07,TOLAND MIZELL MOLNAR LLC,,C1DA,ARCHITECT AND ENGINEERING- CONSTRUCTION: HOSPITALS AND INFIRMARIES,541310,ARCHITECTURAL SERVICES,PARTIAL TERMINATION FOR CONVENIENCE.,,DELIVERY ORDER
36C77625C0070,P00001,2026-04-21,2025-09-23,2025-12-15,-20492772.82,81677.18,81677.18,PCAC (36C776),438-SIOUX FALLS VA MED CTR (00438),SD,SIOUX FALLS,MINNEHAHA,571055046,00,KOAH-HAUGAN JOINT VENTURE LLC,,Y1DA,CONSTRUCTION OF HOSPITALS AND INFIRMARIES,236220,COMMERCIAL AND INSTITUTIONAL BUILDING CONSTRUCTION,"CONSTRUCTION PROJECT #438-460 STERILE PROCESSING SERVICES - ROYAL C. JOHNSON VAMC SIOUX FALLS, SD",,DEFINITIVE CONTRACT
36C24224P1296,P00003,2026-04-22,2024-06-05,2026-04-22,0.00,10925.60,18957.60,242-NETWORK CONTRACT OFFICE 02 (36C242),242-NETWORK CONTRACT OFFICE 02 (36C242),NY,CANANDAIGUA,ONTARIO,144241159,24,"BARCLAY WATER MANAGEMENT, INC.",,J041,"MAINT/REPAIR/REBUILD OF EQUIPMENT- REFRIGERATION, AIR CONDITIONING, AND AIR CIRCULATING EQUIPMENT",811310,COMMERCIAL AND INDUSTRIAL MACHINERY AND EQUIPMENT (EXCEPT AUTOMOTIVE AND ELECTRONIC) REPAIR AND MAINTENANCE,CHILLER WATER TESTING AT THE CANANDAIGUA VAMC.,,PURCHASE ORDER
36C24723C0140,P00004,2026-04-22,2023-08-28,2024-08-05,-370863.00,224636.00,224636.00,247-NETWORK CONTRACT OFFICE 7 (36C247),247-NETWORK CONTRACT OFFICE 7 (36C247),GA,AUGUSTA,RICHMOND,309046258,12,"MILLER-REMICK, LLC",,C1DA,ARCHITECT AND ENGINEERING- CONSTRUCTION: HOSPITALS AND INFIRMARIES,541330,ENGINEERING SERVICES,PROJECT 509-CSI-509 AE VIR SUITE RENO P00004 T4C,,DEFINITIVE CONTRACT
36C26226P0481,P00001,2026-04-22,2026-02-20,2026-05-20,-12000.00,0.00,0.00,262-NETWORK CONTRACT OFFICE 22 (36C262),262-NETWORK CONTRACT OFFICE 22 (36C262),CA,LOS ANGELES,LOS ANGELES,900731075,32,MCCRAY GROUP VENTURES LLC,,J041,"MAINT/REPAIR/REBUILD OF EQUIPMENT- REFRIGERATION, AIR CONDITIONING, AND AIR CIRCULATING EQUIPMENT",238220,"PLUMBING, HEATING, AND AIR-CONDITIONING CONTRACTORS",CHILL WATER PUMP AND MOTOR REPLACEMENT,,PURCHASE ORDER
36C24824C0019,P00003,2026-04-23,2023-12-08,2025-06-05,-34189.94,96683.12,96683.89,248-NETWORK CONTRACT OFFICE 8 (36C248),546-MIAMI (00546)(36C546),FL,MIAMI,MIAMI-DADE,331251004,27,"RGD CONSULTING ENGINEERS ORLANDO, LLC",,C1DA,ARCHITECT AND ENGINEERING- CONSTRUCTION: HOSPITALS AND INFIRMARIES,541330,ENGINEERING SERVICES,"A/E 516-22-601 P00003 IS TERMINATING FOR CONVENIENCE DUE TO CONTRACTOR INSUFFICIENT PROGRESS AND REPEATED ERRORS, WHICH POSE A RISK TO THE FEDERAL GOVERNMENT.",,DEFINITIVE CONTRACT
36C24826N0268,P00001,2026-04-27,2026-01-05,2026-04-04,-393365.83,0.00,0.00,248-NETWORK CONTRACT OFFICE 8 (36C248),248-NETWORK CONTRACT OFFICE 8 (36C248),PA,PHILADELPHIA,PHILADELPHIA,191121905,05,IOVANCE BIOTHERAPEUTICS MANUFACTURING LLC,,6505,DRUGS AND BIOLOGICALS,325412,PHARMACEUTICAL PREPARATION MANUFACTURING,AMTAGVI - TERMINATION FOR CONVENIENCE,,DELIVERY ORDER
36C25724P0012,P00007,2026-04-27,2023-11-01,2028-10-31,0.00,247622.90,400918.67,671-SAN ANTONIO (00671),740-HARLINGEN (00740),TX,HARLINGEN,CAMERON,785508942,34,"COVENTINA WATER, LLC",,J046,MAINT/REPAIR/REBUILD OF EQUIPMENT- WATER PURIFICATION AND SEWAGE TREATMENT EQUIPMENT,221310,WATER SUPPLY AND IRRIGATION SYSTEMS,TERMINATION FOR CONVENIENCE,,PURCHASE ORDER
36C26126N0080,P00001,2026-04-27,2025-10-01,2026-01-15,-30960.00,30960.00,30960.00,261-NETWORK CONTRACT OFFICE 21 (36C261),261-NETWORK CONTRACT OFFICE 21 (36C261),OH,GROVE CITY,FRANKLIN,431231895,15,TOSOH BIOSCIENCE INC,,6640,LABORATORY EQUIPMENT AND SUPPLIES,334516,ANALYTICAL LABORATORY INSTRUMENT MANUFACTURING,GLYCOHEMOGLOBIN A1C ANALYZER,,DELIVERY ORDER
36C24526D0028,P00001,2026-04-28,2026-02-01,,0.00,0.00,275000.00,245-NETWORK CONTRACT OFFICE 5 (36C245),581 HUNTINGTON (00581)(36C581),,,,,,EMINENT EMERGENCE LLC,,S209,HOUSEKEEPING- LAUNDRY/DRYCLEANING,812320,DRYCLEANING AND LAUNDRY SERVICES (EXCEPT COIN-OPERATED),TERMINATION - LAUNDRY CONTINGENCY - HUNTINGTON VA MEDICAL CENTER,,IDC
36C24526N0250,P00001,2026-04-28,2026-02-01,2026-04-02,-49000.00,0.00,0.00,245-NETWORK CONTRACT OFFICE 5 (36C245),581 HUNTINGTON (00581)(36C581),WV,HUNTINGTON,CABELL,257012140,01,EMINENT EMERGENCE LLC,,S209,HOUSEKEEPING- LAUNDRY/DRYCLEANING,812320,DRYCLEANING AND LAUNDRY SERVICES (EXCEPT COIN-OPERATED),TERMINATION - LAUNDRY CONTINGENCY - HUNTINGTON VAMC,,DELIVERY ORDER
36C24826N0001,P00001,2026-04-28,2025-10-01,2026-04-28,-52112.69,52338.60,52338.60,248-NETWORK CONTRACT OFFICE 8 (36C248),VETERANS HEALTH ADMINISTRATION,CA,UPLAND,SAN BERNARDINO,917863695,35,"FRANKLIN YOUNG INTERNATIONAL, INCORPORATED",,6550,"IN VITRO DIAGNOSTIC SUBSTANCES, REAGENTS, TEST KITS AND SETS",334516,ANALYTICAL LABORATORY INSTRUMENT MANUFACTURING,BECKMAN COULTER- AQUIOS CL FLOW CYTOMETER REAGENTS BPA ORDER,,BPA CALL
36C25726P0057,P00002,2026-04-28,2025-11-20,2026-04-28,-318065.32,18440.00,18440.00,257-NETWORK CONTRACT OFFICE 17 (36C257),549-DALLAS (00549),TX,BONHAM,FANNIN,754184059,04,HEALING HANDS HEALING HEARTS L.L.C.,,J041,"MAINT/REPAIR/REBUILD OF EQUIPMENT- REFRIGERATION, AIR CONDITIONING, AND AIR CIRCULATING EQUIPMENT",238220,"PLUMBING, HEATING, AND AIR-CONDITIONING CONTRACTORS",HVAC MAINTENANCE CONTRACT AT GARLAND AND BONHAM VAMC. TERMINATION FOR GOVERNMENT CONVENIENCE - NO FAULT OF CONTRACTOR.,,PURCHASE ORDER
36C24426N0211,P00001,2026-04-29,2025-12-06,2026-04-22,-152857.10,3617.90,3617.90,244-NETWORK CONTRACT OFFICE 4 (36C244),VETERANS HEALTH ADMINISTRATION,PA,LEBANON,LEBANON,170429407,09,LOVELL GOVERNMENT SERVICES INC.,,Q502,CARDIOLOGY,334510,ELECTROMEDICAL AND ELECTROTHERAPEUTIC APPARATUS MANUFACTURING,MOBILE CARDIAC MONITORING SERVICES. TERMINATION FOR CONVENIENCE - DE-OBLIGATE EXCESS FUNDS.,,DELIVERY ORDER
36C24226P0462,P00001,2026-04-30,2026-03-23,2026-04-30,0.00,213788.00,213788.00,242-NETWORK CONTRACT OFFICE 02 (36C242),242-NETWORK CONTRACT OFFICE 02 (36C242),NY,NEW YORK,NEW YORK,100100001,12,EJS MECHANICAL SOLUTIONS LLC,,Y1DA,CONSTRUCTION OF HOSPITALS AND INFIRMARIES,236220,COMMERCIAL AND INSTITUTIONAL BUILDING CONSTRUCTION,REPLACE GENERATOR PUMPS _ STORAGE TANK,,PURCHASE ORDER
