piid,agency,vendor,value,description_doge,fpds_status,fpds_link,deleted_date,savings,award_agency,award_procurement_id,award_modification_num,ref_idv_agency,ref_idv_procurement_id,ref_idv_modification_num,date_signed,date_effective,date_complete,date_ult_complete_est,date_solicitation,amount_obligated,amount_obligated_total,amount_base_exercised_options,amount_base_exercised_options_total,amount_ultimate,amount_ultimate_total,entity_id,entity_name,entity_dba,cage_code,entity_street,entity_street_2,entity_city,entity_state,entity_zip,entity_county,entity_county_disp,entity_phone,entity_fax,entity_congressional_district,product_service_code,product_service_desc,principal_naics_code,principal_naics_desc,performance_state,performance_location,performance_country,performance_county,performance_city,performance_congressional_district,performance_zip,performance_zip_ext,requirement_desc,dt_scrape
36C77623N0888,Department of Veterans Affairs,"J P SYSTEMS, INC.",33753802.0,OTHER SCIENTIFIC AND TECHNICAL CONSULTING SERVICES TERMINOLOGY STANDARDS SUPPORT SERVICES,TERMINATED,https://www.fpds.gov/ezsearch/jsp/viewLinkController.jsp?agencyID=3600&PIID=36C77623N0888&modNumber=P00003&idvAgencyID=&idvPIID=36C77621D0020&contractType=AWARD,3/28/2025,17289930.0,3600,36C77623N0888,P00003,3600,36C77621D0020,0,03/05/2025,09/20/2023,03/05/2025,03/05/2025,07/06/2023,0.0,16463872.2,0.0,16463872.2,0.0,33753801.84,PX35YDEXGEJ5,"J P SYSTEMS, INC.",,3YHH1,7419 KINCHELOE RD,,CLIFTON,VA,201241831,USA,UNITED STATES,(703) 864-9247,(888) 789-8990,VIRGINIA 10,R499,SUPPORT- PROFESSIONAL: OTHER,541690.0,OTHER SCIENTIFIC AND TECHNICAL CONSULTING SERVICES,VA,,USA,FAIRFAX,CLIFTON,,20124,1831.0,,2025-04-04-0017
36C26024N0432,Department of Veterans Affairs,"STAFFORD CONSULTING COMPANY, INC.",431345.0,ADMINISTRATIVE MANAGEMENT AND GENERAL MANAGEMENT CONSULTING SERVICES,TERMINATED,https://www.fpds.gov/ezsearch/jsp/viewLinkController.jsp?agencyID=3600&PIID=36C26024N0432&modNumber=P00001&idvAgencyID=&idvPIID=36C26019A0031&contractType=AWARD,3/27/2025,0.0,3600,36C26024N0432,P00001,3600,36C26019A0031,P00010,03/26/2025,09/15/2024,02/25/2025,02/25/2025,08/27/2024,-634101.82,431344.58,-634101.82,431344.58,-634101.82,431344.58,GMQFM999K2E5,"STAFFORD CONSULTING COMPANY, INC.",,6JNW1,1765 GREENSBORO STATION PL,STE 900,MC LEAN,VA,221023470,USA,UNITED STATES,(301) 502-8967,(256) 325-0418,VIRGINIA 11,R707,SUPPORT- MANAGEMENT: CONTRACT/PROCUREMENT/ACQUISITION SUPPORT,541611.0,ADMINISTRATIVE MANAGEMENT AND GENERAL MANAGEMENT CONSULTING SERVICES,WA,,USA,CLARK,VANCOUVER,,98661,5160.0,,2025-04-04-0017
36C10X23N0128,Department of Veterans Affairs,"INFORMATION SCIENCES CONSULTING, INCORPORATED",7440274.0,MEDICAL SUPPLY LABORATORY TECHNICIANS,TERMINATED,https://www.fpds.gov/ezsearch/jsp/viewLinkController.jsp?agencyID=3600&PIID=36C10X23N0128&modNumber=P00005&idvAgencyID=&idvPIID=36C10X18D0011&contractType=AWARD,3/27/2025,2539370.0,3600,36C10X23N0128,P00005,3600,36C10X18D0011,0,03/18/2025,08/30/2023,03/18/2025,03/18/2025,07/18/2023,0.0,4900904.13,0.0,4900904.13,0.0,7440273.89,DMNJHUPKNTA1,"INFORMATION SCIENCES CONSULTING, INCORPORATED",ISCI,1TGA9,10432 BALLS FORD RD STE 300,,MANASSAS,VA,201092517,USA,UNITED STATES,(703) 581-7253,(571) 461-1979,VIRGINIA 10,R499,SUPPORT- PROFESSIONAL: OTHER,541611.0,ADMINISTRATIVE MANAGEMENT AND GENERAL MANAGEMENT CONSULTING SERVICES,MO,,USA,BOONE,COLUMBIA,,65201,5297.0,,2025-04-04-0017
36C26024N0402,Department of Veterans Affairs,"STAFFORD CONSULTING COMPANY, INC.",63723.0,ADMINISTRATIVE MANAGEMENT AND GENERAL MANAGEMENT CONSULTING SERVICES,TERMINATED,https://www.fpds.gov/ezsearch/jsp/viewLinkController.jsp?agencyID=3600&PIID=36C26024N0402&modNumber=P00002&idvAgencyID=&idvPIID=36C26019A0031&contractType=AWARD,3/27/2025,0.0,3600,36C26024N0402,P00002,3600,36C26019A0031,P00010,03/26/2025,09/23/2024,02/25/2025,02/25/2025,08/14/2024,-171611.56,63722.84,-171611.56,63722.84,-171611.56,63722.84,GMQFM999K2E5,"STAFFORD CONSULTING COMPANY, INC.",,6JNW1,1765 GREENSBORO STATION PL,STE 900,MC LEAN,VA,221023470,USA,UNITED STATES,(301) 502-8967,(256) 325-0418,VIRGINIA 11,R707,SUPPORT- MANAGEMENT: CONTRACT/PROCUREMENT/ACQUISITION SUPPORT,541611.0,ADMINISTRATIVE MANAGEMENT AND GENERAL MANAGEMENT CONSULTING SERVICES,WA,,USA,CLARK,VANCOUVER,,98661,5160.0,,2025-04-04-0017
36C26024N0416,Department of Veterans Affairs,"STAFFORD CONSULTING COMPANY, INC.",324394.0,ADMINISTRATIVE MANAGEMENT AND GENERAL MANAGEMENT CONSULTING SERVICES,TERMINATED,https://www.fpds.gov/ezsearch/jsp/viewLinkController.jsp?agencyID=3600&PIID=36C26024N0416&modNumber=P00002&idvAgencyID=&idvPIID=36C26019A0031&contractType=AWARD,3/27/2025,0.0,3600,36C26024N0416,P00002,3600,36C26019A0031,P00010,03/26/2025,09/29/2024,02/25/2025,02/25/2025,08/19/2024,-435362.91,324393.89,-435362.91,324393.89,-435362.91,324393.89,GMQFM999K2E5,"STAFFORD CONSULTING COMPANY, INC.",,6JNW1,1765 GREENSBORO STATION PL,STE 900,MC LEAN,VA,221023470,USA,UNITED STATES,(301) 502-8967,(256) 325-0418,VIRGINIA 11,R707,SUPPORT- MANAGEMENT: CONTRACT/PROCUREMENT/ACQUISITION SUPPORT,541611.0,ADMINISTRATIVE MANAGEMENT AND GENERAL MANAGEMENT CONSULTING SERVICES,WA,,USA,CLARK,VANCOUVER,,98661,5160.0,,2025-04-04-0017
36C26024N0458,Department of Veterans Affairs,"STAFFORD CONSULTING COMPANY, INC.",22443.0,ADMINISTRATIVE MANAGEMENT AND GENERAL MANAGEMENT CONSULTING SERVICES,TERMINATED,https://www.fpds.gov/ezsearch/jsp/viewLinkController.jsp?agencyID=3600&PIID=36C26024N0458&modNumber=P00002&idvAgencyID=&idvPIID=36C26019A0031&contractType=AWARD,3/27/2025,0.0,3600,36C26024N0458,P00002,3600,36C26019A0031,P00010,03/26/2025,09/28/2024,02/25/2025,02/25/2025,09/16/2024,-552932.04,22443.11,-552932.04,22443.11,-552932.04,22443.11,GMQFM999K2E5,"STAFFORD CONSULTING COMPANY, INC.",,6JNW1,1765 GREENSBORO STATION PL,STE 900,MC LEAN,VA,221023470,USA,UNITED STATES,(301) 502-8967,(256) 325-0418,VIRGINIA 11,R707,SUPPORT- MANAGEMENT: CONTRACT/PROCUREMENT/ACQUISITION SUPPORT,541611.0,ADMINISTRATIVE MANAGEMENT AND GENERAL MANAGEMENT CONSULTING SERVICES,WA,,USA,CLARK,VANCOUVER,,98661,5160.0,,2025-04-04-0017
36C26024N0414,Department of Veterans Affairs,"STAFFORD CONSULTING COMPANY, INC.",537058.0,ADMINISTRATIVE MANAGEMENT AND GENERAL MANAGEMENT CONSULTING SERVICES,TERMINATED,https://www.fpds.gov/ezsearch/jsp/viewLinkController.jsp?agencyID=3600&PIID=36C26024N0414&modNumber=P00001&idvAgencyID=&idvPIID=36C26019A0031&contractType=AWARD,3/27/2025,0.0,3600,36C26024N0414,P00001,3600,36C26019A0031,P00010,03/26/2025,09/28/2024,02/25/2025,02/25/2025,08/19/2024,-879220.61,537057.79,-879220.61,537057.79,-879220.61,537057.79,GMQFM999K2E5,"STAFFORD CONSULTING COMPANY, INC.",,6JNW1,1765 GREENSBORO STATION PL,STE 900,MC LEAN,VA,221023470,USA,UNITED STATES,(301) 502-8967,(256) 325-0418,VIRGINIA 11,R707,SUPPORT- MANAGEMENT: CONTRACT/PROCUREMENT/ACQUISITION SUPPORT,541611.0,ADMINISTRATIVE MANAGEMENT AND GENERAL MANAGEMENT CONSULTING SERVICES,WA,,USA,CLARK,VANCOUVER,,98661,5160.0,,2025-04-04-0017
36C26024N0415,Department of Veterans Affairs,"STAFFORD CONSULTING COMPANY, INC.",623302.0,ADMINISTRATIVE MANAGEMENT AND GENERAL MANAGEMENT CONSULTING SERVICES,TERMINATED,https://www.fpds.gov/ezsearch/jsp/viewLinkController.jsp?agencyID=3600&PIID=36C26024N0415&modNumber=P00001&idvAgencyID=&idvPIID=36C26019A0031&contractType=AWARD,3/27/2025,0.0,3600,36C26024N0415,P00001,3600,36C26019A0031,P00010,03/26/2025,09/28/2024,02/25/2025,02/25/2025,08/19/2024,-616010.44,623301.56,-616010.44,623301.56,-616010.44,623301.56,GMQFM999K2E5,"STAFFORD CONSULTING COMPANY, INC.",,6JNW1,1765 GREENSBORO STATION PL,STE 900,MC LEAN,VA,221023470,USA,UNITED STATES,(301) 502-8967,(256) 325-0418,VIRGINIA 11,R707,SUPPORT- MANAGEMENT: CONTRACT/PROCUREMENT/ACQUISITION SUPPORT,541611.0,ADMINISTRATIVE MANAGEMENT AND GENERAL MANAGEMENT CONSULTING SERVICES,WA,,USA,CLARK,VANCOUVER,,98661,5160.0,,2025-04-04-0017
36C26024N0429,Department of Veterans Affairs,"STAFFORD CONSULTING COMPANY, INC.",110415.0,ADMINISTRATIVE MANAGEMENT AND GENERAL MANAGEMENT CONSULTING SERVICES,TERMINATED,https://www.fpds.gov/ezsearch/jsp/viewLinkController.jsp?agencyID=3600&PIID=36C26024N0429&modNumber=P00001&idvAgencyID=&idvPIID=36C26019A0031&contractType=AWARD,3/27/2025,0.0,3600,36C26024N0429,P00001,3600,36C26019A0031,P00010,03/26/2025,09/04/2024,03/04/2025,03/04/2025,08/27/2024,-260279.64,110414.76,-260279.64,110414.76,-260279.64,110414.76,GMQFM999K2E5,"STAFFORD CONSULTING COMPANY, INC.",,6JNW1,1765 GREENSBORO STATION PL,STE 900,MC LEAN,VA,221023470,USA,UNITED STATES,(301) 502-8967,(256) 325-0418,VIRGINIA 11,R707,SUPPORT- MANAGEMENT: CONTRACT/PROCUREMENT/ACQUISITION SUPPORT,541611.0,ADMINISTRATIVE MANAGEMENT AND GENERAL MANAGEMENT CONSULTING SERVICES,WA,,USA,CLARK,VANCOUVER,,98661,5160.0,,2025-04-04-0017
36C26024N0413,Department of Veterans Affairs,"STAFFORD CONSULTING COMPANY, INC.",61652.0,ADMINISTRATIVE MANAGEMENT AND GENERAL MANAGEMENT CONSULTING SERVICES,TERMINATED,https://www.fpds.gov/ezsearch/jsp/viewLinkController.jsp?agencyID=3600&PIID=36C26024N0413&modNumber=P00001&idvAgencyID=&idvPIID=36C26019A0031&contractType=AWARD,3/27/2025,0.0,3600,36C26024N0413,P00001,3600,36C26019A0031,P00010,03/26/2025,09/05/2024,03/04/2025,03/04/2025,08/19/2024,-314793.25,61651.55,-314793.25,61651.55,-314793.25,61651.55,GMQFM999K2E5,"STAFFORD CONSULTING COMPANY, INC.",,6JNW1,1765 GREENSBORO STATION PL,STE 900,MC LEAN,VA,221023470,USA,UNITED STATES,(301) 502-8967,(256) 325-0418,VIRGINIA 11,R707,SUPPORT- MANAGEMENT: CONTRACT/PROCUREMENT/ACQUISITION SUPPORT,541611.0,ADMINISTRATIVE MANAGEMENT AND GENERAL MANAGEMENT CONSULTING SERVICES,WA,,USA,CLARK,VANCOUVER,,98661,5160.0,,2025-04-04-0017
36C24E23P0075,Department of Veterans Affairs,"LOPARO CONSULTING, LLC",125000.0,RESEARCH CONSULTING SERVICES FOR PARKINSON'S DISEASE,TERMINATED,https://www.fpds.gov/ezsearch/jsp/viewLinkController.jsp?agencyID=3600&PIID=36C24E23P0075&modNumber=P00002&idvAgencyID=&idvPIID=&contractType=AWARD,3/26/2025,75000.0,3600,36C24E23P0075,P00002,,,,03/10/2025,06/01/2023,03/05/2025,03/05/2025,04/04/2023,0.0,50000.0,0.0,50000.0,0.0,125000.0,P4K1BFRAYL46,"LOPARO CONSULTING, LLC",,9KPC7,12310 CAVES RD,,CHESTERLAND,OH,440262110,USA,UNITED STATES,(440) 487-4746,,OHIO 14,AN22,HEALTH R&D SERVICES; HEALTH RESEARCH AND TRAINING; APPLIED RESEARCH,541690.0,OTHER SCIENTIFIC AND TECHNICAL CONSULTING SERVICES,OH,,USA,CUYAHOGA,CLEVELAND,,44106,2369.0,,2025-04-04-0017
36C26222P1325,Department of Veterans Affairs,"RESPONSE SYSTEMS, INC.",264781.0,FULL BUILDING EVACUATION PLANNING AND TRAINING FOR THE VA GREATER LOS ANGELES HEALTH CARE SYSTEM.,TERMINATED,https://www.fpds.gov/ezsearch/jsp/viewLinkController.jsp?agencyID=3600&PIID=36C26222P1325&modNumber=P00003&idvAgencyID=&idvPIID=&contractType=AWARD,3/26/2025,90630.0,3600,36C26222P1325,P00003,,,,03/05/2025,07/01/2022,03/04/2025,03/04/2025,05/13/2022,0.0,174151.4,0.0,174151.4,0.0,264780.9,K32GQJF3AHJ7,"RESPONSE SYSTEMS, INC.",,5GG66,S26 W35185 WOODSTREAM CT,,OCONOMOWOC,WI,530668789,USA,UNITED STATES,(262) 965-2436,(262) 965-2436,WISCONSIN 17,R429,SUPPORT- PROFESSIONAL: EMERGENCY RESPONSE/DISASTER PLANNING/PREPAREDNESS SUPPORT,541611.0,ADMINISTRATIVE MANAGEMENT AND GENERAL MANAGEMENT CONSULTING SERVICES,CA,,USA,LOS ANGELES,LOS ANGELES,,90073,1003.0,,2025-04-04-0017
36C24424N1054,Department of Veterans Affairs,"CONCOURSE FEDERAL GROUP, LLC",193238.0,VAPHS CONSTRUCTION MANAGEMENT AND INTERIOR DESIGN SUPPORT SERVICES,TERMINATED,https://www.fpds.gov/ezsearch/jsp/viewLinkController.jsp?agencyID=3600&PIID=36C24424N1054&modNumber=P00001&idvAgencyID=&idvPIID=36C24419A0041&contractType=AWARD,3/26/2025,0.0,3600,36C24424N1054,P00001,3600,36C24419A0041,P00001,03/25/2025,09/05/2024,03/25/2025,03/25/2025,08/20/2024,-128454.47,193238.29,-128454.47,193238.29,-128454.47,193238.29,KD6WCU5JHKW5,"CONCOURSE FEDERAL GROUP, LLC",,5HAY6,123 S ROYAL ST,,ALEXANDRIA,VA,223143327,USA,UNITED STATES,(703) 945-4208,(410) 267-7406,VIRGINIA 09,R425,SUPPORT- PROFESSIONAL: ENGINEERING/TECHNICAL,541611.0,ADMINISTRATIVE MANAGEMENT AND GENERAL MANAGEMENT CONSULTING SERVICES,PA,,USA,ALLEGHENY,PITTSBURGH,,15215,1802.0,,2025-04-04-0017
36C25723P0334,Department of Veterans Affairs,PRESS GANEY ASSOCIATES LLC,69091.0,PATIENT SATIFIACTION SURVEY (BASE PLUS FOUR),TERMINATED,https://www.fpds.gov/ezsearch/jsp/viewLinkController.jsp?agencyID=3600&PIID=36C25723P0334&modNumber=P00002&idvAgencyID=&idvPIID=&contractType=AWARD,3/26/2025,0.0,3600,36C25723P0334,P00002,,,,03/25/2025,06/09/2023,02/28/2025,02/28/2025,05/19/2023,-6281.1,69090.9,-6281.1,69090.9,-119339.1,69090.9,PTAKRVGUJE53,PRESS GANEY ASSOCIATES LLC,,3DFC7,1173 IGNITION DR,,SOUTH BEND,IN,466012901,USA,UNITED STATES,(800) 232-8032,,INDIANA 02,R499,SUPPORT- PROFESSIONAL: OTHER,541611.0,ADMINISTRATIVE MANAGEMENT AND GENERAL MANAGEMENT CONSULTING SERVICES,IN,,USA,ST JOSEPH,SOUTH BEND,,46601,1533.0,,2025-04-04-0017
36C25724P0250,Department of Veterans Affairs,"SANFORD FEDERAL, INC.",914659.0,GAS MANAGEMENT SERVICES,TERMINATED,https://www.fpds.gov/ezsearch/jsp/viewLinkController.jsp?agencyID=3600&PIID=36C25724P0250&modNumber=P00002&idvAgencyID=&idvPIID=&contractType=AWARD,3/26/2025,699150.0,3600,36C25724P0250,P00002,,,,03/25/2025,04/02/2024,03/04/2025,03/04/2025,03/19/2024,-250591.39,215508.61,-250591.39,215508.61,-250591.39,914658.61,RBCJDAS355L9,"SANFORD FEDERAL, INC.",,87DG6,525 CORPORATE DR STE 203,,STAFFORD,VA,225544890,USA,UNITED STATES,(571) 552-0502,,VIRGINIA 07,Q999,MEDICAL- OTHER,541611.0,ADMINISTRATIVE MANAGEMENT AND GENERAL MANAGEMENT CONSULTING SERVICES,TX,,USA,BELL,TEMPLE,,76504,5129.0,,2025-04-04-0017
36C26124N0818,Department of Veterans Affairs,PLANATE MANAGEMENT GROUP LLC,175000.0,AGENCY SPECIFIC REQUIREMENTS PACKAGE DEVELOPMENT FOR LEASE PROCUREMENTS FUNDING T/O FOR ORDERING PERIOD THREE.,TERMINATED,https://www.fpds.gov/ezsearch/jsp/viewLinkController.jsp?agencyID=3600&PIID=36C26124N0818&modNumber=P00001&idvAgencyID=&idvPIID=36C26121A0032&contractType=AWARD,3/26/2025,60186.0,3600,36C26124N0818,P00001,3600,36C26121A0032,0,03/25/2025,08/13/2024,08/12/2025,08/12/2025,07/10/2021,-60186.09,114813.91,0.0,175000.0,0.0,175000.0,ZL3LH37LF183,PLANATE MANAGEMENT GROUP LLC,,4XZF6,1800 DIAGONAL RD STE 600,,ALEXANDRIA,VA,223142840,USA,UNITED STATES,(703) 232-1491,(866) 844-4373,VIRGINIA 08,R425,SUPPORT- PROFESSIONAL: ENGINEERING/TECHNICAL,541611.0,ADMINISTRATIVE MANAGEMENT AND GENERAL MANAGEMENT CONSULTING SERVICES,CA,,USA,SACRAMENTO,MATHER,,95655,4200.0,,2025-04-04-0017
36C26222C0047,Department of Veterans Affairs,PRESS GANEY ASSOCIATES LLC,690676.0,PATIENT SURVEY EXPERIENCE,TERMINATED,https://www.fpds.gov/ezsearch/jsp/viewLinkController.jsp?agencyID=3600&PIID=36C26222C0047&modNumber=P00005&idvAgencyID=&idvPIID=&contractType=AWARD,3/26/2025,0.0,3600,36C26222C0047,P00005,,,,03/25/2025,02/01/2022,03/04/2025,03/04/2025,12/10/2021,-209849.62,690676.1,-209849.62,690676.1,-439481.05,690676.1,PTAKRVGUJE53,PRESS GANEY ASSOCIATES LLC,,3DFC7,404 COLUMBIA PL,,SOUTH BEND,IN,466012315,USA,UNITED STATES,(800) 232-8032,,INDIANA 02,J066,MAINT/REPAIR/REBUILD OF EQUIPMENT- INSTRUMENTS AND LABORATORY EQUIPMENT,541611.0,ADMINISTRATIVE MANAGEMENT AND GENERAL MANAGEMENT CONSULTING SERVICES,CA,,USA,SAN BERNARDINO,LOMA LINDA,,92357,1.0,,2025-04-04-0017
36C26023F0388,Department of Veterans Affairs,PRESS GANEY ASSOCIATES LLC,139552.0,PATIENT SATISFACTION SURVEY SERVICE,TERMINATED,https://www.fpds.gov/ezsearch/jsp/viewLinkController.jsp?agencyID=3600&PIID=36C26023F0388&modNumber=P00005&idvAgencyID=&idvPIID=GS10F0205R&contractType=AWARD,3/26/2025,0.0,3600,36C26023F0388,P00005,4730,GS10F0205R,PA0064,03/25/2025,08/19/2023,03/04/2025,03/04/2025,06/06/2023,-70999.45,139552.07,-70999.45,139552.07,-243198.23,139552.07,PTAKRVGUJE53,PRESS GANEY ASSOCIATES LLC,,3DFC7,1173 IGNITION DR,,SOUTH BEND,IN,466012901,USA,UNITED STATES,(800) 232-8032,,INDIANA 02,R499,SUPPORT- PROFESSIONAL: OTHER,541611.0,ADMINISTRATIVE MANAGEMENT AND GENERAL MANAGEMENT CONSULTING SERVICES,OR,,USA,MULTNOMAH,PORTLAND,,97239,2964.0,,2025-04-04-0017
36C10A21F0273,Department of Veterans Affairs,"COLOSSAL CONTRACTING, LLC",234324.0,OFFICE OF RESOLUTION MANAGEMENT DIVERSITY AND INCLUSION MULTIFUNCTIONAL PRINTER AND COPIER MAINTENANCE,TERMINATED,https://www.fpds.gov/ezsearch/jsp/viewLinkController.jsp?agencyID=3600&PIID=36C10A21F0273&modNumber=P00007&idvAgencyID=&idvPIID=NNG15SD72B&contractType=AWARD,3/26/2025,0.0,3600,36C10A21F0273,P00007,8000,NNG15SD72B,15,03/25/2025,09/15/2021,02/19/2025,02/19/2025,07/15/2021,-31908.26,234324.47,-31908.26,234324.47,-86608.1,234324.47,F4M9NB1HD785,"COLOSSAL CONTRACTING, LLC",,5P3K0,304 HARRY S TRUMAN PKWY STE G,,ANNAPOLIS,MD,214017379,USA,UNITED STATES,(571) 235-7175,(470) 414-2553,MARYLAND 03,DE01,"IT and Telecom - End User: Help Desk; Tier 1-2, Workspace, Print, Output, Productivity Tools (Labor)",541519.0,OTHER COMPUTER RELATED SERVICES,DC,,USA,DISTRICT OF COLUMBIA,WASHINGTON,,20001,1152.0,,2025-04-04-0017
36C24125F0054,Department of Veterans Affairs,"CAPITAL PROJECT MANAGEMENT, INC.",4767.0,CLAIM ANALYST,TERMINATED,https://www.fpds.gov/ezsearch/jsp/viewLinkController.jsp?agencyID=3600&PIID=36C24125F0054&modNumber=P00001&idvAgencyID=&idvPIID=GS10F0021T&contractType=AWARD,3/24/2025,0.0,3600,36C24125F0054,P00001,4730,GS10F0021T,PA0059,03/21/2025,01/13/2025,03/31/2025,03/31/2025,12/23/2024,-89407.45,4767.19,-92407.45,4767.19,-92407.45,4767.19,LELWNRZXFR37,"CAPITAL PROJECT MANAGEMENT, INC.",,1EKA7,1777 SENTRY PARKWAY WEST,VEVA 11 STE 300,BLUE BELL,PA,19422,USA,UNITED STATES,(267) 464-1555,(267) 464-0400, ,C219,ARCHITECT AND ENGINEERING- GENERAL: OTHER,541611.0,ADMINISTRATIVE MANAGEMENT AND GENERAL MANAGEMENT CONSULTING SERVICES,MA,,USA,PLYMOUTH,BROCKTON,,02301,901.0,,2025-04-04-0017
36C25721P0051,Department of Veterans Affairs,"COMPASS CG, LLC",935484.0,VISN 17 MOCK SURVEY ACCREDITATION SERVICES,TERMINATED,https://www.fpds.gov/ezsearch/jsp/viewLinkController.jsp?agencyID=3600&PIID=36C25721P0051&modNumber=P00008&idvAgencyID=&idvPIID=&contractType=AWARD,3/21/2025,0.0,3600,36C25721P0051,P00008,,,,03/20/2025,11/01/2020,10/31/2025,10/31/2025,,-186621.6,935484.0,-186621.6,935484.0,-186621.6,935484.0,M3UAXS9NMQN6,"COMPASS CG, LLC",,7RLN5,8734 GALLOWAY TRAIL,,NOVELTY,OH,440729653,USA,UNITED STATES,(619) 925-1647,(216) 249-7953,OHIO 14,R410,SUPPORT- PROFESSIONAL: PROGRAM EVALUATION/REVIEW/DEVELOPMENT,541611.0,ADMINISTRATIVE MANAGEMENT AND GENERAL MANAGEMENT CONSULTING SERVICES,TX,,USA,DALLAS,DALLAS,,75216,1001.0,,2025-04-04-0017
36C24824P2039,Department of Veterans Affairs,QUALITY REGISTRY SERVICES LLC,398268.0,TUMOR REGISTRY SERVICES,TERMINATED,https://www.fpds.gov/ezsearch/jsp/viewLinkController.jsp?agencyID=3600&PIID=36C24824P2039&modNumber=P00001&idvAgencyID=&idvPIID=&contractType=AWARD,3/21/2025,398268.0,3600,36C24824P2039,P00001,,,,03/10/2025,08/01/2024,07/31/2025,07/31/2029,06/18/2024,-78292.0,0.0,0.0,78292.0,0.0,398268.0,LCB9UL36Z6K7,QUALITY REGISTRY SERVICES LLC,,7AY20,133 N CORY DR,,EDGEWATER,FL,321417225,USA,UNITED STATES,(623) 882-6666,,FLORIDA 07,R702,SUPPORT- MANAGEMENT: DATA COLLECTION,541611.0,ADMINISTRATIVE MANAGEMENT AND GENERAL MANAGEMENT CONSULTING SERVICES,FL,,USA,PALM BEACH,RIVIERA BEACH,,33410,6400.0,,2025-04-04-0017
36C25624P0448,Department of Veterans Affairs,"VINYARD MANAGEMENT GROUP, INC.",132163.0,CONSULTING SERVICES,TERMINATED,https://www.fpds.gov/ezsearch/jsp/viewLinkController.jsp?agencyID=3600&PIID=36C25624P0448&modNumber=P00002&idvAgencyID=&idvPIID=&contractType=AWARD,3/20/2025,33500.0,3600,36C25624P0448,P00002,,,,03/19/2025,01/15/2024,02/25/2025,02/25/2025,12/11/2023,-114937.5,98662.5,-114937.5,98662.5,-114937.5,132162.5,FPKKU6AN4PJ3,"VINYARD MANAGEMENT GROUP, INC.",,1RVB9,1417 WATERFORD GREEN DR,,MARIETTA,GA,300682910,USA,UNITED STATES,(770) 329-3791,(770) 518-4692,GEORGIA 06,R410,SUPPORT- PROFESSIONAL: PROGRAM EVALUATION/REVIEW/DEVELOPMENT,541611.0,ADMINISTRATIVE MANAGEMENT AND GENERAL MANAGEMENT CONSULTING SERVICES,LA,,USA,ORLEANS,NEW ORLEANS,,70119,4701.0,,2025-04-04-0017
36C25722F0133,Department of Veterans Affairs,"STAFFORD CONSULTING COMPANY, INC.",4185761.0,CONTRACT SUPPORT SERVICES,TERMINATED,https://www.fpds.gov/ezsearch/jsp/viewLinkController.jsp?agencyID=3600&PIID=36C25722F0133&modNumber=P00008&idvAgencyID=&idvPIID=GS00F283GA&contractType=AWARD,3/20/2025,1957357.0,3600,36C25722F0133,P00008,4732,GS00F283GA,PA0034,03/19/2025,09/30/2022,03/04/2025,03/04/2025,08/11/2022,-563615.78,2228403.72,-563615.78,2228403.72,-563615.78,4185761.16,GMQFM999K2E5,"STAFFORD CONSULTING COMPANY, INC.",,6JNW1,1765 GREENSBORO STATION PL,STE 900,MC LEAN,VA,221023470,USA,UNITED STATES,(301) 502-8967,(256) 325-0418,VIRGINIA 11,R699,SUPPORT- ADMINISTRATIVE: OTHER,541611.0,ADMINISTRATIVE MANAGEMENT AND GENERAL MANAGEMENT CONSULTING SERVICES,VA,,USA,FAIRFAX,MCLEAN,,22102,2945.0,,2025-04-04-0017
36C24724N0673,Department of Veterans Affairs,PRESS GANEY ASSOCIATES LLC,15931237.0,PATIENT SATISFACTION SURVEY,TERMINATED,https://www.fpds.gov/ezsearch/jsp/viewLinkController.jsp?agencyID=3600&PIID=36C24724N0673&modNumber=P00001&idvAgencyID=&idvPIID=GS10F0205R&contractType=AWARD,3/20/2025,13675917.0,3600,36C24724N0673,P00001,4730,GS10F0205R,PA0064,03/04/2025,06/01/2024,03/04/2025,03/04/2025,05/15/2024,-1163659.52,2255319.76,-1163659.52,2255319.76,-1163659.52,15931236.88,PTAKRVGUJE53,PRESS GANEY ASSOCIATES LLC,,3DFC7,1173 IGNITION DR,,SOUTH BEND,IN,466012901,USA,UNITED STATES,(800) 232-8032,,INDIANA 02,R401,SUPPORT- PROFESSIONAL: PERSONAL CARE (NON-MEDICAL),541611.0,ADMINISTRATIVE MANAGEMENT AND GENERAL MANAGEMENT CONSULTING SERVICES,GA,,USA,DEKALB,DECATUR,,30033,3425.0,,2025-04-04-0017
36C77624N0470,Department of Veterans Affairs,"BEST PRACTICE ASSOCIATES, L.L.C.",4101191.0,PAYER RELATIONS AND SERVICES SUPPORT,TERMINATED,https://www.fpds.gov/ezsearch/jsp/viewLinkController.jsp?agencyID=3600&PIID=36C77624N0470&modNumber=P00002&idvAgencyID=&idvPIID=36C77622D0031&contractType=AWARD,3/20/2025,1844144.0,3600,36C77624N0470,P00002,3600,36C77622D0031,0,03/19/2025,09/14/2024,09/13/2025,09/13/2027,05/29/2024,0.0,2257047.25,1844143.73,4101191.01,1844143.73,4101191.01,HJ2UGP6Z2EG1,"BEST PRACTICE ASSOCIATES, L.L.C.",FEDERAL ADVISORY PARTNERS,5YUU0,3100 CLARENDON BLVD STE 1400,,ARLINGTON,VA,222015333,USA,UNITED STATES,(703) 328-3923,(703) 229-5895,VIRGINIA 08,R499,SUPPORT- PROFESSIONAL: OTHER,541611.0,ADMINISTRATIVE MANAGEMENT AND GENERAL MANAGEMENT CONSULTING SERVICES,MO,,USA,SAINT LOUIS CITY,SAINT LOUIS,,63125,1007.0,,2025-04-04-0017
36C10G23F0020,Department of Veterans Affairs,"ARBINGER COMPANY, THE",137672.0,OUTWARD MINDSET TRAINING,TERMINATED,https://www.fpds.gov/ezsearch/jsp/viewLinkController.jsp?agencyID=3600&PIID=36C10G23F0020&modNumber=P00002&idvAgencyID=&idvPIID=GS10F099AA&contractType=AWARD,3/19/2025,0.0,3600,36C10G23F0020,P00002,4732,GS10F099AA,PA0051,03/17/2025,09/29/2023,03/17/2025,03/17/2025,09/13/2023,0.0,137671.62,0.0,137671.62,0.0,137671.62,XDJYKQ4BVTJ3,"ARBINGER COMPANY, THE",,1UMN6,686 N ARBINGER WAY,STE 200,FARMINGTON,UT,840253067,USA,UNITED STATES,(619) 243-6896,(801) 447-9376,UTAH 02,U099,EDUCATION/TRAINING- OTHER,541611.0,ADMINISTRATIVE MANAGEMENT AND GENERAL MANAGEMENT CONSULTING SERVICES,UT,,USA,DAVIS,FARMINGTON,,84025,4739.0,,2025-04-04-0017
36C24625C0007,Department of Veterans Affairs,"TRAUNER CONSULTING SERVICES, INC.",18634.0,PROFESSIONAL SERVICES,TERMINATED,https://www.fpds.gov/ezsearch/jsp/viewLinkController.jsp?agencyID=3600&PIID=36C24625C0007&modNumber=P00001&idvAgencyID=&idvPIID=&contractType=AWARD,3/19/2025,0.0,3600,36C24625C0007,P00001,,,,03/13/2025,11/25/2024,03/05/2025,03/05/2025,10/10/2024,-55901.23,18633.75,-55901.23,18633.75,-55901.23,18633.75,YV9LNAT3RAM8,"TRAUNER CONSULTING SERVICES, INC.","TRAUNER CONSULTING SERVICES, INC.",0EVE6,1617 JOHN F. KENNEDY BOULEVARD,SUITE 475,PHILADELPHIA,PA,191031860,USA,UNITED STATES,(215) 814-6400,(215) 814-6440,PENNSYLVANIA 03,R424,SUPPORT- PROFESSIONAL: EXPERT WITNESS,541611.0,ADMINISTRATIVE MANAGEMENT AND GENERAL MANAGEMENT CONSULTING SERVICES,NC,,USA,ROWAN,SALISBURY,,28144,5330.0,,2025-04-04-0017
36C25722P0135,Department of Veterans Affairs,PRESS GANEY ASSOCIATES LLC,66664.0,NDNQ1 DATA MEMEBERSHIP,TERMINATED,https://www.fpds.gov/ezsearch/jsp/viewLinkController.jsp?agencyID=3600&PIID=36C25722P0135&modNumber=P00004&idvAgencyID=&idvPIID=&contractType=AWARD,3/19/2025,28119.0,3600,36C25722P0135,P00004,,,,03/18/2025,01/01/2022,03/18/2025,03/18/2025,11/10/2021,-14420.01,38544.86,-14420.01,38544.86,-14420.01,66663.96,PTAKRVGUJE53,PRESS GANEY ASSOCIATES LLC,,3DFC7,404 COLUMBIA PL,,SOUTH BEND,IN,466012315,USA,UNITED STATES,(800) 232-8032,,INDIANA 02,Q999,MEDICAL- OTHER,541611.0,ADMINISTRATIVE MANAGEMENT AND GENERAL MANAGEMENT CONSULTING SERVICES,IN,,USA,ST JOSEPH,SOUTH BEND,,46601,2901.0,,2025-04-04-0017
36C24822P1639,Department of Veterans Affairs,PRESS GANEY ASSOCIATES LLC,32490.0,NATIONAL DATABASE OF NURSING QUALITY INDICATORS (NDNQI),TERMINATED,https://www.fpds.gov/ezsearch/jsp/viewLinkController.jsp?agencyID=3600&PIID=36C24822P1639&modNumber=P00004&idvAgencyID=&idvPIID=&contractType=AWARD,3/19/2025,0.0,3600,36C24822P1639,P00004,,,,03/06/2025,07/01/2022,12/31/2025,12/31/2026,06/27/2022,-14419.63,32490.35,-14419.63,32490.35,-29704.44,32490.35,PTAKRVGUJE53,PRESS GANEY ASSOCIATES LLC,,3DFC7,404 COLUMBIA PL,,SOUTH BEND,IN,466012315,USA,UNITED STATES,(800) 232-8032,,INDIANA 02,R499,SUPPORT- PROFESSIONAL: OTHER,541611.0,ADMINISTRATIVE MANAGEMENT AND GENERAL MANAGEMENT CONSULTING SERVICES,IN,,USA,ST JOSEPH,SOUTH BEND,,46601,2315.0,,2025-04-04-0017
36C26323C0054,Department of Veterans Affairs,STEWART CONSULTING,204000.0,"VA IOWA CITY IOWA, RESEARCH CONTRACT - BASE YEAR PLUS 3 OYS.",TERMINATED,https://www.fpds.gov/ezsearch/jsp/viewLinkController.jsp?agencyID=3600&PIID=36C26323C0054&modNumber=P00002&idvAgencyID=&idvPIID=&contractType=AWARD,3/19/2025,116800.0,3600,36C26323C0054,P00002,,,,03/18/2025,09/16/2023,03/05/2025,03/05/2025,06/30/2023,-29600.0,87200.0,-29600.0,87200.0,-29600.0,204000.0,KTUHN6MLLL27,STEWART CONSULTING,,642M0,3485 G RICHARD CIR SW,,IOWA CITY,IA,522408501,USA,UNITED STATES,(319) 541-3355,,IOWA 01,AN12,HEALTH R&D SERVICES; HEALTH CARE SERVICES; APPLIED RESEARCH,541611.0,ADMINISTRATIVE MANAGEMENT AND GENERAL MANAGEMENT CONSULTING SERVICES,IA,,USA,JOHNSON,IOWA CITY,,52240,8501.0,,2025-04-04-0017
36C25522N0255,Department of Veterans Affairs,MAXIM HEALTHCARE SERVICES INCORPORATED (0951),1005635.0,KANSAS CITY VAMC CODING,TERMINATED,https://www.fpds.gov/ezsearch/jsp/viewLinkController.jsp?agencyID=3600&PIID=36C25522N0255&modNumber=P00007&idvAgencyID=&idvPIID=36C10G21A0004&contractType=AWARD,3/19/2025,187166.0,3600,36C25522N0255,P00007,3600,36C10G21A0004,P00005,03/18/2025,07/01/2022,06/30/2025,06/30/2025,03/22/2022,-165754.41,818468.98,-165754.41,818468.98,-165754.41,1005634.73,DFUAFDQFV943,MAXIM HEALTHCARE SERVICES INCORPORATED (0951),,1NW03,7080 SAMUEL MORSE DRIVE,,COLUMBIA,MD,210463405,USA,UNITED STATES,,,MARYLAND 03,Q601,MEDICAL CODING AND AUDITING,541611.0,ADMINISTRATIVE MANAGEMENT AND GENERAL MANAGEMENT CONSULTING SERVICES,MD,,USA,HOWARD,COLUMBIA,,21046,3236.0,,2025-04-04-0017
36C24424N0724,Department of Veterans Affairs,REVOLVE SOLUTIONS LLC,4500.0,GRAPHIC DESIGN SERVICES FOR THE WILKES BARRE VAMC,TERMINATED,https://www.fpds.gov/ezsearch/jsp/viewLinkController.jsp?agencyID=3600&PIID=36C24424N0724&modNumber=P00001&idvAgencyID=&idvPIID=36C10X23D0019&contractType=AWARD,3/17/2025,0.0,3600,36C24424N0724,P00001,3600,36C10X23D0019,0,03/14/2025,05/13/2024,03/14/2025,03/14/2025,05/06/2024,0.0,4500.0,0.0,4500.0,-19391.12,4500.0,K9JSSUCFEAF8,REVOLVE SOLUTIONS LLC,,6H2N0,5616 CLERMONT DR,,ALEXANDRIA,VA,223101354,USA,UNITED STATES,(703) 517-7761,,VIRGINIA 08,T001,PHOTO/MAP/PRINT/PUBLICATION- ARTS/GRAPHICS,541611.0,ADMINISTRATIVE MANAGEMENT AND GENERAL MANAGEMENT CONSULTING SERVICES,VA,,USA,FAIRFAX,ALEXANDRIA,,22310,1354.0,,2025-04-04-0017
36C24424N1140,Department of Veterans Affairs,"INTERIOR SYSTEMS, INC.",133602.0,ENGINEERING SUPPORT SERVICES TEMPORARY STAFFING,TERMINATED,https://www.fpds.gov/ezsearch/jsp/viewLinkController.jsp?agencyID=3600&PIID=36C24424N1140&modNumber=P00001&idvAgencyID=&idvPIID=36C24423A0055&contractType=AWARD,3/17/2025,0.0,3600,36C24424N1140,P00001,3600,36C24423A0055,P00001,03/14/2025,09/13/2024,03/14/2025,03/14/2025,08/16/2023,-2518.22,133601.78,-2518.22,133601.78,-2518.22,133601.78,RNHBDCBFX1N7,"INTERIOR SYSTEMS, INC.",,0ZVV4,45610 WOODLAND RD STE 130,,STERLING,VA,201664220,USA,UNITED STATES,(202) 263-0892,(202) 393-0630,VIRGINIA 10,R425,SUPPORT- PROFESSIONAL: ENGINEERING/TECHNICAL,541611.0,ADMINISTRATIVE MANAGEMENT AND GENERAL MANAGEMENT CONSULTING SERVICES,PA,,USA,LUZERNE,WILKES BARRE,,18711,30.0,,2025-04-04-0017
36C24424N0644,Department of Veterans Affairs,CRITICAL MANAGEMENT SOLUTIONS,68150.0,VISN 04 ACCREDITATION READINESS REVIEWS FY24 TASK ORDER,TERMINATED,https://www.fpds.gov/ezsearch/jsp/viewLinkController.jsp?agencyID=3600&PIID=36C24424N0644&modNumber=P00003&idvAgencyID=&idvPIID=36C24419D0088&contractType=AWARD,3/17/2025,0.0,3600,36C24424N0644,P00003,3600,36C24419D0088,0,03/14/2025,05/24/2024,03/10/2025,03/10/2025,07/12/2019,-97900.0,68150.0,-97900.0,68150.0,-97900.0,68150.0,C8AUJ5WJK5G3,CRITICAL MANAGEMENT SOLUTIONS,,48FK4,2313 N GRANT AVE,,WILMINGTON,DE,198062005,USA,UNITED STATES,(302) 547-0293,(302) 427-2320,DELAWARE 00,R410,SUPPORT- PROFESSIONAL: PROGRAM EVALUATION/REVIEW/DEVELOPMENT,541611.0,ADMINISTRATIVE MANAGEMENT AND GENERAL MANAGEMENT CONSULTING SERVICES,DE,,USA,NEW CASTLE,WILMINGTON,,19806,2005.0,,2025-04-04-0017
36C10B22N10160013,Department of Veterans Affairs,GENERAL DYNAMICS INFORMATION TECHNOLOGY INC.,111100923.0,TIER 0/TIER 1 INFORMATION TECHNOLOGY SERVICE MANAGEMENT INCIDENT AND SERVICE LEVEL AGREEMENT THRESHOLDS. THESE SERVICES WILL INCLUDE TECHNICAL LOGISTICAL AND PROGRAMMATIC SERVICES TO FULFILL THE REQUIREMENTS OF THE PERFORMANCE WORK STATEMENT.,FUNDING ONLY ACTION,https://www.fpds.gov/ezsearch/jsp/viewLinkController.jsp?agencyID=3600&PIID=36C10B22N10160013&modNumber=P00016&idvAgencyID=&idvPIID=VA11816D1016&contractType=AWARD,3/15/2025,34079795.0,3600,36C10B22N10160013,P00016,3600,VA11816D1016,P00010,12/17/2024,07/01/2022,12/31/2024,06/30/2027,04/27/2022,0.0,77021128.01,0.0,77021128.01,0.0,111100922.74,SMNWM6HN79X5,"GENERAL DYNAMICS INFORMATION TECHNOLOGY, INC.",GDIT,07MU1,3150 FAIRVIEW PARK DR STE 100,,FALLS CHURCH,VA,220424504,USA,UNITED STATES,(571) 533-3136,,VIRGINIA 08,DE01,"IT and Telecom - End User: Help Desk; Tier 1-2, Workspace, Print, Output, Productivity Tools (Labor)",541512.0,COMPUTER SYSTEMS DESIGN SERVICES,VA,,USA,FAIRFAX,FALLS CHURCH,,22042,4504.0,,2025-04-04-0017
36C10B20F0419,Department of Veterans Affairs,DELOITTE CONSULTING LLP,44946971.0,GSA ORDER FOR CYBER INNOVATION PROGRAM (CIP) MANAGED SERVICES,FUNDING ONLY ACTION,https://www.fpds.gov/ezsearch/jsp/viewLinkController.jsp?agencyID=3600&PIID=36C10B20F0419&modNumber=P00006&idvAgencyID=&idvPIID=GS35F0617Y&contractType=AWARD,3/15/2025,7473674.0,3600,36C10B20F0419,P00006,4732,GS35F0617Y,PS0045,05/07/2024,09/25/2020,09/24/2024,09/24/2025,08/28/2020,-309.42,37473296.48,-309.42,37473348.93,-309.42,44946970.54,CKV2L9GZKJK3,DELOITTE CONSULTING LLP,,1TTG5,1919 N LYNN ST,,ARLINGTON,VA,222091742,USA,UNITED STATES,(571) 858-0176,(703) 842-6748,VIRGINIA 08,R499,SUPPORT- PROFESSIONAL: OTHER,541512.0,COMPUTER SYSTEMS DESIGN SERVICES,VA,,USA,ARLINGTON,ARLINGTON,,22209,1800.0,,2025-04-04-0017
36C25622N1029,Department of Veterans Affairs,"PLANETREE INTERNATIONAL, INC.",56495.0,PATIENT CENTERED CARE DESIGNATION CERTIFICATION,TERMINATED,https://www.fpds.gov/ezsearch/jsp/viewLinkController.jsp?agencyID=3600&PIID=36C25622N1029&modNumber=P00005&idvAgencyID=&idvPIID=GS10F001CA&contractType=AWARD,3/14/2025,0.0,3600,36C25622N1029,P00005,4732,GS10F001CA,PO0034,03/13/2025,09/19/2022,09/18/2025,09/18/2025,08/12/2022,-46250.0,56495.27,-46250.0,56495.27,-46250.0,56495.27,LCVVFLQ7Y476,"PLANETREE INTERNATIONAL, INC.",,4PMV0,130 DIVISION ST,,DERBY,CT,064181326,USA,UNITED STATES,(203) 732-1365,(203) 732-1338,CONNECTICUT 03,R499,SUPPORT- PROFESSIONAL: OTHER,541611.0,ADMINISTRATIVE MANAGEMENT AND GENERAL MANAGEMENT CONSULTING SERVICES,CT,,USA,NEW HAVEN,DERBY,,06418,1326.0,,2025-04-04-0017
36C26021P1203,Department of Veterans Affairs,"ERGOFIT CONSULTING, INC.",22112.0,ERGONOMICAL ASSESSMENT SERVICES FOR THE SEATTLE & AMERICAN LAKE VAMC,TERMINATED,https://www.fpds.gov/ezsearch/jsp/viewLinkController.jsp?agencyID=3600&PIID=36C26021P1203&modNumber=P00008&idvAgencyID=&idvPIID=&contractType=AWARD,3/13/2025,22112.0,3600,36C26021P1203,P00008,,,,03/12/2025,09/30/2021,03/05/2025,03/05/2025,,-45488.0,0.0,-45488.0,0.0,-45488.0,22112.0,YGA7LRBA5689,"ERGOFIT CONSULTING, INC.",,3X7U9,7412 78TH AVE SE,,MERCER ISLAND,WA,980405515,USA,UNITED STATES,(206) 938-3294,(206) 938-2885,WASHINGTON 09,U009,EDUCATION/TRAINING- GENERAL,541690.0,OTHER SCIENTIFIC AND TECHNICAL CONSULTING SERVICES,WA,,USA,KING,MERCER ISLAND,,98040,5515.0,,2025-04-04-0017
36C24423F0011,Department of Veterans Affairs,ROCKITDATA LLC,122632.0,MAGAZINE GRAPHIC DESIGN SERVICES,TERMINATED,https://www.fpds.gov/ezsearch/jsp/viewLinkController.jsp?agencyID=3600&PIID=36C24423F0011&modNumber=P00004&idvAgencyID=&idvPIID=GS00F243DA&contractType=AWARD,3/13/2025,93104.0,3600,36C24423F0011,P00004,4732,GS00F243DA,PO0041,03/12/2025,10/01/2022,03/10/2025,03/10/2025,07/21/2022,-9936.0,29528.0,-9936.0,55744.0,-9936.0,122632.0,TUXGLCLFM2L2,ROCKITDATA LLC,,85AJ9,1 S BROAD ST,STE 2270,PHILADELPHIA,PA,191073425,USA,UNITED STATES,(919) 779-4447,,PENNSYLVANIA 02,T001,PHOTO/MAP/PRINT/PUBLICATION- ARTS/GRAPHICS,541611.0,ADMINISTRATIVE MANAGEMENT AND GENERAL MANAGEMENT CONSULTING SERVICES,VA,,USA,FREDERICKSBURG CITY,FREDERICKSBURG,,22401,1000.0,,2025-04-04-0017
36C10D21F0002,Department of Veterans Affairs,"BEST VALUE TECHNOLOGY, INC.",39773202.0,Quality Assessment and Monitoring (QA&M) for the VBA Office of Business Integration.,FUNDING ONLY ACTION,https://www.fpds.gov/ezsearch/jsp/viewLinkController.jsp?agencyID=3600&PIID=36C10D21F0002&modNumber=P00016&idvAgencyID=&idvPIID=GS10F227AA&contractType=AWARD,3/12/2025,21011308.0,3600,36C10D21F0002,P00016,4732,GS10F227AA,PA0019,02/11/2025,11/29/2020,11/28/2025,11/28/2025,09/01/2020,1009825.86,19771719.77,0.0,26934745.02,0.0,39773201.78,NVBULU4RNZ97,"BEST VALUE TECHNOLOGY, INC.",,1YL61,1417 LILY ESTATES DR,,RALEIGH,NC,276146003,USA,UNITED STATES,(703) 229-4200,(703) 229-4229,NORTH CAROLINA 02,R499,SUPPORT- PROFESSIONAL: OTHER,541611.0,ADMINISTRATIVE MANAGEMENT AND GENERAL MANAGEMENT CONSULTING SERVICES,VA,,USA,PRINCE WILLIAM,HAYMARKET,,20169,1667.0,,2025-04-04-0017
36C10X24F0033,Department of Veterans Affairs,OPERATIONS SERVICES INC,2663105.0,Warehouse Ops,TERMINATED,https://www.fpds.gov/ezsearch/jsp/viewLinkController.jsp?agencyID=3600&PIID=36C10X24F0033&modNumber=P00001&idvAgencyID=&idvPIID=GS00F002HA&contractType=AWARD,3/12/2025,2131948.0,3600,36C10X24F0033,P00001,4732,GS00F002HA,PA0021,02/25/2025,03/01/2024,02/25/2025,02/25/2025,01/22/2024,0.0,663325.29,0.0,663325.29,0.0,2663104.68,L867C34BT946,"OPERATIONS SERVICES, INC.",,63M10,455 RAMSEY ST,SUITE 203,FAYETTEVILLE,NC,283014959,USA,UNITED STATES,(910) 835-5005,(910) 568-5647,NORTH CAROLINA 07,R706,SUPPORT- MANAGEMENT: LOGISTICS SUPPORT,541614.0,"PROCESS, PHYSICAL DISTRIBUTION, AND LOGISTICS CONSULTING SERVICES",DC,,USA,DISTRICT OF COLUMBIA,WASHINGTON,,20420,1.0,,2025-04-04-0017
36C10X24C0027,Department of Veterans Affairs,LG STRATEGIES LLC,4358100.0,Quality and Regulatory Support Consulting Services,TERMINATED,https://www.fpds.gov/ezsearch/jsp/viewLinkController.jsp?agencyID=3600&PIID=36C10X24C0027&modNumber=P00001&idvAgencyID=&idvPIID=&contractType=AWARD,3/12/2025,3635450.0,3600,36C10X24C0027,P00001,,,,02/25/2025,09/01/2024,02/25/2025,02/25/2025,06/21/2024,0.0,722650.0,0.0,722650.0,0.0,2070380.0,LBJ8BF9M7KC6,LG STRATEGIES LLC,,8U1L5,2001 PARKER LN,APT 122,AUSTIN,TX,787413847,USA,UNITED STATES,(901) 258-3629,,TEXAS 35,H965,"OTHER QC/TEST/INSPECT- MEDICAL, DENTAL, AND VETERINARY EQUIPMENT AND SUPPLIES",541690.0,OTHER SCIENTIFIC AND TECHNICAL CONSULTING SERVICES,WA,,USA,KING,SEATTLE,,98199,1261.0,,2025-04-04-0017
36C77623P0041,Department of Veterans Affairs,"VETERANS FACILITY SERVICES, INC",89581.0,"PF Engineers provide performance contracts and provide direct engineering support including design reviews, savings calculations, and feasibility reviews",TERMINATED,https://www.fpds.gov/ezsearch/jsp/viewLinkController.jsp?agencyID=3600&PIID=36C77623P0041&modNumber=P00003&idvAgencyID=&idvPIID=&contractType=AWARD,3/12/2025,53050.0,3600,36C77623P0041,P00003,,,,02/25/2025,08/25/2023,02/25/2025,02/25/2025,09/16/2022,0.0,36531.16,0.0,36531.16,0.0,89581.04,HW4YN17XKA64,"VETERANS FACILITY SERVICES, INC",,75F10,14 WILDWOOD PLANTATION LANE,,CATAULA,GA,318042946,USA,UNITED STATES,(470) 514-0228,,GEORGIA 03,R499,SUPPORT- PROFESSIONAL: OTHER,541690.0,OTHER SCIENTIFIC AND TECHNICAL CONSULTING SERVICES,WA,,USA,BENTON,RICHLAND,,99352,7752.0,,2025-04-04-0017
36C77623P0083,Department of Veterans Affairs,"EMP2, INC.",76903.0,"PF Engineers provide performance contracts and provide direct engineering support including design reviews, savings calculations, and feasibility reviews",TERMINATED,https://www.fpds.gov/ezsearch/jsp/viewLinkController.jsp?agencyID=3600&PIID=36C77623P0083&modNumber=P00002&idvAgencyID=&idvPIID=&contractType=AWARD,3/12/2025,47234.0,3600,36C77623P0083,P00002,,,,02/25/2025,09/29/2023,02/25/2025,02/25/2025,03/31/2023,0.0,29669.19,0.0,29669.19,0.0,76902.94,SRMEJFRMLPB3,"EMP2, INCORPORATED",EMP2,1TC56,1950 KEENE RD BLDG E,,RICHLAND,WA,993527752,USA,UNITED STATES,(509) 627-5401,(509) 627-5405,WASHINGTON 04,R408,SUPPORT- PROFESSIONAL: PROGRAM MANAGEMENT/SUPPORT,541690.0,OTHER SCIENTIFIC AND TECHNICAL CONSULTING SERVICES,NM,,USA,BERNALILLO,ALBUQUERQUE,,87101,4000.0,,2025-04-04-0017
36C77623P0093,Department of Veterans Affairs,"EMP2, INC.",79662.0,"PF Engineers provide performance contracts and provide direct engineering support including design reviews, savings calculations, and feasibility reviews",TERMINATED,https://www.fpds.gov/ezsearch/jsp/viewLinkController.jsp?agencyID=3600&PIID=36C77623P0093&modNumber=P00002&idvAgencyID=&idvPIID=&contractType=AWARD,3/12/2025,46965.0,3600,36C77623P0093,P00002,,,,02/25/2025,07/01/2023,02/25/2025,02/25/2025,06/12/2023,0.0,32697.0,0.0,32697.0,0.0,79662.0,SRMEJFRMLPB3,"EMP2, INCORPORATED",EMP2,1TC56,1950 KEENE RD BLDG E,,RICHLAND,WA,993527752,USA,UNITED STATES,(509) 627-5401,(509) 627-5405,WASHINGTON 04,R408,SUPPORT- PROFESSIONAL: PROGRAM MANAGEMENT/SUPPORT,541690.0,OTHER SCIENTIFIC AND TECHNICAL CONSULTING SERVICES,WA,,USA,BENTON,RICHLAND,,99352,7752.0,,2025-04-04-0017
36C77622P0170,Department of Veterans Affairs,"EMP2, INC.",94114.0,"PF Engineers provide performance contracts and provide direct engineering support including design reviews, savings calculations, and feasibility reviews",TERMINATED,https://www.fpds.gov/ezsearch/jsp/viewLinkController.jsp?agencyID=3600&PIID=36C77622P0170&modNumber=P00003&idvAgencyID=&idvPIID=&contractType=AWARD,3/12/2025,25556.0,3600,36C77622P0170,P00003,,,,02/25/2025,09/30/2022,02/25/2025,02/25/2025,09/13/2022,0.0,68557.4,0.0,68557.4,0.0,94113.72,SRMEJFRMLPB3,"EMP2, INCORPORATED",EMP2,1TC56,1950 KEENE RD BLDG E,,RICHLAND,WA,993527752,USA,UNITED STATES,(509) 627-5401,(509) 627-5405,WASHINGTON 04,R499,SUPPORT- PROFESSIONAL: OTHER,541690.0,OTHER SCIENTIFIC AND TECHNICAL CONSULTING SERVICES,WA,,USA,BENTON,RICHLAND,,99352,7752.0,,2025-04-04-0017
36C77622P0098,Department of Veterans Affairs,"EMP2, INC.",91287.0,The support provided by the contract is not available within OAEM,TERMINATED,https://www.fpds.gov/ezsearch/jsp/viewLinkController.jsp?agencyID=3600&PIID=36C77622P0098&modNumber=P00003&idvAgencyID=&idvPIID=&contractType=AWARD,3/12/2025,19525.0,3600,36C77622P0098,P00003,,,,02/25/2025,06/12/2022,02/25/2025,02/25/2025,05/23/2022,0.0,71762.28,0.0,71762.28,0.0,91287.4,SRMEJFRMLPB3,"EMP2, INCORPORATED",EMP2,1TC56,1950 KEENE RD BLDG E,,RICHLAND,WA,993527752,USA,UNITED STATES,(509) 627-5401,(509) 627-5405,WASHINGTON 04,R499,SUPPORT- PROFESSIONAL: OTHER,541690.0,OTHER SCIENTIFIC AND TECHNICAL CONSULTING SERVICES,WA,,USA,BENTON,RICHLAND,,99352,7752.0,,2025-04-04-0017
36C77623P0006,Department of Veterans Affairs,"EMP2, INC.",45992.0,"PF Engineers provide performance contracts and provide direct engineering support including design reviews, savings calculations, and feasibility reviews",TERMINATED,https://www.fpds.gov/ezsearch/jsp/viewLinkController.jsp?agencyID=3600&PIID=36C77623P0006&modNumber=P00004&idvAgencyID=&idvPIID=&contractType=AWARD,3/12/2025,19147.0,3600,36C77623P0006,P00004,,,,02/25/2025,12/01/2022,02/25/2025,02/25/2025,09/16/2022,0.0,26845.86,0.0,26845.86,0.0,45992.42,SRMEJFRMLPB3,"EMP2, INCORPORATED",EMP2,1TC56,1950 KEENE RD BLDG E,,RICHLAND,WA,993527752,USA,UNITED STATES,(509) 627-5401,(509) 627-5405,WASHINGTON 04,R499,SUPPORT- PROFESSIONAL: OTHER,541690.0,OTHER SCIENTIFIC AND TECHNICAL CONSULTING SERVICES,WA,,USA,BENTON,RICHLAND,,99352,7752.0,,2025-04-04-0017
36C77622P0058,Department of Veterans Affairs,"EMP2, INC.",54498.0,"PF Engineers provide performance contracts and provide direct engineering support including design reviews, savings calculations, and feasibility reviews",TERMINATED,https://www.fpds.gov/ezsearch/jsp/viewLinkController.jsp?agencyID=3600&PIID=36C77622P0058&modNumber=P00004&idvAgencyID=&idvPIID=&contractType=AWARD,3/12/2025,10900.0,3600,36C77622P0058,P00004,,,,02/25/2025,04/01/2022,02/25/2025,02/25/2025,,0.0,43598.4,0.0,43598.4,0.0,54498.0,SRMEJFRMLPB3,"EMP2, INCORPORATED",EMP2,1TC56,1950 KEENE RD BLDG E,,RICHLAND,WA,993527752,USA,UNITED STATES,(509) 627-5401,(509) 627-5405,WASHINGTON 04,R499,SUPPORT- PROFESSIONAL: OTHER,541690.0,OTHER SCIENTIFIC AND TECHNICAL CONSULTING SERVICES,WA,,USA,BENTON,RICHLAND,,99352,7752.0,,2025-04-04-0017
36C78624N0882,Department of Veterans Affairs,"SCHATZ PUBLISHING GROUP, LLC",898977.0,508 Document Remediation,TERMINATED,https://www.fpds.gov/ezsearch/jsp/viewLinkController.jsp?agencyID=3600&PIID=36C78624N0882&modNumber=P00001&idvAgencyID=&idvPIID=36C78623D0015&contractType=AWARD,3/12/2025,0.0,3600,36C78624N0882,P00001,3600,36C78623D0015,0,02/27/2025,09/09/2024,03/01/2025,03/01/2025,09/04/2024,0.0,898976.52,0.0,898976.52,0.0,898976.52,Q6ULESYWUAG6,SCHATZ PUBLISHING GROUP LLC,SCHATZ STRATEGY GROUP,1J4G1,11950 W HIGHLAND AVE,,BLACKWELL,OK,746316511,USA,UNITED STATES,(580) 628-4607,(580) 628-2011,OKLAHOMA 03,R617,SUPPORT - ADMINISTRATIVE: ELECTRONIC RECORDS MANAGEMENT SERVICES,518210.0,"COMPUTING INFRASTRUCTURE PROVIDERS, DATA PROCESSING, WEB HOSTING, AND RELATED SERVICES",OK,,USA,KAY,BLACKWELL,,74631,6511.0,,2025-04-04-0017
36C77624N0300,Department of Veterans Affairs,CONCORDANT LLC,6667737.0,Acquisition Utilization Specialists (1101s) - Ordering Period Two,Expired,https://www.fpds.gov/ezsearch/jsp/viewLinkController.jsp?agencyID=3600&PIID=36C77624N0300&modNumber=0&idvAgencyID=&idvPIID=36C77623D0003&contractType=AWARD,3/12/2025,3197457.0,3600,36C77624N0300,0,3600,36C77623D0003,0,02/29/2024,03/01/2024,02/28/2025,02/28/2025,02/28/2024,3470280.0,,6667737.0,,6667737.0,,L47XLX9LJLH5,CONCORDANT LLC,,67JG8,208 E GARFIELD ST,STE 200,LARAMIE,WY,820703666,USA,UNITED STATES,(307) 413-3841,(703) 536-0902,WYOMING 00,R707,SUPPORT- MANAGEMENT: CONTRACT/PROCUREMENT/ACQUISITION SUPPORT,541611.0,ADMINISTRATIVE MANAGEMENT AND GENERAL MANAGEMENT CONSULTING SERVICES,OH,,USA,CUYAHOGA,INDEPENDENCE,,44131,6969.0,,2025-04-04-0017
36C10X23P0107,Department of Veterans Affairs,"TECHNICAL ASSENT, LLC",4965771.0,End of the PoP is 14FEB2025; it will subsequently transfer to closeout.,Expired,https://www.fpds.gov/ezsearch/jsp/viewLinkController.jsp?agencyID=3600&PIID=36C10X23P0107&modNumber=P00001&idvAgencyID=&idvPIID=&contractType=AWARD,3/12/2025,0.0,3600,36C10X23P0107,P00001,,,,11/30/2023,09/15/2023,02/14/2025,02/14/2025,09/13/2023,3474001.76,4965771.32,3474001.76,4965771.32,0.0,4965771.32,TQL1KP1SVQZ5,"TECHNICAL ASSENT, LLC",TECHNICAL ASSENT LLC,6HZQ1,3100 CLARENDON BLVD,STE 200,ARLINGTON,VA,222015302,USA,UNITED STATES,(202) 299-4550,,VIRGINIA 08,R410,SUPPORT- PROFESSIONAL: PROGRAM EVALUATION/REVIEW/DEVELOPMENT,541611.0,ADMINISTRATIVE MANAGEMENT AND GENERAL MANAGEMENT CONSULTING SERVICES,VA,,USA,ARLINGTON,ARLINGTON,,22201,5302.0,,2025-04-04-0017
36C26120F0518,Department of Veterans Affairs,CAMEO CONSULTING GROUP LLC,4699360.0,Contract Specialist Support Services for NCO 21,TERMINATED,https://www.fpds.gov/ezsearch/jsp/viewLinkController.jsp?agencyID=3600&PIID=36C26120F0518&modNumber=P00013&idvAgencyID=&idvPIID=GS00F280DA&contractType=AWARD,3/12/2025,278720.0,3600,36C26120F0518,P00013,4732,GS00F280DA,PA0031,03/11/2025,09/27/2020,03/05/2025,03/05/2025,09/15/2020,-422611.31,3998029.12,-422611.31,3998029.12,-422611.31,4276748.79,GR37ULLYKLK9,"CAMEO CONSULTING GROUP, LLC",,6UHA6,401 N WASHINGTON ST STE 600,,ROCKVILLE,MD,208501977,USA,UNITED STATES,(480) 330-6650,(540) 595-0891,MARYLAND 08,R707,SUPPORT- MANAGEMENT: CONTRACT/PROCUREMENT/ACQUISITION SUPPORT,541611.0,ADMINISTRATIVE MANAGEMENT AND GENERAL MANAGEMENT CONSULTING SERVICES,VA,,USA,ALEXANDRIA CITY,ALEXANDRIA,,22304,8716.0,,2025-04-04-0017
36C25820F0112,Department of Veterans Affairs,"STAFFORD CONSULTING COMPANY, INC.",3356527.0,Contract Specialist Support,TERMINATED,https://www.fpds.gov/ezsearch/jsp/viewLinkController.jsp?agencyID=3600&PIID=36C25820F0112&modNumber=P00017&idvAgencyID=&idvPIID=GS00F283GA&contractType=AWARD,3/12/2025,2136747.0,3600,36C25820F0112,P00017,4732,GS00F283GA,PA0034,03/11/2025,09/01/2020,03/04/2025,03/04/2025,08/04/2020,0.0,5322444.92,0.0,5322444.92,0.0,5322444.92,GMQFM999K2E5,"STAFFORD CONSULTING COMPANY, INC.",,6JNW1,1765 GREENSBORO STATION PL,STE 900,MC LEAN,VA,221023470,USA,UNITED STATES,(301) 502-8967,(256) 325-0418,VIRGINIA 11,R499,SUPPORT- PROFESSIONAL: OTHER,541611.0,ADMINISTRATIVE MANAGEMENT AND GENERAL MANAGEMENT CONSULTING SERVICES,AZ,,USA,PIMA,TUCSON,,85723,99.0,,2025-04-04-0017
36C25921F0472,Department of Veterans Affairs,PLANATE MANAGEMENT GROUP LLC,3313328.0,This contract assists the Grand Junction VA in performing Architect & Engineering type services for the day-to-day project and construction management for the Western Colorado Health Care System.,SUPPLEMENTAL AGREEMENT FOR WORK WITHIN SCOPE,https://www.fpds.gov/ezsearch/jsp/viewLinkController.jsp?agencyID=3600&PIID=36C25921F0472&modNumber=P00006&idvAgencyID=&idvPIID=GS23F058AA&contractType=AWARD,3/12/2025,746814.0,3600,36C25921F0472,P00006,4732,GS23F058AA,PA0035,02/18/2025,09/30/2021,03/04/2025,03/04/2025,07/01/2021,0.0,2089145.99,0.0,2089145.99,0.0,2835959.79,ZL3LH37LF183,PLANATE MANAGEMENT GROUP LLC,,4XZF6,1800 DIAGONAL RD,STE 600,ALEXANDRIA,VA,22314,USA,UNITED STATES,(703) 232-1491,(866) 844-4373, ,C1DA,ARCHITECT AND ENGINEERING- CONSTRUCTION: HOSPITALS AND INFIRMARIES,541611.0,ADMINISTRATIVE MANAGEMENT AND GENERAL MANAGEMENT CONSULTING SERVICES,CO,,USA,MESA,GRAND JUNCTION,,81501,8925.0,,2025-04-04-0017
36C24425C0004,Department of Veterans Affairs,"HUMAN DOMAIN SOLUTIONS, LLC",3006997.0,allows for independent reviews to be conducted which identify VAMC opportunities in meeting standards set forth by regulatory and accrediting bodies.,TERMINATED,https://www.fpds.gov/ezsearch/jsp/viewLinkController.jsp?agencyID=3600&PIID=36C24425C0004&modNumber=P00001&idvAgencyID=&idvPIID=&contractType=AWARD,3/12/2025,2829232.0,3600,36C24425C0004,P00001,,,,03/14/2025,12/15/2024,03/14/2025,03/14/2025,09/30/2024,-177764.6,0.0,-177764.6,0.0,-3006996.5,0.0,K1U6JAFA9H89,"HUMAN DOMAIN SOLUTIONS, LLC",,6XRG6,403 E MONROE AVE,,ALEXANDRIA,VA,223011624,USA,UNITED STATES,(703) 853-0928,(571) 431-7032,VIRGINIA 08,R410,SUPPORT- PROFESSIONAL: PROGRAM EVALUATION/REVIEW/DEVELOPMENT,541611.0,ADMINISTRATIVE MANAGEMENT AND GENERAL MANAGEMENT CONSULTING SERVICES,PA,,USA,ALLEGHENY,PITTSBURGH,,15240,1005.0,,2025-04-04-0017
36C10D21F0011,Department of Veterans Affairs,"TRILOGY FEDERAL, LLC",3000333.0,PROGRAM MANAGEMENT SUPPORT,SUPPLEMENTAL AGREEMENT FOR WORK WITHIN SCOPE,https://www.fpds.gov/ezsearch/jsp/viewLinkController.jsp?agencyID=3600&PIID=36C10D21F0011&modNumber=P00002&idvAgencyID=&idvPIID=GS00F350GA&contractType=AWARD,3/12/2025,2193034.0,3600,36C10D21F0011,P00002,4732,GS00F350GA,PA0006,02/03/2022,05/31/2021,05/30/2022,05/30/2025,04/15/2021,0.0,807299.0,0.0,807299.0,0.0,3000333.0,QY6ZENEB34D9,"TRILOGY FEDERAL, LLC",,5EQT3,1100 WILSON BLVD STE 1100,,ARLINGTON,VA,222092278,USA,UNITED STATES,(703) 589-9029,,VIRGINIA 08,R408,SUPPORT- PROFESSIONAL: PROGRAM MANAGEMENT/SUPPORT,541611.0,ADMINISTRATIVE MANAGEMENT AND GENERAL MANAGEMENT CONSULTING SERVICES,DC,,USA,DISTRICT OF COLUMBIA,WASHINGTON,,20006,1053.0,,2025-04-04-0017
36C10X23F0086,Department of Veterans Affairs,GENTECH ASSOCIATES INC,2436213.0,PoP ended on 28SEP2024; final option period was not exercised. Currently preparing this for closeout.,BASE AWARD,https://www.fpds.gov/ezsearch/jsp/viewLinkController.jsp?agencyID=3600&PIID=36C10X23F0086&modNumber=0&idvAgencyID=&idvPIID=GS23F053AA&contractType=AWARD,3/12/2025,1511131.0,3600,36C10X23F0086,0,4732,GS23F053AA,PA0035,09/26/2023,09/29/2023,09/28/2024,09/28/2026,08/17/2023,925081.7,,925081.7,,2436213.18,,VHWFFFZFWSQ1,"GENTECH ASSOCIATES, INC.",,4GRB5,9100 PURDUE RD,STE 200,INDIANAPOLIS,IN,462683165,USA,UNITED STATES,(866) 432-1040,(866) 432-1040,INDIANA 07,R704,SUPPORT- MANAGEMENT: AUDITING,541611.0,ADMINISTRATIVE MANAGEMENT AND GENERAL MANAGEMENT CONSULTING SERVICES,IN,,USA,MARION,INDIANAPOLIS,,46268,6811.0,,2025-04-04-0017
36C25521N0572,Department of Veterans Affairs,"Maxim Healthcare Services, Inc.",1991724.0,medical coding and auditing services,TERMINATED,https://www.fpds.gov/ezsearch/jsp/viewLinkController.jsp?agencyID=3600&PIID=36C25521N0572&modNumber=P00009&idvAgencyID=&idvPIID=36C10G21A0004&contractType=AWARD,3/12/2025,875276.0,3600,36C25521N0572,P00009,3600,36C10G21A0004,P00005,03/18/2025,09/29/2021,09/28/2025,09/28/2025,09/13/2021,-230254.69,691247.02,-230254.69,691247.02,-230254.69,1566522.62,DFUAFDQFV943,MAXIM HEALTHCARE SERVICES INCORPORATED (0951),,1NW03,7080 SAMUEL MORSE DRIVE,,COLUMBIA,MD,210463405,USA,UNITED STATES,,,MARYLAND 03,Q601,MEDICAL CODING AND AUDITING,541611.0,ADMINISTRATIVE MANAGEMENT AND GENERAL MANAGEMENT CONSULTING SERVICES,MO,,USA,BOONE,COLUMBIA,,65201,5275.0,,2025-04-04-0017
36C24E24N0213,Department of Veterans Affairs,"PATHFINDER CONSULTANTS, LLC",1738672.0,Supporting the delivery of supplies and services to VHA hospitals and clinics providing healthcare to Veterans.,BASE AWARD,https://www.fpds.gov/ezsearch/jsp/viewLinkController.jsp?agencyID=3600&PIID=36C24E24N0213&modNumber=0&idvAgencyID=&idvPIID=36C24E22A0003&contractType=AWARD,3/12/2025,0.0,3600,36C24E24N0213,0,3600,36C24E22A0003,P00004,09/21/2024,09/21/2024,09/20/2025,09/20/2025,09/11/2024,1738672.0,,1738672.0,,1738672.0,,NE7FN362JCH1,"PATHFINDER CONSULTANTS, LLC",,5ZLG0,1936 E BEECH RD,,STERLING,VA,201641934,USA,UNITED STATES,(202) 737-7284,(202) 618-6234,VIRGINIA 10,R707,SUPPORT- MANAGEMENT: CONTRACT/PROCUREMENT/ACQUISITION SUPPORT,541611.0,ADMINISTRATIVE MANAGEMENT AND GENERAL MANAGEMENT CONSULTING SERVICES,MA,,USA,MIDDLESEX,BEDFORD,,01730,1488.0,,2025-04-04-0017
36C10G23C0004,Department of Veterans Affairs,FAIR HEALTH INC,1709781.0,Dental Data and Medical Benchmarks,FUNDING ONLY ACTION,https://www.fpds.gov/ezsearch/jsp/viewLinkController.jsp?agencyID=3600&PIID=36C10G23C0004&modNumber=P00002&idvAgencyID=&idvPIID=&contractType=AWARD,3/12/2025,1211581.0,3600,36C10G23C0004,P00002,,,,12/18/2024,03/01/2023,02/29/2024,02/29/2028,01/10/2023,-186350.0,498200.5,0.0,684550.5,0.0,1709781.0,RJMZF2EL2EE5,"FAIR HEALTH, INC.",,6CET5,530 5TH AVE FL 18,,NEW YORK,NY,100365109,USA,UNITED STATES,(212) 370-0704,(315) 515-6107,NEW YORK 12,R499,SUPPORT- PROFESSIONAL: OTHER,541611.0,ADMINISTRATIVE MANAGEMENT AND GENERAL MANAGEMENT CONSULTING SERVICES,NY,,USA,NEW YORK,NEW YORK,,10036,4271.0,,2025-04-04-0017
36C26224F0475,Department of Veterans Affairs,PRESS GANEY ASSOCIATES LLC,1574038.0,Assessment Operating and Reporting,TERMINATED,https://www.fpds.gov/ezsearch/jsp/viewLinkController.jsp?agencyID=3600&PIID=36C26224F0475&modNumber=P00002&idvAgencyID=&idvPIID=GS10F0205R&contractType=AWARD,3/12/2025,1259231.0,3600,36C26224F0475,P00002,4730,GS10F0205R,PA0064,03/26/2025,07/01/2024,03/31/2025,03/31/2025,06/12/2024,-78701.97,236105.67,-78701.97,1495336.23,-78701.97,1495336.23,PTAKRVGUJE53,PRESS GANEY ASSOCIATES LLC,,3DFC7,1173 IGNITION DR,,SOUTH BEND,IN,466012901,USA,UNITED STATES,(800) 232-8032,,INDIANA 02,R405,SUPPORT- PROFESSIONAL: OPERATIONS RESEARCH/QUANTITATIVE ANALYSIS,541611.0,ADMINISTRATIVE MANAGEMENT AND GENERAL MANAGEMENT CONSULTING SERVICES,IN,,USA,ST JOSEPH,SOUTH BEND,,46601,2355.0,,2025-04-04-0017
36C26024N0431,Department of Veterans Affairs,"STAFFORD CONSULTING COMPANY, INC.",1506960.0,NCO 20 Acquisition Support Services,TERMINATED,https://www.fpds.gov/ezsearch/jsp/viewLinkController.jsp?agencyID=3600&PIID=36C26024N0431&modNumber=P00001&idvAgencyID=&idvPIID=36C26019A0031&contractType=AWARD,3/12/2025,0.0,3600,36C26024N0431,P00001,3600,36C26019A0031,P00010,03/26/2025,09/15/2024,02/25/2025,02/25/2025,08/27/2024,-950745.23,556214.77,-950745.23,556214.77,-950745.23,556214.77,GMQFM999K2E5,"STAFFORD CONSULTING COMPANY, INC.",,6JNW1,1765 GREENSBORO STATION PL,STE 900,MC LEAN,VA,221023470,USA,UNITED STATES,(301) 502-8967,(256) 325-0418,VIRGINIA 11,R707,SUPPORT- MANAGEMENT: CONTRACT/PROCUREMENT/ACQUISITION SUPPORT,541611.0,ADMINISTRATIVE MANAGEMENT AND GENERAL MANAGEMENT CONSULTING SERVICES,WA,,USA,CLARK,VANCOUVER,,98661,5160.0,,2025-04-04-0017
36C24822P2337,Department of Veterans Affairs,MIHALIK GROUP LLC,1494088.0,Accreditation Readiness Survey,TERMINATED,https://www.fpds.gov/ezsearch/jsp/viewLinkController.jsp?agencyID=3600&PIID=36C24822P2337&modNumber=P00005&idvAgencyID=&idvPIID=&contractType=AWARD,3/12/2025,607000.0,3600,36C24822P2337,P00005,,,,03/12/2025,09/14/2022,03/12/2025,03/12/2025,08/17/2022,0.0,887088.34,0.0,887088.34,0.0,1494088.34,FJ21G5NJWVN6,"MIHALIK GROUP, L.L.C., THE",,1SCG1,2831 N HALSTED ST UNIT 1S,,CHICAGO,IL,606576883,USA,UNITED STATES,(773) 929-4276,(773) 949-4466,ILLINOIS 05,R410,SUPPORT- PROFESSIONAL: PROGRAM EVALUATION/REVIEW/DEVELOPMENT,541611.0,ADMINISTRATIVE MANAGEMENT AND GENERAL MANAGEMENT CONSULTING SERVICES,FL,,USA,HILLSBOROUGH,TAMPA,,33612,5000.0,,2025-04-04-0017
36C77624F0030,Department of Veterans Affairs,"MABBETT & ASSOCIATES, INC.",299007.0,supporting Minor Construction project for Fisher House Site Survey,TERMINATED,https://www.fpds.gov/ezsearch/jsp/viewLinkController.jsp?agencyID=3600&PIID=36C77624F0030&modNumber=P00002&idvAgencyID=&idvPIID=GS10F0120T&contractType=AWARD,3/12/2025,0.0,3600,36C77624F0030,P00002,4730,GS10F0120T,PA0037,03/04/2025,09/26/2024,03/04/2025,03/04/2025,08/28/2024,0.0,299007.33,0.0,299007.33,0.0,299007.33,JACMATCH87S5,MABBETT AND ASSOCIATES INCORPORATED,,361J7,105 CENTRAL ST,STE 4100,STONEHAM,MA,021801260,USA,UNITED STATES,(781) 275-6050,(781) 275-3137,MASSACHUSETTS 05,C219,ARCHITECT AND ENGINEERING- GENERAL: OTHER,541620.0,ENVIRONMENTAL CONSULTING SERVICES,IA,,USA,JOHNSON,IOWA CITY,,52246,8685.0,,2025-04-04-0017
36C10F23C0011,Department of Veterans Affairs,THE ADVISORY BOARD COMPANY,260313.0,The Advisory Board Company,TERMINATED,https://www.fpds.gov/ezsearch/jsp/viewLinkController.jsp?agencyID=3600&PIID=36C10F23C0011&modNumber=P00002&idvAgencyID=&idvPIID=&contractType=AWARD,3/12/2025,152188.0,3600,36C10F23C0011,P00002,,,,03/05/2025,09/30/2023,03/05/2025,03/05/2025,09/11/2023,0.0,108125.0,0.0,108125.0,0.0,260312.5,H1MSGK24RQN4,THE ADVISORY BOARD COMPANY,THE ADVISORY BOARD COMPANY,1NYJ4,655 NEW YORK AVENUE NW,,WASHINGTON,DC,200014593,USA,UNITED STATES,(952) 205-6183,(202) 266-5700,DISTRICT OF COLUMBIA 98,U005,EDUCATION/TRAINING- TUITION/REGISTRATION/MEMBERSHIP FEES,541618.0,OTHER MANAGEMENT CONSULTING SERVICES,DC,,USA,DISTRICT OF COLUMBIA,WASHINGTON,,20001,1152.0,,2025-04-04-0017
36C25020F1191,Department of Veterans Affairs,TTL ASSOCIATES INC,238752.0,Industrial Hygiene Services,TERMINATED,https://www.fpds.gov/ezsearch/jsp/viewLinkController.jsp?agencyID=3600&PIID=36C25020F1191&modNumber=P00008&idvAgencyID=&idvPIID=GS10F0255U&contractType=AWARD,3/12/2025,14345.0,3600,36C25020F1191,P00008,4730,GS10F0255U,PO0033,03/05/2025,09/16/2020,03/05/2025,03/05/2025,,-40794.28,183612.52,0.0,224406.8,0.0,238752.0,LT84VEJCWRR3,CT CONSULTANTS INC,,0EPP3,8150 STERLING CT,,MENTOR,OH,440605698,USA,UNITED STATES,(440) 530-2316,(440) 951-7487,OHIO 14,H999,OTHER QC/TEST/INSPECT- MISCELLANEOUS,541620.0,ENVIRONMENTAL CONSULTING SERVICES,OH,,USA,ROSS,CHILLICOTHE,,45601,2637.0,,2025-04-04-0017
36C25024P0225,Department of Veterans Affairs,NATIONAL ACADEMY OF SCIENCES,225000.0,Membership fees - Microbial Threat Forum,TERMINATED,https://www.fpds.gov/ezsearch/jsp/viewLinkController.jsp?agencyID=3600&PIID=36C25024P0225&modNumber=P00003&idvAgencyID=&idvPIID=&contractType=AWARD,3/12/2025,75000.0,3600,36C25024P0225,P00003,,,,03/05/2025,12/01/2023,03/04/2025,03/04/2025,11/03/2023,0.0,150000.0,0.0,150000.0,0.0,225000.0,PKFJZHG2MLG9,NATIONAL ACADEMY OF SCIENCES,,1D969,2101 CONSTITUTION AVE NW,,WASHINGTON,DC,204180007,USA,UNITED STATES,(202) 334-2428,,DISTRICT OF COLUMBIA 98,R408,SUPPORT- PROFESSIONAL: PROGRAM MANAGEMENT/SUPPORT,541690.0,OTHER SCIENTIFIC AND TECHNICAL CONSULTING SERVICES,OH,,USA,HAMILTON,CINCINNATI,,45220,2213.0,,2025-04-04-0017
36C25021F0134,Department of Veterans Affairs,"SUSTAINMENT TECHNOLOGIES, LLC",216371.0,Hospital MRI injector maintenance contract,TERMINATED,https://www.fpds.gov/ezsearch/jsp/viewLinkController.jsp?agencyID=3600&PIID=36C25021F0134&modNumber=P00008&idvAgencyID=&idvPIID=GS10F0135T&contractType=AWARD,3/12/2025,7869.0,3600,36C25021F0134,P00008,4730,GS10F0135T,PS0018NAMEAGREECHG,03/05/2025,10/01/2020,03/05/2025,03/05/2025,,0.0,208501.16,0.0,208501.16,0.0,216370.64,RF8GTYHMQLL1,"SUSTAINMENT TECHNOLOGIES, LLC",,3GG41,1733 BRIARCREST DRIVE SUITE 101,,BRYAN,TX,778022738,USA,UNITED STATES,(979) 764-2080,(979) 764-2090,TEXAS 10,J065,"MAINT/REPAIR/REBUILD OF EQUIPMENT- MEDICAL, DENTAL, AND VETERINARY EQUIPMENT AND SUPPLIES",541614.0,"PROCESS, PHYSICAL DISTRIBUTION, AND LOGISTICS CONSULTING SERVICES",OH,,USA,FRANKLIN,COLUMBUS,,43219,3494.0,,2025-04-04-0017
36C24725F0032,Department of Veterans Affairs,"NEW SOUTH ASSOCIATES, INC.",199566.0,Historical Preservation Services,TERMINATED,https://www.fpds.gov/ezsearch/jsp/viewLinkController.jsp?agencyID=3600&PIID=36C24725F0032&modNumber=P00001&idvAgencyID=&idvPIID=47QRAA22D00EW&contractType=AWARD,3/12/2025,0.0,3600,36C24725F0032,P00001,4732,47QRAA22D00EW,0,03/05/2025,11/01/2024,03/05/2025,03/05/2025,08/01/2024,-197655.89,1909.83,-197655.89,1909.83,-197655.89,1909.83,FA2ZB2AMVJL4,"NEW SOUTH ASSOCIATES, INC.",,0K629,6150 E PONCE DE LEON AVE,,STONE MOUNTAIN,GA,300832253,USA,UNITED STATES,(770) 498-4155,(770) 498-3809,GEORGIA 04,B521,SPECIAL STUDIES/ANALYSIS- HISTORICAL,541620.0,ENVIRONMENTAL CONSULTING SERVICES,SC,,USA,RICHLAND,COLUMBIA,,29209,2110.0,,2025-04-04-0017
36C10X23N0036,Department of Veterans Affairs,"AGI INTERNATIONAL, INC.",198047.0,Annual Inventory Services - VISN 12 Jesse Brown Chicago Healthcare System,TERMINATED,https://www.fpds.gov/ezsearch/jsp/viewLinkController.jsp?agencyID=3600&PIID=36C10X23N0036&modNumber=P00003&idvAgencyID=&idvPIID=36C10X21A0007&contractType=AWARD,3/12/2025,53922.0,3600,36C10X23N0036,P00003,3600,36C10X21A0007,0,03/04/2025,01/31/2023,03/04/2025,03/04/2025,12/13/2022,0.0,144125.0,0.0,144125.0,0.0,198047.0,U4YJF71RCLB4,"AGI INTERNATIONAL, INC.",,4QAP3,2525 N SHADELAND AVE STE D5,,INDIANAPOLIS,IN,462191770,USA,UNITED STATES,(317) 340-8664,(317) 536-8765,INDIANA 07,R610,SUPPORT- ADMINISTRATIVE:- PERSONAL PROPERTY MANAGEMENT,541614.0,"PROCESS, PHYSICAL DISTRIBUTION, AND LOGISTICS CONSULTING SERVICES",IL,,USA,COOK,CHICAGO HEIGHTS,,60411,1003.0,,2025-04-04-0017
36C10X22N0053,Department of Veterans Affairs,"Galactic Network Integrators, Inc",190197.0,ANNUAL INVENTORY SERVICES - VISN 10 Detroit inventory,TERMINATED,https://www.fpds.gov/ezsearch/jsp/viewLinkController.jsp?agencyID=3600&PIID=36C10X22N0053&modNumber=P00003&idvAgencyID=&idvPIID=36C10X21A0008&contractType=AWARD,3/12/2025,49322.0,3600,36C10X22N0053,P00003,3600,36C10X21A0008,0,03/04/2025,04/22/2022,03/04/2025,03/04/2025,,0.0,140874.47,0.0,140874.47,0.0,190196.83,C4J3LCNARZ67,"GALACTIC NETWORK INTEGRATORS, INC.",,1SMK3,4001 JUAN TABO BLVD NE STE F,,ALBUQUERQUE,NM,871113979,USA,UNITED STATES,(505) 508-5401,(505) 508-5590,NEW MEXICO 01,R610,SUPPORT- ADMINISTRATIVE:- PERSONAL PROPERTY MANAGEMENT,541614.0,"PROCESS, PHYSICAL DISTRIBUTION, AND LOGISTICS CONSULTING SERVICES",ME,,USA,SOMERSET,DETROIT,,04929,3221.0,,2025-04-04-0017
36C10X23F0064,Department of Veterans Affairs,"MABBETT & ASSOCIATES, INC.",185595.0,Annual Workplace Evaluations,TERMINATED,https://www.fpds.gov/ezsearch/jsp/viewLinkController.jsp?agencyID=3600&PIID=36C10X23F0064&modNumber=P00002&idvAgencyID=&idvPIID=GS10F0120T&contractType=AWARD,3/12/2025,115164.0,3600,36C10X23F0064,P00002,4730,GS10F0120T,PA0037,03/04/2025,07/31/2023,03/04/2025,03/04/2025,06/07/2023,0.0,70431.35,0.0,70431.35,0.0,185594.94,JACMATCH87S5,MABBETT AND ASSOCIATES INCORPORATED,,361J7,105 CENTRAL ST,STE 4100,STONEHAM,MA,021801260,USA,UNITED STATES,(781) 275-6050,(781) 275-3137,MASSACHUSETTS 05,R499,SUPPORT- PROFESSIONAL: OTHER,541620.0,ENVIRONMENTAL CONSULTING SERVICES,DC,,USA,DISTRICT OF COLUMBIA,WASHINGTON,,20001,1140.0,,2025-04-04-0017
36C10X22N0052,Department of Veterans Affairs,"AGI INTERNATIONAL, INC.",179396.0,Annual Inventory Services - VISN 10 Saginaw and Ann Arbor inventory,TERMINATED,https://www.fpds.gov/ezsearch/jsp/viewLinkController.jsp?agencyID=3600&PIID=36C10X22N0052&modNumber=P00003&idvAgencyID=&idvPIID=36C10X21A0007&contractType=AWARD,3/12/2025,27842.0,3600,36C10X22N0052,P00003,3600,36C10X21A0007,0,03/04/2025,04/20/2022,03/04/2025,03/04/2025,,0.0,151554.0,0.0,151554.0,0.0,179396.0,U4YJF71RCLB4,"AGI INTERNATIONAL, INC.",,4QAP3,2525 N SHADELAND AVE STE D5,,INDIANAPOLIS,IN,462191770,USA,UNITED STATES,(317) 340-8664,(317) 536-8765,INDIANA 07,R610,SUPPORT- ADMINISTRATIVE:- PERSONAL PROPERTY MANAGEMENT,541614.0,"PROCESS, PHYSICAL DISTRIBUTION, AND LOGISTICS CONSULTING SERVICES",MI,,USA,SAGINAW,SAGINAW,,48602,3416.0,,2025-04-04-0017
36C10F24N0008,Department of Veterans Affairs,"ANDERSON ENGINEERING OF MINNESOTA, LLC",273953.0,Fort Scott Environmetnal,TERMINATED,https://www.fpds.gov/ezsearch/jsp/viewLinkController.jsp?agencyID=3600&PIID=36C10F24N0008&modNumber=P00002&idvAgencyID=&idvPIID=47QRAA18D006J&contractType=AWARD,3/12/2025,85596.0,3600,36C10F24N0008,P00002,4732,47QRAA18D006J,0,03/04/2025,05/16/2024,03/04/2025,03/04/2025,02/01/2024,0.0,188356.95,0.0,188356.95,0.0,273952.57,N3WLAAEHKYN8,"ANDERSON ENGINEERING OF MINNESOTA, LLC",,4E2C2,13605 1ST AVE N STE 100,,MINNEAPOLIS,MN,554415463,USA,UNITED STATES,(763) 412-4000,(763) 412-4090,MINNESOTA 03,B510,SPECIAL STUDIES/ANALYSIS- ENVIRONMENTAL ASSESSMENTS,541330.0,ENGINEERING SERVICES,KS,,USA,BOURBON,FORT SCOTT,,66701,1426.0,,2025-04-04-0017
36C78625F50126,Department of Veterans Affairs,MANAGEMENT RESOURCE SERVICES INC,33830.0,CEMETERY DIRECTOR DEVELOPMENT PROGRAM'S MENTOR-PROTEGE TRAINING CONTRACT FOR FY25 CLASS.,TERMINATED,https://www.fpds.gov/ezsearch/jsp/viewLinkController.jsp?agencyID=3600&PIID=36C78625F50126&modNumber=P00001&idvAgencyID=&idvPIID=GS10F0275S&contractType=AWARD,3/12/2025,0.0,3600,36C78625F50126,P00001,4730,GS10F0275S,PA0026,03/11/2025,01/13/2025,09/30/2025,09/30/2025,,0.0,33830.28,0.0,33830.28,0.0,33830.28,EKLGX2MA7JN1,MANAGEMENT RESOURCE SERVICES INC,,3DK90,73 BEAUMONT CIR,,HAMPSTEAD,NC,284433950,USA,UNITED STATES,(630) 983-7607,,NORTH CAROLINA 07,U008,EDUCATION/TRAINING- TRAINING/CURRICULUM DEVELOPMENT,541611.0,ADMINISTRATIVE MANAGEMENT AND GENERAL MANAGEMENT CONSULTING SERVICES,MO,,USA,SAINT LOUIS CITY,SAINT LOUIS,,63125,1007.0,,2025-04-04-0017
36C24524C0133,Department of Veterans Affairs,ANDRE JOYCELYN DEVYN AYSIA GROUP LLC,1307916.0,DATA ABSTRACTION SVCS,TERMINATED,https://www.fpds.gov/ezsearch/jsp/viewLinkController.jsp?agencyID=3600&PIID=36C24524C0133&modNumber=P00001&idvAgencyID=&idvPIID=&contractType=AWARD,3/12/2025,884954.0,3600,36C24524C0133,P00001,,,,03/11/2025,09/18/2024,02/25/2025,02/25/2025,08/09/2024,0.0,422962.4,0.0,1307916.0,0.0,1307916.0,TV3TRD5N4X37,ANDRE JOYCELYN DEVYN AYSIA GROUP LLC,"AJDA GROUP, LLC",94BY7,50 HURT PLZ SE STE 1600,,ATLANTA,GA,303032971,USA,UNITED STATES,(321) 246-7865,,GEORGIA 05,R617,SUPPORT - ADMINISTRATIVE: ELECTRONIC RECORDS MANAGEMENT SERVICES,541611.0,ADMINISTRATIVE MANAGEMENT AND GENERAL MANAGEMENT CONSULTING SERVICES,MD,,USA,MONTGOMERY,SILVER SPRING,,20910,1022.0,,2025-04-04-0017
36C26322C0058,Department of Veterans Affairs,"CRAWFORD, EEAN",75233.0,RESEARCH CONTRACT FOR EEAN CRAWFORD.,TERMINATED,https://www.fpds.gov/ezsearch/jsp/viewLinkController.jsp?agencyID=3600&PIID=36C26322C0058&modNumber=P00004&idvAgencyID=&idvPIID=&contractType=AWARD,3/12/2025,20000.0,3600,36C26322C0058,P00004,,,,03/11/2025,08/15/2022,03/05/2025,03/05/2025,07/26/2022,-4767.12,55232.88,-4767.12,55232.88,-4767.12,75232.88,JC7XBC34F6K3,"CRAWFORD, EEAN",EEAN CRAWFORD CONSULTING,6WNV1,1240 FLAGSTAFF ST,,IOWA CITY,IA,522468684,USA,UNITED STATES,(352) 222-6447,(319) 335-1956,IOWA 01,AN12,HEALTH R&D SERVICES; HEALTH CARE SERVICES; APPLIED RESEARCH,541611.0,ADMINISTRATIVE MANAGEMENT AND GENERAL MANAGEMENT CONSULTING SERVICES,IA,,USA,JOHNSON,IOWA CITY,,52246,8684.0,,2025-04-04-0017
36C25923P1131,Department of Veterans Affairs,ACCORD CONSULTING & EVALUATION SERVICES,133570.0,"FACILITATION, TRAINING, AND COACHING FOR VETERAN ENGAGEMENT GROUPS FOR THE ROCKY MOUNTAIN REGIONAL VA MEDICAL CENTER GROVE CENTER",TERMINATED,https://www.fpds.gov/ezsearch/jsp/viewLinkController.jsp?agencyID=3600&PIID=36C25923P1131&modNumber=P00003&idvAgencyID=&idvPIID=&contractType=AWARD,3/12/2025,82120.0,3600,36C25923P1131,P00003,,,,03/11/2025,07/28/2023,03/05/2025,03/05/2025,06/28/2023,-822.5,51450.0,-822.5,51450.0,-822.5,133570.0,SKPJHLNAMDA1,ACCORD CONSULTING & EVALUATION SERVICES,,7DDF6,37 S 68TH ST,,BOULDER,CO,803034301,USA,UNITED STATES,(303) 579-7212,,COLORADO 02,R499,SUPPORT- PROFESSIONAL: OTHER,541611.0,ADMINISTRATIVE MANAGEMENT AND GENERAL MANAGEMENT CONSULTING SERVICES,CO,,USA,ADAMS,AURORA,,80045,7211.0,,2025-04-04-0017
36C26120C0041,Department of Veterans Affairs,DATA2DESIGN TECHNOLOGIES LLC,1863515.0,LEAN CONSULTING SERVICES,TERMINATED,https://www.fpds.gov/ezsearch/jsp/viewLinkController.jsp?agencyID=3600&PIID=36C26120C0041&modNumber=P00010&idvAgencyID=&idvPIID=&contractType=AWARD,3/12/2025,227949.0,3600,36C26120C0041,P00010,,,,03/11/2025,06/01/2020,05/31/2025,05/31/2025,,-62801.77,1635566.59,-62801.77,1635566.59,-62801.77,1863515.25,KLLVW6PAXBB5,DATA2DESIGN TECHNOLOGIES LLC,,6U0V7,56 SWEET TEA LANE,,FREEPORT,FL,324397648,USA,UNITED STATES,(737) 802-7092,,FLORIDA 01,R799,SUPPORT- MANAGEMENT: OTHER,541611.0,ADMINISTRATIVE MANAGEMENT AND GENERAL MANAGEMENT CONSULTING SERVICES,CA,,USA,SANTA CLARA,PALO ALTO,,94304,2213.0,,2025-04-04-0017
36C24222P1360,Department of Veterans Affairs,"DONALD C. MILLER & ASSOCIATES, INC.",40334.0,FOOD SERVICE CONSULTING FOR THE SYRACUSE VAMC.,TERMINATED,https://www.fpds.gov/ezsearch/jsp/viewLinkController.jsp?agencyID=3600&PIID=36C24222P1360&modNumber=P00002&idvAgencyID=&idvPIID=&contractType=AWARD,3/12/2025,0.0,3600,36C24222P1360,P00002,,,,03/11/2025,09/15/2022,03/06/2025,03/06/2025,,-85666.34,40333.67,-85666.34,40333.67,-85666.34,40333.67,CVRLMK4LP4R9,"DONALD C. MILLER & ASSOCIATES, INC.",DON MILLER & ASSOCIATES,5T4L2,871 BOWSPRIT RD,,CHULA VISTA,CA,919144529,USA,UNITED STATES,(619) 972-6288,(619) 656-1321,CALIFORNIA 52,R410,SUPPORT- PROFESSIONAL: PROGRAM EVALUATION/REVIEW/DEVELOPMENT,541611.0,ADMINISTRATIVE MANAGEMENT AND GENERAL MANAGEMENT CONSULTING SERVICES,NY,,USA,ONONDAGA,SYRACUSE,,13210,1004.0,,2025-04-04-0017
36C24424F0383,Department of Veterans Affairs,"CORNERBROOKE, LLC",139577.0,PROFESSIONAL DEVELOPMENT SERVICES,TERMINATED,https://www.fpds.gov/ezsearch/jsp/viewLinkController.jsp?agencyID=3600&PIID=36C24424F0383&modNumber=P00001&idvAgencyID=&idvPIID=47QRAA23D008C&contractType=AWARD,3/12/2025,0.0,3600,36C24424F0383,P00001,4732,47QRAA23D008C,0,03/11/2025,06/01/2024,03/06/2025,03/06/2025,04/17/2024,-45377.6,139577.17,-45377.6,139577.17,-172064.69,139577.17,CJQWQJTS7EM7,"CORNERBROOKE, LLC",,7WFT5,3412 N BUCHANAN ST,,ARLINGTON,VA,222072879,USA,UNITED STATES,(703) 967-8110,,VIRGINIA 08,U099,EDUCATION/TRAINING- OTHER,541611.0,ADMINISTRATIVE MANAGEMENT AND GENERAL MANAGEMENT CONSULTING SERVICES,PA,,USA,ALLEGHENY,PITTSBURGH,,15240,1005.0,,2025-04-04-0017
36C77624F0015,Department of Veterans Affairs,CAMEO CONSULTING GROUP LLC,5195896.0,"ACQUISITION SUPPORT SERVICES FOR NCO(9,10,12,15,16,23) AND PCAC",TERMINATED,https://www.fpds.gov/ezsearch/jsp/viewLinkController.jsp?agencyID=3600&PIID=36C77624F0015&modNumber=P00001&idvAgencyID=&idvPIID=GS00F280DA&contractType=AWARD,3/11/2025,0.0,3600,36C77624F0015,P00001,4732,GS00F280DA,PA0031,03/24/2025,05/28/2024,03/24/2025,03/24/2025,03/07/2024,-2048691.36,3147204.71,-2048691.36,3147204.71,-2048691.36,3147204.71,GR37ULLYKLK9,"CAMEO CONSULTING GROUP, LLC",,6UHA6,401 N WASHINGTON ST STE 600,,ROCKVILLE,MD,208501977,USA,UNITED STATES,(480) 330-6650,(540) 595-0891,MARYLAND 08,R707,SUPPORT- MANAGEMENT: CONTRACT/PROCUREMENT/ACQUISITION SUPPORT,541611.0,ADMINISTRATIVE MANAGEMENT AND GENERAL MANAGEMENT CONSULTING SERVICES,OH,,USA,CUYAHOGA,INDEPENDENCE,,44131,2544.0,,2025-04-04-0017
36C10F24C0010,Department of Veterans Affairs,ELK CONSORTIUM LLC,4998797.0,OFA Strategic Planning Support,TERMINATED,https://www.fpds.gov/ezsearch/jsp/viewLinkController.jsp?agencyID=3600&PIID=36C10F24C0010&modNumber=P00001&idvAgencyID=&idvPIID=&contractType=AWARD,3/11/2025,3818993.0,3600,36C10F24C0010,P00001,,,,03/05/2025,09/26/2024,03/05/2025,03/05/2025,09/18/2024,0.0,1179804.0,0.0,1179804.0,0.0,4998797.0,M1A6KF1NSGN3,ELK CONSORTIUM LLC,,89J56,2797 VALENCIA LN,,SCHERTZ,TX,781543721,USA,UNITED STATES,(940) 642-9158,,TEXAS 28,R410,SUPPORT- PROFESSIONAL: PROGRAM EVALUATION/REVIEW/DEVELOPMENT,541690.0,OTHER SCIENTIFIC AND TECHNICAL CONSULTING SERVICES,DC,,USA,DISTRICT OF COLUMBIA,WASHINGTON,,20001,1152.0,,2025-04-04-0017
36C10X22P0121,Department of Veterans Affairs,"SIGMA HEALTH CONSULTING, LLC",4979380.0,Support for VA program office in the execution of the Government Accountability Office (GAO) High Risk List (HRL) Action Plan for Managing Risks and Improving VA Health Care.,TERMINATED,https://www.fpds.gov/ezsearch/jsp/viewLinkController.jsp?agencyID=3600&PIID=36C10X22P0121&modNumber=P00004&idvAgencyID=&idvPIID=&contractType=AWARD,3/11/2025,0.0,3600,36C10X22P0121,P00004,,,,03/04/2025,09/28/2022,03/04/2025,03/04/2025,09/01/2022,0.0,4979380.3,0.0,4979380.3,0.0,4979380.3,E2T5XWDUKEP4,SIGMA HEALTH CONSULTING LLC,,61D81,204 ELDRID DR,,SILVER SPRING,MD,209043509,USA,UNITED STATES,(703) 992-6542,(703) 579-4334,MARYLAND 08,R408,SUPPORT- PROFESSIONAL: PROGRAM MANAGEMENT/SUPPORT,541618.0,OTHER MANAGEMENT CONSULTING SERVICES,DC,,USA,DISTRICT OF COLUMBIA,WASHINGTON,,20001,1152.0,,2025-04-04-0017
36C10X24N0216,Department of Veterans Affairs,REEFPOINT GROUP LLC,4749547.0,"The contractor is responsible for developing and implementing a database for the Paperwork Reduction Act, cataloging analytics software and identifying gaps, and providing data engineering and analytic support to enable the creation of datasets and data products.",SUPPLEMENTAL AGREEMENT FOR WORK WITHIN SCOPE,https://www.fpds.gov/ezsearch/jsp/viewLinkController.jsp?agencyID=3600&PIID=36C10X24N0216&modNumber=P00001&idvAgencyID=&idvPIID=36C10X23D0018&contractType=AWARD,3/11/2025,2865668.0,3600,36C10X24N0216,P00001,3600,36C10X23D0018,0,02/19/2025,09/26/2024,09/25/2025,09/29/2029,07/19/2024,0.0,1883879.18,0.0,1883879.18,0.0,4749546.84,SJ7DG9KSK4U5,REEFPOINT GROUP LLC,REEFPOINT GROUP,51D82,612 THIRD ST STE 3A,,ANNAPOLIS,MD,214033246,USA,UNITED STATES,(443) 871-9191,(443) 458-0180,MARYLAND 03,R408,SUPPORT- PROFESSIONAL: PROGRAM MANAGEMENT/SUPPORT,541611.0,ADMINISTRATIVE MANAGEMENT AND GENERAL MANAGEMENT CONSULTING SERVICES,MD,,USA,ANNE ARUNDEL,ANNAPOLIS,,21403,3246.0,,2025-04-04-0017
36C10D25P0025,Department of Veterans Affairs,440 CONSULTING LLC,4384958.0,Annual Workplace Evaluations and Physical Security Assessments,TERMINATED,https://www.fpds.gov/ezsearch/jsp/viewLinkController.jsp?agencyID=3600&PIID=36C10D25P0025&modNumber=P00002&idvAgencyID=&idvPIID=&contractType=AWARD,3/11/2025,2739627.0,3600,36C10D25P0025,P00002,,,,02/25/2025,01/15/2025,02/25/2025,02/25/2025,11/06/2024,0.0,1645331.08,0.0,1645331.08,0.0,4384957.96,FSYFQY3RLNL4,440 CONSULTING LLC,,9FSU5,83 CENTER AVE,,LITTLE FALLS,NJ,074242220,USA,UNITED STATES,(973) 440-2206,,NEW JERSEY 11,R499,SUPPORT- PROFESSIONAL: OTHER,541690.0,OTHER SCIENTIFIC AND TECHNICAL CONSULTING SERVICES,DC,,USA,DISTRICT OF COLUMBIA,WASHINGTON,,20006,4403.0,,2025-04-04-0017
36C77624N0603,Department of Veterans Affairs,"JP SYSTEMS, INC.",4186877.0,"Develops requirements/testing protocols, performs user acceptance testing for VHA Ops. Educate and trains staff on the workflows needed to exchange health info with external providers, enhances care, decreases wait time & facilitates timely transfers.",TERMINATED,https://www.fpds.gov/ezsearch/jsp/viewLinkController.jsp?agencyID=3600&PIID=36C77624N0603&modNumber=P00001&idvAgencyID=&idvPIID=36C77621D0020&contractType=AWARD,3/11/2025,2825321.0,3600,36C77624N0603,P00001,3600,36C77621D0020,0,03/06/2025,09/30/2024,03/05/2025,03/05/2025,06/04/2024,0.0,1361555.92,0.0,1361555.92,0.0,4186877.04,PX35YDEXGEJ5,"J P SYSTEMS, INC.",,3YHH1,7419 KINCHELOE RD,,CLIFTON,VA,201241831,USA,UNITED STATES,(703) 864-9247,(888) 789-8990,VIRGINIA 10,R405,SUPPORT- PROFESSIONAL: OPERATIONS RESEARCH/QUANTITATIVE ANALYSIS,541690.0,OTHER SCIENTIFIC AND TECHNICAL CONSULTING SERVICES,VA,,USA,FAIRFAX,CLIFTON,,20124,1831.0,,2025-04-04-0017
36C25624C0091,Department of Veterans Affairs,"KSM A&E FEDERAL GROUP, LLC",5248859.0,"VHA Operational Alert and Guidance Document FY2022-01 as authorized by VHA Directive 1810(1) as amended on September 11, 2018: 5.a(1) and 5.b(1).",BASE AWARD,https://www.fpds.gov/ezsearch/jsp/viewLinkController.jsp?agencyID=3600&PIID=36C25624C0091&modNumber=0&idvAgencyID=&idvPIID=&contractType=AWARD,3/11/2025,0.0,3600,36C25624C0091,0,,,,09/27/2024,09/30/2024,09/30/2029,09/30/2029,07/30/2024,5248858.87,,5248858.87,,5248858.87,,EMAZMNNC13M7,"KSM A&E FEDERAL GROUP, LLC",,96XQ3,2011 27TH AVE N,,SAINT PETERSBURG,FL,337134134,USA,UNITED STATES,(727) 510-3597,,FLORIDA 14,R425,SUPPORT- PROFESSIONAL: ENGINEERING/TECHNICAL,541690.0,OTHER SCIENTIFIC AND TECHNICAL CONSULTING SERVICES,MS,,USA,HINDS,JACKSON,,39216,5032.0,,2025-04-04-0017
36C10X22C0010,Department of Veterans Affairs,WOODSIDE QUALITY LLC,4999499.0,"The Department of Veterans Affairs contract focuses on providing logistics and supply chain management support, including analysis, recommendations, and implementation plans. Key products include a Department Wide Operational Execution Plan for Supply Chain and Logistics, supporting analysis for transferring knowledge to the Office of Logistics, and recommendations for senior leaders.",Expired,https://www.fpds.gov/ezsearch/jsp/viewLinkController.jsp?agencyID=3600&PIID=36C10X22C0010&modNumber=P00005&idvAgencyID=&idvPIID=&contractType=AWARD,3/11/2025,0.0,3600,36C10X22C0010,P00005,,,,08/30/2024,02/18/2022,02/17/2025,02/17/2025,02/07/2022,50988.48,4999498.7,50988.48,4999498.7,50988.48,4999498.7,DBUKWXAH4RF8,WOODSIDE QUALITY LLC,,4RX66,1712 CLUBHOUSE RD SUITE 121,,RESTON,VA,201904595,USA,UNITED STATES,(612) 916-0197,(952) 361-5519,VIRGINIA 10,R410,SUPPORT- PROFESSIONAL: PROGRAM EVALUATION/REVIEW/DEVELOPMENT,541611.0,ADMINISTRATIVE MANAGEMENT AND GENERAL MANAGEMENT CONSULTING SERVICES,VA,,USA,FAIRFAX,RESTON,,20190,3200.0,,2025-04-04-0017
36C10F21F0024,Department of Veterans Affairs,"BLUE WATER THINKING,LLC",4974844.0,Customer Survey,TERMINATED,https://www.fpds.gov/ezsearch/jsp/viewLinkController.jsp?agencyID=3600&PIID=36C10F21F0024&modNumber=P00011&idvAgencyID=&idvPIID=47QTCA20D005Z&contractType=AWARD,3/11/2025,1789384.0,3600,36C10F21F0024,P00011,4732,47QTCA20D005Z,PO0010,03/05/2025,09/07/2021,03/05/2025,03/05/2025,06/22/2021,0.0,3185459.6,0.0,3185459.6,0.0,4974844.04,NKCBT3KN6EF3,"BLUE WATER THINKING,LLC",BLUE WATER THINKING LLC,87RA8,3939 BAYSIDE DR,,EDGEWATER,MD,210374435,USA,UNITED STATES,(703) 472-2152,,MARYLAND 05,R408,SUPPORT- PROFESSIONAL: PROGRAM MANAGEMENT/SUPPORT,541519.0,OTHER COMPUTER RELATED SERVICES,DC,,USA,DISTRICT OF COLUMBIA,WASHINGTON,,20001,1.0,,2025-04-04-0017
36C77623N0815,Department of Veterans Affairs,"JP SYSTEMS, INC.",2792275.0,"Assists Federated Interagency Terminology Service (FITS) a Joint VA DoD team that addresses clinical data and terminology needs in the Oracle Health environment, ensuring key clinical data is consistent & usable among users maximizing quality & efficiency",TERMINATED,https://www.fpds.gov/ezsearch/jsp/viewLinkController.jsp?agencyID=3600&PIID=36C77623N0815&modNumber=P00004&idvAgencyID=&idvPIID=36C77621D0020&contractType=AWARD,3/11/2025,1448134.0,3600,36C77623N0815,P00004,3600,36C77621D0020,0,03/05/2025,06/30/2023,06/29/2025,06/29/2026,06/15/2023,0.0,1340540.52,0.0,1363535.48,0.0,2788674.92,PX35YDEXGEJ5,"J P SYSTEMS, INC.",,3YHH1,7419 KINCHELOE RD,,CLIFTON,VA,201241831,USA,UNITED STATES,(703) 864-9247,(888) 789-8990,VIRGINIA 10,R405,SUPPORT- PROFESSIONAL: OPERATIONS RESEARCH/QUANTITATIVE ANALYSIS,541690.0,OTHER SCIENTIFIC AND TECHNICAL CONSULTING SERVICES,VA,,USA,FAIRFAX,CLIFTON,,20124,1831.0,,2025-04-04-0017
36C77623N0867,Department of Veterans Affairs,"JP SYSTEMS, INC.",1991398.0,"Enables increased efficiencies, eliminates waste, and reduces spending by ensuring that VA is included at standards development ensuring Veterans needs are met. Ensures in-depth knowledge of the standard to aid in efficient & correct implementation.",TERMINATED,https://www.fpds.gov/ezsearch/jsp/viewLinkController.jsp?agencyID=3600&PIID=36C77623N0867&modNumber=P00005&idvAgencyID=&idvPIID=36C77621D0020&contractType=AWARD,3/11/2025,1430641.0,3600,36C77623N0867,P00005,3600,36C77621D0020,0,03/06/2025,07/10/2023,03/05/2025,03/05/2025,06/15/2023,0.0,540268.51,0.0,540268.51,0.0,1970909.47,PX35YDEXGEJ5,"J P SYSTEMS, INC.",,3YHH1,7419 KINCHELOE RD,,CLIFTON,VA,201241831,USA,UNITED STATES,(703) 864-9247,(888) 789-8990,VIRGINIA 10,R499,SUPPORT- PROFESSIONAL: OTHER,541690.0,OTHER SCIENTIFIC AND TECHNICAL CONSULTING SERVICES,VA,,USA,FAIRFAX,CLIFTON,,20124,1831.0,,2025-04-04-0017
36C24521C0068,Department of Veterans Affairs,"MJL ENTERPRISES, LLC",1212840.0,MEDICAL PRIME VENDOR LIASONS,EXERCISE AN OPTION,https://www.fpds.gov/ezsearch/jsp/viewLinkController.jsp?agencyID=3600&PIID=36C24521C0068&modNumber=P00006&idvAgencyID=&idvPIID=&contractType=AWARD,3/11/2025,385520.0,3600,36C24521C0068,P00006,,,,07/03/2024,07/11/2021,07/10/2025,07/10/2026,03/15/2021,218840.0,827320.0,218840.0,827320.0,0.0,1212840.0,H7WJBMKFSV78,"MJL ENTERPRISES, LLC",,4DXK8,2748 SONIC DR,,VIRGINIA BEACH,VA,234533135,USA,UNITED STATES,(757) 963-8740,(757) 301-6404,VIRGINIA 02,R707,SUPPORT- MANAGEMENT: CONTRACT/PROCUREMENT/ACQUISITION SUPPORT,541611.0,ADMINISTRATIVE MANAGEMENT AND GENERAL MANAGEMENT CONSULTING SERVICES,VA,,USA,VIRGINIA BEACH CITY,VIRGINIA BEACH,,23453,1.0,,2025-04-04-0017
36C10X21N0077,Department of Veterans Affairs,"Galactic Network Integrators, Inc",1039460.0,ANNUAL INVENTORY SERVICES - VISN23,TERMINATED,https://www.fpds.gov/ezsearch/jsp/viewLinkController.jsp?agencyID=3600&PIID=36C10X21N0077&modNumber=P00008&idvAgencyID=&idvPIID=36C10X21A0008&contractType=AWARD,3/11/2025,59835.0,3600,36C10X21N0077,P00008,3600,36C10X21A0008,0,03/04/2025,05/19/2021,03/04/2025,03/04/2025,,0.0,979624.7,0.0,979624.7,0.0,1039459.7,C4J3LCNARZ67,"GALACTIC NETWORK INTEGRATORS, INC.",,1SMK3,4001 JUAN TABO BLVD NE STE F,,ALBUQUERQUE,NM,871113979,USA,UNITED STATES,(505) 508-5401,(505) 508-5590,NEW MEXICO 01,R610,SUPPORT- ADMINISTRATIVE:- PERSONAL PROPERTY MANAGEMENT,541614.0,"PROCESS, PHYSICAL DISTRIBUTION, AND LOGISTICS CONSULTING SERVICES",MN,,USA,HENNEPIN,MINNEAPOLIS,,55417,3143.0,,2025-04-04-0017
36C24622P1290,Department of Veterans Affairs,WINERGY LLC,929317.0,Contract to check the negative pressure in the hospital,TERMINATED,https://www.fpds.gov/ezsearch/jsp/viewLinkController.jsp?agencyID=3600&PIID=36C24622P1290&modNumber=P00006&idvAgencyID=&idvPIID=&contractType=AWARD,3/11/2025,428718.0,3600,36C24622P1290,P00006,,,,03/07/2025,09/01/2022,03/06/2025,03/06/2025,05/26/2022,-153386.0,246440.0,-153386.0,246440.0,-153386.0,675158.0,J69PAKBCKLX3,WINERGY LLC,,5ANF0,10339 DAWSONS CREEK BOULEVARD SUITE D,,FORT WAYNE,IN,468251907,USA,UNITED STATES,(877) 262-7855,,INDIANA 03,H165,"QUALITY CONTROL- MEDICAL, DENTAL, AND VETERINARY EQUIPMENT AND SUPPLIES",541690.0,OTHER SCIENTIFIC AND TECHNICAL CONSULTING SERVICES,NC,,USA,BUNCOMBE,ASHEVILLE,,28805,2087.0,,2025-04-04-0017
36C25622F0199,Department of Veterans Affairs,CALADWICH CONSULTING LLC,792980.0,The SLVHCS facility must have accurate inventory of building service equipment deployed for use.,TERMINATED,https://www.fpds.gov/ezsearch/jsp/viewLinkController.jsp?agencyID=3600&PIID=36C25622F0199&modNumber=P00003&idvAgencyID=&idvPIID=47QRAA20D0088&contractType=AWARD,3/11/2025,0.0,3600,36C25622F0199,P00003,4732,47QRAA20D0088,PA0015,03/07/2025,08/01/2022,02/24/2025,02/24/2025,05/24/2022,-80792.3,712187.2,-80792.3,712187.2,-80792.3,712187.2,D7TLECM5Q7K1,"CALADWICH CONSULTING, LLC",,7KSG2,7630 LITTLE RIVER TPKE STE 600,,ANNANDALE,VA,220032600,USA,UNITED STATES,(703) 798-5423,,VIRGINIA 08,L099,TECHNICAL REPRESENTATIVE- MISCELLANEOUS,541614.0,"PROCESS, PHYSICAL DISTRIBUTION, AND LOGISTICS CONSULTING SERVICES",LA,,USA,ORLEANS,NEW ORLEANS,,70119,4558.0,,2025-04-04-0017
36C26121F0180,Department of Veterans Affairs,"Strategic Solutions International, INC.",547445.0,Wall to wall inventory complete. Will not renew.,TERMINATED,https://www.fpds.gov/ezsearch/jsp/viewLinkController.jsp?agencyID=3600&PIID=36C26121F0180&modNumber=P00004&idvAgencyID=&idvPIID=GS10F0171U&contractType=AWARD,3/11/2025,109489.0,3600,36C26121F0180,P00004,4730,GS10F0171U,0,03/04/2025,04/01/2021,03/04/2025,03/04/2025,01/27/2021,0.0,437956.0,0.0,437956.0,0.0,547445.0,LWUAK2XQ3285,"STRATEGIC SOLUTIONS, INC.",,350D1,3021 CITRUS CIR STE 210,,WALNUT CREEK,CA,945982691,USA,UNITED STATES,(925) 979-1233,(925) 932-4696,CALIFORNIA 10,R706,SUPPORT- MANAGEMENT: LOGISTICS SUPPORT,541614.0,"PROCESS, PHYSICAL DISTRIBUTION, AND LOGISTICS CONSULTING SERVICES",CA,,USA,CONTRA COSTA,MARTINEZ,,94553,4220.0,,2025-04-04-0017
36C25223C0006,Department of Veterans Affairs,WISCONSIN DIAGNOSTIC LABORATORIES LLC,477908.0,Clinical PhD Microbiologist Services for the Clement J. Zablocki VAMC,TERMINATED,https://www.fpds.gov/ezsearch/jsp/viewLinkController.jsp?agencyID=3600&PIID=36C25223C0006&modNumber=P00006&idvAgencyID=&idvPIID=&contractType=AWARD,3/11/2025,202800.0,3600,36C25223C0006,P00006,,,,03/06/2025,12/01/2022,03/04/2025,03/04/2025,08/26/2022,0.0,268650.0,0.0,268650.0,-202800.0,268650.0,MC2TMLUWK1H6,WISCONSIN DIAGNOSTIC LABORATORIES LLC,,593Z1,9200 W WISCONSIN AVE,,MILWAUKEE,WI,532263522,USA,UNITED STATES,(414) 805-7793,,WISCONSIN 04,R499,SUPPORT- PROFESSIONAL: OTHER,541690.0,OTHER SCIENTIFIC AND TECHNICAL CONSULTING SERVICES,WI,,USA,MILWAUKEE,MILWAUKEE,,53295,1.0,,2025-04-04-0017
36C10F24F50015,Department of Veterans Affairs,LRS FEDERAL LLC,457385.0,"Environmental Due Diligence Services Clarksville, Baton Rouge, Nashville",TERMINATED,https://www.fpds.gov/ezsearch/jsp/viewLinkController.jsp?agencyID=3600&PIID=36C10F24F50015&modNumber=P00001&idvAgencyID=&idvPIID=GS10F0360T&contractType=AWARD,3/11/2025,0.0,3600,36C10F24F50015,P00001,4730,GS10F0360T,PA0022,03/04/2025,09/04/2024,03/04/2025,03/04/2025,07/25/2024,0.0,457384.72,0.0,457384.72,0.0,457384.72,K51NQNM7EXF1,LRS FEDERAL LIMITED LIABILITY COMPANY,,4B5X4,565 BENFIELD RD STE 400,,SEVERNA PARK,MD,211462517,USA,UNITED STATES,(410) 544-3570,(410) 647-4183,MARYLAND 03,B510,SPECIAL STUDIES/ANALYSIS- ENVIRONMENTAL ASSESSMENTS,541620.0,ENVIRONMENTAL CONSULTING SERVICES,DC,,USA,DISTRICT OF COLUMBIA,WASHINGTON,,20001,1152.0,,2025-04-04-0017
36C10X21N0117,Department of Veterans Affairs,"Strategic Solutions International, INC.",447912.0,ANNUAL INVENTORY SERVICES - VISN 15,TERMINATED,https://www.fpds.gov/ezsearch/jsp/viewLinkController.jsp?agencyID=3600&PIID=36C10X21N0117&modNumber=P00004&idvAgencyID=&idvPIID=36C10X21A0009&contractType=AWARD,3/11/2025,89582.0,3600,36C10X21N0117,P00004,3600,36C10X21A0009,0,03/04/2025,09/06/2021,03/04/2025,03/04/2025,06/24/2021,0.0,358329.6,0.0,358329.6,0.0,447912.0,LWUAK2XQ3285,"STRATEGIC SOLUTIONS, INC.",,350D1,3021 CITRUS CIR STE 210,,WALNUT CREEK,CA,945982691,USA,UNITED STATES,(925) 979-1233,(925) 932-4696,CALIFORNIA 10,R610,SUPPORT- ADMINISTRATIVE:- PERSONAL PROPERTY MANAGEMENT,541614.0,"PROCESS, PHYSICAL DISTRIBUTION, AND LOGISTICS CONSULTING SERVICES",MO,,USA,SAINT LOUIS CITY,SAINT LOUIS,,63106,1410.0,,2025-04-04-0017
36C10X22N0031,Department of Veterans Affairs,"AGI INTERNATIONAL, INC.",395726.0,Annual Inventory Services VISN 10 - Dayton and Chillicothe Ohio,TERMINATED,https://www.fpds.gov/ezsearch/jsp/viewLinkController.jsp?agencyID=3600&PIID=36C10X22N0031&modNumber=P00004&idvAgencyID=&idvPIID=36C10X21A0007&contractType=AWARD,3/11/2025,103360.0,3600,36C10X22N0031,P00004,3600,36C10X21A0007,0,03/04/2025,02/28/2022,03/04/2025,03/04/2025,,0.0,356950.0,0.0,356950.0,0.0,356950.0,U4YJF71RCLB4,"AGI INTERNATIONAL, INC.",,4QAP3,2525 N SHADELAND AVE STE D5,,INDIANAPOLIS,IN,462191770,USA,UNITED STATES,(317) 340-8664,(317) 536-8765,INDIANA 07,R610,SUPPORT- ADMINISTRATIVE:- PERSONAL PROPERTY MANAGEMENT,541614.0,"PROCESS, PHYSICAL DISTRIBUTION, AND LOGISTICS CONSULTING SERVICES",OH,,USA,MONTGOMERY,DAYTON,,45401,1018.0,,2025-04-04-0017
36C10X23P0008,Department of Veterans Affairs,"MABBETT & ASSOCIATES, INC.",391134.0,"Annual Workplace Evaluation (AWE) Inspection Services for the End User Services, Space and Facilities Management (SFM)",TERMINATED,https://www.fpds.gov/ezsearch/jsp/viewLinkController.jsp?agencyID=3600&PIID=36C10X23P0008&modNumber=P00009&idvAgencyID=&idvPIID=&contractType=AWARD,3/11/2025,211333.0,3600,36C10X23P0008,P00009,,,,02/25/2025,10/31/2022,02/25/2025,02/25/2025,10/11/2022,0.0,201569.82,0.0,201569.82,0.0,391134.37,JACMATCH87S5,MABBETT & ASSOCIATES INC,MABBETT & ASSOCIATES INC,361J7,105 CENTRAL ST,STE 4100,STONEHAM,MA,021801260,USA,UNITED STATES,(781) 275-6050,(781) 275-3137,MASSACHUSETTS 05,R499,SUPPORT- PROFESSIONAL: OTHER,541620.0,ENVIRONMENTAL CONSULTING SERVICES,DC,,USA,DISTRICT OF COLUMBIA,WASHINGTON,,20001,1.0,,2025-04-04-0017
36C10D23N0008,Department of Veterans Affairs,DELOITTE CONSULTING LLP,653646.0,PAA TASK ORDER OFF VICCS IDIQ CONTRACT,TERMINATED,https://www.fpds.gov/ezsearch/jsp/viewLinkController.jsp?agencyID=3600&PIID=36C10D23N0008&modNumber=P00001&idvAgencyID=&idvPIID=36C10E19D0016&contractType=AWARD,3/11/2025,0.0,3600,36C10D23N0008,P00001,3600,36C10E19D0016,0,09/19/2023,05/01/2023,10/31/2023,10/31/2027,01/15/2023,-4773215.75,653646.47,-4773215.75,653646.47,-28668968.28,653646.47,CKV2L9GZKJK3,DELOITTE CONSULTING LLP,DELOITTE,1TTG5,1919 N LYNN ST,,ARLINGTON,VA,222091742,USA,UNITED STATES,(571) 858-0176,(703) 842-6748,VIRGINIA 08,R499,SUPPORT- PROFESSIONAL: OTHER,518210.0,"COMPUTING INFRASTRUCTURE PROVIDERS, DATA PROCESSING, WEB HOSTING, AND RELATED SERVICES",DC,,USA,DISTRICT OF COLUMBIA,WASHINGTON,,20006,1053.0,,2025-04-04-0017
36C24523C0026,Department of Veterans Affairs,"ANDREW MORGAN CONSULTING, LLC",12611422.0,PROJECT MANAGEMENT SUPPORT SERVICES AND RELATED TECHNICAL SERVICES,TERMINATED,https://www.fpds.gov/ezsearch/jsp/viewLinkController.jsp?agencyID=3600&PIID=36C24523C0026&modNumber=P00002&idvAgencyID=&idvPIID=&contractType=AWARD,3/11/2025,7716138.0,3600,36C24523C0026,P00002,,,,02/20/2025,09/29/2023,02/14/2025,02/14/2025,09/01/2022,0.0,4895283.84,0.0,4895283.84,0.0,12611421.6,CN2NDE12H1K3,"ANDREW MORGAN CONSULTING, LLC",,7VMA4,6850 RICHMOND HWY APT 155,,ALEXANDRIA,VA,223061757,USA,UNITED STATES,(202) 531-5030,,VIRGINIA 08,R408,SUPPORT- PROFESSIONAL: PROGRAM MANAGEMENT/SUPPORT,541990.0,"ALL OTHER PROFESSIONAL, SCIENTIFIC, AND TECHNICAL SERVICES",DC,,USA,DISTRICT OF COLUMBIA,WASHINGTON,,20006,1053.0,,2025-04-04-0017
36C10X23F0093,Department of Veterans Affairs,"CALADWICH CONSULTING, LLC",3777359.0,SUPPLY TECHNICIANS,TERMINATED,https://www.fpds.gov/ezsearch/jsp/viewLinkController.jsp?agencyID=3600&PIID=36C10X23F0093&modNumber=P00002&idvAgencyID=&idvPIID=47QRAA20D0088&contractType=AWARD,3/11/2025,2281375.0,3600,36C10X23F0093,P00002,4732,47QRAA20D0088,PA0015,03/04/2025,09/29/2023,03/04/2025,03/04/2025,07/13/2023,0.0,1495983.84,0.0,1495983.84,0.0,3777359.28,D7TLECM5Q7K1,"CALADWICH CONSULTING, LLC",,7KSG2,7630 LITTLE RIVER TPKE STE 600,,ANNANDALE,VA,220032600,USA,UNITED STATES,(703) 798-5423,,VIRGINIA 08,R497,SUPPORT- PROFESSIONAL: PERSONAL SERVICES CONTRACTS,541614.0,"PROCESS, PHYSICAL DISTRIBUTION, AND LOGISTICS CONSULTING SERVICES",VA,,USA,FAIRFAX,ANNANDALE,,22003,2610.0,,2025-04-04-0017
36C24823P1630,Department of Veterans Affairs,J & A OCCUPATIONAL HEALTH AND SAFETY CONSULTING LLC,36550.0,COMPREHENSIVE HEALTH AND SAFETY INSPECTIONS,TERMINATED,https://www.fpds.gov/ezsearch/jsp/viewLinkController.jsp?agencyID=3600&PIID=36C24823P1630&modNumber=P00002&idvAgencyID=&idvPIID=&contractType=AWARD,3/11/2025,0.0,3600,36C24823P1630,P00002,,,,03/07/2025,06/01/2023,03/07/2025,03/07/2025,04/25/2023,0.0,36550.0,0.0,36550.0,-69900.0,36550.0,QG3TN557MEN7,J & A OCCUPATIONAL HEALTH AND SAFETY CONSULTING LLC,,7TCE1,CARRETERA 727 KM 0 HM 3,,AIBONITO,PR,00705,USA,UNITED STATES,(939) 579-0958,, ,H399,INSPECTION- MISCELLANEOUS,541690.0,OTHER SCIENTIFIC AND TECHNICAL CONSULTING SERVICES,PR,,USA,SAN JUAN,SAN JUAN,,00921,3201.0,,2025-04-04-0017
36C26322C0084,Department of Veterans Affairs,JENNIFER PELT WISDOM LLC,121750.0,CONSULTING SERVICES.,TERMINATED,https://www.fpds.gov/ezsearch/jsp/viewLinkController.jsp?agencyID=3600&PIID=36C26322C0084&modNumber=P00006&idvAgencyID=&idvPIID=&contractType=AWARD,3/11/2025,60000.0,3600,36C26322C0084,P00006,,,,03/10/2025,09/15/2022,03/05/2025,03/05/2025,08/11/2022,-29125.0,61750.0,-29125.0,61750.0,-29125.0,121750.0,HJV3DL8LN5A4,JENNIFER PELT WISDOM LLC,,45CV2,1133 BROADWAY STE 1205,,NEW YORK,NY,100107967,USA,UNITED STATES,(503) 484-5679,,NEW YORK 12,AN24,HEALTH R&D SERVICES; HEALTH RESEARCH AND TRAINING; R&D ADMINISTRATIVE EXPENSES,541611.0,ADMINISTRATIVE MANAGEMENT AND GENERAL MANAGEMENT CONSULTING SERVICES,NY,,USA,NEW YORK,NEW YORK,,10010,1.0,,2025-04-04-0017
36C24624N0989,Department of Veterans Affairs,"CAMEO CONSULTING GROUP, LLC",343308.0,CONTRACTING SUPPORT FOR VISN 6,TERMINATED,https://www.fpds.gov/ezsearch/jsp/viewLinkController.jsp?agencyID=3600&PIID=36C24624N0989&modNumber=P00002&idvAgencyID=&idvPIID=36C24624A0032&contractType=AWARD,3/11/2025,0.0,3600,36C24624N0989,P00002,3600,36C24624A0032,0,03/11/2025,09/01/2024,02/25/2025,02/25/2025,08/14/2024,78562.25,421870.32,78562.25,421870.32,78562.25,421870.32,GR37ULLYKLK9,"CAMEO CONSULTING GROUP, LLC",,6UHA6,401 N WASHINGTON ST STE 600,,ROCKVILLE,MD,208501977,USA,UNITED STATES,(480) 330-6650,(540) 595-0891,MARYLAND 08,R707,SUPPORT- MANAGEMENT: CONTRACT/PROCUREMENT/ACQUISITION SUPPORT,541611.0,ADMINISTRATIVE MANAGEMENT AND GENERAL MANAGEMENT CONSULTING SERVICES,VA,,USA,HAMPTON CITY,HAMPTON,,23667,9900.0,,2025-04-04-0017
36C25224P1052,Department of Veterans Affairs,SALVADORINI CONSULTING LLC,339900.0,12 MONTH RENTAL OF MOBILE MRI FOR THE DANVILLE VAMC,TERMINATED,https://www.fpds.gov/ezsearch/jsp/viewLinkController.jsp?agencyID=3600&PIID=36C25224P1052&modNumber=P00001&idvAgencyID=&idvPIID=&contractType=AWARD,3/11/2025,310000.0,3600,36C25224P1052,P00001,,,,03/10/2025,09/15/2024,01/24/2025,01/24/2025,08/07/2024,-328900.0,29900.0,-328900.0,29900.0,-328900.0,339900.0,HFMDGMCHN333,SALVADORINI CONSULTING LLC,,3DGS2,2550 MERIDIAN BLVD STE 200 # 108,,FRANKLIN,TN,370676384,USA,UNITED STATES,(248) 521-0019,,TENNESSEE 05,W023,"LEASE OR RENTAL OF EQUIPMENT- GROUND EFFECT VEHICLES, MOTOR VEHICLES, TRAILERS, AND CYCLES",532120.0,"TRUCK, UTILITY TRAILER, AND RV (RECREATIONAL VEHICLE) RENTAL AND LEASING",IL,,USA,VERMILION,DANVILLE,,61832,4853.0,,2025-04-04-0017
36C24824P2211,Department of Veterans Affairs,KEITH WHITE CONSULTING LLC,4167.0,CONSULTING SERVICES FOR BRAIN FUNCTION IMAGING,TERMINATED,https://www.fpds.gov/ezsearch/jsp/viewLinkController.jsp?agencyID=3600&PIID=36C24824P2211&modNumber=P00002&idvAgencyID=&idvPIID=&contractType=AWARD,3/11/2025,0.0,3600,36C24824P2211,P00002,,,,03/10/2025,09/01/2024,03/06/2025,03/06/2025,08/20/2024,-5833.35,4166.65,-5833.35,4166.65,-45833.35,4166.65,LJADL9KRAZJ1,KEITH WHITE CONSULTING LLC,,6Y9R7,1205 NW 38TH ST,,GAINESVILLE,FL,326054801,USA,UNITED STATES,(352) 219-5863,(352) 372-1007,FLORIDA 03,AN41,HEALTH R&D SERVICES; HEALTH CARE - OTHER; BASIC RESEARCH,541690.0,OTHER SCIENTIFIC AND TECHNICAL CONSULTING SERVICES,FL,,USA,ALACHUA,GAINESVILLE,,32608,1197.0,,2025-04-04-0017
36C26122P1210,Department of Veterans Affairs,PRESS GANEY ASSOCIATES LLC,38159.0,NDNQI ACCESS,TERMINATED,https://www.fpds.gov/ezsearch/jsp/viewLinkController.jsp?agencyID=3600&PIID=36C26122P1210&modNumber=P00004&idvAgencyID=&idvPIID=&contractType=AWARD,3/11/2025,21802.0,3600,36C26122P1210,P00004,,,,03/10/2025,07/01/2022,02/25/2025,02/25/2025,05/04/2022,-7259.24,16356.56,-7259.24,16356.56,-7259.24,38158.93,PTAKRVGUJE53,PRESS GANEY ASSOCIATES LLC,,3DFC7,404 COLUMBIA PL,,SOUTH BEND,IN,466012315,USA,UNITED STATES,(800) 232-8032,,INDIANA 02,R410,SUPPORT- PROFESSIONAL: PROGRAM EVALUATION/REVIEW/DEVELOPMENT,541611.0,ADMINISTRATIVE MANAGEMENT AND GENERAL MANAGEMENT CONSULTING SERVICES,CA,,USA,FRESNO,FRESNO,,93703,1000.0,,2025-04-04-0017
36C26121P0689,Department of Veterans Affairs,PRESS GANEY ASSOCIATES LLC,49967.0,PRESS GANEY NDNQI ANNUAL MEMBERSHIP FOR VA PALO ALTO,TERMINATED,https://www.fpds.gov/ezsearch/jsp/viewLinkController.jsp?agencyID=3600&PIID=36C26121P0689&modNumber=P00005&idvAgencyID=&idvPIID=&contractType=AWARD,3/11/2025,0.0,3600,36C26121P0689,P00005,,,,03/10/2025,04/09/2021,12/31/2025,12/31/2025,,-14420.01,49966.86,-14420.01,49966.86,-14420.01,49966.86,PTAKRVGUJE53,PRESS GANEY ASSOCIATES LLC,,3DFC7,404 COLUMBIA PL,,SOUTH BEND,IN,466012315,USA,UNITED STATES,(800) 232-8032,,INDIANA 02,6515,"MEDICAL AND SURGICAL INSTRUMENTS, EQUIPMENT, AND SUPPLIES",541611.0,ADMINISTRATIVE MANAGEMENT AND GENERAL MANAGEMENT CONSULTING SERVICES,IN,,USA,ST JOSEPH,SOUTH BEND,,46601,2901.0,,2025-04-04-0017
36C26223C0058,Department of Veterans Affairs,PRESS GANEY ASSOCIATES LLC,29622.0,PRESS GANEY NDNQI MEMBERSHIP,TERMINATED,https://www.fpds.gov/ezsearch/jsp/viewLinkController.jsp?agencyID=3600&PIID=36C26223C0058&modNumber=P00003&idvAgencyID=&idvPIID=&contractType=AWARD,3/10/2025,0.0,3600,36C26223C0058,P00003,,,,03/04/2025,01/12/2023,12/31/2025,12/31/2025,12/08/2022,0.0,29621.9,0.0,29621.9,-22828.61,29621.9,PTAKRVGUJE53,PRESS GANEY ASSOCIATES LLC,,3DFC7,1173 IGNITION DR,,SOUTH BEND,IN,466012901,USA,UNITED STATES,(800) 232-8032,,INDIANA 02,R420,SUPPORT- PROFESSIONAL: CERTIFICATIONS AND ACCREDITATIONS (OTHER THAN EDUC OR INFO TECH C&A),541611.0,ADMINISTRATIVE MANAGEMENT AND GENERAL MANAGEMENT CONSULTING SERVICES,CA,,USA,SAN DIEGO,SAN DIEGO,,92161,1.0,,2025-04-04-0017
36C26225P0441,Department of Veterans Affairs,PRESS GANEY ASSOCIATES LLC,11054.0,BRIDGE NDNQI NURSING MEMBERSHIP SUBSCRIPTION,TERMINATED,https://www.fpds.gov/ezsearch/jsp/viewLinkController.jsp?agencyID=3600&PIID=36C26225P0441&modNumber=P00001&idvAgencyID=&idvPIID=&contractType=AWARD,3/10/2025,0.0,3600,36C26225P0441,P00001,,,,03/06/2025,01/01/2025,12/31/2025,12/31/2025,11/12/2024,0.0,11053.96,0.0,11053.96,0.0,11053.96,PTAKRVGUJE53,PRESS GANEY ASSOCIATES LLC,,3DFC7,1173 IGNITION DR,,SOUTH BEND,IN,466012901,USA,UNITED STATES,(412) 689-5752,,INDIANA 02,R420,SUPPORT- PROFESSIONAL: CERTIFICATIONS AND ACCREDITATIONS (OTHER THAN EDUC OR INFO TECH C&A),541611.0,ADMINISTRATIVE MANAGEMENT AND GENERAL MANAGEMENT CONSULTING SERVICES,AZ,,USA,PIMA,TUCSON,,85713,5800.0,,2025-04-04-0017
36C26225P0485,Department of Veterans Affairs,PRESS GANEY ASSOCIATES LLC,7675.0,NDNQI NURSING MEMBERSHIP SUBSCRIPTION,TERMINATED,https://www.fpds.gov/ezsearch/jsp/viewLinkController.jsp?agencyID=3600&PIID=36C26225P0485&modNumber=P00001&idvAgencyID=&idvPIID=&contractType=AWARD,3/10/2025,0.0,3600,36C26225P0485,P00001,,,,03/06/2025,01/07/2025,12/31/2025,12/31/2025,11/22/2024,0.0,7675.31,0.0,7675.31,0.0,7675.31,PTAKRVGUJE53,PRESS GANEY ASSOCIATES LLC,,3DFC7,1173 IGNITION DR,,SOUTH BEND,IN,466012901,USA,UNITED STATES,(412) 689-5752,,INDIANA 02,R420,SUPPORT- PROFESSIONAL: CERTIFICATIONS AND ACCREDITATIONS (OTHER THAN EDUC OR INFO TECH C&A),541611.0,ADMINISTRATIVE MANAGEMENT AND GENERAL MANAGEMENT CONSULTING SERVICES,CA,,USA,SAN BERNARDINO,LOMA LINDA,,92357,1000.0,,2025-04-04-0017
36C10F24F0030,Department of Veterans Affairs,MNB MERIDIAN DEFENSE LTD LLC,266000.0,LEAN SIX SIGMA,TERMINATED,https://www.fpds.gov/ezsearch/jsp/viewLinkController.jsp?agencyID=3600&PIID=36C10F24F0030&modNumber=P00002&idvAgencyID=&idvPIID=47QRAA23D007V&contractType=AWARD,3/10/2025,89700.0,3600,36C10F24F0030,P00002,4732,47QRAA23D007V,0,03/07/2025,09/30/2024,03/07/2025,03/07/2025,08/30/2024,0.0,176300.0,0.0,176300.0,0.0,266000.0,EJ6TWBJW3XB6,MNB MERIDIAN DEFENSE LTD LLC,,8GNW4,5006 FRANCONIA RD,,ALEXANDRIA,VA,223101915,USA,UNITED STATES,(703) 310-4320,,VIRGINIA 08,R499,SUPPORT- PROFESSIONAL: OTHER,541611.0,ADMINISTRATIVE MANAGEMENT AND GENERAL MANAGEMENT CONSULTING SERVICES,DC,,USA,DISTRICT OF COLUMBIA,WASHINGTON,,20004,1017.0,,2025-04-04-0017
36C24724P0741,Department of Veterans Affairs,HEALTHLINX INC,71782.0,PATHWAY TO EXCELLENCE,TERMINATED,https://www.fpds.gov/ezsearch/jsp/viewLinkController.jsp?agencyID=3600&PIID=36C24724P0741&modNumber=P00002&idvAgencyID=&idvPIID=&contractType=AWARD,3/10/2025,0.0,3600,36C24724P0741,P00002,,,,03/07/2025,05/02/2024,03/07/2025,03/07/2025,03/21/2024,-203850.74,71781.76,-203850.74,71781.76,-203850.74,71781.76,D4N2M67RBJL6,HEALTHLINX INC,,54ZH7,841 CORPORATE DR,,LEXINGTON,KY,405035421,USA,UNITED STATES,(614) 542-2228,,KENTUCKY 06,R499,SUPPORT- PROFESSIONAL: OTHER,541611.0,ADMINISTRATIVE MANAGEMENT AND GENERAL MANAGEMENT CONSULTING SERVICES,AL,,USA,JEFFERSON,BIRMINGHAM,,35233,1121.0,,2025-04-04-0017
36C25924F0604,Department of Veterans Affairs,MANAGEMENT RESOURCE SERVICES INC,15704.0,DISC CERTIFICATION TRAINING,TERMINATED,https://www.fpds.gov/ezsearch/jsp/viewLinkController.jsp?agencyID=3600&PIID=36C25924F0604&modNumber=P00001&idvAgencyID=&idvPIID=GS10F0275S&contractType=AWARD,3/7/2025,0.0,3600,36C25924F0604,P00001,4730,GS10F0275S,PA0026,03/06/2025,09/20/2024,03/04/2025,03/04/2025,09/10/2024,0.0,15704.0,0.0,15704.0,0.0,15704.0,EKLGX2MA7JN1,MANAGEMENT RESOURCE SERVICES INC,,3DK90,73 BEAUMONT CIR,,HAMPSTEAD,NC,284433950,USA,UNITED STATES,(630) 983-7607,,NORTH CAROLINA 07,U099,EDUCATION/TRAINING- OTHER,541611.0,ADMINISTRATIVE MANAGEMENT AND GENERAL MANAGEMENT CONSULTING SERVICES,CO,,USA,DENVER,DENVER,,80209,3804.0,,2025-04-04-0017
36C24923P1024,Department of Veterans Affairs,HEALTHCARE QUALITY ASSISTANCE GROUP LLC,46459.0,THE JOINT COMMISSION RESOURCES LABORATORY CONSULTING,TERMINATED,https://www.fpds.gov/ezsearch/jsp/viewLinkController.jsp?agencyID=3600&PIID=36C24923P1024&modNumber=P00002&idvAgencyID=&idvPIID=&contractType=AWARD,3/7/2025,0.0,3600,36C24923P1024,P00002,,,,03/06/2025,09/25/2023,03/07/2025,03/07/2025,09/06/2023,-55122.5,46458.5,-55122.5,46458.5,-168221.5,46458.5,K529N7Q89JF7,HEALTHCARE QUALITY ASSISTANCE GROUP LLC,,488Z5,2721 NW DENVER AVE,,LAWTON,OK,735053942,USA,UNITED STATES,(301) 237-6507,(301) 865-0693,OKLAHOMA 04,U099,EDUCATION/TRAINING- OTHER,541611.0,ADMINISTRATIVE MANAGEMENT AND GENERAL MANAGEMENT CONSULTING SERVICES,TN,,USA,RUTHERFORD,MURFREESBORO,,37129,4356.0,,2025-04-04-0017
36C77624C0048,Department of Veterans Affairs,SIGIL CONSULTING GROUP LLC,6501904.0,ONS NURSING WORKFORCE SERVICES,TERMINATED,https://www.fpds.gov/ezsearch/jsp/viewLinkController.jsp?agencyID=3600&PIID=36C77624C0048&modNumber=P00004&idvAgencyID=&idvPIID=&contractType=AWARD,3/7/2025,4070498.0,3600,36C77624C0048,P00004,,,,03/05/2025,04/01/2024,03/05/2025,03/05/2025,12/04/2023,0.0,2431405.89,0.0,2431405.89,0.0,6501903.83,SGGAVGZ7L754,SIGIL CONSULTING GROUP LLC,,9QLZ9,4144 SOUTHAMPTON ST,,ROSEVILLE,CA,957474231,USA,UNITED STATES,(202) 756-1048,,CALIFORNIA 03,R408,SUPPORT- PROFESSIONAL: PROGRAM MANAGEMENT/SUPPORT,541611.0,ADMINISTRATIVE MANAGEMENT AND GENERAL MANAGEMENT CONSULTING SERVICES,DC,,USA,DISTRICT OF COLUMBIA,WASHINGTON,,20001,1031.0,,2025-04-04-0017
36C24623F0256,Department of Veterans Affairs,HURON CONSULTING SERVICES LLC,1234630.0,EVIDENCE BASED LEADERSHIP AND ENGAGEMENT APPROACH TRAINING,TERMINATED,https://www.fpds.gov/ezsearch/jsp/viewLinkController.jsp?agencyID=3600&PIID=36C24623F0256&modNumber=P00002&idvAgencyID=&idvPIID=GS00F146DA&contractType=AWARD,3/7/2025,0.0,3600,36C24623F0256,P00002,4732,GS00F146DA,PS0019,03/05/2025,05/01/2023,03/05/2025,03/05/2025,04/07/2023,-238330.11,1234629.95,-238330.11,1234629.95,-238330.11,1234629.95,VCE5JFBRME47,HURON CONSULTING SERVICES LLC,,3KVQ9,550 W VAN BUREN ST,,CHICAGO,IL,606073827,USA,UNITED STATES,(312) 880-3035,(312) 880-3002,ILLINOIS 07,U099,EDUCATION/TRAINING- OTHER,541611.0,ADMINISTRATIVE MANAGEMENT AND GENERAL MANAGEMENT CONSULTING SERVICES,VA,,USA,HAMPTON CITY,HAMPTON,,23667,9900.0,,2025-04-04-0017
36C26020P0187,Department of Veterans Affairs,"QUALITY REGISTRY SERVICES, LLC",1384451.0,CANCER ABSTRACTION SERVICES,TERMINATED,https://www.fpds.gov/ezsearch/jsp/viewLinkController.jsp?agencyID=3600&PIID=36C26020P0187&modNumber=P00013&idvAgencyID=&idvPIID=&contractType=AWARD,3/7/2025,0.0,3600,36C26020P0187,P00013,,,,03/06/2025,01/01/2020,06/30/2025,06/30/2025,,-119526.66,1384450.83,-119526.66,1384450.83,-119526.66,1384450.83,LCB9UL36Z6K7,"QUALITY REGISTRY SERVICES, LLC",,7AY20,814 ROCKFORD RD,,MANAKIN SABOT,VA,231032162,USA,UNITED STATES,(623) 882-6666,,VIRGINIA 07,Q701,SPECIALIZED MEDICAL SUPPORT,541611.0,ADMINISTRATIVE MANAGEMENT AND GENERAL MANAGEMENT CONSULTING SERVICES,VA,,USA,GOOCHLAND,MANAKIN SABOT,,23103,2162.0,,2025-04-04-0017
36C10F23F0038,Department of Veterans Affairs,"INTERIOR SYSTEMS, INC.",126372.0,"MADISON, WI - DUE DILIGENCE",TERMINATED,https://www.fpds.gov/ezsearch/jsp/viewLinkController.jsp?agencyID=3600&PIID=36C10F23F0038&modNumber=P00004&idvAgencyID=&idvPIID=GS00F023CA&contractType=AWARD,3/7/2025,0.0,3600,36C10F23F0038,P00004,4732,GS00F023CA,PA0042,03/05/2025,09/29/2023,03/05/2025,03/05/2025,07/19/2023,0.0,126372.0,0.0,126372.0,0.0,126372.0,RNHBDCBFX1N7,"INTERIOR SYSTEMS, INC.",,0ZVV4,45610 WOODLAND RD STE 130,,STERLING,VA,201664220,USA,UNITED STATES,(202) 263-0892,(202) 393-0630,VIRGINIA 10,E1PC,PURCHASE OF UNIMPROVED REAL PROPERTY (LAND),541611.0,ADMINISTRATIVE MANAGEMENT AND GENERAL MANAGEMENT CONSULTING SERVICES,WI,,USA,DANE,MADISON,,53705,2254.0,,2025-04-04-0017
36C10F23F0040,Department of Veterans Affairs,"INTERIOR SYSTEMS, INC.",36380.0,"KEOKUK, IA - DUE DILIGENCE SERVICES",TERMINATED,https://www.fpds.gov/ezsearch/jsp/viewLinkController.jsp?agencyID=3600&PIID=36C10F23F0040&modNumber=P00002&idvAgencyID=&idvPIID=GS00F023CA&contractType=AWARD,3/7/2025,3300.0,3600,36C10F23F0040,P00002,4732,GS00F023CA,PA0042,03/05/2025,09/29/2023,03/05/2025,03/05/2025,08/15/2023,0.0,33080.0,0.0,33080.0,0.0,36380.0,RNHBDCBFX1N7,"INTERIOR SYSTEMS, INC.",,0ZVV4,45610 WOODLAND RD STE 130,,STERLING,VA,201664220,USA,UNITED STATES,(202) 263-0892,(202) 393-0630,VIRGINIA 10,E1PC,PURCHASE OF UNIMPROVED REAL PROPERTY (LAND),541611.0,ADMINISTRATIVE MANAGEMENT AND GENERAL MANAGEMENT CONSULTING SERVICES,IA,,USA,LEE,KEOKUK,,52632,3141.0,,2025-04-04-0017
36C10F23F0026,Department of Veterans Affairs,"INTERIOR SYSTEMS, INC.",296245.0,HUDSON FL VHA OPERATION - DUE DILIGENCE,TERMINATED,https://www.fpds.gov/ezsearch/jsp/viewLinkController.jsp?agencyID=3600&PIID=36C10F23F0026&modNumber=P00002&idvAgencyID=&idvPIID=GS00F023CA&contractType=AWARD,3/7/2025,125152.0,3600,36C10F23F0026,P00002,4732,GS00F023CA,PA0042,03/05/2025,09/27/2023,03/05/2025,03/05/2025,05/16/2023,0.0,171093.02,0.0,171093.02,0.0,296245.33,RNHBDCBFX1N7,"INTERIOR SYSTEMS, INC.",,0ZVV4,45610 WOODLAND RD STE 130,,STERLING,VA,201664220,USA,UNITED STATES,(202) 263-0892,(202) 393-0630,VIRGINIA 10,E1PC,PURCHASE OF UNIMPROVED REAL PROPERTY (LAND),541611.0,ADMINISTRATIVE MANAGEMENT AND GENERAL MANAGEMENT CONSULTING SERVICES,FL,,USA,PASCO,SPRING HILL,,34610,7252.0,,2025-04-04-0017
36C10F24N0043,Department of Veterans Affairs,"INTERIOR SYSTEMS, INC.",63228.0,"POPLAR BLUFF, MO - DUE DILIGENCE",TERMINATED,https://www.fpds.gov/ezsearch/jsp/viewLinkController.jsp?agencyID=3600&PIID=36C10F24N0043&modNumber=P00002&idvAgencyID=&idvPIID=36C10F23A0009&contractType=AWARD,3/7/2025,17942.0,3600,36C10F24N0043,P00002,3600,36C10F23A0009,P00001,03/05/2025,09/30/2024,03/05/2025,03/05/2025,07/17/2024,0.0,45285.44,0.0,45285.44,0.0,63227.64,RNHBDCBFX1N7,"INTERIOR SYSTEMS, INC.",,0ZVV4,45610 WOODLAND RD STE 130,,STERLING,VA,201664220,USA,UNITED STATES,(202) 263-0892,(202) 393-0630,VIRGINIA 10,E1PC,PURCHASE OF UNIMPROVED REAL PROPERTY (LAND),541611.0,ADMINISTRATIVE MANAGEMENT AND GENERAL MANAGEMENT CONSULTING SERVICES,VA,,USA,LOUDOUN,STERLING,,20166,4220.0,,2025-04-04-0017
36C10F24N0045,Department of Veterans Affairs,"INTERIOR SYSTEMS, INC.",18700.0,"POPLAR BLUFF, MO - VAMC - ACCESS - CONDEMNATION",TERMINATED,https://www.fpds.gov/ezsearch/jsp/viewLinkController.jsp?agencyID=3600&PIID=36C10F24N0045&modNumber=P00001&idvAgencyID=&idvPIID=36C10F23A0009&contractType=AWARD,3/7/2025,0.0,3600,36C10F24N0045,P00001,3600,36C10F23A0009,P00001,03/05/2025,09/30/2024,03/05/2025,03/05/2025,08/22/2024,0.0,18700.0,0.0,18700.0,0.0,18700.0,RNHBDCBFX1N7,"INTERIOR SYSTEMS, INC.",,0ZVV4,45610 WOODLAND RD STE 130,,STERLING,VA,201664220,USA,UNITED STATES,(202) 263-0892,(202) 393-0630,VIRGINIA 10,R404,SUPPORT- PROFESSIONAL: LAND SURVEYS-CADASTRAL (NON-CONSTRUCTION),541611.0,ADMINISTRATIVE MANAGEMENT AND GENERAL MANAGEMENT CONSULTING SERVICES,VA,,USA,LOUDOUN,STERLING,,20166,4220.0,,2025-04-04-0017
36C24E24N0122,Department of Veterans Affairs,The Trustees of Columbia University,799000.0,RESEARCH SUPPORT SERVICES,BASE AWARD,https://www.fpds.gov/ezsearch/jsp/viewLinkController.jsp?agencyID=3600&PIID=36C24E24N0122&modNumber=0&idvAgencyID=&idvPIID=36C24E24D0006&contractType=AWARD,3/7/2025,0.0,3600,36C24E24N0122,0,3600,36C24E24D0006,0,05/27/2024,05/27/2024,05/26/2025,05/26/2025,05/20/2024,799000.0,,799000.0,,799000.0,,LSMEJGFSWJ77,TRUSTEES OF COLUMBIA UNIVERSITY IN THE CITY OF NEW YORK,,1QKL2,615 W 131ST ST FL 4,,NEW YORK,NY,100277984,USA,UNITED STATES,(212) 851-9138,,NEW YORK 13,Q301,REFERENCE LABORATORY TESTING,541380.0,TESTING LABORATORIES AND SERVICES,WI,,USA,DANE,MADISON,,53705,1.0,,2025-04-04-0017
36C10X21N0025,Department of Veterans Affairs,"APTIVE HTG, LLC",22718012.0,VHA INTEGRATED HEALTHCARE TRANSFORMATION (IHT) TASK ORDER - VHA POLICY TRANSFORMATION,TERMINATED,https://www.fpds.gov/ezsearch/jsp/viewLinkController.jsp?agencyID=3600&PIID=36C10X21N0025&modNumber=P00011&idvAgencyID=&idvPIID=36C10X20D0002&contractType=AWARD,3/6/2025,0.0,3600,36C10X21N0025,P00011,3600,36C10X20D0002,0,09/17/2024,11/30/2020,11/29/2024,11/29/2025,09/23/2020,72550.4,22718012.07,72550.4,22718012.07,72550.4,22718012.07,L2LMMGFF12A3,"APTIVE HTG, LLC",,8A9S8,421 KING ST STE 200,,ALEXANDRIA,VA,223143121,USA,UNITED STATES,(703) 598-0697,,VIRGINIA 08,R406,SUPPORT- PROFESSIONAL: POLICY REVIEW/DEVELOPMENT,541611.0,ADMINISTRATIVE MANAGEMENT AND GENERAL MANAGEMENT CONSULTING SERVICES,DC,,USA,DISTRICT OF COLUMBIA,WASHINGTON,,20420,1.0,,2025-04-04-0017
36C10X21N0060,Department of Veterans Affairs,"APTIVE HTG, LLC",3037587.0,VHA INTEGRATED HEALTHCARE TRANSFORMATION (IHT) IDIQ CONTRACT - TASK ORDER FOR WOMEN'S HEALTH SUPPORT,TERMINATED,https://www.fpds.gov/ezsearch/jsp/viewLinkController.jsp?agencyID=3600&PIID=36C10X21N0060&modNumber=P00010&idvAgencyID=&idvPIID=36C10X20D0002&contractType=AWARD,3/6/2025,405393.0,3600,36C10X21N0060,P00010,3600,36C10X20D0002,0,03/10/2025,04/09/2021,04/08/2025,04/08/2026,03/15/2021,0.0,2632193.97,0.0,2632193.97,0.0,3037586.77,L2LMMGFF12A3,"APTIVE HTG, LLC",,8A9S8,421 KING ST STE 200,,ALEXANDRIA,VA,223143121,USA,UNITED STATES,(703) 598-0697,,VIRGINIA 08,R408,SUPPORT- PROFESSIONAL: PROGRAM MANAGEMENT/SUPPORT,541611.0,ADMINISTRATIVE MANAGEMENT AND GENERAL MANAGEMENT CONSULTING SERVICES,VA,,USA,ALEXANDRIA CITY,ALEXANDRIA,,22314,3121.0,,2025-04-04-0017
36C25025C0047,Department of Veterans Affairs,BEST PRACTICES GROUP LLC,217204.0,CANCER REGISTRY SERVICE,TERMINATED,https://www.fpds.gov/ezsearch/jsp/viewLinkController.jsp?agencyID=3600&PIID=36C25025C0047&modNumber=P00001&idvAgencyID=&idvPIID=&contractType=AWARD,3/6/2025,162903.0,3600,36C25025C0047,P00001,,,,03/05/2025,01/15/2025,03/04/2025,03/04/2025,10/30/2024,0.0,54301.0,0.0,54301.0,0.0,217204.0,NMZLRVMKTKE6,BEST PRACTICES GROUP LLC,,5GAY5,5412 NE 6TH CT STE 200,,RENTON,WA,980594982,USA,UNITED STATES,(206) 799-4089,(425) 228-0419,WASHINGTON 09,R408,SUPPORT- PROFESSIONAL: PROGRAM MANAGEMENT/SUPPORT,541611.0,ADMINISTRATIVE MANAGEMENT AND GENERAL MANAGEMENT CONSULTING SERVICES,MI,,USA,WAYNE,DETROIT,,48201,1916.0,,2025-04-04-0017
36C10X24N0172,Department of Veterans Affairs,"METRICS, LLC",1789089.0,IN6014 MANAGED SETTLEMENTS SUPPORT,TERMINATED,https://www.fpds.gov/ezsearch/jsp/viewLinkController.jsp?agencyID=3600&PIID=36C10X24N0172&modNumber=P00002&idvAgencyID=&idvPIID=VA119A17D0148&contractType=AWARD,3/6/2025,1445278.0,3600,36C10X24N0172,P00002,3600,VA119A17D0148,0,03/04/2025,09/02/2024,03/04/2025,03/04/2025,07/11/2024,0.0,343811.52,0.0,1789089.12,0.0,1789089.12,F541XAYTKKN5,"METRICS, LLC",,6RSN0,7105 HUNDSFORD LN,,SPRINGFIELD,VA,221531264,USA,UNITED STATES,(703) 401-1616,,VIRGINIA 11,R408,SUPPORT- PROFESSIONAL: PROGRAM MANAGEMENT/SUPPORT,541611.0,ADMINISTRATIVE MANAGEMENT AND GENERAL MANAGEMENT CONSULTING SERVICES,VA,,USA,FAIRFAX,FAIRFAX STATION,,22039,1203.0,,2025-04-04-0017
36C77624P0087,Department of Veterans Affairs,ETRANSERVICES CORP.,20077.0,ENHANCE THE CURRENT VOLUME 4 OF THE FISCAL YEAR 2025 BUDGET SUBMISSION AND UPCOMING FY2026 BUDGET SUBMISSION TO BE SECTION 508 COMPLIANT.,TERMINATED,https://www.fpds.gov/ezsearch/jsp/viewLinkController.jsp?agencyID=3600&PIID=36C77624P0087&modNumber=P00001&idvAgencyID=&idvPIID=&contractType=AWARD,3/6/2025,0.0,3600,36C77624P0087,P00001,,,,03/05/2025,09/20/2024,02/25/2025,02/25/2025,08/08/2024,0.0,20077.2,0.0,20077.2,0.0,20077.2,Y56GTH99ZG29,ETRANSERVICES CORP.,ETRANSERVICES CORP.,6GGS5,24 ONVILLE RD,SUITE 101-11,STAFFORD,VA,225563831,USA,UNITED STATES,(571) 405-5560,(888) 503-3608,VIRGINIA 07,R799,SUPPORT- MANAGEMENT: OTHER,541611.0,ADMINISTRATIVE MANAGEMENT AND GENERAL MANAGEMENT CONSULTING SERVICES,VA,,USA,STAFFORD,STAFFORD,,22556,3831.0,,2025-04-04-0017
36C77624N0056,Department of Veterans Affairs,"CRADDOCK GROUP, LLC, THE",1334529.0,STRATEGIC CAPITAL INVESTMENT PLANNING PROCESS SUPPORT SERVICES,TERMINATED,https://www.fpds.gov/ezsearch/jsp/viewLinkController.jsp?agencyID=3600&PIID=36C77624N0056&modNumber=P00001&idvAgencyID=&idvPIID=36E77620D0003&contractType=AWARD,3/6/2025,0.0,3600,36C77624N0056,P00001,3600,36E77620D0003,0,03/05/2025,01/05/2024,02/25/2025,02/25/2025,12/19/2023,0.0,1334529.03,0.0,1334529.03,0.0,1334529.03,DVFKRULPER77,"CRADDOCK GROUP, LLC, THE",,5VKS1,3033 WILSON BLVD STE 700,,ARLINGTON,VA,222013868,USA,UNITED STATES,(757) 903-6710,(888) 426-6534,VIRGINIA 08,R799,SUPPORT- MANAGEMENT: OTHER,541611.0,ADMINISTRATIVE MANAGEMENT AND GENERAL MANAGEMENT CONSULTING SERVICES,VA,,USA,ARLINGTON,ARLINGTON,,22201,3868.0,,2025-04-04-0017
36C77624N0072,Department of Veterans Affairs,"CRADDOCK GROUP, LLC, THE",579372.0,THE IDIQ PROVIDES AND OPPORTUNITY TO ACQUIRE STRATEGIC CAPITAL INVESTMENT PLANNING SERVICES FOR A 5 YEAR PERIOD.,TERMINATED,https://www.fpds.gov/ezsearch/jsp/viewLinkController.jsp?agencyID=3600&PIID=36C77624N0072&modNumber=P00001&idvAgencyID=&idvPIID=36E77620D0003&contractType=AWARD,3/6/2025,0.0,3600,36C77624N0072,P00001,3600,36E77620D0003,0,03/05/2025,12/13/2023,02/25/2025,02/25/2025,11/08/2023,0.0,579372.18,0.0,579372.18,0.0,579372.18,DVFKRULPER77,"CRADDOCK GROUP, LLC, THE",,5VKS1,3033 WILSON BLVD STE 700,,ARLINGTON,VA,222013868,USA,UNITED STATES,(757) 903-6710,(888) 426-6534,VIRGINIA 08,R799,SUPPORT- MANAGEMENT: OTHER,541611.0,ADMINISTRATIVE MANAGEMENT AND GENERAL MANAGEMENT CONSULTING SERVICES,VA,,USA,ARLINGTON,ARLINGTON,,22201,3868.0,,2025-04-04-0017
36C77624N0573,Department of Veterans Affairs,"THE CRADDOCK GROUP, LLC",2369830.0,TASK ORDER FOR SCIP PROCESS SUPPORT USING THE SCIP IDIQ CONTRACT,TERMINATED,https://www.fpds.gov/ezsearch/jsp/viewLinkController.jsp?agencyID=3600&PIID=36C77624N0573&modNumber=P00001&idvAgencyID=&idvPIID=36C77624D0005&contractType=AWARD,3/6/2025,0.0,3600,36C77624N0573,P00001,3600,36C77624D0005,0,03/05/2025,06/27/2024,02/25/2025,02/25/2025,04/15/2024,0.0,2369829.97,0.0,2369829.97,0.0,2369829.97,DVFKRULPER77,"THE CRADDOCK GROUP, LLC",,5VKS1,3033 WILSON BLVD STE 700,,ARLINGTON,VA,222013868,USA,UNITED STATES,(703) 472-1620,(888) 426-6534,VIRGINIA 08,R799,SUPPORT- MANAGEMENT: OTHER,541611.0,ADMINISTRATIVE MANAGEMENT AND GENERAL MANAGEMENT CONSULTING SERVICES,VA,,USA,ARLINGTON,ARLINGTON,,22201,3868.0,,2025-04-04-0017
36C10D23N0030,Department of Veterans Affairs,ALL IN SOLUTIONS LLC,3183115.0,VBA OFFICE OF COMPENSATION SERVICES PROGRAM SUPPORT SERVICES PURCHASE.,TERMINATED,https://www.fpds.gov/ezsearch/jsp/viewLinkController.jsp?agencyID=3600&PIID=36C10D23N0030&modNumber=P00007&idvAgencyID=&idvPIID=36C10D22D0025&contractType=AWARD,3/6/2025,0.0,3600,36C10D23N0030,P00007,3600,36C10D22D0025,0,02/25/2025,09/29/2023,02/25/2025,02/25/2025,08/11/2023,0.0,3183114.91,0.0,3183114.91,0.0,3183114.91,JJLMBNFX4JH5,ALL IN SOLUTIONS LLC,,7ML48,3940 PLANK RD,STE Y,FREDERICKSBURG,VA,224076874,USA,UNITED STATES,(540) 318-7077,,VIRGINIA 07,R408,SUPPORT- PROFESSIONAL: PROGRAM MANAGEMENT/SUPPORT,541611.0,ADMINISTRATIVE MANAGEMENT AND GENERAL MANAGEMENT CONSULTING SERVICES,DC,,USA,DISTRICT OF COLUMBIA,WASHINGTON,,20006,4403.0,,2025-04-04-0017
36C77624P0043,Department of Veterans Affairs,ARTEMIS ARC LLC,543728.0,EVIDENCE BASED PRACTICE IMPLEMENTATION SUPPORT SERVICES,TERMINATED,https://www.fpds.gov/ezsearch/jsp/viewLinkController.jsp?agencyID=3600&PIID=36C77624P0043&modNumber=P00003&idvAgencyID=&idvPIID=&contractType=AWARD,3/6/2025,1232.0,3600,36C77624P0043,P00003,,,,03/05/2025,04/18/2024,02/25/2025,02/25/2025,02/29/2024,0.0,542495.93,0.0,542495.93,0.0,543727.59,YULRWLLGH5L6,ARTEMIS ARC LLC,,90NU7,3252 TARRANT LANE,,PLANO,TX,750255293,USA,UNITED STATES,(760) 703-4954,,TEXAS 04,R699,SUPPORT- ADMINISTRATIVE: OTHER,541611.0,ADMINISTRATIVE MANAGEMENT AND GENERAL MANAGEMENT CONSULTING SERVICES,TX,,USA,COLLIN,PLANO,,75025,3103.0,,2025-04-04-0017
36C24524N0268,Department of Veterans Affairs,MAXIM HEALTHCARE SERVICES INCORPORATED (0951),556453.0,MEDICAL CODING AT THE PERRY POINT AND BALTIMORE VAMC,TERMINATED,https://www.fpds.gov/ezsearch/jsp/viewLinkController.jsp?agencyID=3600&PIID=36C24524N0268&modNumber=P00002&idvAgencyID=&idvPIID=36C10G21A0004&contractType=AWARD,3/6/2025,0.0,3600,36C24524N0268,P00002,3600,36C10G21A0004,P00004,03/04/2025,03/18/2024,03/04/2025,03/04/2025,03/18/2024,0.0,556453.0,0.0,556453.0,0.0,556453.0,DFUAFDQFV943,MAXIM HEALTHCARE SERVICES INCORPORATED (0951),,1NW03,7080 SAMUEL MORSE DRIVE,,COLUMBIA,MD,210463405,USA,UNITED STATES,,,MARYLAND 03,Q601,MEDICAL CODING AND AUDITING,541611.0,ADMINISTRATIVE MANAGEMENT AND GENERAL MANAGEMENT CONSULTING SERVICES,MD,,USA,BALTIMORE CITY,BALTIMORE,,21201,2623.0,,2025-04-04-0017
36C77624N0978,Department of Veterans Affairs,"COGNITIVE MEDICAL SYSTEMS, INC.",678987.0,CDS COMMUNITY ENGAGEMENT TASK ORDER 19,TERMINATED,https://www.fpds.gov/ezsearch/jsp/viewLinkController.jsp?agencyID=3600&PIID=36C77624N0978&modNumber=P00001&idvAgencyID=&idvPIID=36C77620D0022&contractType=AWARD,3/6/2025,48793.0,3600,36C77624N0978,P00001,3600,36C77620D0022,0,03/05/2025,09/27/2024,02/25/2025,02/25/2025,08/08/2024,0.0,630193.55,0.0,630193.55,0.0,678986.51,J165N5CX9C65,"COGNITIVE MEDICAL SYSTEMS, INC.",,62V66,9444 WAPLES ST STE 200,,SAN DIEGO,CA,921212942,USA,UNITED STATES,(858) 509-4949,(858) 408-2600,CALIFORNIA 51,R408,SUPPORT- PROFESSIONAL: PROGRAM MANAGEMENT/SUPPORT,541611.0,ADMINISTRATIVE MANAGEMENT AND GENERAL MANAGEMENT CONSULTING SERVICES,OH,,USA,CUYAHOGA,INDEPENDENCE,,44131,8051.0,,2025-04-04-0017
36C10F23F0016,Department of Veterans Affairs,"CONCOURSE FEDERAL GROUP, LLC",86156.0,PHOENIX LAND SERVICES,TERMINATED,https://www.fpds.gov/ezsearch/jsp/viewLinkController.jsp?agencyID=3600&PIID=36C10F23F0016&modNumber=P00005&idvAgencyID=&idvPIID=GS00F058GA&contractType=AWARD,3/6/2025,0.0,3600,36C10F23F0016,P00005,4732,GS00F058GA,PA0033,03/05/2025,05/02/2023,03/05/2025,03/05/2025,01/24/2023,0.0,86156.46,0.0,86156.46,0.0,86156.46,KD6WCU5JHKW5,"CONCOURSE FEDERAL GROUP, LLC",,5HAY6,13840 BOOKER T WASHINGTON HWY UNIT C3,,MONETA,VA,241216390,USA,UNITED STATES,(703) 945-4208,(410) 267-7406,VIRGINIA 09,B506,SPECIAL STUDIES/ANALYSIS- DATA (OTHER THAN SCIENTIFIC),541611.0,ADMINISTRATIVE MANAGEMENT AND GENERAL MANAGEMENT CONSULTING SERVICES,DC,,USA,DISTRICT OF COLUMBIA,WASHINGTON,,20036,5569.0,,2025-04-04-0017
36C77624N0999,Department of Veterans Affairs,INNOVET HEALTH LLC,1220843.0,EO14042 - CLINICAL DECISION SUPPORT CDS IDIQ,TERMINATED,https://www.fpds.gov/ezsearch/jsp/viewLinkController.jsp?agencyID=3600&PIID=36C77624N0999&modNumber=P00001&idvAgencyID=&idvPIID=36C77620D0023&contractType=AWARD,3/6/2025,0.0,3600,36C77624N0999,P00001,3600,36C77620D0023,P00002,03/05/2025,09/30/2024,02/25/2025,02/25/2025,09/05/2024,0.0,1220842.85,0.0,1220842.85,0.0,1220842.85,KXMMBDFHKAC6,INNOVET HEALTH LLC,,7ZSX4,1908 THOMES AVE,,CHEYENNE,WY,820013527,USA,UNITED STATES,(617) 834-5712,,WYOMING 00,R408,SUPPORT- PROFESSIONAL: PROGRAM MANAGEMENT/SUPPORT,541611.0,ADMINISTRATIVE MANAGEMENT AND GENERAL MANAGEMENT CONSULTING SERVICES,WY,,USA,LARAMIE,CHEYENNE,,82001,3527.0,,2025-04-04-0017
36C10F24N0016,Department of Veterans Affairs,"CONCOURSE FEDERAL GROUP, LLC",57922.0,DUE DILIGENCE TASK ORDER,TERMINATED,https://www.fpds.gov/ezsearch/jsp/viewLinkController.jsp?agencyID=3600&PIID=36C10F24N0016&modNumber=P00001&idvAgencyID=&idvPIID=36C10F23A0007&contractType=AWARD,3/6/2025,0.0,3600,36C10F24N0016,P00001,3600,36C10F23A0007,P00001,03/05/2025,07/31/2024,03/05/2025,03/05/2025,03/07/2024,0.0,57921.92,0.0,57921.92,0.0,57921.92,KD6WCU5JHKW5,"CONCOURSE FEDERAL GROUP, LLC",,5HAY6,13840 BOOKER T WASHINGTON HWY UNIT C3,,MONETA,VA,241216390,USA,UNITED STATES,(703) 945-4208,(410) 267-7406,VIRGINIA 09,R408,SUPPORT- PROFESSIONAL: PROGRAM MANAGEMENT/SUPPORT,541611.0,ADMINISTRATIVE MANAGEMENT AND GENERAL MANAGEMENT CONSULTING SERVICES,VA,,USA,ALEXANDRIA CITY,ALEXANDRIA,,22314,3327.0,,2025-04-04-0017
36C77624N1002,Department of Veterans Affairs,INNOVET HEALTH LLC,4563498.0,EO14042 - CLINICAL DECISION SUPPORT CDS IDIQ,TERMINATED,https://www.fpds.gov/ezsearch/jsp/viewLinkController.jsp?agencyID=3600&PIID=36C77624N1002&modNumber=P00001&idvAgencyID=&idvPIID=36C77620D0023&contractType=AWARD,3/6/2025,2928395.0,3600,36C77624N1002,P00001,3600,36C77620D0023,P00002,03/05/2025,09/30/2024,02/25/2025,02/25/2025,09/05/2024,0.0,1635102.84,0.0,1635102.84,0.0,4563497.64,KXMMBDFHKAC6,INNOVET HEALTH LLC,,7ZSX4,1908 THOMES AVE,,CHEYENNE,WY,820013527,USA,UNITED STATES,(617) 834-5712,,WYOMING 00,R410,SUPPORT- PROFESSIONAL: PROGRAM EVALUATION/REVIEW/DEVELOPMENT,541611.0,ADMINISTRATIVE MANAGEMENT AND GENERAL MANAGEMENT CONSULTING SERVICES,WY,,USA,LARAMIE,CHEYENNE,,82001,3527.0,,2025-04-04-0017
36C24524N0425,Department of Veterans Affairs,"HEALTHCARE QUALITY ASSISTANCE GROUP, LLC",165600.0,VISN 5 JOINT COMMISSION MOCK SURVEY,TERMINATED,https://www.fpds.gov/ezsearch/jsp/viewLinkController.jsp?agencyID=3600&PIID=36C24524N0425&modNumber=P00001&idvAgencyID=&idvPIID=36C24524D0024&contractType=AWARD,3/6/2025,0.0,3600,36C24524N0425,P00001,3600,36C24524D0024,0,03/05/2025,06/01/2024,03/05/2025,03/05/2025,05/10/2024,0.0,165600.0,0.0,165600.0,0.0,165600.0,K529N7Q89JF7,"HEALTHCARE QUALITY ASSISTANCE GROUP, LLC",HEALTHCARE QUALITY ASSISTANCE GROUP LLC,488Z5,2721 NW DENVER AVE,,LAWTON,OK,735053942,USA,UNITED STATES,(301) 237-6507,(301) 865-0693,OKLAHOMA 04,R499,SUPPORT- PROFESSIONAL: OTHER,541611.0,ADMINISTRATIVE MANAGEMENT AND GENERAL MANAGEMENT CONSULTING SERVICES,WV,,USA,RALEIGH,BECKLEY,,25801,8986.0,,2025-04-04-0017
36C24525N0265,Department of Veterans Affairs,"HEALTHCARE QUALITY ASSISTANCE GROUP, LLC",193200.0,VISN 5 JOINT COMMISSION MOCK SURVEY,TERMINATED,https://www.fpds.gov/ezsearch/jsp/viewLinkController.jsp?agencyID=3600&PIID=36C24525N0265&modNumber=P00001&idvAgencyID=&idvPIID=36C24524D0024&contractType=AWARD,3/6/2025,0.0,3600,36C24525N0265,P00001,3600,36C24524D0024,0,03/05/2025,03/01/2025,03/05/2025,03/05/2025,05/10/2024,0.0,193200.0,0.0,193200.0,0.0,193200.0,K529N7Q89JF7,"HEALTHCARE QUALITY ASSISTANCE GROUP, LLC",HEALTHCARE QUALITY ASSISTANCE GROUP LLC,488Z5,2721 NW DENVER AVE,,LAWTON,OK,735053942,USA,UNITED STATES,(301) 237-6507,(301) 865-0693,OKLAHOMA 04,R499,SUPPORT- PROFESSIONAL: OTHER,541611.0,ADMINISTRATIVE MANAGEMENT AND GENERAL MANAGEMENT CONSULTING SERVICES,MD,,USA,CECIL,PERRY POINT,,21902,1101.0,,2025-04-04-0017
36C77620P0077,Department of Veterans Affairs,"BOOK ZURMAN, INC.",3199464.0,HEALTH INFORMATION GOVERNANCE (HIG) NATIONAL DATA SYSTEMS (NDS),TERMINATED,https://www.fpds.gov/ezsearch/jsp/viewLinkController.jsp?agencyID=3600&PIID=36C77620P0077&modNumber=P00019&idvAgencyID=&idvPIID=&contractType=AWARD,3/6/2025,899953.0,3600,36C77620P0077,P00019,,,,03/05/2025,05/01/2020,03/05/2025,03/05/2025,,0.0,2299510.98,0.0,2591902.62,0.0,3199463.82,E9N2H4LL2BW5,"BOOK ZURMAN, INC.",,64HM5,360 CENTRAL AVE STE 970,,SAINT PETERSBURG,FL,337013857,USA,UNITED STATES,(727) 378-9026,(727) 378-9025,FLORIDA 13,R408,SUPPORT- PROFESSIONAL: PROGRAM MANAGEMENT/SUPPORT,541611.0,ADMINISTRATIVE MANAGEMENT AND GENERAL MANAGEMENT CONSULTING SERVICES,FL,,USA,PINELLAS,SAINT PETERSBURG,,33701,5140.0,,2025-04-04-0017
36C25623P0025,Department of Veterans Affairs,VANGUARD GCS LLC,287175.0,TJC MOCK SURVEY PREPARATION FOR THE NEW ORLEANS VAMC.,TERMINATED,https://www.fpds.gov/ezsearch/jsp/viewLinkController.jsp?agencyID=3600&PIID=36C25623P0025&modNumber=P00005&idvAgencyID=&idvPIID=&contractType=AWARD,3/6/2025,152025.0,3600,36C25623P0025,P00005,,,,03/05/2025,10/01/2022,03/14/2025,03/14/2025,07/29/2022,-71656.0,135150.0,-71656.0,135150.0,-71656.0,287175.0,Q9RNFE9ZK2L7,VANGUARD GCS LLC,,96Q89,6500 US HIGHWAY 281 N,,SPRING BRANCH,TX,780705907,USA,UNITED STATES,(210) 616-1627,,TEXAS 21,R420,SUPPORT- PROFESSIONAL: CERTIFICATIONS AND ACCREDITATIONS (OTHER THAN EDUC OR INFO TECH C&A),541611.0,ADMINISTRATIVE MANAGEMENT AND GENERAL MANAGEMENT CONSULTING SERVICES,LA,,USA,ORLEANS,NEW ORLEANS,,70119,4558.0,,2025-04-04-0017
36C24525P0203,Department of Veterans Affairs,"UNIVERSITY OF MARYLAND, BALTIMORE",394311.0,MEDICAL RESEARCH UMD,TERMINATED,https://www.fpds.gov/ezsearch/jsp/viewLinkController.jsp?agencyID=3600&PIID=36C24525P0203&modNumber=P00001&idvAgencyID=&idvPIID=&contractType=AWARD,3/6/2025,0.0,3600,36C24525P0203,P00001,,,,03/05/2025,12/27/2024,03/05/2025,03/05/2025,12/01/2024,0.0,394310.52,0.0,394310.52,0.0,394310.52,Z9CRZKD42ZT1,"UNIVERSITY OF MARYLAND, BALTIMORE",,1B0S2,220 ARCH ST OFC LEVEL2,,BALTIMORE,MD,212011531,USA,UNITED STATES,(410) 706-1101,,MARYLAND 07,AJ11,GENERAL SCIENCE AND TECHNOLOGY R&D SERVICES; GENERAL SCIENCE AND TECHNOLOGY; BASIC RESEARCH,541611.0,ADMINISTRATIVE MANAGEMENT AND GENERAL MANAGEMENT CONSULTING SERVICES,MD,,USA,BALTIMORE CITY,BALTIMORE,,21202,2600.0,,2025-04-04-0017
36C77625P0006,Department of Veterans Affairs,"ROCK FERRY STATION, LLC",396533.0,PROFESSIONAL AND TECHNICAL SERVICES BRIDGE CONTRACT,TERMINATED,https://www.fpds.gov/ezsearch/jsp/viewLinkController.jsp?agencyID=3600&PIID=36C77625P0006&modNumber=P00001&idvAgencyID=&idvPIID=&contractType=AWARD,3/6/2025,0.0,3600,36C77625P0006,P00001,,,,03/05/2025,11/01/2024,03/05/2025,03/05/2025,10/09/2024,0.0,396533.0,0.0,396533.0,0.0,396533.0,QHXFRFVWSPW5,"ROCK FERRY STATION, LLC",,801X8,74 CLEARSTREAM RD,,HARPERS FERRY,WV,254251702,USA,UNITED STATES,(443) 540-4914,,WEST VIRGINIA 02,R499,SUPPORT- PROFESSIONAL: OTHER,541611.0,ADMINISTRATIVE MANAGEMENT AND GENERAL MANAGEMENT CONSULTING SERVICES,WV,,USA,JEFFERSON,HARPERS FERRY,,25425,1702.0,,2025-04-04-0017
36C26224N0649,Department of Veterans Affairs,HOUSING INNOVATIONS LLC,8000.0,EXERCISE OPTION YEAR 3,TERMINATED,https://www.fpds.gov/ezsearch/jsp/viewLinkController.jsp?agencyID=3600&PIID=36C26224N0649&modNumber=P00002&idvAgencyID=&idvPIID=36C26221D0028&contractType=AWARD,3/6/2025,0.0,3600,36C26224N0649,P00002,3600,36C26221D0028,0,03/05/2025,05/10/2024,03/04/2025,03/04/2025,04/19/2024,0.0,8000.0,0.0,8000.0,0.0,8000.0,EWUHTLZ7P1K7,HOUSING INNOVATIONS LLC,,5RUQ6,235 WALNUT ROAD,,LAKE PEEKSKILL,NY,105371103,USA,UNITED STATES,(917) 612-5469,,NEW YORK 17,R499,SUPPORT- PROFESSIONAL: OTHER,541611.0,ADMINISTRATIVE MANAGEMENT AND GENERAL MANAGEMENT CONSULTING SERVICES,CA,,USA,LOS ANGELES,LOS ANGELES,,90073,1075.0,,2025-04-04-0017
36C77620P0102,Department of Veterans Affairs,"STAFFORD CONSULTING COMPANY, INC.",239157.0,ADUSH20-2 ADMIN ASSISTANT FOR PERSONS WITH DISABILITIES,TERMINATED,https://www.fpds.gov/ezsearch/jsp/viewLinkController.jsp?agencyID=3600&PIID=36C77620P0102&modNumber=P00010&idvAgencyID=&idvPIID=&contractType=AWARD,3/6/2025,41547.0,3600,36C77620P0102,P00010,,,,03/05/2025,09/30/2020,03/05/2025,03/05/2025,,0.0,197609.78,0.0,197609.78,0.0,239157.02,GMQFM999K2E5,"STAFFORD CONSULTING COMPANY, INC.",,6JNW1,1765 GREENSBORO STATION PLACE SUITE 900,,MCLEAN,VA,221023470,USA,UNITED STATES,(301) 502-8967,(256) 325-0418,VIRGINIA 11,R699,SUPPORT- ADMINISTRATIVE: OTHER,541611.0,ADMINISTRATIVE MANAGEMENT AND GENERAL MANAGEMENT CONSULTING SERVICES,VA,,USA,FAIRFAX,MCLEAN,,22102,3470.0,,2025-04-04-0017
36C26224N0819,Department of Veterans Affairs,MAXIM HEALTHCARE SERVICES INCORPORATED (0951),430660.0,MEDICAL CODING SERVICES,TERMINATED,https://www.fpds.gov/ezsearch/jsp/viewLinkController.jsp?agencyID=3600&PIID=36C26224N0819&modNumber=P00001&idvAgencyID=&idvPIID=36C10G21A0004&contractType=AWARD,3/6/2025,278220.0,3600,36C26224N0819,P00001,3600,36C10G21A0004,P00005,03/05/2025,07/01/2024,03/04/2025,03/04/2025,06/10/2023,0.0,152440.5,0.0,190444.15,0.0,430660.0,DFUAFDQFV943,MAXIM HEALTHCARE SERVICES INCORPORATED (0951),,1NW03,7080 SAMUEL MORSE DRIVE,,COLUMBIA,MD,210463405,USA,UNITED STATES,,,MARYLAND 03,Q601,MEDICAL CODING AND AUDITING,541611.0,ADMINISTRATIVE MANAGEMENT AND GENERAL MANAGEMENT CONSULTING SERVICES,CA,,USA,LOS ANGELES,LOS ANGELES,,90073,1.0,,2025-04-04-0017
36C25820F0130,Department of Veterans Affairs,"CAMEO CONSULTING GROUP, LLC",4145660.0,1102 CONTRACTOR SUPPORT,TERMINATED,https://www.fpds.gov/ezsearch/jsp/viewLinkController.jsp?agencyID=3600&PIID=36C25820F0130&modNumber=P00015&idvAgencyID=&idvPIID=GS00F280DA&contractType=AWARD,3/6/2025,549048.0,3600,36C25820F0130,P00015,4732,GS00F280DA,PA0031,03/05/2025,09/29/2020,03/04/2025,03/04/2025,09/18/2020,0.0,3596611.73,0.0,3596611.73,0.0,4145659.73,GR37ULLYKLK9,"CAMEO CONSULTING GROUP, LLC",,6UHA6,401 N WASHINGTON ST STE 600,,ROCKVILLE,MD,208501977,USA,UNITED STATES,(480) 330-6650,(540) 595-0891,MARYLAND 08,R499,SUPPORT- PROFESSIONAL: OTHER,541611.0,ADMINISTRATIVE MANAGEMENT AND GENERAL MANAGEMENT CONSULTING SERVICES,AZ,,USA,MARICOPA,PHOENIX,,85012,2790.0,,2025-04-04-0017
36C25020F0826,Department of Veterans Affairs,"BOUNDS ASSOCIATES, LLC",612344.0,FINANCIAL PLANNING SERVCIES,TERMINATED,https://www.fpds.gov/ezsearch/jsp/viewLinkController.jsp?agencyID=3600&PIID=36C25020F0826&modNumber=P00009&idvAgencyID=&idvPIID=GS10F115CA&contractType=AWARD,3/6/2025,36978.0,3600,36C25020F0826,P00009,4732,GS10F115CA,PA0023,03/05/2025,06/15/2020,03/05/2025,03/05/2025,05/26/2020,-27270.01,575366.11,0.0,612343.92,0.0,612343.92,XN32KCNSDJR9,"BOUNDS ASSOCIATES, LLC",,6PWZ6,950 NORTH WASHINGTON STREET,STE 317,ALEXANDRIA,VA,223142371,USA,UNITED STATES,(703) 408-0052,,VIRGINIA 08,R710,SUPPORT- MANAGEMENT: FINANCIAL,541611.0,ADMINISTRATIVE MANAGEMENT AND GENERAL MANAGEMENT CONSULTING SERVICES,OH,,USA,MONTGOMERY,DAYTON,,45428,9000.0,,2025-04-04-0017
36C10D25F0023,Department of Veterans Affairs,GOTHAM GOVERNMENT SERVICES LLC,22833769.0,TRAINING ANALYSIS AND DEVELOPMENT SUPPORT SERVICES,TERMINATED,https://www.fpds.gov/ezsearch/jsp/viewLinkController.jsp?agencyID=3600&PIID=36C10D25F0023&modNumber=P00001&idvAgencyID=&idvPIID=GS10F0212S&contractType=AWARD,3/5/2025,18488905.0,3600,36C10D25F0023,P00001,4730,GS10F0212S,PO0035,03/04/2025,01/08/2025,02/25/2025,02/25/2025,10/25/2024,0.0,4344864.48,0.0,4344864.48,0.0,22833769.4,N8LHLC2J9GJ7,GOTHAM GOVERNMENT SERVICES LLC,,8FZ81,2675 LOGMILL RD,,HAYMARKET,VA,201691215,USA,UNITED STATES,(732) 610-7884,,VIRGINIA 10,R499,SUPPORT- PROFESSIONAL: OTHER,541611.0,ADMINISTRATIVE MANAGEMENT AND GENERAL MANAGEMENT CONSULTING SERVICES,DC,,USA,DISTRICT OF COLUMBIA,WASHINGTON,,20006,1053.0,,2025-04-04-0017
36C10D21P0015,Department of Veterans Affairs,"ADVANCED SURVEY DESIGN, LLC",2777057.0,SERVICES IN SUPPORT OF VETERAN READINESS AND EMPLOYMENT (VR&E) LONGITUDINAL STUDY (PL 110-389 SEC. 334),TERMINATED,https://www.fpds.gov/ezsearch/jsp/viewLinkController.jsp?agencyID=3600&PIID=36C10D21P0015&modNumber=P00007&idvAgencyID=&idvPIID=&contractType=AWARD,3/5/2025,641393.0,3600,36C10D21P0015,P00007,,,,03/04/2025,09/29/2021,02/25/2025,02/25/2025,08/16/2021,0.0,2135664.0,0.0,2135664.0,0.0,2777057.0,T3XYGDJZ4DC9,"ADVANCED SURVEY DESIGN, LLC",,456U1,1193 10TH ST STE A,,MONTEREY,CA,939403611,USA,UNITED STATES,(831) 641-9701,(831) 886-3620,CALIFORNIA 19,R499,SUPPORT- PROFESSIONAL: OTHER,541611.0,ADMINISTRATIVE MANAGEMENT AND GENERAL MANAGEMENT CONSULTING SERVICES,CA,,USA,MONTEREY,MONTEREY,,93940,3611.0,,2025-04-04-0017
36C10D23F0023,Department of Veterans Affairs,"ARCANUM GROUP, INC., THE",1301600.0,BASE YEAR VECTOR CONTRACT,TERMINATED,https://www.fpds.gov/ezsearch/jsp/viewLinkController.jsp?agencyID=3600&PIID=36C10D23F0023&modNumber=P00005&idvAgencyID=&idvPIID=GS10F0324X&contractType=AWARD,3/5/2025,0.0,3600,36C10D23F0023,P00005,4732,GS10F0324X,PA0037,03/04/2025,08/31/2023,02/25/2025,02/25/2025,06/28/2023,0.0,940638.36,0.0,940638.36,0.0,940638.36,E5ACSBP2KK61,"ARCANUM GROUP, INC., THE",,49H22,4076 E STATE ROAD 44 STE 39,,WILDWOOD,FL,347857486,USA,UNITED STATES,(303) 731-1547,(303) 558-3801,FLORIDA 11,R499,SUPPORT- PROFESSIONAL: OTHER,541611.0,ADMINISTRATIVE MANAGEMENT AND GENERAL MANAGEMENT CONSULTING SERVICES,DC,,USA,DISTRICT OF COLUMBIA,WASHINGTON,,20006,1053.0,,2025-04-04-0017
36C10X23N0057,Department of Veterans Affairs,"APTIVE HTG, LLC",6555020.0,"VHA INTEGRATED HEALTHCARE TRANSFORMATION (IHT) IDIQ CONTRACT- MODIFICATION TO UPDATE CLAUSES, ADMIN DATA, AND TEAMING PARTNERS.",TERMINATED,https://www.fpds.gov/ezsearch/jsp/viewLinkController.jsp?agencyID=3600&PIID=36C10X23N0057&modNumber=P00005&idvAgencyID=&idvPIID=36C10X20D0002&contractType=AWARD,3/5/2025,2848452.0,3600,36C10X23N0057,P00005,3600,36C10X20D0002,0,03/04/2025,03/29/2023,02/25/2025,02/25/2025,02/02/2023,0.0,3706567.61,0.0,3706567.61,0.0,6555019.56,L2LMMGFF12A3,"APTIVE HTG, LLC",,8A9S8,421 KING ST STE 200,,ALEXANDRIA,VA,223143121,USA,UNITED STATES,(703) 598-0697,,VIRGINIA 08,R499,SUPPORT- PROFESSIONAL: OTHER,541611.0,ADMINISTRATIVE MANAGEMENT AND GENERAL MANAGEMENT CONSULTING SERVICES,VA,,USA,ALEXANDRIA CITY,ALEXANDRIA,,22314,3359.0,,2025-04-04-0017
36C10X24N0224,Department of Veterans Affairs,"CLIENT FIRST TECHNOLOGIES, INC",3817810.0,COMMERCIAL PROFESSIONAL SERVICES,TERMINATED,https://www.fpds.gov/ezsearch/jsp/viewLinkController.jsp?agencyID=3600&PIID=36C10X24N0224&modNumber=P00001&idvAgencyID=&idvPIID=36C10X23D0040&contractType=AWARD,3/5/2025,3034554.0,3600,36C10X24N0224,P00001,3600,36C10X23D0040,0,03/04/2025,09/27/2024,03/04/2025,03/04/2025,07/19/2024,0.0,783256.34,0.0,783256.34,0.0,3817810.22,FLG4E9KX6Z86,"CLIENT FIRST TECHNOLOGIES, INC","CLIENT FIRST TECHNOLOGIES, INC",85LB8,4616 DIXIE HILL ROAD,,FAIRFAX,VA,220306112,USA,UNITED STATES,(571) 299-9317,,VIRGINIA 11,R408,SUPPORT- PROFESSIONAL: PROGRAM MANAGEMENT/SUPPORT,541611.0,ADMINISTRATIVE MANAGEMENT AND GENERAL MANAGEMENT CONSULTING SERVICES,VA,,USA,FAIRFAX,FAIRFAX,,22030,6112.0,,2025-04-04-0017
36C10X24N0164,Department of Veterans Affairs,OMNI CONSULTING SOLUTIONS LLC,3488058.0,OFFICE OF ENTERPRISE INTEGRATION PROGRAM MANAGEMENT SUPPORT SERVICES TASK ORDER AGAINST VECTOR CONTRACT.,TERMINATED,https://www.fpds.gov/ezsearch/jsp/viewLinkController.jsp?agencyID=3600&PIID=36C10X24N0164&modNumber=P00001&idvAgencyID=&idvPIID=VA119A17D0147&contractType=AWARD,3/5/2025,2330775.0,3600,36C10X24N0164,P00001,3600,VA119A17D0147,0,03/04/2025,08/23/2024,02/25/2025,02/25/2025,05/07/2024,0.0,1157283.2,0.0,1157283.2,0.0,3488058.34,Y4PCM34SMQV5,OMNI CONSULTING SOLUTIONS LLC,,6L2Y0,620 WHITING ST,,EL SEGUNDO,CA,902452948,USA,UNITED STATES,(323) 207-5791,(310) 322-9218,CALIFORNIA 36,R408,SUPPORT- PROFESSIONAL: PROGRAM MANAGEMENT/SUPPORT,541611.0,ADMINISTRATIVE MANAGEMENT AND GENERAL MANAGEMENT CONSULTING SERVICES,DC,,USA,DISTRICT OF COLUMBIA,WASHINGTON,,20420,1.0,,2025-04-04-0017
36C10X22N0097,Department of Veterans Affairs,RB MANAGEMENT CONSULTANTS LLC,1091627.0,VHA INTEGRATED HEALTHCARE TRANSFORMATION (IHT) IDIQ CONTRACT- TASK ORDER FOR TECHNICAL WRITING SUPPORT SERVICES.,TERMINATED,https://www.fpds.gov/ezsearch/jsp/viewLinkController.jsp?agencyID=3600&PIID=36C10X22N0097&modNumber=P00005&idvAgencyID=&idvPIID=36C10X20D0004&contractType=AWARD,3/5/2025,65719.0,3600,36C10X22N0097,P00005,3600,36C10X20D0004,0,03/04/2025,08/22/2022,08/21/2023,08/21/2026,03/17/2022,0.0,1025907.72,0.0,1025907.72,0.0,1091627.04,HEAKVJCG8MV6,RB MANAGEMENT CONSULTANTS LLC,,7X4V2,2011 CRYSTAL DR STE 400,,ARLINGTON,VA,222023709,USA,UNITED STATES,(240) 444-2511,,VIRGINIA 08,R499,SUPPORT- PROFESSIONAL: OTHER,541611.0,ADMINISTRATIVE MANAGEMENT AND GENERAL MANAGEMENT CONSULTING SERVICES,VA,,USA,ARLINGTON,ARLINGTON,,22209,2281.0,,2025-04-04-0017
36C10X23P0111,Department of Veterans Affairs,"RB CONSULTING, INC.",4868651.0,PROGRAM AND PROJECT MANAGEMENT SUPPORT SERVICES (PPMSS),TERMINATED,https://www.fpds.gov/ezsearch/jsp/viewLinkController.jsp?agencyID=3600&PIID=36C10X23P0111&modNumber=P00002&idvAgencyID=&idvPIID=&contractType=AWARD,3/5/2025,1646508.0,3600,36C10X23P0111,P00002,,,,03/04/2025,09/20/2023,02/25/2025,02/25/2025,09/14/2023,0.0,3222142.76,0.0,3222142.76,0.0,4868651.04,SNZEAMGH7LR8,"RB CONSULTING, INC.",RB CONSULTING INC,4MA15,5100 BUCKEYSTOWN PIKE,STE 250,FREDERICK,MD,217048344,USA,UNITED STATES,(540) 226-4714,(866) 755-3775,MARYLAND 06,R499,SUPPORT- PROFESSIONAL: OTHER,541611.0,ADMINISTRATIVE MANAGEMENT AND GENERAL MANAGEMENT CONSULTING SERVICES,MD,,USA,FREDERICK,FREDERICK,,21704,6681.0,,2025-04-04-0017
36C10X24F0055,Department of Veterans Affairs,WOODSIDE QUALITY LLC,6366025.0,ACQUISITION SUPPORT DIRECTORATE TRANSFORMATION SERVICES - THE CONTRACTOR SHALL ASSIST ASD IN PROVIDING ACQUISITION AND CONTRACT MANAGEMENT SUPPORT TO THE VALOR PMO.,TERMINATED,https://www.fpds.gov/ezsearch/jsp/viewLinkController.jsp?agencyID=3600&PIID=36C10X24F0055&modNumber=P00002&idvAgencyID=&idvPIID=47QRAA21D0055&contractType=AWARD,3/5/2025,4479262.0,3600,36C10X24F0055,P00002,4732,47QRAA21D0055,PA0006,03/04/2025,05/13/2024,02/25/2025,02/25/2025,02/12/2024,0.0,1886762.64,0.0,1886762.64,0.0,6366024.72,DBUKWXAH4RF8,WOODSIDE QUALITY LLC,,4RX66,20098 ASHBROOK PL,STE 195,ASHBURN,VA,201473394,USA,UNITED STATES,(260) 417-2924,(703) 995-0667,VIRGINIA 10,R499,SUPPORT- PROFESSIONAL: OTHER,541611.0,ADMINISTRATIVE MANAGEMENT AND GENERAL MANAGEMENT CONSULTING SERVICES,VA,,USA,LOUDOUN,ASHBURN,,20147,3394.0,,2025-04-04-0017
36C10X20N0139,Department of Veterans Affairs,"APTIVE HTG, LLC",72940747.0,VHA INTEGRATED HEALTHCARE TRANSFORMATION (IHT) HIGH RELIABILITY ORGANIZATION SUPPORT IDIQ TASK ORDER,TERMINATED,https://www.fpds.gov/ezsearch/jsp/viewLinkController.jsp?agencyID=3600&PIID=36C10X20N0139&modNumber=P00013&idvAgencyID=&idvPIID=36C10X20D0002&contractType=AWARD,3/5/2025,0.0,3600,36C10X20N0139,P00013,3600,36C10X20D0002,0,03/04/2025,09/30/2020,02/25/2025,02/25/2025,08/11/2020,0.0,72940747.03,0.0,72940747.03,0.0,72940747.03,L2LMMGFF12A3,"APTIVE HTG, LLC",,8A9S8,421 KING ST STE 200,,ALEXANDRIA,VA,223143121,USA,UNITED STATES,(703) 598-0697,,VIRGINIA 08,R408,SUPPORT- PROFESSIONAL: PROGRAM MANAGEMENT/SUPPORT,541611.0,ADMINISTRATIVE MANAGEMENT AND GENERAL MANAGEMENT CONSULTING SERVICES,DC,,USA,DISTRICT OF COLUMBIA,WASHINGTON,,20001,4.0,,2025-04-04-0017
36C10X24N0137,Department of Veterans Affairs,"APTIVE HTG, LLC",991676.0,VHA INTEGRATED HEALTHCARE TRANSFORMATION (IHT) IDIQ CONTRACT- MODIFICATION TO INCREASE CONTRACT CEILING.,TERMINATED,https://www.fpds.gov/ezsearch/jsp/viewLinkController.jsp?agencyID=3600&PIID=36C10X24N0137&modNumber=P00002&idvAgencyID=&idvPIID=36C10X20D0002&contractType=AWARD,3/5/2025,492974.0,3600,36C10X24N0137,P00002,3600,36C10X20D0002,0,03/04/2025,05/16/2024,02/25/2025,02/25/2025,04/08/2024,0.0,498701.96,0.0,498701.96,0.0,991675.6,L2LMMGFF12A3,"APTIVE HTG, LLC",,8A9S8,421 KING ST STE 200,,ALEXANDRIA,VA,223143121,USA,UNITED STATES,(703) 598-0697,,VIRGINIA 08,R499,SUPPORT- PROFESSIONAL: OTHER,541611.0,ADMINISTRATIVE MANAGEMENT AND GENERAL MANAGEMENT CONSULTING SERVICES,VA,,USA,ALEXANDRIA CITY,ALEXANDRIA,,22314,3359.0,,2025-04-04-0017
36C10X20N0145,Department of Veterans Affairs,TITAN ALPHA LLC,1726785.0,VHA INTEGRATED HEALTHCARE TRANSFORMATION (IHT) IDIQ CONTRACT - IHT 20 OFFICE OF DEAN COMMUNICATIONS SUPPORT,TERMINATED,https://www.fpds.gov/ezsearch/jsp/viewLinkController.jsp?agencyID=3600&PIID=36C10X20N0145&modNumber=P00010&idvAgencyID=&idvPIID=36C10X20D0006&contractType=AWARD,3/5/2025,0.0,3600,36C10X20N0145,P00010,3600,36C10X20D0006,0,03/04/2025,09/28/2020,02/25/2025,02/25/2025,08/17/2020,0.0,1726785.45,0.0,1726785.45,0.0,1726785.45,EGLRC9AH8XA7,TITAN ALPHA LLC,,80RY6,13846 REMBRANDT WAY,,CHANTILLY,VA,201513255,USA,UNITED STATES,(202) 792-1005,(202) 540-8006,VIRGINIA 11,R426,SUPPORT- PROFESSIONAL: COMMUNICATIONS,541611.0,ADMINISTRATIVE MANAGEMENT AND GENERAL MANAGEMENT CONSULTING SERVICES,DC,,USA,DISTRICT OF COLUMBIA,WASHINGTON,,20420,1.0,,2025-04-04-0017
36C10X24N0068,Department of Veterans Affairs,TITAN ALPHA LLC,969852.0,VHA INTEGRATED HEALTHCARE TRANSFORMATION (IHT) IDIQ CONTRACT-,TERMINATED,https://www.fpds.gov/ezsearch/jsp/viewLinkController.jsp?agencyID=3600&PIID=36C10X24N0068&modNumber=P00003&idvAgencyID=&idvPIID=36C10X20D0006&contractType=AWARD,3/5/2025,0.0,3600,36C10X24N0068,P00003,3600,36C10X20D0006,0,03/04/2025,01/25/2024,02/25/2025,02/25/2025,01/04/2024,0.0,969851.93,0.0,969851.93,0.0,969851.93,EGLRC9AH8XA7,TITAN ALPHA LLC,,80RY6,13846 REMBRANDT WAY,,CHANTILLY,VA,201513255,USA,UNITED STATES,(202) 792-1005,(202) 540-8006,VIRGINIA 11,R408,SUPPORT- PROFESSIONAL: PROGRAM MANAGEMENT/SUPPORT,541611.0,ADMINISTRATIVE MANAGEMENT AND GENERAL MANAGEMENT CONSULTING SERVICES,VA,,USA,FAIRFAX,CHANTILLY,,20151,3933.0,,2025-04-04-0017
36C10X24N0062,Department of Veterans Affairs,RB MANAGEMENT CONSULTANTS LLC,1932139.0,VHA INTEGRATED HEALTHCARE TRANSFORMATION (IHT) IDIQ CONTRACT- TASK ORDER - VALOR,TERMINATED,https://www.fpds.gov/ezsearch/jsp/viewLinkController.jsp?agencyID=3600&PIID=36C10X24N0062&modNumber=P00002&idvAgencyID=&idvPIID=36C10X20D0004&contractType=AWARD,3/5/2025,661285.0,3600,36C10X24N0062,P00002,3600,36C10X20D0004,0,03/04/2025,01/18/2024,02/25/2025,02/25/2025,11/16/2023,0.0,1270853.55,0.0,1270853.55,0.0,1932138.65,HEAKVJCG8MV6,RB MANAGEMENT CONSULTANTS LLC,,7X4V2,2011 CRYSTAL DR STE 400,,ARLINGTON,VA,222023709,USA,UNITED STATES,(240) 444-2511,,VIRGINIA 08,R499,SUPPORT- PROFESSIONAL: OTHER,541611.0,ADMINISTRATIVE MANAGEMENT AND GENERAL MANAGEMENT CONSULTING SERVICES,VA,,USA,FAIRFAX,CHANTILLY,,20151,3933.0,,2025-04-04-0017
36C10D23F0044,Department of Veterans Affairs,OMNI CONSULTING SOLUTIONS LLC,5056683.0,OSSI PROGRAM MANAGEMENT SUPPORT SERVICES,TERMINATED,https://www.fpds.gov/ezsearch/jsp/viewLinkController.jsp?agencyID=3600&PIID=36C10D23F0044&modNumber=P00005&idvAgencyID=&idvPIID=GS00F329GA&contractType=AWARD,3/5/2025,277328.0,3600,36C10D23F0044,P00005,4732,GS00F329GA,PA0012,03/04/2025,09/28/2023,02/25/2025,02/25/2025,08/01/2023,0.0,4779355.02,0.0,4779355.02,0.0,5056682.73,Y4PCM34SMQV5,OMNI CONSULTING SOLUTIONS LLC,,6L2Y0,1730 E HOLLY AVE,STE 330,EL SEGUNDO,CA,902454404,USA,UNITED STATES,(310) 755-5726,(310) 322-9218,CALIFORNIA 36,R499,SUPPORT- PROFESSIONAL: OTHER,541611.0,ADMINISTRATIVE MANAGEMENT AND GENERAL MANAGEMENT CONSULTING SERVICES,DC,,USA,DISTRICT OF COLUMBIA,WASHINGTON,,20420,1.0,,2025-04-04-0017
36C10X22N0144,Department of Veterans Affairs,TITAN ALPHA LLC,6231261.0,"VHA INTEGRATED HEALTHCARE TRANSFORMATION (IHT) IDIQ CONTRACT- MODIFICATION TO UPDATE CLAUSES, ADMIN DATA, AND TEAMING PARTNERS.",TERMINATED,https://www.fpds.gov/ezsearch/jsp/viewLinkController.jsp?agencyID=3600&PIID=36C10X22N0144&modNumber=P00009&idvAgencyID=&idvPIID=36C10X20D0006&contractType=AWARD,3/5/2025,51555.0,3600,36C10X22N0144,P00009,3600,36C10X20D0006,0,03/04/2025,09/12/2022,02/25/2025,02/25/2025,07/07/2022,0.0,6179706.57,0.0,6179706.57,0.0,6231261.14,EGLRC9AH8XA7,TITAN ALPHA LLC,,80RY6,13846 REMBRANDT WAY,,CHANTILLY,VA,201513255,USA,UNITED STATES,(202) 792-1005,(202) 540-8006,VIRGINIA 11,R499,SUPPORT- PROFESSIONAL: OTHER,541611.0,ADMINISTRATIVE MANAGEMENT AND GENERAL MANAGEMENT CONSULTING SERVICES,VA,,USA,FAIRFAX,CHANTILLY,,20151,1680.0,,2025-04-04-0017
36C10X21N0182,Department of Veterans Affairs,"TRILOGY FEDERAL, LLC",1129013.0,VHA INTEGRATED HEALTHCARE TRANSFORMATION (IHT) IDIQ CONTRACT- TASK ORDER 88- GAO OIG ACCOUNTABILITY LIAISON (GOAL) PROGRAM OFFICE TECHNICAL WRITING SUPPORT,TERMINATED,https://www.fpds.gov/ezsearch/jsp/viewLinkController.jsp?agencyID=3600&PIID=36C10X21N0182&modNumber=P00006&idvAgencyID=&idvPIID=36C10X20D0007&contractType=AWARD,3/5/2025,232574.0,3600,36C10X21N0182,P00006,3600,36C10X20D0007,0,03/04/2025,09/30/2021,02/25/2025,02/25/2025,09/22/2021,0.0,896438.4,0.0,896438.4,0.0,1129012.8,QY6ZENEB34D9,"TRILOGY FEDERAL, LLC",,5EQT3,6507 HAYSTACK RD,,ALEXANDRIA,VA,223103309,USA,UNITED STATES,(703) 589-9029,,VIRGINIA 08,R499,SUPPORT- PROFESSIONAL: OTHER,541611.0,ADMINISTRATIVE MANAGEMENT AND GENERAL MANAGEMENT CONSULTING SERVICES,VA,,USA,FAIRFAX,ALEXANDRIA,,22310,3309.0,,2025-04-04-0017
36C10X24C0032,Department of Veterans Affairs,SHOULDER 2 SHOULDER INC,1921434.0,ENTERPRISE PROGRAM MANAGEMENT (EPM)SUPPORT SERVICES,TERMINATED,https://www.fpds.gov/ezsearch/jsp/viewLinkController.jsp?agencyID=3600&PIID=36C10X24C0032&modNumber=P00001&idvAgencyID=&idvPIID=&contractType=AWARD,3/5/2025,941288.0,3600,36C10X24C0032,P00001,,,,03/04/2025,09/09/2024,09/08/2025,09/08/2026,06/12/2024,0.0,980146.44,0.0,980146.44,0.0,1921433.99,PJGRPL17YR21,SHOULDER 2 SHOULDER INC,S2S,6DZX9,23105 PERSIMMON RIDGE RD,,CLARKSBURG,MD,208714400,USA,UNITED STATES,(703) 659-3864,(321) 775-3317,MARYLAND 06,R499,SUPPORT- PROFESSIONAL: OTHER,541611.0,ADMINISTRATIVE MANAGEMENT AND GENERAL MANAGEMENT CONSULTING SERVICES,MD,,USA,FREDERICK,FREDERICK,,21703,2817.0,,2025-04-04-0017
36C10X22N0128,Department of Veterans Affairs,RB MANAGEMENT CONSULTANTS LLC,6908633.0,"VHA INTEGRATED HEALTHCARE TRANSFORMATION (IHT) IDIQ CONTRACT- MODIFICATION TO UPDATE CLAUSES, KEY PERSONNEL, AND ADMINISTRATION DATA INCLUDING NEW PARTNER ADDITIONS.",TERMINATED,https://www.fpds.gov/ezsearch/jsp/viewLinkController.jsp?agencyID=3600&PIID=36C10X22N0128&modNumber=P00005&idvAgencyID=&idvPIID=36C10X20D0004&contractType=AWARD,3/5/2025,20000.0,3600,36C10X22N0128,P00005,3600,36C10X20D0004,0,03/04/2025,09/12/2022,02/25/2025,02/25/2025,07/07/2022,0.0,6888633.31,0.0,6888633.31,0.0,6908633.31,HEAKVJCG8MV6,RB MANAGEMENT CONSULTANTS LLC,,7X4V2,2011 CRYSTAL DR STE 400,,ARLINGTON,VA,222023709,USA,UNITED STATES,(240) 444-2511,,VIRGINIA 08,R499,SUPPORT- PROFESSIONAL: OTHER,541611.0,ADMINISTRATIVE MANAGEMENT AND GENERAL MANAGEMENT CONSULTING SERVICES,VA,,USA,ARLINGTON,ARLINGTON,,22202,3829.0,,2025-04-04-0017
36C10X21N0118,Department of Veterans Affairs,"APTIVE HTG, LLC",3374181.0,TOPR 0055 PTSD CONSULTANT OUTREACH,TERMINATED,https://www.fpds.gov/ezsearch/jsp/viewLinkController.jsp?agencyID=3600&PIID=36C10X21N0118&modNumber=P00011&idvAgencyID=&idvPIID=36C10X20D0002&contractType=AWARD,3/5/2025,568143.0,3600,36C10X21N0118,P00011,3600,36C10X20D0002,0,03/04/2025,09/01/2021,03/04/2025,04/04/2025,05/18/2021,0.0,2806038.56,0.0,2806038.56,0.0,3374181.24,L2LMMGFF12A3,"APTIVE HTG, LLC",,8A9S8,421 KING ST STE 200,,ALEXANDRIA,VA,223143121,USA,UNITED STATES,(703) 598-0697,,VIRGINIA 08,R701,SUPPORT- MANAGEMENT: ADVERTISING,541611.0,ADMINISTRATIVE MANAGEMENT AND GENERAL MANAGEMENT CONSULTING SERVICES,VA,,USA,ALEXANDRIA CITY,ALEXANDRIA,,22314,3359.0,,2025-04-04-0017
36C10X23N0053,Department of Veterans Affairs,"DISTRICT COMMUNICATIONS GROUP, LLC (THE)",4516200.0,DISTRICT COMMUNICATIONS GROUP BEING AWARDED A VECTOR TASK ORDER.,TERMINATED,https://www.fpds.gov/ezsearch/jsp/viewLinkController.jsp?agencyID=3600&PIID=36C10X23N0053&modNumber=P00003&idvAgencyID=&idvPIID=VA119A17D0129&contractType=AWARD,3/5/2025,2884333.0,3600,36C10X23N0053,P00003,3600,VA119A17D0129,0,03/04/2025,03/30/2023,03/04/2025,03/04/2025,12/29/2022,0.0,2262334.28,0.0,2262334.28,0.0,4344372.94,C3X8QMRJVJH5,"DISTRICT COMMUNICATIONS GROUP, LLC (THE)",,65T66,633 E ST SE,,WASHINGTON,DC,200032991,USA,UNITED STATES,(202) 656-0098,(202) 544-8998,DISTRICT OF COLUMBIA 98,R701,SUPPORT- MANAGEMENT: ADVERTISING,541611.0,ADMINISTRATIVE MANAGEMENT AND GENERAL MANAGEMENT CONSULTING SERVICES,DC,,USA,DISTRICT OF COLUMBIA,WASHINGTON,,20003,3061.0,,2025-04-04-0017
36C10X21N0160,Department of Veterans Affairs,"TRILOGY FEDERAL, LLC",38883979.0,VHA INTEGRATED HEALTHCARE TRANSFORMATION (IHT) IDIQ CONTRACT TOPR 72- WORKFORCE MANAGEMENT AND CONSULTING (WMC) HR MODERNIZATION,TERMINATED,https://www.fpds.gov/ezsearch/jsp/viewLinkController.jsp?agencyID=3600&PIID=36C10X21N0160&modNumber=P00019&idvAgencyID=&idvPIID=36C10X20D0007&contractType=AWARD,3/5/2025,8544956.0,3600,36C10X21N0160,P00019,3600,36C10X20D0007,0,03/04/2025,09/30/2021,02/25/2025,02/25/2025,08/16/2021,0.0,30339022.65,0.0,30339022.65,0.0,38883978.74,QY6ZENEB34D9,"TRILOGY FEDERAL, LLC",,5EQT3,6507 HAYSTACK RD,,ALEXANDRIA,VA,223103309,USA,UNITED STATES,(703) 589-9029,,VIRGINIA 08,R408,SUPPORT- PROFESSIONAL: PROGRAM MANAGEMENT/SUPPORT,541611.0,ADMINISTRATIVE MANAGEMENT AND GENERAL MANAGEMENT CONSULTING SERVICES,VA,,USA,FAIRFAX,ALEXANDRIA,,22310,5538.0,,2025-04-04-0017
36C10X22N0162,Department of Veterans Affairs,"APTIVE HTG, LLC",6879176.0,VHA INTEGRATED HEALTHCARE TRANSFORMATION (IHT) IDIQ CONTRACT- TOPR0132 - EMPLOYEE WELL-BEING AND CHIEF WELL-BEING OFFICER BURNOUT MITIGATION SUPPORT,TERMINATED,https://www.fpds.gov/ezsearch/jsp/viewLinkController.jsp?agencyID=3600&PIID=36C10X22N0162&modNumber=P00009&idvAgencyID=&idvPIID=36C10X20D0002&contractType=AWARD,3/5/2025,1390609.0,3600,36C10X22N0162,P00009,3600,36C10X20D0002,0,03/04/2025,09/21/2022,02/25/2025,03/25/2025,08/11/2022,0.0,5488566.36,0.0,5488566.36,0.0,6879175.84,L2LMMGFF12A3,"APTIVE HTG, LLC",,8A9S8,421 KING ST STE 200,,ALEXANDRIA,VA,223143121,USA,UNITED STATES,(703) 598-0697,,VIRGINIA 08,R499,SUPPORT- PROFESSIONAL: OTHER,541611.0,ADMINISTRATIVE MANAGEMENT AND GENERAL MANAGEMENT CONSULTING SERVICES,DC,,USA,DISTRICT OF COLUMBIA,WASHINGTON,,20001,1152.0,,2025-04-04-0017
36C10X22N0195,Department of Veterans Affairs,TITAN ALPHA LLC,1595398.0,VHA INTEGRATED HEALTHCARE TRANSFORMATION (IHT) - TOPR 0138 CLINICAL SERVICES COMMUNICATIONS AND DIGITAL MEDIA SUPPORT.,TERMINATED,https://www.fpds.gov/ezsearch/jsp/viewLinkController.jsp?agencyID=3600&PIID=36C10X22N0195&modNumber=P00008&idvAgencyID=&idvPIID=36C10X20D0006&contractType=AWARD,3/5/2025,680128.0,3600,36C10X22N0195,P00008,3600,36C10X20D0006,0,03/04/2025,09/29/2022,02/25/2025,02/25/2025,08/19/2022,0.0,915269.92,0.0,915269.92,0.0,1595397.68,EGLRC9AH8XA7,TITAN ALPHA LLC,,80RY6,13846 REMBRANDT WAY,,CHANTILLY,VA,201513255,USA,UNITED STATES,(202) 792-1005,(202) 540-8006,VIRGINIA 11,R499,SUPPORT- PROFESSIONAL: OTHER,541611.0,ADMINISTRATIVE MANAGEMENT AND GENERAL MANAGEMENT CONSULTING SERVICES,VA,,USA,FAIRFAX,CHANTILLY,,20151,3255.0,,2025-04-04-0017
36C10X23F0072,Department of Veterans Affairs,COMMISSION ON ACCREDITATION OF REHABILITATION FACILITIES,3453928.0,USPEQ REHABILITATION SURVEYS WITHIN VA MEDICAL AND PSYCHOSOCIAL REHABILITATION PROGRAMS.,TERMINATED,https://www.fpds.gov/ezsearch/jsp/viewLinkController.jsp?agencyID=3600&PIID=36C10X23F0072&modNumber=P00003&idvAgencyID=&idvPIID=GS10F0233W&contractType=AWARD,3/5/2025,2082276.0,3600,36C10X23F0072,P00003,4730,GS10F0233W,PS0023,03/04/2025,08/10/2023,03/04/2025,03/04/2025,08/07/2023,0.0,1371652.66,0.0,1371652.66,0.0,3453928.45,MB1MTV5XA648,COMMISSION ON ACCREDITATION OF REHABILITATION FACILITIES,,4BEK9,6951 E SOUTHPOINT RD,,TUCSON,AZ,857569407,USA,UNITED STATES,(520) 325-1044,(520) 318-1129,ARIZONA 06,R410,SUPPORT- PROFESSIONAL: PROGRAM EVALUATION/REVIEW/DEVELOPMENT,541611.0,ADMINISTRATIVE MANAGEMENT AND GENERAL MANAGEMENT CONSULTING SERVICES,AZ,,USA,PIMA,TUCSON,,85756,5278.0,,2025-04-04-0017
36C10X23N0129,Department of Veterans Affairs,"INFORMATION SCIENCES CONSULTING, INCORPORATED",6729766.0,REVISED LCATS TO MEET GOVERNMENT NEEDS,TERMINATED,https://www.fpds.gov/ezsearch/jsp/viewLinkController.jsp?agencyID=3600&PIID=36C10X23N0129&modNumber=P00006&idvAgencyID=&idvPIID=36C10X18D0011&contractType=AWARD,3/5/2025,1621978.0,3600,36C10X23N0129,P00006,3600,36C10X18D0011,0,03/04/2025,08/27/2023,03/04/2025,03/04/2025,07/13/2023,0.0,5107788.21,0.0,5107788.21,0.0,6729766.21,DMNJHUPKNTA1,"INFORMATION SCIENCES CONSULTING, INCORPORATED",ISCI,1TGA9,10432 BALLS FORD RD STE 300,,MANASSAS,VA,201092517,USA,UNITED STATES,(703) 581-7253,(571) 461-1979,VIRGINIA 10,R499,SUPPORT- PROFESSIONAL: OTHER,541611.0,ADMINISTRATIVE MANAGEMENT AND GENERAL MANAGEMENT CONSULTING SERVICES,VA,,USA,PRINCE WILLIAM,MANASSAS,,20109,2243.0,,2025-04-04-0017
36C10X24N0140,Department of Veterans Affairs,"SIERRA 7, INC.",6759603.0,VHA INTEGRATED HEALTHCARE TRANSFORMATION (IHT) IDIQ CONTRACT- MODIFICATION TO INCREASE CONTRACT CEILING.,TERMINATED,https://www.fpds.gov/ezsearch/jsp/viewLinkController.jsp?agencyID=3600&PIID=36C10X24N0140&modNumber=P00003&idvAgencyID=&idvPIID=36C10X20D0005&contractType=AWARD,3/5/2025,3986318.0,3600,36C10X24N0140,P00003,3600,36C10X20D0005,0,03/04/2025,06/16/2024,03/04/2025,03/04/2025,04/17/2024,0.0,2773284.04,0.0,2773284.04,0.0,6759602.5,NP4TUKF8QCM5,"SIERRA 7, INC.",,5SUJ1,11951 FREEDOM DR STE 1300,,RESTON,VA,201905642,USA,UNITED STATES,(703) 717-1296,(703) 935-1254,VIRGINIA 11,R499,SUPPORT- PROFESSIONAL: OTHER,541611.0,ADMINISTRATIVE MANAGEMENT AND GENERAL MANAGEMENT CONSULTING SERVICES,MD,,USA,FREDERICK,FREDERICK,,21703,2817.0,,2025-04-04-0017
36C10X23N0163,Department of Veterans Affairs,"RB CONSULTING, INC.",3771152.0,REVISED LCATS TO MEET GOVERNMENT NEEDS,TERMINATED,https://www.fpds.gov/ezsearch/jsp/viewLinkController.jsp?agencyID=3600&PIID=36C10X23N0163&modNumber=P00002&idvAgencyID=&idvPIID=VA119A17D0132&contractType=AWARD,3/5/2025,1904158.0,3600,36C10X23N0163,P00002,3600,VA119A17D0132,0,03/04/2025,09/28/2023,03/04/2025,03/04/2025,08/03/2023,0.0,1866994.68,0.0,1866994.68,0.0,3771152.34,SNZEAMGH7LR8,"RB CONSULTING, INC.",RBCI,4MA15,5235 WESTVIEW DR STE 100,,FREDERICK,MD,217038397,USA,UNITED STATES,(866) 755-7224,(866) 755-3775,MARYLAND 06,R499,SUPPORT- PROFESSIONAL: OTHER,541611.0,ADMINISTRATIVE MANAGEMENT AND GENERAL MANAGEMENT CONSULTING SERVICES,MD,,USA,FREDERICK,FREDERICK,,21704,6681.0,,2025-04-04-0017
36C10X21N0150,Department of Veterans Affairs,TITAN ALPHA LLC,1577064.0,VHA INTEGRATED HEALTHCARE TRANSFORMATION (IHT) IDIQ CONTRACT TASK ORDER,TERMINATED,https://www.fpds.gov/ezsearch/jsp/viewLinkController.jsp?agencyID=3600&PIID=36C10X21N0150&modNumber=P00004&idvAgencyID=&idvPIID=36C10X20D0006&contractType=AWARD,3/5/2025,328034.0,3600,36C10X21N0150,P00004,3600,36C10X20D0006,0,03/04/2025,09/28/2021,03/04/2025,03/04/2025,09/01/2021,0.0,1249030.16,0.0,1249030.16,0.0,1577064.36,EGLRC9AH8XA7,TITAN ALPHA LLC,,80RY6,13846 REMBRANDT WAY,,CHANTILLY,VA,201513255,USA,UNITED STATES,(202) 792-1005,(202) 540-8006,VIRGINIA 11,R499,SUPPORT- PROFESSIONAL: OTHER,541611.0,ADMINISTRATIVE MANAGEMENT AND GENERAL MANAGEMENT CONSULTING SERVICES,VA,,USA,FAIRFAX,CHANTILLY,,20151,3255.0,,2025-04-04-0017
36C10X23F0090,Department of Veterans Affairs,RB MANAGEMENT CONSULTANTS LLC,699104.0,VHA INTEGRATED HEALTHCARE TRANSFORMATION (IHT) IDIQ CONTRACT- LMS MANAGEMENT SUPPORT,TERMINATED,https://www.fpds.gov/ezsearch/jsp/viewLinkController.jsp?agencyID=3600&PIID=36C10X23F0090&modNumber=P00002&idvAgencyID=&idvPIID=36C10X20D0004&contractType=AWARD,3/5/2025,400026.0,3600,36C10X23F0090,P00002,3600,36C10X20D0004,0,03/04/2025,09/28/2023,03/04/2025,03/04/2025,09/07/2023,0.0,299078.04,0.0,299078.04,0.0,699104.28,HEAKVJCG8MV6,RB MANAGEMENT CONSULTANTS LLC,,7X4V2,2011 CRYSTAL DR STE 400,,ARLINGTON,VA,222023709,USA,UNITED STATES,(240) 444-2511,,VIRGINIA 08,R408,SUPPORT- PROFESSIONAL: PROGRAM MANAGEMENT/SUPPORT,541611.0,ADMINISTRATIVE MANAGEMENT AND GENERAL MANAGEMENT CONSULTING SERVICES,DC,,USA,DISTRICT OF COLUMBIA,WASHINGTON,,20001,1152.0,,2025-04-04-0017
36C10X22N0172,Department of Veterans Affairs,TITAN ALPHA LLC,976077.0,"VHA INTEGRATED HEALTHCARE TRANSFORMATION (IHT) IDIQ CONTRACT- MODIFICATION TO UPDATE CLAUSES, ADMIN DATA, AND TEAMING PARTNERS.",TERMINATED,https://www.fpds.gov/ezsearch/jsp/viewLinkController.jsp?agencyID=3600&PIID=36C10X22N0172&modNumber=P00010&idvAgencyID=&idvPIID=36C10X20D0006&contractType=AWARD,3/5/2025,352617.0,3600,36C10X22N0172,P00010,3600,36C10X20D0006,0,03/04/2025,09/28/2022,02/25/2025,02/25/2025,09/02/2022,0.0,623460.18,0.0,623460.18,0.0,976076.88,EGLRC9AH8XA7,TITAN ALPHA LLC,,80RY6,13846 REMBRANDT WAY,,CHANTILLY,VA,201513255,USA,UNITED STATES,(202) 792-1005,(202) 540-8006,VIRGINIA 11,R499,SUPPORT- PROFESSIONAL: OTHER,541611.0,ADMINISTRATIVE MANAGEMENT AND GENERAL MANAGEMENT CONSULTING SERVICES,VA,,USA,FAIRFAX,CHANTILLY,,20151,1680.0,,2025-04-04-0017
36C10X23N0047,Department of Veterans Affairs,RB MANAGEMENT CONSULTANTS LLC,3594379.0,VHA INTEGRATED HEALTHCARE TRANSFORMATION (IHT) IDIQ CONTRACT- TOPR 150 TCC IPT SUPPORT,TERMINATED,https://www.fpds.gov/ezsearch/jsp/viewLinkController.jsp?agencyID=3600&PIID=36C10X23N0047&modNumber=P00002&idvAgencyID=&idvPIID=36C10X20D0004&contractType=AWARD,3/5/2025,1225582.0,3600,36C10X23N0047,P00002,3600,36C10X20D0004,0,03/04/2025,02/28/2023,02/25/2025,02/25/2025,12/23/2022,0.0,2368796.69,0.0,2368796.69,0.0,3594378.95,HEAKVJCG8MV6,RB MANAGEMENT CONSULTANTS LLC,,7X4V2,2011 CRYSTAL DR STE 400,,ARLINGTON,VA,222023709,USA,UNITED STATES,(240) 444-2511,,VIRGINIA 08,R499,SUPPORT- PROFESSIONAL: OTHER,541611.0,ADMINISTRATIVE MANAGEMENT AND GENERAL MANAGEMENT CONSULTING SERVICES,VA,,USA,ARLINGTON,ARLINGTON,,22209,2211.0,,2025-04-04-0017
36C10X24N0192,Department of Veterans Affairs,"TRILOGY FEDERAL, LLC",5998349.0,VHA INTEGRATED HEALTHCARE TRANSFORMATION (IHT) IDIQ CONTRACT- TOPR 200 VHA NEUROLOGY CLINICAL ADMINISTRATIVE SUPPORT,TERMINATED,https://www.fpds.gov/ezsearch/jsp/viewLinkController.jsp?agencyID=3600&PIID=36C10X24N0192&modNumber=P00002&idvAgencyID=&idvPIID=36C10X20D0007&contractType=AWARD,3/5/2025,3016531.0,3600,36C10X24N0192,P00002,3600,36C10X20D0007,0,03/04/2025,08/30/2024,02/25/2025,02/25/2025,07/10/2024,0.0,2981817.6,0.0,2981817.6,0.0,5998348.8,QY6ZENEB34D9,"TRILOGY FEDERAL, LLC",,5EQT3,6507 HAYSTACK RD,,ALEXANDRIA,VA,223103309,USA,UNITED STATES,(703) 589-9029,,VIRGINIA 08,R408,SUPPORT- PROFESSIONAL: PROGRAM MANAGEMENT/SUPPORT,541611.0,ADMINISTRATIVE MANAGEMENT AND GENERAL MANAGEMENT CONSULTING SERVICES,VA,,USA,ARLINGTON,ARLINGTON,,22209,2297.0,,2025-04-04-0017
36C10X22N0208,Department of Veterans Affairs,"HRS CONSULTING, INC.",5327755.0,"VHA INTEGRATED HEALTHCARE TRANSFORMATION (IHT) IDIQ CONTRACT-MODIFICATION TO UPDATE CLAUSES, KEY PERSONNEL, ADMINISTRATION DATA TO INCLUDE PARTNER ADDITIONS.",TERMINATED,https://www.fpds.gov/ezsearch/jsp/viewLinkController.jsp?agencyID=3600&PIID=36C10X22N0208&modNumber=P00005&idvAgencyID=&idvPIID=36C10X20D0003&contractType=AWARD,3/5/2025,110000.0,3600,36C10X22N0208,P00005,3600,36C10X20D0003,0,03/04/2025,09/27/2022,02/25/2025,03/04/2025,08/30/2022,0.0,5217754.8,0.0,5217754.8,0.0,5327754.8,PQK6F6BNG6K7,"HRS CONSULTING, INC.",,5XTN2,"2645 EXECUTIVE PARK DR, STE 420",,WESTON,FL,333313624,USA,UNITED STATES,(901) 337-5796,(888) 389-3606,FLORIDA 25,R408,SUPPORT- PROFESSIONAL: PROGRAM MANAGEMENT/SUPPORT,541611.0,ADMINISTRATIVE MANAGEMENT AND GENERAL MANAGEMENT CONSULTING SERVICES,FL,,USA,BROWARD,SOUTHWEST RANCHES,,33331,1810.0,,2025-04-04-0017
36S79724P0017,Department of Veterans Affairs,"SIGMA HEALTH CONSULTING, LLC",3898519.0,SUPPORT SERVICES FOR VACO OFFICE OF INTEGRITY AND COMPLIANCE OVERSIGHT & ACCOUNTABILITY,TERMINATED,https://www.fpds.gov/ezsearch/jsp/viewLinkController.jsp?agencyID=3600&PIID=36S79724P0017&modNumber=P00002&idvAgencyID=&idvPIID=&contractType=AWARD,3/5/2025,0.0,3600,36S79724P0017,P00002,,,,03/04/2025,09/30/2024,03/04/2025,03/04/2025,08/26/2024,0.0,3898519.15,0.0,3898519.15,0.0,3898519.15,E2T5XWDUKEP4,"SIGMA HEALTH CONSULTING, LLC",SIGMA HEALTH CONSULTING LLC,61D81,204 ELDRID DR,,SILVER SPRING,MD,209043509,USA,UNITED STATES,(703) 992-6542,(703) 579-4334,MARYLAND 08,R410,SUPPORT- PROFESSIONAL: PROGRAM EVALUATION/REVIEW/DEVELOPMENT,541611.0,ADMINISTRATIVE MANAGEMENT AND GENERAL MANAGEMENT CONSULTING SERVICES,VA,,USA,SPOTSYLVANIA,FREDERICKSBURG,,22408,2697.0,,2025-04-04-0017
36C10X24N0225,Department of Veterans Affairs,PENBAY TECHNOLOGY GROUP LLC,69733.0,COMMERCIAL PROFESSIONAL SERVICES,TERMINATED,https://www.fpds.gov/ezsearch/jsp/viewLinkController.jsp?agencyID=3600&PIID=36C10X24N0225&modNumber=P00003&idvAgencyID=&idvPIID=36C10X23D0017&contractType=AWARD,3/5/2025,0.0,3600,36C10X24N0225,P00003,3600,36C10X23D0017,0,03/04/2025,09/26/2024,03/04/2025,03/04/2025,09/03/2024,0.0,69733.25,0.0,69733.25,0.0,69733.25,GQ4BD26JWL36,PENBAY TECHNOLOGY GROUP LLC,,3AXL3,302 WINDING WAY,,UNION HALL,VA,241764085,USA,UNITED STATES,(540) 912-0215,,VIRGINIA 09,R499,SUPPORT- PROFESSIONAL: OTHER,541611.0,ADMINISTRATIVE MANAGEMENT AND GENERAL MANAGEMENT CONSULTING SERVICES,VA,,USA,FRANKLIN,UNION HALL,,24176,4085.0,,2025-04-04-0017
36C10X24C0011,Department of Veterans Affairs,"RIOS PARTNERS, LLC",4098231.0,PROFESSIONAL CONSULTING SERVICES,TERMINATED,https://www.fpds.gov/ezsearch/jsp/viewLinkController.jsp?agencyID=3600&PIID=36C10X24C0011&modNumber=P00002&idvAgencyID=&idvPIID=&contractType=AWARD,3/5/2025,62504.0,3600,36C10X24C0011,P00002,,,,03/04/2025,04/12/2024,02/25/2025,02/25/2025,03/21/2024,0.0,4035726.92,0.0,4035726.92,0.0,4098231.39,EP5NXCGQB6K6,"RIOS PARTNERS, LLC","RIOS PARTNERS, LLC",7NR98,3100 CLARENDON BLVD STE 200,,ARLINGTON,VA,222015302,USA,UNITED STATES,(915) 238-6884,,VIRGINIA 08,R408,SUPPORT- PROFESSIONAL: PROGRAM MANAGEMENT/SUPPORT,541611.0,ADMINISTRATIVE MANAGEMENT AND GENERAL MANAGEMENT CONSULTING SERVICES,VA,,USA,ARLINGTON,ARLINGTON,,22209,1800.0,,2025-04-04-0017
36C10X24N0183,Department of Veterans Affairs,"CLIENT FIRST TECHNOLOGIES, INC",3817500.0,STRATEGIC ACQUISITION MANAGEMENT INITIATIVES/(SAMI) ACQUISITION MANAGEMENT PROGRAM (AMP) MODERNIZATION,TERMINATED,https://www.fpds.gov/ezsearch/jsp/viewLinkController.jsp?agencyID=3600&PIID=36C10X24N0183&modNumber=P00001&idvAgencyID=&idvPIID=36C10X23D0040&contractType=AWARD,3/5/2025,0.0,3600,36C10X24N0183,P00001,3600,36C10X23D0040,0,03/04/2025,09/30/2024,02/25/2025,02/25/2025,05/29/2024,0.0,3817500.0,0.0,3817500.0,0.0,3817500.0,FLG4E9KX6Z86,"CLIENT FIRST TECHNOLOGIES, INC","CLIENT FIRST TECHNOLOGIES, INC",85LB8,4616 DIXIE HILL ROAD,,FAIRFAX,VA,220306112,USA,UNITED STATES,(571) 299-9317,,VIRGINIA 11,R499,SUPPORT- PROFESSIONAL: OTHER,541611.0,ADMINISTRATIVE MANAGEMENT AND GENERAL MANAGEMENT CONSULTING SERVICES,VA,,USA,FAIRFAX,FAIRFAX,,22030,6112.0,,2025-04-04-0017
36C10X22N0202,Department of Veterans Affairs,RB MANAGEMENT CONSULTANTS LLC,1971917.0,"VHA INTEGRATED HEALTHCARE TRANSFORMATION (IHT) IDIQ CONTRACT- MODIFICATION TO UPDATE CLAUSES, KEY PERSONNEL, AND ADMINISTRATION DATA INCLUDING NEW PARTNER ADDITIONS. TASK ORDER FOR HPO EXECUTIVE ADMIN SUPPORT.",TERMINATED,https://www.fpds.gov/ezsearch/jsp/viewLinkController.jsp?agencyID=3600&PIID=36C10X22N0202&modNumber=P00003&idvAgencyID=&idvPIID=36C10X20D0004&contractType=AWARD,3/5/2025,811953.0,3600,36C10X22N0202,P00003,3600,36C10X20D0004,0,03/04/2025,09/29/2022,03/04/2025,03/04/2025,08/16/2022,0.0,1159964.0,0.0,1159964.0,0.0,1971916.64,HEAKVJCG8MV6,RB MANAGEMENT CONSULTANTS LLC,,7X4V2,2011 CRYSTAL DR STE 400,,ARLINGTON,VA,222023709,USA,UNITED STATES,(240) 444-2511,,VIRGINIA 08,R410,SUPPORT- PROFESSIONAL: PROGRAM EVALUATION/REVIEW/DEVELOPMENT,541611.0,ADMINISTRATIVE MANAGEMENT AND GENERAL MANAGEMENT CONSULTING SERVICES,VA,,USA,ARLINGTON,ARLINGTON,,22209,2281.0,,2025-04-04-0017
36C10X24P0115,Department of Veterans Affairs,"BEN ALLEGRETTI CONSULTING, INC",2355211.0,HUMAN FACTORS SERVICES - HEALTH SYSTEMS OPTIMIZATION,TERMINATED,https://www.fpds.gov/ezsearch/jsp/viewLinkController.jsp?agencyID=3600&PIID=36C10X24P0115&modNumber=P00001&idvAgencyID=&idvPIID=&contractType=AWARD,3/5/2025,0.0,3600,36C10X24P0115,P00001,,,,03/04/2025,09/30/2024,02/25/2025,02/25/2025,09/19/2024,0.0,2355211.16,0.0,2355211.16,0.0,2355211.16,KGVQXEJA4JG4,"BEN ALLEGRETTI CONSULTING, INC",,5WTU1,188 WOODSTREAM BLVD,,STAFFORD,VA,225564629,USA,UNITED STATES,(540) 207-9512,(540) 657-1382,VIRGINIA 07,R425,SUPPORT- PROFESSIONAL: ENGINEERING/TECHNICAL,541611.0,ADMINISTRATIVE MANAGEMENT AND GENERAL MANAGEMENT CONSULTING SERVICES,VA,,USA,STAFFORD,STAFFORD,,22556,4629.0,,2025-04-04-0017
36C10G24N0139,Department of Veterans Affairs,"PATHFINDER CONSULTANTS, LLC",336482.0,THE PURPOSE OF THIS MODIFICATION IS TO EXERCISE OPTIONAL PERIOD ONE (1) EXTENSION OF SERVICES THRU MARCH 2025 FOR ACQUISITION SUPPORT SERVICE FOR SAC AS5 AND AS6.,TERMINATED,https://www.fpds.gov/ezsearch/jsp/viewLinkController.jsp?agencyID=3600&PIID=36C10G24N0139&modNumber=P00001&idvAgencyID=&idvPIID=36C10G22A0005&contractType=AWARD,3/5/2025,0.0,3600,36C10G24N0139,P00001,3600,36C10G22A0005,P00005,03/04/2025,09/30/2024,02/25/2025,02/25/2025,09/13/2024,0.0,336481.6,0.0,336481.6,0.0,336481.6,NE7FN362JCH1,"PATHFINDER CONSULTANTS, LLC",,5ZLG0,1936 E BEECH RD,,STERLING,VA,201641934,USA,UNITED STATES,(202) 737-7284,(202) 618-6234,VIRGINIA 10,R707,SUPPORT- MANAGEMENT: CONTRACT/PROCUREMENT/ACQUISITION SUPPORT,541611.0,ADMINISTRATIVE MANAGEMENT AND GENERAL MANAGEMENT CONSULTING SERVICES,VA,,USA,LOUDOUN,STERLING,,20164,1934.0,,2025-04-04-0017
36C25624P0055,Department of Veterans Affairs,WEST PUBLISHING CORPORATION,19129.0,WEB BASE RECORDS SEARCH INTERFACE,TERMINATED,https://www.fpds.gov/ezsearch/jsp/viewLinkController.jsp?agencyID=3600&PIID=36C25624P0055&modNumber=P00002&idvAgencyID=&idvPIID=&contractType=AWARD,3/5/2025,70.0,3600,36C25624P0055,P00002,,,,03/04/2025,10/30/2023,02/20/2025,02/20/2025,10/16/2023,-9882.6,19059.3,-9882.6,19129.3,-58951.97,19129.3,L997DB4PEJL8,WEST PUBLISHING CORPORATION,"WEST, A THOMSON REUTERS BUSINESS",89101,610 OPPERMAN DR,,EAGAN,MN,551231340,USA,UNITED STATES,(763) 326-4762,,MINNESOTA 02,DA10,IT AND TELECOM - BUSINESS APPLICATION/APPLICATION DEVELOPMENT SOFTWARE AS A SERVICE,519290.0,WEB SEARCH PORTALS AND ALL OTHER INFORMATION SERVICES,TX,,USA,HARRIS,HOUSTON,,77030,1500.0,,2025-04-04-0017
36C10X21F0012,Department of Veterans Affairs,"METRICS, LLC",3106326.0,CLOSEOUT AND OBLIGATION PROCESSING SUPPORT SERVICES.,TERMINATED,https://www.fpds.gov/ezsearch/jsp/viewLinkController.jsp?agencyID=3600&PIID=36C10X21F0012&modNumber=P00005&idvAgencyID=&idvPIID=GS00F309GA&contractType=AWARD,3/5/2025,0.0,3600,36C10X21F0012,P00005,4732,GS00F309GA,PA0004,03/04/2025,01/01/2021,03/04/2025,03/04/2025,11/17/2020,0.0,3106325.52,0.0,3106325.52,0.0,3106325.52,F541XAYTKKN5,"METRICS, LLC",,6RSN0,7819 GINGERBREAD LN,,FAIRFAX STATION,VA,220392201,USA,UNITED STATES,(703) 401-1616,,VIRGINIA 11,R499,SUPPORT- PROFESSIONAL: OTHER,541611.0,ADMINISTRATIVE MANAGEMENT AND GENERAL MANAGEMENT CONSULTING SERVICES,MD,,USA,FREDERICK,FREDERICK,,21703,2817.0,,2025-04-04-0017
36C10X22N0165,Department of Veterans Affairs,"APTIVE HTG, LLC",6711187.0,IHT CHANGE MANAGEMENT TRAINING COURSES,TERMINATED,https://www.fpds.gov/ezsearch/jsp/viewLinkController.jsp?agencyID=3600&PIID=36C10X22N0165&modNumber=P00005&idvAgencyID=&idvPIID=36C10X20D0002&contractType=AWARD,3/5/2025,2287644.0,3600,36C10X22N0165,P00005,3600,36C10X20D0002,0,03/04/2025,09/14/2022,03/04/2025,03/04/2025,07/07/2022,0.0,4423542.85,0.0,4423542.85,0.0,6711187.23,L2LMMGFF12A3,"APTIVE HTG, LLC",,8A9S8,421 KING ST STE 200,,ALEXANDRIA,VA,223143121,USA,UNITED STATES,(703) 598-0697,,VIRGINIA 08,U006,EDUCATION/TRAINING- VOCATIONAL/TECHNICAL,541611.0,ADMINISTRATIVE MANAGEMENT AND GENERAL MANAGEMENT CONSULTING SERVICES,MD,,USA,FREDERICK,FREDERICK,,21701,5213.0,,2025-04-04-0017
36C10X24N0191,Department of Veterans Affairs,"RB CONSULTING, INC.",17977332.0,TASK ORDER FOR OFFICE OF ENTERPRISE INTEGRATION PROGRAM AND PROJECT MANAGEMENT SUPPORT SERVICES,TERMINATED,https://www.fpds.gov/ezsearch/jsp/viewLinkController.jsp?agencyID=3600&PIID=36C10X24N0191&modNumber=P00002&idvAgencyID=&idvPIID=VA119A17D0132&contractType=AWARD,3/5/2025,14210160.0,3600,36C10X24N0191,P00002,3600,VA119A17D0132,0,03/04/2025,09/30/2024,02/25/2025,02/25/2025,07/15/2024,0.0,3767172.28,0.0,3767172.28,0.0,17977331.78,SNZEAMGH7LR8,"RB CONSULTING, INC.",RBCI,4MA15,5235 WESTVIEW DR STE 100,,FREDERICK,MD,217038397,USA,UNITED STATES,(866) 755-7224,(866) 755-3775,MARYLAND 06,R499,SUPPORT- PROFESSIONAL: OTHER,541611.0,ADMINISTRATIVE MANAGEMENT AND GENERAL MANAGEMENT CONSULTING SERVICES,MD,,USA,FREDERICK,FREDERICK,,21704,8344.0,,2025-04-04-0017
36C10X23F0014,Department of Veterans Affairs,"PARTNERSHIP FOR PUBLIC SERVICE, INC.",1368000.0,TRAIN AND DEVELOP UP TO THIRTY VHA EMPLOYEES TO ATTEND AN EXISTING CONTRACTOR-DEVELOPED TRAINING PROGRAM THAT DIRECTLY SUPPORTS THE ECQ FELLOWSHIP TRAINING PROGRAM.,TERMINATED,https://www.fpds.gov/ezsearch/jsp/viewLinkController.jsp?agencyID=3600&PIID=36C10X23F0014&modNumber=P00003&idvAgencyID=&idvPIID=GS10F0140V&contractType=AWARD,3/5/2025,684000.0,3600,36C10X23F0014,P00003,4730,GS10F0140V,PA0046,03/04/2025,04/01/2023,03/04/2025,03/04/2025,01/04/2023,0.0,684000.0,0.0,684000.0,0.0,1368000.0,ZCCVNJ2LNMC3,"PARTNERSHIP FOR PUBLIC SERVICE, INC.",,3V6X8,600 14TH ST NW,STE 600,WASHINGTON,DC,200052028,USA,UNITED STATES,(202) 775-9111,(202) 775-8885,DISTRICT OF COLUMBIA 98,U009,EDUCATION/TRAINING- GENERAL,541611.0,ADMINISTRATIVE MANAGEMENT AND GENERAL MANAGEMENT CONSULTING SERVICES,DC,,USA,DISTRICT OF COLUMBIA,WASHINGTON,,20420,1.0,,2025-04-04-0017
36C10X25N0017,Department of Veterans Affairs,"CPS PROFESSIONAL SERVICES, LLC",5875705.0,TRANSITION AND ECONOMIC DEVELOPMENT PROGRAM SUPPORT,TERMINATED,https://www.fpds.gov/ezsearch/jsp/viewLinkController.jsp?agencyID=3600&PIID=36C10X25N0017&modNumber=P00003&idvAgencyID=&idvPIID=36C10X21D0007&contractType=AWARD,3/5/2025,3219886.0,3600,36C10X25N0017,P00003,3600,36C10X21D0007,0,02/25/2025,10/01/2024,02/25/2025,02/25/2025,09/27/2024,0.0,2655818.48,0.0,2655818.48,0.0,5875704.6,H893H8FL41D3,"CPS PROFESSIONAL SERVICES, LLC",,4CUA3,3190 FAIRVIEW PARK DR STE 1050,,FALLS CHURCH,VA,220424559,USA,UNITED STATES,(571) 570-4806,,VIRGINIA 11,R408,SUPPORT- PROFESSIONAL: PROGRAM MANAGEMENT/SUPPORT,541611.0,ADMINISTRATIVE MANAGEMENT AND GENERAL MANAGEMENT CONSULTING SERVICES,VA,,USA,FAIRFAX,MCLEAN,,22101,3605.0,,2025-04-04-0017
36C10X23N0142,Department of Veterans Affairs,"TRILOGY FEDERAL, LLC",3052062.0,VHA INTEGRATED HEALTHCARE TRANSFORMATION (IHT) IDIQ CONTRACT- MODIFICATION TO ADD FREE AGENT PARTNERS AND INCLUDE FAR 52.204-27.,TERMINATED,https://www.fpds.gov/ezsearch/jsp/viewLinkController.jsp?agencyID=3600&PIID=36C10X23N0142&modNumber=P00002&idvAgencyID=&idvPIID=36C10X20D0007&contractType=AWARD,3/5/2025,1843948.0,3600,36C10X23N0142,P00002,3600,36C10X20D0007,0,03/04/2025,09/19/2023,03/04/2025,03/04/2025,07/10/2023,0.0,1208114.88,0.0,1208114.88,0.0,3052062.4,QY6ZENEB34D9,"TRILOGY FEDERAL, LLC",,5EQT3,6507 HAYSTACK RD,,ALEXANDRIA,VA,223103309,USA,UNITED STATES,(703) 589-9029,,VIRGINIA 08,R426,SUPPORT- PROFESSIONAL: COMMUNICATIONS,541611.0,ADMINISTRATIVE MANAGEMENT AND GENERAL MANAGEMENT CONSULTING SERVICES,VA,,USA,ARLINGTON,ARLINGTON,,22209,2278.0,,2025-04-04-0017
36C10X22N0154,Department of Veterans Affairs,RB MANAGEMENT CONSULTANTS LLC,2859292.0,"VHA INTEGRATED HEALTHCARE TRANSFORMATION (IHT) IDIQ CONTRACT- MODIFICATION TO UPDATE CLAUSES, KEY PERSONNEL, AND ADMINISTRATION DATA INCLUDING NEW PARTNER ADDITIONS.",TERMINATED,https://www.fpds.gov/ezsearch/jsp/viewLinkController.jsp?agencyID=3600&PIID=36C10X22N0154&modNumber=P00005&idvAgencyID=&idvPIID=36C10X20D0004&contractType=AWARD,3/5/2025,1224858.0,3600,36C10X22N0154,P00005,3600,36C10X20D0004,0,03/04/2025,09/16/2022,02/25/2025,02/25/2025,07/27/2022,0.0,1634434.31,0.0,2194807.1,0.0,2859292.33,HEAKVJCG8MV6,RB MANAGEMENT CONSULTANTS LLC,,7X4V2,2011 CRYSTAL DR STE 400,,ARLINGTON,VA,222023709,USA,UNITED STATES,(240) 444-2511,,VIRGINIA 08,R426,SUPPORT- PROFESSIONAL: COMMUNICATIONS,541611.0,ADMINISTRATIVE MANAGEMENT AND GENERAL MANAGEMENT CONSULTING SERVICES,VA,,USA,ARLINGTON,ARLINGTON,,22209,2281.0,,2025-04-04-0017
36C10X25N0018,Department of Veterans Affairs,"CPS PROFESSIONAL SERVICES, LLC",6028102.0,TRANSITION AND ECONOMIC DEVELOPMENT PROGRAM SUPPORT,TERMINATED,https://www.fpds.gov/ezsearch/jsp/viewLinkController.jsp?agencyID=3600&PIID=36C10X25N0018&modNumber=P00003&idvAgencyID=&idvPIID=36C10X21D0007&contractType=AWARD,3/5/2025,4235424.0,3600,36C10X25N0018,P00003,3600,36C10X21D0007,0,02/25/2025,10/01/2024,02/25/2025,02/25/2025,09/27/2024,0.0,1792677.89,0.0,1792677.89,0.0,6028101.96,H893H8FL41D3,"CPS PROFESSIONAL SERVICES, LLC",,4CUA3,3190 FAIRVIEW PARK DR STE 1050,,FALLS CHURCH,VA,220424559,USA,UNITED STATES,(571) 570-4806,,VIRGINIA 11,R408,SUPPORT- PROFESSIONAL: PROGRAM MANAGEMENT/SUPPORT,541611.0,ADMINISTRATIVE MANAGEMENT AND GENERAL MANAGEMENT CONSULTING SERVICES,VA,,USA,FAIRFAX,MCLEAN,,22102,3605.0,,2025-04-04-0017
36C10X23P0036,Department of Veterans Affairs,MILITARY SERVICE ALLIANCE INCORPORATED,3070724.0,ACQUISITION LIFECYCLE FRAMEWORK (ALF),TERMINATED,https://www.fpds.gov/ezsearch/jsp/viewLinkController.jsp?agencyID=3600&PIID=36C10X23P0036&modNumber=P00007&idvAgencyID=&idvPIID=&contractType=AWARD,3/5/2025,1000687.0,3600,36C10X23P0036,P00007,,,,03/04/2025,04/01/2023,02/25/2025,02/25/2025,03/21/2023,0.0,2070036.78,0.0,2070036.78,0.0,3070723.98,LNRBEMQ2ECZ7,MILITARY SERVICE ALLIANCE INCORPORATED,MILITARY SERVICE ALLIANCE INC,8KVL4,7926 HOLLINGTON PL,,FAIRFAX STATION,VA,220393161,USA,UNITED STATES,(301) 552-8803,,VIRGINIA 11,R707,SUPPORT- MANAGEMENT: CONTRACT/PROCUREMENT/ACQUISITION SUPPORT,541611.0,ADMINISTRATIVE MANAGEMENT AND GENERAL MANAGEMENT CONSULTING SERVICES,VA,,USA,FAIRFAX,FAIRFAX STATION,,22039,3161.0,,2025-04-04-0017
36C10X23N0152,Department of Veterans Affairs,COLEY & ASSOCIATES INC,982255.0,VETERANS HEALTH ADMINISTRATION PATIENT SAFETY VIRTUAL UNIVERSITY SUPPORT,TERMINATED,https://www.fpds.gov/ezsearch/jsp/viewLinkController.jsp?agencyID=3600&PIID=36C10X23N0152&modNumber=P00002&idvAgencyID=&idvPIID=VA119A17D0165&contractType=AWARD,3/5/2025,0.0,3600,36C10X23N0152,P00002,3600,VA119A17D0165,0,03/04/2025,09/18/2023,02/25/2025,02/25/2025,07/25/2023,0.0,982254.52,0.0,982254.52,0.0,982254.52,MFXCSVWL48J7,COLEY & ASSOCIATES INC,COLEY,1UU13,140 HEIMER STE 400,,SAN ANTONIO,TX,782325032,USA,UNITED STATES,(210) 402-6766,(210) 402-6829,TEXAS 21,R499,SUPPORT- PROFESSIONAL: OTHER,541611.0,ADMINISTRATIVE MANAGEMENT AND GENERAL MANAGEMENT CONSULTING SERVICES,DC,,USA,DISTRICT OF COLUMBIA,WASHINGTON,,20001,1152.0,,2025-04-04-0017
36C10X24N0162,Department of Veterans Affairs,TITAN ALPHA LLC,1162295.0,OFFICE OF CLINICAL SERVICES PPROPS AND CPRP,TERMINATED,https://www.fpds.gov/ezsearch/jsp/viewLinkController.jsp?agencyID=3600&PIID=36C10X24N0162&modNumber=P00002&idvAgencyID=&idvPIID=36C10X20D0006&contractType=AWARD,3/5/2025,815717.0,3600,36C10X24N0162,P00002,3600,36C10X20D0006,0,03/04/2025,07/08/2024,03/04/2025,03/04/2025,06/07/2024,0.0,346577.72,0.0,346577.72,0.0,1162294.9,EGLRC9AH8XA7,TITAN ALPHA LLC,,80RY6,13846 REMBRANDT WAY,,CHANTILLY,VA,201513255,USA,UNITED STATES,(202) 792-1005,(202) 540-8006,VIRGINIA 11,R410,SUPPORT- PROFESSIONAL: PROGRAM EVALUATION/REVIEW/DEVELOPMENT,541611.0,ADMINISTRATIVE MANAGEMENT AND GENERAL MANAGEMENT CONSULTING SERVICES,VA,,USA,FAIRFAX,CHANTILLY,,20151,3255.0,,2025-04-04-0017
36C10X24C0025,Department of Veterans Affairs,"BEN ALLEGRETTI CONSULTING, INC",4350321.0,CIDMO-34 SYSTEMS SAFETY AND INSTRUCTIONS SYSTEMS DESIGN SUPPORT,TERMINATED,https://www.fpds.gov/ezsearch/jsp/viewLinkController.jsp?agencyID=3600&PIID=36C10X24C0025&modNumber=P00001&idvAgencyID=&idvPIID=&contractType=AWARD,3/5/2025,0.0,3600,36C10X24C0025,P00001,,,,03/04/2025,08/08/2024,03/04/2025,03/04/2025,07/26/2024,0.0,4350321.2,0.0,4350321.2,0.0,4350321.2,KGVQXEJA4JG4,"BEN ALLEGRETTI CONSULTING, INC",,5WTU1,188 WOODSTREAM BLVD,,STAFFORD,VA,225564629,USA,UNITED STATES,(540) 207-9512,(540) 657-1382,VIRGINIA 07,R425,SUPPORT- PROFESSIONAL: ENGINEERING/TECHNICAL,541611.0,ADMINISTRATIVE MANAGEMENT AND GENERAL MANAGEMENT CONSULTING SERVICES,VA,,USA,STAFFORD,STAFFORD,,22556,9052.0,,2025-04-04-0017
36C10X24N0193,Department of Veterans Affairs,DELOITTE CONSULTING LLP,6709314.0,OHVP BPA 2023 - 2028,TERMINATED,https://www.fpds.gov/ezsearch/jsp/viewLinkController.jsp?agencyID=3600&PIID=36C10X24N0193&modNumber=P00001&idvAgencyID=&idvPIID=36C10X23A0025&contractType=AWARD,3/5/2025,0.0,3600,36C10X24N0193,P00001,3600,36C10X23A0025,0,03/04/2025,09/29/2024,09/28/2025,09/28/2025,09/17/2024,0.0,6709314.41,0.0,6709314.41,0.0,6709314.41,CKV2L9GZKJK3,DELOITTE CONSULTING LLP,,1TTG5,1919 N LYNN ST,,ARLINGTON,VA,222091742,USA,UNITED STATES,(571) 858-0176,(703) 842-6748,VIRGINIA 08,R702,SUPPORT- MANAGEMENT: DATA COLLECTION,541611.0,ADMINISTRATIVE MANAGEMENT AND GENERAL MANAGEMENT CONSULTING SERVICES,VA,,USA,ARLINGTON,ARLINGTON,,22209,1742.0,,2025-04-04-0017
36C10X24N0223,Department of Veterans Affairs,TITAN ALPHA LLC,2104030.0,SUICIDE PREVENTION CLINICAL INTERVENTIONS PROGRAM SUPPORT SERVICES,TERMINATED,https://www.fpds.gov/ezsearch/jsp/viewLinkController.jsp?agencyID=3600&PIID=36C10X24N0223&modNumber=P00001&idvAgencyID=&idvPIID=36C10X20D0006&contractType=AWARD,3/5/2025,0.0,3600,36C10X24N0223,P00001,3600,36C10X20D0006,0,03/04/2025,09/30/2024,03/04/2025,03/04/2025,09/11/2024,0.0,2104030.2,0.0,2104030.2,0.0,2104030.2,EGLRC9AH8XA7,TITAN ALPHA LLC,,80RY6,13846 REMBRANDT WAY,,CHANTILLY,VA,201513255,USA,UNITED STATES,(202) 792-1005,(202) 540-8006,VIRGINIA 11,R408,SUPPORT- PROFESSIONAL: PROGRAM MANAGEMENT/SUPPORT,541611.0,ADMINISTRATIVE MANAGEMENT AND GENERAL MANAGEMENT CONSULTING SERVICES,VA,,USA,FAIRFAX,CHANTILLY,,20151,3933.0,,2025-04-04-0017
36C10G23N0067,Department of Veterans Affairs,"TRILOGY FEDERAL, LLC",5951430.0,VHA INTEGRATED HEALTHCARE TRANSFORMATION (IHT) IDIQ CONTRACT-,TERMINATED,https://www.fpds.gov/ezsearch/jsp/viewLinkController.jsp?agencyID=3600&PIID=36C10G23N0067&modNumber=P00004&idvAgencyID=&idvPIID=36C10X20D0007&contractType=AWARD,3/5/2025,49974.0,3600,36C10G23N0067,P00004,3600,36C10X20D0007,0,03/04/2025,06/30/2023,02/25/2025,02/25/2025,05/19/2023,0.0,5901456.14,0.0,5901456.14,0.0,5951430.16,QY6ZENEB34D9,"TRILOGY FEDERAL, LLC",,5EQT3,6507 HAYSTACK RD,,ALEXANDRIA,VA,223103309,USA,UNITED STATES,(703) 589-9029,,VIRGINIA 08,R499,SUPPORT- PROFESSIONAL: OTHER,541611.0,ADMINISTRATIVE MANAGEMENT AND GENERAL MANAGEMENT CONSULTING SERVICES,VA,,USA,ARLINGTON,ARLINGTON,,22209,2278.0,,2025-04-04-0017
36C10X22N0112,Department of Veterans Affairs,BRENNSYS TECHNOLOGY LLC,99891.0,GRAPHIC DESIGN ANNUAL REPORT,TERMINATED,https://www.fpds.gov/ezsearch/jsp/viewLinkController.jsp?agencyID=3600&PIID=36C10X22N0112&modNumber=P00003&idvAgencyID=&idvPIID=VA119A17D0157&contractType=AWARD,3/5/2025,43725.0,3600,36C10X22N0112,P00003,3600,VA119A17D0157,0,02/25/2025,09/15/2022,03/04/2025,03/04/2025,06/14/2022,0.0,56166.38,0.0,56166.38,0.0,99891.14,WPH4T2F5XXU7,BRENNSYS TECHNOLOGY LLC,,7LPG7,41737 MCMONAGLE SQ,,ALDIE,VA,201056028,USA,UNITED STATES,(412) 638-1543,,VIRGINIA 14,7610,BOOKS AND PAMPHLETS,541611.0,ADMINISTRATIVE MANAGEMENT AND GENERAL MANAGEMENT CONSULTING SERVICES,VA,,USA,LOUDOUN,ALDIE,,20105,2784.0,,2025-04-04-0017
36C10X21N0164,Department of Veterans Affairs,TITAN ALPHA LLC,4835679.0,VHA INTEGRATED HEALTHCARE TRANSFORMATION (IHT) IDIQ TOPR 0079 FOR OFFICE OF HEALTHCARE TRANSFORMATION STAKEHOLDER ENGAGEMENT,TERMINATED,https://www.fpds.gov/ezsearch/jsp/viewLinkController.jsp?agencyID=3600&PIID=36C10X21N0164&modNumber=P00007&idvAgencyID=&idvPIID=36C10X20D0006&contractType=AWARD,3/5/2025,0.0,3600,36C10X21N0164,P00007,3600,36C10X20D0006,0,03/04/2025,09/22/2021,03/04/2025,03/04/2025,08/17/2021,0.0,4835678.69,0.0,4835678.69,0.0,4835678.69,EGLRC9AH8XA7,TITAN ALPHA LLC,,80RY6,13846 REMBRANDT WAY,,CHANTILLY,VA,201513255,USA,UNITED STATES,(202) 792-1005,(202) 540-8006,VIRGINIA 11,R499,SUPPORT- PROFESSIONAL: OTHER,541611.0,ADMINISTRATIVE MANAGEMENT AND GENERAL MANAGEMENT CONSULTING SERVICES,DC,,USA,DISTRICT OF COLUMBIA,WASHINGTON,,20001,1152.0,,2025-04-04-0017
36C10X23N0146,Department of Veterans Affairs,"WORLDWIDE COUNTER THREAT SOLUTIONS, LLC",16284791.0,REVISED LCATS TO MEET GOVERNMENT NEEDS,TERMINATED,https://www.fpds.gov/ezsearch/jsp/viewLinkController.jsp?agencyID=3600&PIID=36C10X23N0146&modNumber=P00006&idvAgencyID=&idvPIID=VA119A17D0101&contractType=AWARD,3/5/2025,12600450.0,3600,36C10X23N0146,P00006,3600,VA119A17D0101,0,03/04/2025,09/29/2023,03/04/2025,03/04/2025,08/16/2023,0.0,3684340.25,0.0,3684340.25,0.0,16284790.65,L2NXZG3KANK3,"WORLDWIDE COUNTER THREAT SOLUTIONS, LLC",,48ZG3,1235 CENTRAL PARK BLVD,,FREDERICKSBURG,VA,224014912,USA,UNITED STATES,(703) 412-9394,(571) 431-6864,VIRGINIA 07,R499,SUPPORT- PROFESSIONAL: OTHER,541611.0,ADMINISTRATIVE MANAGEMENT AND GENERAL MANAGEMENT CONSULTING SERVICES,VA,,USA,FREDERICKSBURG CITY,FREDERICKSBURG,,22401,4912.0,,2025-04-04-0017
36C10X24N0153,Department of Veterans Affairs,"RB CONSULTING, INC.",6907592.0,VECTOR-0143: OSDBU EXECUTIVE LEADERSHIP INTERDISCIPLINARY TACTICAL EXCELLENCE (ELITE) SUPPORT SERVICE,TERMINATED,https://www.fpds.gov/ezsearch/jsp/viewLinkController.jsp?agencyID=3600&PIID=36C10X24N0153&modNumber=P00001&idvAgencyID=&idvPIID=VA119A17D0132&contractType=AWARD,3/5/2025,5865089.0,3600,36C10X24N0153,P00001,3600,VA119A17D0132,0,02/19/2025,07/26/2024,02/19/2025,02/19/2025,02/20/2024,0.0,1042503.48,0.0,6907592.11,0.0,6907592.11,SNZEAMGH7LR8,"RB CONSULTING, INC.",RBCI,4MA15,5235 WESTVIEW DR STE 100,,FREDERICK,MD,217038397,USA,UNITED STATES,(866) 755-7224,(866) 755-3775,MARYLAND 06,R408,SUPPORT- PROFESSIONAL: PROGRAM MANAGEMENT/SUPPORT,541611.0,ADMINISTRATIVE MANAGEMENT AND GENERAL MANAGEMENT CONSULTING SERVICES,MD,,USA,FREDERICK,FREDERICK,,21703,8397.0,,2025-04-04-0017
36C10G23F0018,Department of Veterans Affairs,REEFPOINT GROUP LLC,3494140.0,DATA ANALYTICS,TERMINATED,https://www.fpds.gov/ezsearch/jsp/viewLinkController.jsp?agencyID=3600&PIID=36C10G23F0018&modNumber=P00003&idvAgencyID=&idvPIID=GS10F011BA&contractType=AWARD,3/5/2025,125000.0,3600,36C10G23F0018,P00003,4732,GS10F011BA,PA0022,03/04/2025,09/06/2023,02/25/2025,02/25/2025,07/19/2023,0.0,3369140.8,0.0,3444140.8,0.0,3494140.4,SJ7DG9KSK4U5,REEFPOINT GROUP LLC,,51D82,2 COMPROMISE ST,,ANNAPOLIS,MD,214011819,USA,UNITED STATES,(443) 871-9191,(443) 458-0180,MARYLAND 03,R499,SUPPORT- PROFESSIONAL: OTHER,541611.0,ADMINISTRATIVE MANAGEMENT AND GENERAL MANAGEMENT CONSULTING SERVICES,MD,,USA,ANNE ARUNDEL,ANNAPOLIS,,21403,3897.0,,2025-04-04-0017
36C10X22P0102,Department of Veterans Affairs,FEDERAL CONSULTING ALLIANCE LLC,6156724.0,"BUDGET FORMULATION, EXECUTION DATA MANAGEMENT AND OPERATIONS CONSULTING SERVICES.",TERMINATED,https://www.fpds.gov/ezsearch/jsp/viewLinkController.jsp?agencyID=3600&PIID=36C10X22P0102&modNumber=P00005&idvAgencyID=&idvPIID=&contractType=AWARD,3/5/2025,3670908.0,3600,36C10X22P0102,P00005,,,,03/04/2025,09/01/2022,01/31/2026,01/31/2027,07/27/2022,0.0,2485816.0,0.0,2485816.0,0.0,4831708.0,XCUDNZ5NWRM3,FEDERAL CONSULTING ALLIANCE LLC,,6H8Q7,3711 ACOSTA RD,,FAIRFAX,VA,220313801,USA,UNITED STATES,(703) 638-4458,,VIRGINIA 11,R410,SUPPORT- PROFESSIONAL: PROGRAM EVALUATION/REVIEW/DEVELOPMENT,541611.0,ADMINISTRATIVE MANAGEMENT AND GENERAL MANAGEMENT CONSULTING SERVICES,DC,,USA,DISTRICT OF COLUMBIA,WASHINGTON,,20420,1.0,,2025-04-04-0017
36C10X25N0037,Department of Veterans Affairs,"CPS PROFESSIONAL SERVICES, LLC",926895.0,TRANSITION AND ECONOMIC DEVELOPMENT PROGRAM SUPPORT,TERMINATED,https://www.fpds.gov/ezsearch/jsp/viewLinkController.jsp?agencyID=3600&PIID=36C10X25N0037&modNumber=P00003&idvAgencyID=&idvPIID=36C10X21D0007&contractType=AWARD,3/5/2025,651199.0,3600,36C10X25N0037,P00003,3600,36C10X21D0007,0,02/25/2025,10/14/2024,02/25/2025,03/25/2025,10/09/2024,0.0,275696.98,0.0,275696.98,0.0,926895.48,H893H8FL41D3,"CPS PROFESSIONAL SERVICES, LLC",,4CUA3,3190 FAIRVIEW PARK DR STE 1050,,FALLS CHURCH,VA,220424559,USA,UNITED STATES,(571) 570-4806,,VIRGINIA 11,R408,SUPPORT- PROFESSIONAL: PROGRAM MANAGEMENT/SUPPORT,541611.0,ADMINISTRATIVE MANAGEMENT AND GENERAL MANAGEMENT CONSULTING SERVICES,VA,,USA,FAIRFAX,MCLEAN,,22101,3605.0,,2025-04-04-0017
36C10X24C0028,Department of Veterans Affairs,WATERFRONT TRAINING SOLUTIONS INC.,677105.0,"INSTITUTE FOR LEARNING, EDUCATION AND DEVELOPMENT -  ILEADCAREER PATH DEVELOPMENT CONSULTING TO DEVELOP CAREER PATH GUIDES, COMPETENCY MODELS, DEVELOPMENT PLANS AND ASSESSMENTS",TERMINATED,https://www.fpds.gov/ezsearch/jsp/viewLinkController.jsp?agencyID=3600&PIID=36C10X24C0028&modNumber=P00002&idvAgencyID=&idvPIID=&contractType=AWARD,3/5/2025,0.0,3600,36C10X24C0028,P00002,,,,03/04/2025,09/23/2024,02/25/2025,02/25/2025,06/10/2024,0.0,677105.0,0.0,677105.0,0.0,677105.0,WTK5XT2HJUU1,WATERFRONT TRAINING SOLUTIONS INC.,,9G3Q2,1428 PAUL EASON DR,,CHESAPEAKE,VA,233222794,USA,UNITED STATES,(757) 582-1127,,VIRGINIA 02,R499,SUPPORT- PROFESSIONAL: OTHER,541611.0,ADMINISTRATIVE MANAGEMENT AND GENERAL MANAGEMENT CONSULTING SERVICES,VA,,USA,CHESAPEAKE CITY,CHESAPEAKE,,23322,2794.0,,2025-04-04-0017
36C10X25N0128,Department of Veterans Affairs,"SPREZZATURA MANAGEMENT CONSULTING, LLC",1000987.0,NEW TASK ORDER FOR 1VA+ BUSINESS MODERNIZATION SERVICES,TERMINATED,https://www.fpds.gov/ezsearch/jsp/viewLinkController.jsp?agencyID=3600&PIID=36C10X25N0128&modNumber=P00001&idvAgencyID=&idvPIID=VA119A17D0144&contractType=AWARD,3/5/2025,0.0,3600,36C10X25N0128,P00001,3600,VA119A17D0144,0,02/25/2025,01/31/2025,02/25/2025,02/25/2025,09/30/2024,0.0,1000987.2,0.0,1000987.2,0.0,1000987.2,YQAFFMK4GGU1,"SPREZZATURA MANAGEMENT CONSULTING, LLC",,5K1R8,4908 S CHESTERFIELD ROAD,,ARLINGTON,VA,222061019,USA,UNITED STATES,(888) 529-8965,(888) 647-0542,VIRGINIA 08,R410,SUPPORT- PROFESSIONAL: PROGRAM EVALUATION/REVIEW/DEVELOPMENT,541611.0,ADMINISTRATIVE MANAGEMENT AND GENERAL MANAGEMENT CONSULTING SERVICES,DC,,USA,DISTRICT OF COLUMBIA,WASHINGTON,,20420,1.0,,2025-04-04-0017
36C10G24N0135,Department of Veterans Affairs,"TRILOGY FEDERAL, LLC",5652650.0,VHA INTEGRATED HEALTHCARE TRANSFORMATION (IHT) IDIQ CONTRACT- MODIFICATION TO EXTEND ORDERING PERIOD (NO CEILING CHANGE).,TERMINATED,https://www.fpds.gov/ezsearch/jsp/viewLinkController.jsp?agencyID=3600&PIID=36C10G24N0135&modNumber=P00001&idvAgencyID=&idvPIID=36C10X20D0007&contractType=AWARD,3/5/2025,2840157.0,3600,36C10G24N0135,P00001,3600,36C10X20D0007,0,03/04/2025,09/23/2024,02/25/2025,02/25/2025,08/09/2024,0.0,2812492.8,0.0,2812492.8,0.0,5652649.6,QY6ZENEB34D9,"TRILOGY FEDERAL, LLC",,5EQT3,6507 HAYSTACK RD,,ALEXANDRIA,VA,223103309,USA,UNITED STATES,(703) 589-9029,,VIRGINIA 08,R499,SUPPORT- PROFESSIONAL: OTHER,541611.0,ADMINISTRATIVE MANAGEMENT AND GENERAL MANAGEMENT CONSULTING SERVICES,VA,,USA,ARLINGTON,ARLINGTON,,22209,2297.0,,2025-04-04-0017
36C10X23P0117,Department of Veterans Affairs,"APPLYLOGIC CONSULTING GROUP, LLC",78655.0,THE DEPARTMENT OFVETERANS AFFAIRS (VA) DEBT MANAGEMENTCENTER (DMC) ISO 9001:2015 CERTIFICATION AND SURVEILLANCEAUDIT,TERMINATED,https://www.fpds.gov/ezsearch/jsp/viewLinkController.jsp?agencyID=3600&PIID=36C10X23P0117&modNumber=P00002&idvAgencyID=&idvPIID=&contractType=AWARD,3/5/2025,44576.0,3600,36C10X23P0117,P00002,,,,02/25/2025,09/25/2023,02/25/2025,02/25/2025,04/07/2023,0.0,34079.0,0.0,34079.0,0.0,78655.0,DMSBF79HT1P6,"APPLYLOGIC CONSULTING GROUP, LLC","APPLYLOGIC CONSULTING GROUP, LLC",30BH2,8229 BOONE BLVD STE 886,,VIENNA,VA,221822623,USA,UNITED STATES,(703) 794-2106,(703) 659-4426,VIRGINIA 11,R420,SUPPORT- PROFESSIONAL: CERTIFICATIONS AND ACCREDITATIONS (OTHER THAN EDUC OR INFO TECH C&A),541611.0,ADMINISTRATIVE MANAGEMENT AND GENERAL MANAGEMENT CONSULTING SERVICES,VA,,USA,FAIRFAX,VIENNA,,22182,2664.0,,2025-04-04-0017
36C10X24F0081,Department of Veterans Affairs,"CPS PROFESSIONAL SERVICES, LLC",3953090.0,EXECUTIVE COACHING PROGRAM,TERMINATED,https://www.fpds.gov/ezsearch/jsp/viewLinkController.jsp?agencyID=3600&PIID=36C10X24F0081&modNumber=P00002&idvAgencyID=&idvPIID=36C10X24A0010&contractType=AWARD,3/5/2025,1504332.0,3600,36C10X24F0081,P00002,3600,36C10X24A0010,P00001,02/19/2025,07/12/2024,02/19/2025,02/19/2025,07/01/2024,0.0,2448757.96,0.0,3953089.96,0.0,3953089.96,H893H8FL41D3,"CPS PROFESSIONAL SERVICES, LLC",,4CUA3,8300 GREENSBORO DR # 720,,MC LEAN,VA,221023605,USA,UNITED STATES,(571) 570-4823,,VIRGINIA 11,U009,EDUCATION/TRAINING- GENERAL,541611.0,ADMINISTRATIVE MANAGEMENT AND GENERAL MANAGEMENT CONSULTING SERVICES,MD,,USA,FREDERICK,FREDERICK,,21703,2817.0,,2025-04-04-0017
36C10X24F0100,Department of Veterans Affairs,"KAUFFMAN & ASSOCIATES, INC.",191555.0,TRIBAL CONSULTATION SERVICES BPA ORDER #8 - 2024/2025 TRIBAL CONSULTATION MEETING,TERMINATED,https://www.fpds.gov/ezsearch/jsp/viewLinkController.jsp?agencyID=3600&PIID=36C10X24F0100&modNumber=P00001&idvAgencyID=&idvPIID=36C10X19A0031&contractType=AWARD,3/5/2025,0.0,3600,36C10X24F0100,P00001,3600,36C10X19A0031,P00007,02/25/2025,09/10/2024,02/25/2025,02/25/2025,08/20/2024,0.0,191555.0,0.0,191555.0,0.0,191555.0,RSALNLGDVE29,"KAUFFMAN & ASSOCIATES, INC.",,1XVZ0,421 W RIVERSIDE AVE STE 450,,SPOKANE,WA,992010410,USA,UNITED STATES,(509) 747-4994,(509) 747-5030,WASHINGTON 05,R499,SUPPORT- PROFESSIONAL: OTHER,541611.0,ADMINISTRATIVE MANAGEMENT AND GENERAL MANAGEMENT CONSULTING SERVICES,OK,,USA,BRYAN,DURANT,,74701,252.0,,2025-04-04-0017
36E77620C0033,Department of Veterans Affairs,ALARES LLC,159000.0,MENLO PARK ENHANCED USE LEASE EUL,TERMINATED,https://www.fpds.gov/ezsearch/jsp/viewLinkController.jsp?agencyID=3600&PIID=36E77620C0033&modNumber=P00001&idvAgencyID=&idvPIID=&contractType=AWARD,3/5/2025,0.0,3600,36E77620C0033,P00001,,,,02/25/2025,02/27/2020,02/25/2025,02/25/2025,,0.0,159000.0,0.0,159000.0,0.0,159000.0,LNBMVMPS1JA4,ALARES LLC,,4X3Q1,248 COPELAND ST,,QUINCY,MA,021694005,USA,UNITED STATES,(617) 481-6390,(617) 687-5555,MASSACHUSETTS 08,R799,SUPPORT- MANAGEMENT: OTHER,541611.0,ADMINISTRATIVE MANAGEMENT AND GENERAL MANAGEMENT CONSULTING SERVICES,MA,,USA,NORFOLK,QUINCY,,02169,4005.0,,2025-04-04-0017
36C10X20C0065,Department of Veterans Affairs,"DYNAMIC INTEGRATED SERVICES, LLC",2774461.0,OFFICE OF RISK MANAGEMENT COMMUNICATION SUPPORT.,TERMINATED,https://www.fpds.gov/ezsearch/jsp/viewLinkController.jsp?agencyID=3600&PIID=36C10X20C0065&modNumber=P00011&idvAgencyID=&idvPIID=&contractType=AWARD,3/5/2025,509572.0,3600,36C10X20C0065,P00011,,,,03/04/2025,09/16/2020,02/25/2025,02/25/2025,09/10/2020,0.0,2264888.17,0.0,2264888.17,0.0,2774460.52,LULHX8RK9JC8,"DYNAMIC INTEGRATED SERVICES, LLC",,6B4P8,3 W GARDEN ST STE 610,,PENSACOLA,FL,325025634,USA,UNITED STATES,(202) 615-2049,(850) 361-3489,FLORIDA 01,R426,SUPPORT- PROFESSIONAL: COMMUNICATIONS,541611.0,ADMINISTRATIVE MANAGEMENT AND GENERAL MANAGEMENT CONSULTING SERVICES,DC,,USA,DISTRICT OF COLUMBIA,WASHINGTON,,20420,1.0,,2025-04-04-0017
36C10X20F0040,Department of Veterans Affairs,"GENTECH ASSOCIATES, INC.",4534171.0,"PAYMENT AND PAYMENT RESOLUTION SERVICES IN SUPPORT OF FINANCIAL SERVICES CENTER (FSC) WACO, TX.",TERMINATED,https://www.fpds.gov/ezsearch/jsp/viewLinkController.jsp?agencyID=3600&PIID=36C10X20F0040&modNumber=P00011&idvAgencyID=&idvPIID=GS23F053AA&contractType=AWARD,3/5/2025,0.0,3600,36C10X20F0040,P00011,4732,GS23F053AA,PA0046,02/25/2025,06/01/2020,02/25/2025,02/25/2025,03/09/2020,0.0,4534170.87,0.0,4534170.87,0.0,4534170.87,VHWFFFZFWSQ1,"GENTECH ASSOCIATES, INC.",,4GRB5,11644 N MICHIGAN RD,,ZIONSVILLE,IN,460779324,USA,UNITED STATES,(866) 432-1040,(866) 432-1040,INDIANA 04,R703,SUPPORT- MANAGEMENT: ACCOUNTING,541611.0,ADMINISTRATIVE MANAGEMENT AND GENERAL MANAGEMENT CONSULTING SERVICES,IN,,USA,MARION,INDIANAPOLIS,,46268,1194.0,,2025-04-04-0017
36C10X24C0021,Department of Veterans Affairs,IBILITY LLC,1288480.0,VHA ENTERPRISE PROGRAM MANAGEMENT OFFICE (EPMO) PACT ACT,TERMINATED,https://www.fpds.gov/ezsearch/jsp/viewLinkController.jsp?agencyID=3600&PIID=36C10X24C0021&modNumber=P00001&idvAgencyID=&idvPIID=&contractType=AWARD,3/5/2025,702480.0,3600,36C10X24C0021,P00001,,,,03/04/2025,08/05/2024,03/04/2025,03/04/2025,07/18/2024,0.0,586000.0,0.0,586000.0,0.0,1288480.0,C3P8H93LRLG3,IBILITY LLC,IBILITY LLC,8RPA7,112 MASSBURY ST,,GAITHERSBURG,MD,208785622,USA,UNITED STATES,(440) 989-7621,,MARYLAND 05,R799,SUPPORT- MANAGEMENT: OTHER,541611.0,ADMINISTRATIVE MANAGEMENT AND GENERAL MANAGEMENT CONSULTING SERVICES,MD,,USA,MONTGOMERY,GAITHERSBURG,,20878,5622.0,,2025-04-04-0017
36C10X22N0215,Department of Veterans Affairs,TITAN ALPHA LLC,2015942.0,"VHA INTEGRATED HEALTHCARE TRANSFORMATION (IHT) IDIQ CONTRACT- MODIFICATION TO UPDATE CLAUSES, KEY PERSONNEL, AND ADMINISTRATION DATA INCLUDING NEW PARTNER ADDITIONS.",TERMINATED,https://www.fpds.gov/ezsearch/jsp/viewLinkController.jsp?agencyID=3600&PIID=36C10X22N0215&modNumber=P00003&idvAgencyID=&idvPIID=36C10X20D0006&contractType=AWARD,3/5/2025,0.0,3600,36C10X22N0215,P00003,3600,36C10X20D0006,0,03/04/2025,09/28/2022,03/04/2025,03/04/2025,08/12/2022,0.0,2015942.33,0.0,2015942.33,0.0,2015942.33,EGLRC9AH8XA7,TITAN ALPHA LLC,,80RY6,13846 REMBRANDT WAY,,CHANTILLY,VA,201513255,USA,UNITED STATES,(202) 792-1005,(202) 540-8006,VIRGINIA 11,Q999,MEDICAL- OTHER,541611.0,ADMINISTRATIVE MANAGEMENT AND GENERAL MANAGEMENT CONSULTING SERVICES,DC,,USA,DISTRICT OF COLUMBIA,WASHINGTON,,20420,1.0,,2025-04-04-0017
36C24521F0046,Department of Veterans Affairs,"DYNAMIC INTEGRATED SERVICES, LLC",392248.0,GRAPHIC DESIGN SERVICES FOR VHA CENTER FOR HEALTH PROMOTION AND DISEASE PREVENTION,TERMINATED,https://www.fpds.gov/ezsearch/jsp/viewLinkController.jsp?agencyID=3600&PIID=36C24521F0046&modNumber=P00014&idvAgencyID=&idvPIID=47QRAA18D007Y&contractType=AWARD,3/5/2025,0.0,3600,36C24521F0046,P00014,4732,47QRAA18D007Y,PA0016,03/04/2025,11/01/2020,03/04/2025,03/04/2025,09/01/2020,0.0,392247.67,0.0,392247.67,0.0,392247.67,LULHX8RK9JC8,"DYNAMIC INTEGRATED SERVICES, LLC",,6B4P8,16 W STRONG ST,,PENSACOLA,FL,325013138,USA,UNITED STATES,(202) 615-2049,(850) 361-3489,FLORIDA 01,T001,PHOTO/MAP/PRINT/PUBLICATION- ARTS/GRAPHICS,541611.0,ADMINISTRATIVE MANAGEMENT AND GENERAL MANAGEMENT CONSULTING SERVICES,FL,,USA,ESCAMBIA,PENSACOLA,,32502,5634.0,,2025-04-04-0017
36C10G23N0065,Department of Veterans Affairs,"APTIVE HTG, LLC",1728271.0,VHA INTEGRATED HEALTHCARE TRANSFORMATION (IHT) IDIQ CONTRACT- ORDER FOR CONGRESSIONAL MANDATED REPORTING (CMR),TERMINATED,https://www.fpds.gov/ezsearch/jsp/viewLinkController.jsp?agencyID=3600&PIID=36C10G23N0065&modNumber=P00006&idvAgencyID=&idvPIID=36C10X20D0002&contractType=AWARD,3/5/2025,592846.0,3600,36C10G23N0065,P00006,3600,36C10X20D0002,0,03/04/2025,07/01/2023,02/25/2025,02/25/2025,05/19/2023,0.0,1135425.0,0.0,1142925.2,0.0,1728270.64,L2LMMGFF12A3,"APTIVE HTG, LLC",,8A9S8,421 KING ST STE 200,,ALEXANDRIA,VA,223143121,USA,UNITED STATES,(703) 598-0697,,VIRGINIA 08,R499,SUPPORT- PROFESSIONAL: OTHER,541611.0,ADMINISTRATIVE MANAGEMENT AND GENERAL MANAGEMENT CONSULTING SERVICES,VA,,USA,ALEXANDRIA CITY,ALEXANDRIA,,22314,3359.0,,2025-04-04-0017
36C10X24N0117,Department of Veterans Affairs,"TEKFIVE, INC.",69255.0,HELP DESK SERVICES FOR VA,TERMINATED,https://www.fpds.gov/ezsearch/jsp/viewLinkController.jsp?agencyID=3600&PIID=36C10X24N0117&modNumber=P00001&idvAgencyID=&idvPIID=36C10X21A0018&contractType=AWARD,3/5/2025,0.0,3600,36C10X24N0117,P00001,3600,36C10X21A0018,0,02/25/2025,04/22/2024,02/25/2025,02/25/2025,04/19/2024,0.0,69255.4,0.0,69255.4,0.0,69255.4,MMA4JSE35553,"TEKFIVE, INC.",TEKFIVE,4WTW2,3001 9TH AVE SW STE 104,,HUNTSVILLE,AL,358054021,USA,UNITED STATES,(256) 655-2565,,ALABAMA 05,R499,SUPPORT- PROFESSIONAL: OTHER,541611.0,ADMINISTRATIVE MANAGEMENT AND GENERAL MANAGEMENT CONSULTING SERVICES,AL,,USA,MADISON,HUNTSVILLE,,35805,4021.0,,2025-04-04-0017
36C10X24F0062,Department of Veterans Affairs,WOODSIDE QUALITY LLC,14619936.0,THE SCOPE OF THIS PERFORMANCE WORK STATEMENT (PWS) INCLUDES HIGHLY COMPLEX HEALTHCARE AND/OR SUPPLY CHAIN EXPERTISE REQUIREMENTS WHICH INCLUDE THE INVOLVEMENT OF MULTIPLE FUNCTIONAL CATEGORIES AND SEVERAL PROGRAM OFFICES AND/OR DEPARTMENTS.,TERMINATED,https://www.fpds.gov/ezsearch/jsp/viewLinkController.jsp?agencyID=3600&PIID=36C10X24F0062&modNumber=P00001&idvAgencyID=&idvPIID=47QRAA21D0055&contractType=AWARD,3/5/2025,9842842.0,3600,36C10X24F0062,P00001,4732,47QRAA21D0055,PA0006,03/04/2025,06/18/2024,03/04/2025,03/04/2025,03/21/2024,0.0,4777094.4,0.0,4777094.4,0.0,14619936.0,DBUKWXAH4RF8,WOODSIDE QUALITY LLC,,4RX66,20098 ASHBROOK PL,STE 195,ASHBURN,VA,201473394,USA,UNITED STATES,(260) 417-2924,(703) 995-0667,VIRGINIA 10,R499,SUPPORT- PROFESSIONAL: OTHER,541611.0,ADMINISTRATIVE MANAGEMENT AND GENERAL MANAGEMENT CONSULTING SERVICES,VA,,USA,LOUDOUN,ASHBURN,,20147,3876.0,,2025-04-04-0017
36C10X24N0206,Department of Veterans Affairs,"TRILOGY FEDERAL, LLC",21120.0,EXPANSION OF FUNCTIONALITY OF EXISTING RURAL MASTERTRACKING DATABASE.,TERMINATED,https://www.fpds.gov/ezsearch/jsp/viewLinkController.jsp?agencyID=3600&PIID=36C10X24N0206&modNumber=P00001&idvAgencyID=&idvPIID=36C10X20D0007&contractType=AWARD,3/5/2025,0.0,3600,36C10X24N0206,P00001,3600,36C10X20D0007,0,03/04/2025,09/30/2024,03/04/2025,03/04/2025,09/03/2024,0.0,21120.0,0.0,21120.0,0.0,21120.0,QY6ZENEB34D9,"TRILOGY FEDERAL, LLC",,5EQT3,6507 HAYSTACK RD,,ALEXANDRIA,VA,223103309,USA,UNITED STATES,(703) 589-9029,,VIRGINIA 08,R702,SUPPORT- MANAGEMENT: DATA COLLECTION,541611.0,ADMINISTRATIVE MANAGEMENT AND GENERAL MANAGEMENT CONSULTING SERVICES,VA,,USA,ARLINGTON,ARLINGTON,,22209,1800.0,,2025-04-04-0017
36C10X24N0067,Department of Veterans Affairs,"WORLDWIDE COUNTER THREAT SOLUTIONS, LLC",1440959.0,TMS 2.0 TRAINING,TERMINATED,https://www.fpds.gov/ezsearch/jsp/viewLinkController.jsp?agencyID=3600&PIID=36C10X24N0067&modNumber=P00002&idvAgencyID=&idvPIID=VA119A17D0101&contractType=AWARD,3/5/2025,491919.0,3600,36C10X24N0067,P00002,3600,VA119A17D0101,0,02/25/2025,01/23/2024,02/25/2025,02/25/2025,11/16/2023,0.0,949040.0,0.0,949040.0,0.0,1440959.45,L2NXZG3KANK3,"WORLDWIDE COUNTER THREAT SOLUTIONS, LLC",,48ZG3,1235 CENTRAL PARK BLVD,,FREDERICKSBURG,VA,224014912,USA,UNITED STATES,(703) 412-9394,(571) 431-6864,VIRGINIA 07,U009,EDUCATION/TRAINING- GENERAL,541611.0,ADMINISTRATIVE MANAGEMENT AND GENERAL MANAGEMENT CONSULTING SERVICES,MD,,USA,FREDERICK,FREDERICK,,21703,6977.0,,2025-04-04-0017
36C10X23N0103,Department of Veterans Affairs,"RB CONSULTING, INC.",4271833.0,REVISED LCATS TO MEET GOVERNMENT NEEDS,TERMINATED,https://www.fpds.gov/ezsearch/jsp/viewLinkController.jsp?agencyID=3600&PIID=36C10X23N0103&modNumber=P00003&idvAgencyID=&idvPIID=VA119A17D0132&contractType=AWARD,3/5/2025,2588567.0,3600,36C10X23N0103,P00003,3600,VA119A17D0132,0,03/04/2025,07/03/2023,03/04/2025,03/04/2025,05/25/2023,0.0,1683266.0,0.0,1683266.0,0.0,4271833.1,SNZEAMGH7LR8,"RB CONSULTING, INC.",RBCI,4MA15,5235 WESTVIEW DR STE 100,,FREDERICK,MD,217038397,USA,UNITED STATES,(866) 755-7224,(866) 755-3775,MARYLAND 06,R408,SUPPORT- PROFESSIONAL: PROGRAM MANAGEMENT/SUPPORT,541611.0,ADMINISTRATIVE MANAGEMENT AND GENERAL MANAGEMENT CONSULTING SERVICES,DC,,USA,DISTRICT OF COLUMBIA,WASHINGTON,,20001,1152.0,,2025-04-04-0017
36C10X20N0146,Department of Veterans Affairs,"APTIVE HTG, LLC",15108991.0,VHA INTEGRATED HEALTHCARE TRANSFORMATION (IHT) IDIQ CONTRACTOVAC SUPPORT SERVICES - TOPR 0017,TERMINATED,https://www.fpds.gov/ezsearch/jsp/viewLinkController.jsp?agencyID=3600&PIID=36C10X20N0146&modNumber=P00013&idvAgencyID=&idvPIID=36C10X20D0002&contractType=AWARD,3/5/2025,8549688.0,3600,36C10X20N0146,P00013,3600,36C10X20D0002,0,03/04/2025,09/25/2020,02/25/2025,02/25/2025,08/21/2020,0.0,6559302.99,0.0,12265752.27,0.0,15108991.32,L2LMMGFF12A3,"APTIVE HTG, LLC",,8A9S8,421 KING ST STE 200,,ALEXANDRIA,VA,223143121,USA,UNITED STATES,(703) 598-0697,,VIRGINIA 08,R408,SUPPORT- PROFESSIONAL: PROGRAM MANAGEMENT/SUPPORT,541611.0,ADMINISTRATIVE MANAGEMENT AND GENERAL MANAGEMENT CONSULTING SERVICES,DC,,USA,DISTRICT OF COLUMBIA,WASHINGTON,,20005,501.0,,2025-04-04-0017
36C10X24F0020,Department of Veterans Affairs,ECHO FIVE GROUP LLC,10535713.0,PPSO SERVICE SUPPORT,TERMINATED,https://www.fpds.gov/ezsearch/jsp/viewLinkController.jsp?agencyID=3600&PIID=36C10X24F0020&modNumber=P00004&idvAgencyID=&idvPIID=47QRAA22D00CC&contractType=AWARD,3/5/2025,6711164.0,3600,36C10X24F0020,P00004,4732,47QRAA22D00CC,0,03/04/2025,01/04/2024,03/04/2025,03/04/2025,12/10/2023,0.0,3824548.26,0.0,5373921.28,0.0,10535712.62,ENHCU8RFJ1S3,ECHO FIVE GROUP LLC,,7UT18,5636 WILLIAMSBURG BLVD,,ARLINGTON,VA,222071819,USA,UNITED STATES,(202) 486-1304,,VIRGINIA 08,R401,SUPPORT- PROFESSIONAL: PERSONAL CARE (NON-MEDICAL),541611.0,ADMINISTRATIVE MANAGEMENT AND GENERAL MANAGEMENT CONSULTING SERVICES,DC,,USA,DISTRICT OF COLUMBIA,WASHINGTON,,20001,1.0,,2025-04-04-0017
36C10X20N0105,Department of Veterans Affairs,"DISTRICT COMMUNICATIONS GROUP, LLC (THE)",5532531.0,VECTOR 0057,TERMINATED,https://www.fpds.gov/ezsearch/jsp/viewLinkController.jsp?agencyID=3600&PIID=36C10X20N0105&modNumber=P00009&idvAgencyID=&idvPIID=VA119A17D0129&contractType=AWARD,3/5/2025,0.0,3600,36C10X20N0105,P00009,3600,VA119A17D0129,0,02/25/2025,07/20/2020,02/25/2025,02/25/2025,07/09/2020,0.0,5532531.13,0.0,5532531.13,0.0,5532531.13,C3X8QMRJVJH5,"DISTRICT COMMUNICATIONS GROUP, LLC (THE)",,65T66,633 E ST SE,,WASHINGTON,DC,200032991,USA,UNITED STATES,(202) 656-0098,(202) 544-8998,DISTRICT OF COLUMBIA 98,R426,SUPPORT- PROFESSIONAL: COMMUNICATIONS,541611.0,ADMINISTRATIVE MANAGEMENT AND GENERAL MANAGEMENT CONSULTING SERVICES,DC,,USA,DISTRICT OF COLUMBIA,WASHINGTON,,20001,4.0,,2025-04-04-0017
36C10X25P0003,Department of Veterans Affairs,BLUE PHOENIX SOLUTIONS LLC,4995122.0,BUSINESS ADVISORY SUPPORT SERVICES.,TERMINATED,https://www.fpds.gov/ezsearch/jsp/viewLinkController.jsp?agencyID=3600&PIID=36C10X25P0003&modNumber=P00002&idvAgencyID=&idvPIID=&contractType=AWARD,3/5/2025,0.0,3600,36C10X25P0003,P00002,,,,03/04/2025,01/06/2025,01/05/2026,01/05/2026,10/18/2024,0.0,4995122.4,0.0,4995122.4,0.0,4995122.4,EE9FJ7MXJ5Z7,BLUE PHOENIX SOLUTIONS LLC,BLUE PHOENIX SOLUTIONS LLC,9KLT9,3033 WILSON BLVD STE 700,,ARLINGTON,VA,222013868,USA,UNITED STATES,(714) 328-7822,,VIRGINIA 08,R499,SUPPORT- PROFESSIONAL: OTHER,541611.0,ADMINISTRATIVE MANAGEMENT AND GENERAL MANAGEMENT CONSULTING SERVICES,VA,,USA,ARLINGTON,ARLINGTON,,22201,3868.0,,2025-04-04-0017
36C10X23F0054,Department of Veterans Affairs,"CONCOURSE FEDERAL GROUP, LLC",7761122.0,"PROCUREMENT POLICY, SYSTEMS, AND OVERSIGHT (PPSO) SUPPORT",TERMINATED,https://www.fpds.gov/ezsearch/jsp/viewLinkController.jsp?agencyID=3600&PIID=36C10X23F0054&modNumber=P00002&idvAgencyID=&idvPIID=GS00F058GA&contractType=AWARD,3/5/2025,4771125.0,3600,36C10X23F0054,P00002,4732,GS00F058GA,PA0033,03/04/2025,08/15/2023,03/04/2025,03/04/2025,03/30/2023,0.0,2989996.2,0.0,2989996.2,0.0,7761121.69,KD6WCU5JHKW5,"CONCOURSE FEDERAL GROUP, LLC",,5HAY6,13840 BOOKER T WASHINGTON HWY UNIT C3,,MONETA,VA,241216390,USA,UNITED STATES,(703) 945-4208,(410) 267-7406,VIRGINIA 09,R406,SUPPORT- PROFESSIONAL: POLICY REVIEW/DEVELOPMENT,541611.0,ADMINISTRATIVE MANAGEMENT AND GENERAL MANAGEMENT CONSULTING SERVICES,VA,,USA,FRANKLIN,MONETA,,24121,6390.0,,2025-04-04-0017
36C10X21N0153,Department of Veterans Affairs,RB MANAGEMENT CONSULTANTS LLC,3687076.0,VHA INTEGRATED HEALTHCARE TRANSFORMATION (IHT) IDIQ CONTRACT,TERMINATED,https://www.fpds.gov/ezsearch/jsp/viewLinkController.jsp?agencyID=3600&PIID=36C10X21N0153&modNumber=P00008&idvAgencyID=&idvPIID=36C10X20D0004&contractType=AWARD,3/5/2025,179192.0,3600,36C10X21N0153,P00008,3600,36C10X20D0004,0,03/04/2025,09/20/2021,03/04/2025,03/04/2025,07/22/2021,0.0,3507883.53,0.0,3507883.53,0.0,3687075.73,HEAKVJCG8MV6,RB MANAGEMENT CONSULTANTS LLC,,7X4V2,2011 CRYSTAL DR STE 400,,ARLINGTON,VA,222023709,USA,UNITED STATES,(240) 444-2511,,VIRGINIA 08,DA01,IT AND TELECOM - BUSINESS APPLICATION/APPLICATION DEVELOPMENT SUPPORT SERVICES (LABOR),541611.0,ADMINISTRATIVE MANAGEMENT AND GENERAL MANAGEMENT CONSULTING SERVICES,VA,,USA,ARLINGTON,ARLINGTON,,22202,3709.0,,2025-04-04-0017
36C10X25N0048,Department of Veterans Affairs,"METRICS, LLC",3153530.0,PROGRAM MANAGEMENT SUPPORT SERVICES.,TERMINATED,https://www.fpds.gov/ezsearch/jsp/viewLinkController.jsp?agencyID=3600&PIID=36C10X25N0048&modNumber=P00002&idvAgencyID=&idvPIID=36C10X22A0001&contractType=AWARD,3/5/2025,0.0,3600,36C10X25N0048,P00002,3600,36C10X22A0001,P00004,03/04/2025,11/09/2024,11/08/2025,11/08/2025,10/30/2024,0.0,3153529.59,0.0,3153529.59,0.0,3153529.59,F541XAYTKKN5,"METRICS, LLC",,6RSN0,7819 GINGERBREAD LN,,FAIRFAX STATION,VA,220392201,USA,UNITED STATES,(703) 401-1616,,VIRGINIA 11,R408,SUPPORT- PROFESSIONAL: PROGRAM MANAGEMENT/SUPPORT,541611.0,ADMINISTRATIVE MANAGEMENT AND GENERAL MANAGEMENT CONSULTING SERVICES,VA,,USA,FAIRFAX,FAIRFAX STATION,,22039,2201.0,,2025-04-04-0017
36C10X24N0208,Department of Veterans Affairs,COGENT SOLUTIONS INC,988135.0,TASK ORDER FOR DATA ANALYST.,TERMINATED,https://www.fpds.gov/ezsearch/jsp/viewLinkController.jsp?agencyID=3600&PIID=36C10X24N0208&modNumber=P00001&idvAgencyID=&idvPIID=VA119A17D0166&contractType=AWARD,3/5/2025,811190.0,3600,36C10X24N0208,P00001,3600,VA119A17D0166,0,03/04/2025,09/25/2024,02/25/2025,02/25/2025,07/25/2024,0.0,176944.77,0.0,176944.77,0.0,988134.85,L4LHN6923621,COGENT SOLUTIONS INC,,1SJL7,12225 AMOS LN STE 303,,FREDERICKSBURG,VA,224077108,USA,UNITED STATES,(540) 372-7707,(866) 251-5079,VIRGINIA 07,R405,SUPPORT- PROFESSIONAL: OPERATIONS RESEARCH/QUANTITATIVE ANALYSIS,541611.0,ADMINISTRATIVE MANAGEMENT AND GENERAL MANAGEMENT CONSULTING SERVICES,VA,,USA,SPOTSYLVANIA,FREDERICKSBURG,,22407,7108.0,,2025-04-04-0017
36C10X23N0155,Department of Veterans Affairs,"RB CONSULTING, INC.",20925377.0,MEDICAL DISABILITY EXAMINATION (MDE) CUSTOMER SERVICE SURVEYS,TERMINATED,https://www.fpds.gov/ezsearch/jsp/viewLinkController.jsp?agencyID=3600&PIID=36C10X23N0155&modNumber=P00004&idvAgencyID=&idvPIID=VA119A17D0132&contractType=AWARD,3/5/2025,13596533.0,3600,36C10X23N0155,P00004,3600,VA119A17D0132,0,03/04/2025,09/28/2023,02/25/2025,02/25/2025,08/02/2023,0.0,7328844.17,0.0,7328844.17,0.0,20925377.07,SNZEAMGH7LR8,"RB CONSULTING, INC.",RBCI,4MA15,5235 WESTVIEW DR STE 100,,FREDERICK,MD,217038397,USA,UNITED STATES,(866) 755-7224,(866) 755-3775,MARYLAND 06,R499,SUPPORT- PROFESSIONAL: OTHER,541611.0,ADMINISTRATIVE MANAGEMENT AND GENERAL MANAGEMENT CONSULTING SERVICES,MD,,USA,FREDERICK,FREDERICK,,21704,8344.0,,2025-04-04-0017
36C77624N0576,Department of Veterans Affairs,"THE CRADDOCK GROUP, LLC",3526550.0,TASK ORDER FOR FY2026 NON-IT BUSINESS CASE APPLICATIONS SUPPORT.,TERMINATED,https://www.fpds.gov/ezsearch/jsp/viewLinkController.jsp?agencyID=3600&PIID=36C77624N0576&modNumber=P00001&idvAgencyID=&idvPIID=36C77624D0004&contractType=AWARD,3/5/2025,0.0,3600,36C77624N0576,P00001,3600,36C77624D0004,0,03/04/2025,07/31/2024,03/04/2025,03/04/2025,07/08/2024,0.0,3526549.78,0.0,3526549.78,0.0,3526549.78,DVFKRULPER77,"THE CRADDOCK GROUP, LLC",,5VKS1,3033 WILSON BLVD STE 700,,ARLINGTON,VA,222013868,USA,UNITED STATES,(703) 472-1620,(888) 426-6534,VIRGINIA 08,R799,SUPPORT- MANAGEMENT: OTHER,541611.0,ADMINISTRATIVE MANAGEMENT AND GENERAL MANAGEMENT CONSULTING SERVICES,VA,,USA,ARLINGTON,ARLINGTON,,22201,3868.0,,2025-04-04-0017
36C10X23N0185,Department of Veterans Affairs,"WASHINGTON BUSINESS DYNAMICS, LLC",2500.0,VECTOR PROGRAM,TERMINATED,https://www.fpds.gov/ezsearch/jsp/viewLinkController.jsp?agencyID=3600&PIID=36C10X23N0185&modNumber=P00002&idvAgencyID=&idvPIID=36C10X23D0022&contractType=AWARD,3/5/2025,0.0,3600,36C10X23N0185,P00002,3600,36C10X23D0022,0,03/12/2025,09/28/2023,03/06/2025,03/06/2025,09/01/2023,-2500.0,0.0,-2500.0,0.0,-2500.0,0.0,GCY1LHH7J3M7,"WASHINGTON BUSINESS DYNAMICS, LLC",,6PMU8,1050 30TH ST NW,,WASHINGTON,DC,200073822,USA,UNITED STATES,(202) 618-7197,,DISTRICT OF COLUMBIA 04,R499,SUPPORT- PROFESSIONAL: OTHER,541611.0,ADMINISTRATIVE MANAGEMENT AND GENERAL MANAGEMENT CONSULTING SERVICES,DC,,USA,DISTRICT OF COLUMBIA,WASHINGTON,,20007,3822.0,,2025-04-04-0017
36C10X23F0027,Department of Veterans Affairs,"CPS PROFESSIONAL SERVICES, LLC",6671530.0,ORDER 2| BPA FOR INDEPENDENT VERIFICATION AND VALIDATION SERVICES (IV&V) FOR THE MEDICAL DISABILITYEXAMINATION PROGRAM,TERMINATED,https://www.fpds.gov/ezsearch/jsp/viewLinkController.jsp?agencyID=3600&PIID=36C10X23F0027&modNumber=P00002&idvAgencyID=&idvPIID=36C10X22A0003&contractType=AWARD,3/5/2025,5052816.0,3600,36C10X23F0027,P00002,3600,36C10X22A0003,P00004,03/04/2025,03/08/2023,02/25/2025,02/25/2025,02/22/2023,0.0,1618713.6,0.0,1618713.6,0.0,6671529.6,H893H8FL41D3,"CPS PROFESSIONAL SERVICES, LLC",,4CUA3,8300 GREENSBORO DR # 720,,MC LEAN,VA,221023605,USA,UNITED STATES,(571) 570-4823,,VIRGINIA 11,R799,SUPPORT- MANAGEMENT: OTHER,541611.0,ADMINISTRATIVE MANAGEMENT AND GENERAL MANAGEMENT CONSULTING SERVICES,VA,,USA,FAIRFAX,FALLS CHURCH,,22042,4559.0,,2025-04-04-0017
36C10X23N0186,Department of Veterans Affairs,BLAKE WILLSON GROUP LLC,2500.0,VECTOR PROGRAM,TERMINATED,https://www.fpds.gov/ezsearch/jsp/viewLinkController.jsp?agencyID=3600&PIID=36C10X23N0186&modNumber=P00001&idvAgencyID=&idvPIID=36C10X23D0034&contractType=AWARD,3/5/2025,0.0,3600,36C10X23N0186,P00001,3600,36C10X23D0034,0,03/04/2025,09/28/2023,03/04/2025,03/04/2025,09/01/2023,0.0,2500.0,0.0,2500.0,0.0,2500.0,XXF1YX4AQXS5,BLAKE WILLSON GROUP LLC,BWG,6XKS4,2311 WILSON BLVD,STE 620,ARLINGTON,VA,222015417,USA,UNITED STATES,(571) 467-0176,(703) 852-3527,VIRGINIA 08,R499,SUPPORT- PROFESSIONAL: OTHER,541611.0,ADMINISTRATIVE MANAGEMENT AND GENERAL MANAGEMENT CONSULTING SERVICES,VA,,USA,ARLINGTON,ARLINGTON,,22201,5417.0,,2025-04-04-0017
36C77623N0066,Department of Veterans Affairs,"CRADDOCK GROUP, LLC, THE",1278819.0,THIS TASK ORDER PROVIDES AND OPPORTUNITY TO ACQUIRE STRATEGIC CAPITAL INVESTMENT PLANNING PROCESS SUPPORT.,TERMINATED,https://www.fpds.gov/ezsearch/jsp/viewLinkController.jsp?agencyID=3600&PIID=36C77623N0066&modNumber=P00002&idvAgencyID=&idvPIID=36E77620D0003&contractType=AWARD,3/5/2025,0.0,3600,36C77623N0066,P00002,3600,36E77620D0003,0,02/25/2025,12/07/2022,02/25/2025,02/25/2025,10/19/2022,0.0,1278818.62,0.0,1278818.62,0.0,1278818.62,DVFKRULPER77,"CRADDOCK GROUP, LLC, THE",,5VKS1,3033 WILSON BLVD STE 700,,ARLINGTON,VA,222013868,USA,UNITED STATES,(757) 903-6710,(888) 426-6534,VIRGINIA 08,R799,SUPPORT- MANAGEMENT: OTHER,541611.0,ADMINISTRATIVE MANAGEMENT AND GENERAL MANAGEMENT CONSULTING SERVICES,VA,,USA,ARLINGTON,ARLINGTON,,22201,3868.0,,2025-04-04-0017
36C10X24F0103,Department of Veterans Affairs,DATIX (USA) INC.,239425.0,MISSION ACT: CREDENTIALS VERIFICATION ORGANIZATION FOR NON-COMMUNITY CARE NETWORK (CCN) PROVIDERS - ORDER #4.,TERMINATED,https://www.fpds.gov/ezsearch/jsp/viewLinkController.jsp?agencyID=3600&PIID=36C10X24F0103&modNumber=P00001&idvAgencyID=&idvPIID=36C10X22D0004&contractType=AWARD,3/5/2025,0.0,3600,36C10X24F0103,P00001,3600,36C10X22D0004,0,02/25/2025,09/16/2024,02/25/2025,02/25/2025,09/10/2024,0.0,239425.0,0.0,239425.0,0.0,239425.0,QK5YGNPWLAJ1,DATIX (USA) INC.,,6LPS9,311 S WACKER DR STE 4900,,CHICAGO,IL,606066627,USA,UNITED STATES,(949) 524-0082,,ILLINOIS 07,R699,SUPPORT- ADMINISTRATIVE: OTHER,541611.0,ADMINISTRATIVE MANAGEMENT AND GENERAL MANAGEMENT CONSULTING SERVICES,IL,,USA,COOK,CHICAGO,,60606,5165.0,,2025-04-04-0017
36C10X23N0188,Department of Veterans Affairs,640 ACRES LLC,2500.0,VECTOR PROGRAM,TERMINATED,https://www.fpds.gov/ezsearch/jsp/viewLinkController.jsp?agencyID=3600&PIID=36C10X23N0188&modNumber=P00001&idvAgencyID=&idvPIID=36C10X23D0006&contractType=AWARD,3/5/2025,0.0,3600,36C10X23N0188,P00001,3600,36C10X23D0006,0,03/04/2025,09/28/2023,03/04/2025,03/04/2025,09/01/2023,0.0,2500.0,0.0,2500.0,0.0,2500.0,VZ9ECP5M2VM7,640 ACRES LLC,,7YAX4,3302 HARBORVIEW DR,STE A,GIG HARBOR,WA,983322193,USA,UNITED STATES,(253) 509-2013,,WASHINGTON 06,R499,SUPPORT- PROFESSIONAL: OTHER,541611.0,ADMINISTRATIVE MANAGEMENT AND GENERAL MANAGEMENT CONSULTING SERVICES,WA,,USA,PIERCE,GIG HARBOR,,98332,9061.0,,2025-04-04-0017
36C10G24C0007,Department of Veterans Affairs,"AGILE SIX APPLICATIONS, INC",4808172.0,DIGITAL HEALTH OFFICE STAFFING SERVICES,TERMINATED,https://www.fpds.gov/ezsearch/jsp/viewLinkController.jsp?agencyID=3600&PIID=36C10G24C0007&modNumber=P00002&idvAgencyID=&idvPIID=&contractType=AWARD,3/5/2025,0.0,3600,36C10G24C0007,P00002,,,,03/04/2025,07/22/2024,02/25/2025,02/25/2025,06/27/2024,0.0,4808171.5,0.0,4808171.5,0.0,4808171.5,UP4JHKJQ9MQ7,"AGILE SIX APPLICATIONS, INC",,79H77,12830 VINEYARD CREST PL,,LAKESIDE,CA,920401660,USA,UNITED STATES,(619) 395-1422,,CALIFORNIA 48,R408,SUPPORT- PROFESSIONAL: PROGRAM MANAGEMENT/SUPPORT,541611.0,ADMINISTRATIVE MANAGEMENT AND GENERAL MANAGEMENT CONSULTING SERVICES,CA,,USA,SAN DIEGO,LAKESIDE,,92040,1660.0,,2025-04-04-0017
36C10X23N0187,Department of Veterans Affairs,AVER LLC,2500.0,VECTOR PROGRAM,TERMINATED,https://www.fpds.gov/ezsearch/jsp/viewLinkController.jsp?agencyID=3600&PIID=36C10X23N0187&modNumber=P00001&idvAgencyID=&idvPIID=36C10X23D0039&contractType=AWARD,3/5/2025,0.0,3600,36C10X23N0187,P00001,3600,36C10X23D0039,0,03/04/2025,09/28/2023,03/04/2025,03/04/2025,09/01/2023,0.0,2500.0,0.0,2500.0,0.0,2500.0,WCMJHCRB1UH3,AVER LLC,,6XA51,10 G ST NE,STE 600A,WASHINGTON,DC,200024213,USA,UNITED STATES,(410) 746-8654,(888) 377-4162,DISTRICT OF COLUMBIA 98,R499,SUPPORT- PROFESSIONAL: OTHER,541611.0,ADMINISTRATIVE MANAGEMENT AND GENERAL MANAGEMENT CONSULTING SERVICES,DC,,USA,DISTRICT OF COLUMBIA,WASHINGTON,,20002,4213.0,,2025-04-04-0017
36C10X23N0158,Department of Veterans Affairs,"TRILOGY FEDERAL, LLC",19126598.0,VHA INTEGRATED HEALTHCARE TRANSFORMATION (IHT) IDIQ CONTRACT- MODIFICATION TO ADD FREE AGENT PARTNERS AND INCLUDE FAR 52.204-27.,TERMINATED,https://www.fpds.gov/ezsearch/jsp/viewLinkController.jsp?agencyID=3600&PIID=36C10X23N0158&modNumber=P00003&idvAgencyID=&idvPIID=36C10X20D0007&contractType=AWARD,3/5/2025,11649023.0,3600,36C10X23N0158,P00003,3600,36C10X20D0007,0,03/04/2025,09/29/2023,02/25/2025,02/25/2025,08/30/2023,0.0,7477575.2,0.0,11172861.59,0.0,19126598.11,QY6ZENEB34D9,"TRILOGY FEDERAL, LLC",,5EQT3,6507 HAYSTACK RD,,ALEXANDRIA,VA,223103309,USA,UNITED STATES,(703) 589-9029,,VIRGINIA 08,R408,SUPPORT- PROFESSIONAL: PROGRAM MANAGEMENT/SUPPORT,541611.0,ADMINISTRATIVE MANAGEMENT AND GENERAL MANAGEMENT CONSULTING SERVICES,VA,,USA,ARLINGTON,ARLINGTON,,22209,2297.0,,2025-04-04-0017
36C10G24C0010,Department of Veterans Affairs,OLYMPUS ALPHA LLC,4978401.0,TRUSTWORTHY ARTIFICIAL INTELLIGENCE PROGRAM SUPPORT,TERMINATED,https://www.fpds.gov/ezsearch/jsp/viewLinkController.jsp?agencyID=3600&PIID=36C10G24C0010&modNumber=P00001&idvAgencyID=&idvPIID=&contractType=AWARD,3/5/2025,2507606.0,3600,36C10G24C0010,P00001,,,,03/04/2025,09/30/2024,02/25/2025,02/25/2025,09/20/2024,0.0,2470794.24,0.0,2470794.24,0.0,4978400.52,ZKV1D83JNZ25,OLYMPUS ALPHA LLC,,90NG1,1100 N GLEBE RD STE 1010,,ARLINGTON,VA,222015786,USA,UNITED STATES,(202) 276-4554,,VIRGINIA 08,R408,SUPPORT- PROFESSIONAL: PROGRAM MANAGEMENT/SUPPORT,541611.0,ADMINISTRATIVE MANAGEMENT AND GENERAL MANAGEMENT CONSULTING SERVICES,DC,,USA,DISTRICT OF COLUMBIA,WASHINGTON,,20001,1152.0,,2025-04-04-0017
36C10X24F0089,Department of Veterans Affairs,"STAFFORD CONSULTING COMPANY, INC.",179630.0,"VAAA ACQUISITION WORKFORCE TRAINING MULTIPLE AWARD BLANKET PURCHASE AGREEMENT (BPA), ORDER #3",TERMINATED,https://www.fpds.gov/ezsearch/jsp/viewLinkController.jsp?agencyID=3600&PIID=36C10X24F0089&modNumber=P00002&idvAgencyID=&idvPIID=36C10X23A0012&contractType=AWARD,3/5/2025,0.0,3600,36C10X24F0089,P00002,3600,36C10X23A0012,P00001,02/25/2025,09/28/2024,02/25/2025,02/25/2025,06/06/2024,0.0,179630.0,0.0,179630.0,0.0,179630.0,GMQFM999K2E5,"STAFFORD CONSULTING COMPANY, INC.",,6JNW1,1765 GREENSBORO STATION PL,STE 900,MC LEAN,VA,221023470,USA,UNITED STATES,(301) 502-8967,(256) 325-0418,VIRGINIA 11,U008,EDUCATION/TRAINING- TRAINING/CURRICULUM DEVELOPMENT,541611.0,ADMINISTRATIVE MANAGEMENT AND GENERAL MANAGEMENT CONSULTING SERVICES,MD,,USA,FREDERICK,FREDERICK,,21703,2817.0,,2025-04-04-0017
36C10X22N0067,Department of Veterans Affairs,"APTIVE HTG, LLC",749556.0,"VHA INTEGRATED HEALTHCARE TRANSFORMATION (IHT) IDIQ CONTRACT- MODIFICATION TO UPDATE CLAUSES, ADMIN DATA, AND TEAMING PARTNERS.",TERMINATED,https://www.fpds.gov/ezsearch/jsp/viewLinkController.jsp?agencyID=3600&PIID=36C10X22N0067&modNumber=P00005&idvAgencyID=&idvPIID=36C10X20D0002&contractType=AWARD,3/5/2025,0.0,3600,36C10X22N0067,P00005,3600,36C10X20D0002,0,03/04/2025,04/25/2022,02/25/2025,02/25/2025,03/22/2022,0.0,749556.12,0.0,749556.12,0.0,749556.12,L2LMMGFF12A3,"APTIVE HTG, LLC",,8A9S8,421 KING ST STE 200,,ALEXANDRIA,VA,223143121,USA,UNITED STATES,(703) 598-0697,,VIRGINIA 08,R499,SUPPORT- PROFESSIONAL: OTHER,541611.0,ADMINISTRATIVE MANAGEMENT AND GENERAL MANAGEMENT CONSULTING SERVICES,VA,,USA,ALEXANDRIA CITY,ALEXANDRIA,,22314,3359.0,,2025-04-04-0017
36C10X22N0186,Department of Veterans Affairs,"TRILOGY FEDERAL, LLC",4888940.0,"VHA INTEGRATED HEALTHCARE TRANSFORMATION (IHT) IDIQ CONTRACT- MODIFICATION TO UPDATE CLAUSES, KEY PERSONNEL, AND ADMINISTRATION DATA INCLUDING NEW PARTNER ADDITIONS.",TERMINATED,https://www.fpds.gov/ezsearch/jsp/viewLinkController.jsp?agencyID=3600&PIID=36C10X22N0186&modNumber=P00003&idvAgencyID=&idvPIID=36C10X20D0007&contractType=AWARD,3/5/2025,0.0,3600,36C10X22N0186,P00003,3600,36C10X20D0007,0,03/04/2025,09/29/2022,02/25/2025,02/25/2025,08/15/2022,0.0,4888940.22,0.0,4888940.22,0.0,4888940.22,QY6ZENEB34D9,"TRILOGY FEDERAL, LLC",,5EQT3,6507 HAYSTACK RD,,ALEXANDRIA,VA,223103309,USA,UNITED STATES,(703) 589-9029,,VIRGINIA 08,R499,SUPPORT- PROFESSIONAL: OTHER,541611.0,ADMINISTRATIVE MANAGEMENT AND GENERAL MANAGEMENT CONSULTING SERVICES,VA,,USA,FAIRFAX,ALEXANDRIA,,22310,5538.0,,2025-04-04-0017
36C10X20P0038,Department of Veterans Affairs,"640 ACRES, LLC",1366291.0,VA ACQUISITION ACADEMY ACQUISITION INTERN PROGRAM OPERATIONAL SUPPORT SERVICES,TERMINATED,https://www.fpds.gov/ezsearch/jsp/viewLinkController.jsp?agencyID=3600&PIID=36C10X20P0038&modNumber=P00008&idvAgencyID=&idvPIID=&contractType=AWARD,3/5/2025,0.0,3600,36C10X20P0038,P00008,,,,02/25/2025,03/25/2020,02/25/2025,02/25/2025,,0.0,1366290.72,0.0,1366290.72,0.0,1366290.72,VZ9ECP5M2VM7,"640 ACRES, LLC",,7YAX4,3302 HARBORVIEW DR STE A,,GIG HARBOR,WA,983322193,USA,UNITED STATES,(253) 509-2013,,WASHINGTON 06,R408,SUPPORT- PROFESSIONAL: PROGRAM MANAGEMENT/SUPPORT,541611.0,ADMINISTRATIVE MANAGEMENT AND GENERAL MANAGEMENT CONSULTING SERVICES,MD,,USA,FREDERICK,FREDERICK,,21703,2817.0,,2025-04-04-0017
36C10X23F0036,Department of Veterans Affairs,"CPS PROFESSIONAL SERVICES, LLC",2241911.0,SINGLE-AWARD BLANKET PURCHASE AGREEMENT FOR INDEPENDENT VERIFICATION AND VALIDATION SERVICES (IV&V) FOR THE MEDICAL DISABILITYEXAMINATION PROGRAM,TERMINATED,https://www.fpds.gov/ezsearch/jsp/viewLinkController.jsp?agencyID=3600&PIID=36C10X23F0036&modNumber=P00001&idvAgencyID=&idvPIID=36C10X22A0003&contractType=AWARD,3/5/2025,1697969.0,3600,36C10X23F0036,P00001,3600,36C10X22A0003,P00004,03/04/2025,04/01/2023,02/25/2025,02/25/2025,03/24/2023,0.0,543941.76,0.0,543941.76,0.0,2241911.04,H893H8FL41D3,"CPS PROFESSIONAL SERVICES, LLC",,4CUA3,8300 GREENSBORO DR # 720,,MC LEAN,VA,221023605,USA,UNITED STATES,(571) 570-4823,,VIRGINIA 11,R799,SUPPORT- MANAGEMENT: OTHER,541611.0,ADMINISTRATIVE MANAGEMENT AND GENERAL MANAGEMENT CONSULTING SERVICES,DC,,USA,DISTRICT OF COLUMBIA,WASHINGTON,,20006,9996.0,,2025-04-04-0017
36C10G24C0011,Department of Veterans Affairs,PROMETHEUS FEDERAL SERVICES LLC,4999935.0,DIGITAL HEALTH OFFICE- OFFICE WIDE PROGRAM SUPPORT SERVICES.,TERMINATED,https://www.fpds.gov/ezsearch/jsp/viewLinkController.jsp?agencyID=3600&PIID=36C10G24C0011&modNumber=P00001&idvAgencyID=&idvPIID=&contractType=AWARD,3/5/2025,0.0,3600,36C10G24C0011,P00001,,,,03/04/2025,09/30/2024,02/25/2025,02/25/2025,09/20/2024,0.0,4999934.67,0.0,4999934.67,0.0,4999934.67,G6Y7CGJ7JLU6,PROMETHEUS FEDERAL SERVICES LLC,PROMETHEUS FEDERAL SERVICES LLC,7Q144,13846 REMBRANDT WAY,,CHANTILLY,VA,201513255,USA,UNITED STATES,(202) 792-1005,,VIRGINIA 11,R499,SUPPORT- PROFESSIONAL: OTHER,541611.0,ADMINISTRATIVE MANAGEMENT AND GENERAL MANAGEMENT CONSULTING SERVICES,DC,,USA,DISTRICT OF COLUMBIA,WASHINGTON,,20001,1152.0,,2025-04-04-0017
36C10X24F0042,Department of Veterans Affairs,"CPS PROFESSIONAL SERVICES, LLC",2171188.0,SINGLE-AWARD BLANKET PURCHASE AGREEMENT FOR IV&V FOR THE MEDICAL DISABILITY EXAMINATION PROGRAM TO COMBINING TO 23F0027 & 23F0036.,TERMINATED,https://www.fpds.gov/ezsearch/jsp/viewLinkController.jsp?agencyID=3600&PIID=36C10X24F0042&modNumber=P00004&idvAgencyID=&idvPIID=36C10X22A0003&contractType=AWARD,3/5/2025,0.0,3600,36C10X24F0042,P00004,3600,36C10X22A0003,P00004,03/04/2025,03/08/2024,02/25/2025,02/25/2025,03/06/2024,0.0,2171188.21,0.0,2171188.21,0.0,2171188.21,H893H8FL41D3,"CPS PROFESSIONAL SERVICES, LLC",,4CUA3,8300 GREENSBORO DR # 720,,MC LEAN,VA,221023605,USA,UNITED STATES,(571) 570-4823,,VIRGINIA 11,R799,SUPPORT- MANAGEMENT: OTHER,541611.0,ADMINISTRATIVE MANAGEMENT AND GENERAL MANAGEMENT CONSULTING SERVICES,VA,,USA,FAIRFAX,MCLEAN,,22102,3605.0,,2025-04-04-0017
36C10X23N0094,Department of Veterans Affairs,TITAN ALPHA LLC,5605865.0,VHA INTEGRATED HEALTHCARE TRANSFORMATION (IHT) IDIQ CONTRACT- MODIFICATION TO INCREASE CONTRACT CEILING.,TERMINATED,https://www.fpds.gov/ezsearch/jsp/viewLinkController.jsp?agencyID=3600&PIID=36C10X23N0094&modNumber=P00004&idvAgencyID=&idvPIID=36C10X20D0006&contractType=AWARD,3/5/2025,0.0,3600,36C10X23N0094,P00004,3600,36C10X20D0006,0,03/04/2025,07/24/2023,02/25/2025,02/25/2025,05/03/2023,0.0,5449960.31,0.0,5449960.31,0.0,5449960.31,EGLRC9AH8XA7,TITAN ALPHA LLC,,80RY6,13846 REMBRANDT WAY,,CHANTILLY,VA,201513255,USA,UNITED STATES,(202) 792-1005,(202) 540-8006,VIRGINIA 11,R410,SUPPORT- PROFESSIONAL: PROGRAM EVALUATION/REVIEW/DEVELOPMENT,541611.0,ADMINISTRATIVE MANAGEMENT AND GENERAL MANAGEMENT CONSULTING SERVICES,VA,,USA,FAIRFAX,CHANTILLY,,20151,3255.0,,2025-04-04-0017
36C10X25N0115,Department of Veterans Affairs,"CPS PROFESSIONAL SERVICES, LLC",2010929.0,VECTOR TASK ORDER #0187 - VAAA SCMS PROGRAM AND ACADEMIC SUPPORT,TERMINATED,https://www.fpds.gov/ezsearch/jsp/viewLinkController.jsp?agencyID=3600&PIID=36C10X25N0115&modNumber=P00001&idvAgencyID=&idvPIID=VA119A17D0093&contractType=AWARD,3/5/2025,695939.0,3600,36C10X25N0115,P00001,3600,VA119A17D0093,0,02/25/2025,01/01/2025,02/25/2025,02/25/2025,11/13/2024,0.0,1314989.77,0.0,1314989.77,0.0,2010929.05,H893H8FL41D3,"CPS PROFESSIONAL SERVICES, LLC",,4CUA3,3190 FAIRVIEW PARK DR STE 1050,,FALLS CHURCH,VA,220424530,USA,UNITED STATES,(571) 327-2014,(571) 282-4936,VIRGINIA 11,U009,EDUCATION/TRAINING- GENERAL,541611.0,ADMINISTRATIVE MANAGEMENT AND GENERAL MANAGEMENT CONSULTING SERVICES,MD,,USA,FREDERICK,FREDERICK,,21703,2817.0,,2025-04-04-0017
36C25624P1767,Department of Veterans Affairs,HEALTHLINX INC,48900.0,MAGNET CONSULTATION SERVICES,TERMINATED,https://www.fpds.gov/ezsearch/jsp/viewLinkController.jsp?agencyID=3600&PIID=36C25624P1767&modNumber=P00002&idvAgencyID=&idvPIID=&contractType=AWARD,3/5/2025,0.0,3600,36C25624P1767,P00002,,,,03/04/2025,09/25/2024,02/25/2025,02/25/2025,09/13/2024,-200587.5,48900.0,-200587.5,48900.0,-200587.5,48900.0,D4N2M67RBJL6,HEALTHLINX INC,,54ZH7,841 CORPORATE DR,,LEXINGTON,KY,405035421,USA,UNITED STATES,(614) 542-2228,,KENTUCKY 06,R410,SUPPORT- PROFESSIONAL: PROGRAM EVALUATION/REVIEW/DEVELOPMENT,541611.0,ADMINISTRATIVE MANAGEMENT AND GENERAL MANAGEMENT CONSULTING SERVICES,TX,,USA,HARRIS,HOUSTON,,77030,1500.0,,2025-04-04-0017
36C10X21P0013,Department of Veterans Affairs,DUTY FIRST CONSULTING LLC,3549982.0,ENTERPRISE MAIL MANAGEMENT PROGRAM SUPPORT SERVICES,TERMINATED,https://www.fpds.gov/ezsearch/jsp/viewLinkController.jsp?agencyID=3600&PIID=36C10X21P0013&modNumber=P00007&idvAgencyID=&idvPIID=&contractType=AWARD,3/5/2025,1.0,3600,36C10X21P0013,P00007,,,,03/04/2025,11/23/2020,03/04/2025,03/04/2025,11/20/2020,0.0,3549980.34,0.0,3549980.52,0.0,3549981.52,Q9LAZK8AELW8,DUTY FIRST CONSULTING LLC,,4SJK4,2650 PARK TOWER DR STE 100,,VIENNA,VA,221807306,USA,UNITED STATES,(703) 462-1430,(703) 462-1401,VIRGINIA 11,R408,SUPPORT- PROFESSIONAL: PROGRAM MANAGEMENT/SUPPORT,541611.0,ADMINISTRATIVE MANAGEMENT AND GENERAL MANAGEMENT CONSULTING SERVICES,DC,,USA,DISTRICT OF COLUMBIA,WASHINGTON,,20420,1.0,,2025-04-04-0017
36C77623N0981,Department of Veterans Affairs,"CRADDOCK GROUP, LLC, THE",195287.0,"CAPITAL ASSET INITIATIVES, WHICH INCLUDE THE ENHANCED-USE LEASE EUL PROGRAM AND THE STRATEGIC CAPITAL INVESTMENT PLANNING PROCESS ARE COORDINATED TO ENSURE CAPITAL INVESTMENTS ARE BASED ON SOUND BUSINESS PRACTICES AND PRINCIPLES",TERMINATED,https://www.fpds.gov/ezsearch/jsp/viewLinkController.jsp?agencyID=3600&PIID=36C77623N0981&modNumber=P00001&idvAgencyID=&idvPIID=36E77620D0003&contractType=AWARD,3/5/2025,0.0,3600,36C77623N0981,P00001,3600,36E77620D0003,0,02/25/2025,09/08/2023,02/25/2025,02/25/2025,08/03/2023,0.0,195286.59,0.0,195286.59,0.0,195286.59,DVFKRULPER77,"CRADDOCK GROUP, LLC, THE",,5VKS1,3033 WILSON BLVD STE 700,,ARLINGTON,VA,222013868,USA,UNITED STATES,(757) 903-6710,(888) 426-6534,VIRGINIA 08,R799,SUPPORT- MANAGEMENT: OTHER,541611.0,ADMINISTRATIVE MANAGEMENT AND GENERAL MANAGEMENT CONSULTING SERVICES,VA,,USA,ARLINGTON,ARLINGTON,,22201,3868.0,,2025-04-04-0017
36C10X23N0040,Department of Veterans Affairs,"APTIVE HTG, LLC",63510917.0,VHA INTEGRATED HEALTHCARE TRANSFORMATION (IHT) IDIQ CONTRACT- EHRM RAPID SUPPORT,TERMINATED,https://www.fpds.gov/ezsearch/jsp/viewLinkController.jsp?agencyID=3600&PIID=36C10X23N0040&modNumber=P00010&idvAgencyID=&idvPIID=36C10X20D0002&contractType=AWARD,3/5/2025,1000000.0,3600,36C10X23N0040,P00010,3600,36C10X20D0002,0,03/04/2025,02/28/2023,02/25/2025,02/25/2025,12/21/2022,0.0,62510917.49,0.0,62510917.49,0.0,63510917.49,L2LMMGFF12A3,"APTIVE HTG, LLC",,8A9S8,421 KING ST STE 200,,ALEXANDRIA,VA,223143121,USA,UNITED STATES,(703) 598-0697,,VIRGINIA 08,R499,SUPPORT- PROFESSIONAL: OTHER,541611.0,ADMINISTRATIVE MANAGEMENT AND GENERAL MANAGEMENT CONSULTING SERVICES,VA,,USA,ALEXANDRIA CITY,ALEXANDRIA,,22314,3121.0,,2025-04-04-0017
36C10X24N0059,Department of Veterans Affairs,"GREEN-GATE TECHNOLOGY, INC",5855241.0,DEPARTMENT OF VETERANS AFFAIRS (VA)VETERANS BENEFITS ADMINISTRATION (VBA)MEDICAL DISABILITY EXAMINATION OFFICE (MDEOINSTRUCTIONAL SYSTEMS DESIGN (ISD),TERMINATED,https://www.fpds.gov/ezsearch/jsp/viewLinkController.jsp?agencyID=3600&PIID=36C10X24N0059&modNumber=P00002&idvAgencyID=&idvPIID=VA119A17D0128&contractType=AWARD,3/5/2025,3571049.0,3600,36C10X24N0059,P00002,3600,VA119A17D0128,0,03/04/2025,01/26/2024,02/25/2025,02/25/2025,09/07/2023,0.0,2284191.45,0.0,2284191.45,0.0,5855240.68,XMS7U6498UJ1,"GREEN-GATE TECHNOLOGY, INC",,799R8,"309 YOAKUM PARKWAY, #1618",,ALEXANDRIA,VA,223043909,USA,UNITED STATES,(703) 967-9697,,VIRGINIA 02,U008,EDUCATION/TRAINING- TRAINING/CURRICULUM DEVELOPMENT,541611.0,ADMINISTRATIVE MANAGEMENT AND GENERAL MANAGEMENT CONSULTING SERVICES,VA,,USA,ALEXANDRIA CITY,ALEXANDRIA,,22304,3909.0,,2025-04-04-0017
36C10X23N0154,Department of Veterans Affairs,"APTIVE HTG, LLC",2994742.0,VHA INTEGRATED HEALTHCARE TRANSFORMATION (IHT) IDIQ CONTRACT- MODIFICATION TO INCREASE CONTRACT CEILING.,TERMINATED,https://www.fpds.gov/ezsearch/jsp/viewLinkController.jsp?agencyID=3600&PIID=36C10X23N0154&modNumber=P00002&idvAgencyID=&idvPIID=36C10X20D0002&contractType=AWARD,3/5/2025,1027889.0,3600,36C10X23N0154,P00002,3600,36C10X20D0002,0,03/04/2025,09/20/2023,02/25/2025,02/25/2025,08/02/2023,0.0,1966852.74,0.0,1966852.74,0.0,2994741.66,L2LMMGFF12A3,"APTIVE HTG, LLC",,8A9S8,421 KING ST STE 200,,ALEXANDRIA,VA,223143121,USA,UNITED STATES,(703) 598-0697,,VIRGINIA 08,R499,SUPPORT- PROFESSIONAL: OTHER,541611.0,ADMINISTRATIVE MANAGEMENT AND GENERAL MANAGEMENT CONSULTING SERVICES,VA,,USA,ALEXANDRIA CITY,ALEXANDRIA,,22314,3121.0,,2025-04-04-0017
36C10X24F0047,Department of Veterans Affairs,"CPS PROFESSIONAL SERVICES, LLC",35748439.0,FINANCIAL AUDIT FOR MDE,TERMINATED,https://www.fpds.gov/ezsearch/jsp/viewLinkController.jsp?agencyID=3600&PIID=36C10X24F0047&modNumber=P00001&idvAgencyID=&idvPIID=VA119A17D0093&contractType=AWARD,3/5/2025,30792338.0,3600,36C10X24F0047,P00001,3600,VA119A17D0093,0,02/25/2025,04/12/2024,02/25/2025,02/25/2025,02/22/2024,0.0,4956101.0,0.0,6844553.0,0.0,35748439.42,H893H8FL41D3,"CPS PROFESSIONAL SERVICES, LLC",,4CUA3,3190 FAIRVIEW PARK DR STE 1050,,FALLS CHURCH,VA,220424530,USA,UNITED STATES,(571) 327-2014,(571) 282-4936,VIRGINIA 11,R704,SUPPORT- MANAGEMENT: AUDITING,541611.0,ADMINISTRATIVE MANAGEMENT AND GENERAL MANAGEMENT CONSULTING SERVICES,VA,,USA,FAIRFAX,FALLS CHURCH,,22042,4530.0,,2025-04-04-0017
36C77622P0084,Department of Veterans Affairs,"CRADDOCK GROUP, LLC, THE",229083.0,MAINTENANCE OF AND EXPORT OF DATA FROM THE EXCEL-BASED LEASE BUDGET MODEL THAT TAKES INPUT FROM CURRENT PORTFOLIO OF LEASES,TERMINATED,https://www.fpds.gov/ezsearch/jsp/viewLinkController.jsp?agencyID=3600&PIID=36C77622P0084&modNumber=P00002&idvAgencyID=&idvPIID=&contractType=AWARD,3/5/2025,0.0,3600,36C77622P0084,P00002,,,,02/25/2025,05/05/2022,02/25/2025,02/25/2025,02/28/2022,0.0,229083.3,0.0,229083.3,0.0,229083.3,DVFKRULPER77,"CRADDOCK GROUP, LLC, THE",,5VKS1,3033 WILSON BLVD STE 700,,ARLINGTON,VA,222013868,USA,UNITED STATES,(757) 903-6710,(888) 426-6534,VIRGINIA 08,R799,SUPPORT- MANAGEMENT: OTHER,541611.0,ADMINISTRATIVE MANAGEMENT AND GENERAL MANAGEMENT CONSULTING SERVICES,VA,,USA,ARLINGTON,ARLINGTON,,22201,3868.0,,2025-04-04-0017
36C10X23N0125,Department of Veterans Affairs,TITAN ALPHA LLC,7612449.0,VHA INTEGRATED HEALTHCARE TRANSFORMATION (IHT) IDIQ CONTRACT- MODIFICATION TO ADD FAR CLAUSE 52.204-27.,TERMINATED,https://www.fpds.gov/ezsearch/jsp/viewLinkController.jsp?agencyID=3600&PIID=36C10X23N0125&modNumber=P00002&idvAgencyID=&idvPIID=36C10X20D0006&contractType=AWARD,3/5/2025,5589586.0,3600,36C10X23N0125,P00002,3600,36C10X20D0006,0,03/04/2025,09/28/2023,02/25/2025,02/25/2025,07/17/2023,0.0,2022863.84,0.0,2022863.84,0.0,7612449.48,EGLRC9AH8XA7,TITAN ALPHA LLC,,80RY6,13846 REMBRANDT WAY,,CHANTILLY,VA,201513255,USA,UNITED STATES,(202) 792-1005,(202) 540-8006,VIRGINIA 11,R499,SUPPORT- PROFESSIONAL: OTHER,541611.0,ADMINISTRATIVE MANAGEMENT AND GENERAL MANAGEMENT CONSULTING SERVICES,VA,,USA,FAIRFAX,CHANTILLY,,20151,3933.0,,2025-04-04-0017
36C10X20N0151,Department of Veterans Affairs,BRENNSYS TECHNOLOGY LLC,2696380.0,ABOUTFACE WEB DESIGN FOR VHA NATIONAL CENTER FOR PTSD.,TERMINATED,https://www.fpds.gov/ezsearch/jsp/viewLinkController.jsp?agencyID=3600&PIID=36C10X20N0151&modNumber=P00017&idvAgencyID=&idvPIID=VA119A17D0157&contractType=AWARD,3/5/2025,1057261.0,3600,36C10X20N0151,P00017,3600,VA119A17D0157,0,02/25/2025,09/28/2020,02/25/2025,02/25/2025,08/04/2020,0.0,1639118.96,0.0,1639118.96,0.0,2696380.04,WPH4T2F5XXU7,BRENNSYS TECHNOLOGY LLC,,7LPG7,41737 MCMONAGLE SQ,,ALDIE,VA,201056028,USA,UNITED STATES,(412) 638-1543,,VIRGINIA 14,R499,SUPPORT- PROFESSIONAL: OTHER,541611.0,ADMINISTRATIVE MANAGEMENT AND GENERAL MANAGEMENT CONSULTING SERVICES,VA,,USA,LOUDOUN,ALDIE,,20105,4012.0,,2025-04-04-0017
36C10X24C0031,Department of Veterans Affairs,"BEN ALLEGRETTI CONSULTING, INC",3667495.0,INTEGRATED HEALTH PRACTICES SUPPORT SERVICES,TERMINATED,https://www.fpds.gov/ezsearch/jsp/viewLinkController.jsp?agencyID=3600&PIID=36C10X24C0031&modNumber=P00001&idvAgencyID=&idvPIID=&contractType=AWARD,3/5/2025,0.0,3600,36C10X24C0031,P00001,,,,03/04/2025,09/16/2024,03/04/2025,03/04/2025,08/22/2024,0.0,3667494.6,0.0,3667494.6,0.0,3667494.6,KGVQXEJA4JG4,"BEN ALLEGRETTI CONSULTING, INC",,5WTU1,188 WOODSTREAM BLVD,,STAFFORD,VA,225564629,USA,UNITED STATES,(540) 207-9512,(540) 657-1382,VIRGINIA 07,R425,SUPPORT- PROFESSIONAL: ENGINEERING/TECHNICAL,541611.0,ADMINISTRATIVE MANAGEMENT AND GENERAL MANAGEMENT CONSULTING SERVICES,VA,,USA,STAFFORD,STAFFORD,,22556,4629.0,,2025-04-04-0017
36C10X23N0161,Department of Veterans Affairs,"METRICS, LLC",6440007.0,REVISED LCATS TO MEET GOVERNMENT NEEDS,TERMINATED,https://www.fpds.gov/ezsearch/jsp/viewLinkController.jsp?agencyID=3600&PIID=36C10X23N0161&modNumber=P00003&idvAgencyID=&idvPIID=VA119A17D0148&contractType=AWARD,3/5/2025,3279372.0,3600,36C10X23N0161,P00003,3600,VA119A17D0148,0,03/04/2025,09/29/2023,02/25/2025,02/25/2025,08/15/2023,0.0,3160634.55,0.0,3160634.55,0.0,6440006.93,F541XAYTKKN5,"METRICS, LLC",,6RSN0,7105 HUNDSFORD LN,,SPRINGFIELD,VA,221531264,USA,UNITED STATES,(703) 401-1616,,VIRGINIA 11,R499,SUPPORT- PROFESSIONAL: OTHER,541611.0,ADMINISTRATIVE MANAGEMENT AND GENERAL MANAGEMENT CONSULTING SERVICES,VA,,USA,FAIRFAX,FAIRFAX STATION,,22039,2201.0,,2025-04-04-0017
36C10X24F0101,Department of Veterans Affairs,MERAKI COMMUNICATIONS GROUP LLC,635245.0,COMMERCIAL PROFESSIONAL SERVICES,TERMINATED,https://www.fpds.gov/ezsearch/jsp/viewLinkController.jsp?agencyID=3600&PIID=36C10X24F0101&modNumber=P00002&idvAgencyID=&idvPIID=36C10X23D0016&contractType=AWARD,3/5/2025,396772.0,3600,36C10X24F0101,P00002,3600,36C10X23D0016,0,02/25/2025,09/23/2024,02/25/2025,02/25/2025,07/29/2024,0.0,238473.0,0.0,238473.0,0.0,635245.44,PUNNRG8Y1Y25,MERAKI COMMUNICATIONS GROUP LLC,,8EP85,6722 W WAKEFIELD DR,APT C1,ALEXANDRIA,VA,223076756,USA,UNITED STATES,(571) 217-9323,,VIRGINIA 11,R499,SUPPORT- PROFESSIONAL: OTHER,541611.0,ADMINISTRATIVE MANAGEMENT AND GENERAL MANAGEMENT CONSULTING SERVICES,VA,,USA,FAIRFAX,ALEXANDRIA,,22307,6756.0,,2025-04-04-0017
36C10X24C0039,Department of Veterans Affairs,"SNOWBIRD AGILITY, INC.",4957235.0,LEAN-AGILE COACHING AND IMPLEMENTATION PROGRAM,TERMINATED,https://www.fpds.gov/ezsearch/jsp/viewLinkController.jsp?agencyID=3600&PIID=36C10X24C0039&modNumber=P00002&idvAgencyID=&idvPIID=&contractType=AWARD,3/5/2025,1153605.0,3600,36C10X24C0039,P00002,,,,03/04/2025,09/30/2024,02/25/2025,02/25/2025,08/12/2024,0.0,3803630.41,0.0,3803630.41,0.0,4957234.93,PRDBBZ21S313,"SNOWBIRD AGILITY, INC.",,8LP06,104 TECH PARK DR STE 028,,CAMBRIDGE,MD,216133594,USA,UNITED STATES,(951) 805-8229,,MARYLAND 01,R408,SUPPORT- PROFESSIONAL: PROGRAM MANAGEMENT/SUPPORT,541611.0,ADMINISTRATIVE MANAGEMENT AND GENERAL MANAGEMENT CONSULTING SERVICES,MD,,USA,DORCHESTER,CAMBRIDGE,,21613,2257.0,,2025-04-04-0017
36C10X20P0073,Department of Veterans Affairs,"GREEN-GATE TECHNOLOGY, INC",4927987.0,VAAA PROGRAM MANAGEMENT SCHOOL AND FACILITIES MANAGEMENT SCHOOL CURRICULUM DEVELOPMENT AND ASSESSMENT.,TERMINATED,https://www.fpds.gov/ezsearch/jsp/viewLinkController.jsp?agencyID=3600&PIID=36C10X20P0073&modNumber=P00012&idvAgencyID=&idvPIID=&contractType=AWARD,3/5/2025,1082431.0,3600,36C10X20P0073,P00012,,,,02/25/2025,06/08/2020,02/25/2025,02/25/2025,05/26/2020,0.0,3845556.23,0.0,3846806.23,0.0,4927986.73,XMS7U6498UJ1,"GREEN-GATE TECHNOLOGY, INC",,799R8,"309 YOAKUM PARKWAY, #1618",,ALEXANDRIA,VA,223043909,USA,UNITED STATES,(703) 967-9697,,VIRGINIA 02,U008,EDUCATION/TRAINING- TRAINING/CURRICULUM DEVELOPMENT,541611.0,ADMINISTRATIVE MANAGEMENT AND GENERAL MANAGEMENT CONSULTING SERVICES,MD,,USA,FREDERICK,FREDERICK,,21703,1300.0,,2025-04-04-0017
36C10X22N0176,Department of Veterans Affairs,OMNI CONSULTING SOLUTIONS LLC,2236591.0,NATIONAL CEMETERY ADMINISTRATION BUSINESS TRANSFORMATION AND REQUIREMENTS SERVICEPROGRAM SUPPORT SERVICES.,TERMINATED,https://www.fpds.gov/ezsearch/jsp/viewLinkController.jsp?agencyID=3600&PIID=36C10X22N0176&modNumber=P00009&idvAgencyID=&idvPIID=VA119A17D0147&contractType=AWARD,3/5/2025,942385.0,3600,36C10X22N0176,P00009,3600,VA119A17D0147,0,03/04/2025,09/23/2022,02/25/2025,02/25/2025,08/19/2022,0.0,1294205.42,0.0,1294205.42,0.0,2236590.56,Y4PCM34SMQV5,OMNI CONSULTING SOLUTIONS LLC,,6L2Y0,620 WHITING ST,,EL SEGUNDO,CA,902452948,USA,UNITED STATES,(323) 207-5791,(310) 322-9218,CALIFORNIA 36,R499,SUPPORT- PROFESSIONAL: OTHER,541611.0,ADMINISTRATIVE MANAGEMENT AND GENERAL MANAGEMENT CONSULTING SERVICES,CA,,USA,LOS ANGELES,EL SEGUNDO,,90245,2948.0,,2025-04-04-0017
36C10X24N0201,Department of Veterans Affairs,DYNAMIC INTEGRATED SERVICES LLC,5052580.0,VHA NATIONAL CENTER FOR POSTTRAUMATIC STRESS DISORDER (NCPTSD)OUTREACH AND MARKETING,TERMINATED,https://www.fpds.gov/ezsearch/jsp/viewLinkController.jsp?agencyID=3600&PIID=36C10X24N0201&modNumber=P00001&idvAgencyID=&idvPIID=36C10X23D0015&contractType=AWARD,3/5/2025,4141243.0,3600,36C10X24N0201,P00001,3600,36C10X23D0015,0,02/25/2025,09/26/2024,02/25/2025,02/25/2025,07/17/2024,0.0,911337.89,0.0,911337.89,0.0,5052580.47,LULHX8RK9JC8,DYNAMIC INTEGRATED SERVICES LLC,,6B4P8,3 W GARDEN ST,STE 610,PENSACOLA,FL,325025634,USA,UNITED STATES,(202) 615-2049,(850) 361-3489,FLORIDA 01,R499,SUPPORT- PROFESSIONAL: OTHER,541611.0,ADMINISTRATIVE MANAGEMENT AND GENERAL MANAGEMENT CONSULTING SERVICES,FL,,USA,ESCAMBIA,PENSACOLA,,32502,5641.0,,2025-04-04-0017
36C10X24C0037,Department of Veterans Affairs,"BLUE WATER THINKING,LLC",4826982.0,SUPPLY CHAIN SYSTEMS SUPPORT,TERMINATED,https://www.fpds.gov/ezsearch/jsp/viewLinkController.jsp?agencyID=3600&PIID=36C10X24C0037&modNumber=P00001&idvAgencyID=&idvPIID=&contractType=AWARD,3/5/2025,74525.0,3600,36C10X24C0037,P00001,,,,03/04/2025,09/18/2024,03/04/2025,03/04/2025,08/09/2024,0.0,4752457.04,0.0,4752457.04,0.0,4826982.01,NKCBT3KN6EF3,"BLUE WATER THINKING,LLC","BLUE WATER THINKING, LLC",87RA8,3939 BAYSIDE DR,,EDGEWATER,MD,210374435,USA,UNITED STATES,(703) 472-2152,,MARYLAND 05,R408,SUPPORT- PROFESSIONAL: PROGRAM MANAGEMENT/SUPPORT,541611.0,ADMINISTRATIVE MANAGEMENT AND GENERAL MANAGEMENT CONSULTING SERVICES,DC,,USA,DISTRICT OF COLUMBIA,WASHINGTON,,20420,1.0,,2025-04-04-0017
36C10X24N0236,Department of Veterans Affairs,DYNAMIC INTEGRATED SERVICES LLC,3050629.0,VETERANS HEALTH ADMINISTRATION (VHA)NATIONAL CENTER FOR HEALTHCARE ADVANCEMENT AND PARTNERSHIPSSTRATEGIC COMMUNICATIONS,TERMINATED,https://www.fpds.gov/ezsearch/jsp/viewLinkController.jsp?agencyID=3600&PIID=36C10X24N0236&modNumber=P00001&idvAgencyID=&idvPIID=36C10X23D0015&contractType=AWARD,3/5/2025,2530679.0,3600,36C10X24N0236,P00001,3600,36C10X23D0015,0,03/04/2025,09/30/2024,03/04/2025,03/04/2025,09/09/2024,0.0,519950.65,0.0,519950.65,0.0,3050629.4,LULHX8RK9JC8,DYNAMIC INTEGRATED SERVICES LLC,,6B4P8,3 W GARDEN ST,STE 610,PENSACOLA,FL,325025634,USA,UNITED STATES,(202) 615-2049,(850) 361-3489,FLORIDA 01,R708,SUPPORT- MANAGEMENT: PUBLIC RELATIONS,541611.0,ADMINISTRATIVE MANAGEMENT AND GENERAL MANAGEMENT CONSULTING SERVICES,FL,,USA,ESCAMBIA,PENSACOLA,,32501,2334.0,,2025-04-04-0017
36C10X24N0177,Department of Veterans Affairs,"DURABANTE, LLC",18494910.0,REVISED LCATS TO MEET GOVERNMENT NEEDS (ADMINISTRATIVE MANAGEMENT AND GENERAL MANAGEMENT CONSULTING SERVICES),TERMINATED,https://www.fpds.gov/ezsearch/jsp/viewLinkController.jsp?agencyID=3600&PIID=36C10X24N0177&modNumber=P00005&idvAgencyID=&idvPIID=36C10X18D0008&contractType=AWARD,3/5/2025,15271110.0,3600,36C10X24N0177,P00005,3600,36C10X18D0008,0,03/04/2025,09/16/2024,03/04/2025,03/04/2025,07/02/2024,0.0,3223800.0,0.0,3223800.0,0.0,18494910.37,H4GJM11ML995,"DURABANTE, LLC",,54RA1,913 RIDGE BROOK STE 220,,SPARKS,MD,211529467,USA,UNITED STATES,(888) 678-2694,(443) 498-6024,MARYLAND 01,U008,EDUCATION/TRAINING- TRAINING/CURRICULUM DEVELOPMENT,541611.0,ADMINISTRATIVE MANAGEMENT AND GENERAL MANAGEMENT CONSULTING SERVICES,DC,,USA,DISTRICT OF COLUMBIA,WASHINGTON,,20001,1.0,,2025-04-04-0017
36C10X23N0076,Department of Veterans Affairs,RB MANAGEMENT CONSULTANTS LLC,5098982.0,VHA INTEGRATED HEALTHCARE TRANSFORMATION (IHT) IDIQ CONTRACT- (TOPR) 159 FOLLOW-ON FOLLOW-ON SUPPORT - IMPLEMENTATION OF CLELAND DOLE ACT SECTION 401,TERMINATED,https://www.fpds.gov/ezsearch/jsp/viewLinkController.jsp?agencyID=3600&PIID=36C10X23N0076&modNumber=P00007&idvAgencyID=&idvPIID=36C10X20D0004&contractType=AWARD,3/5/2025,2500000.0,3600,36C10X23N0076,P00007,3600,36C10X20D0004,0,03/04/2025,05/10/2023,03/04/2025,03/04/2025,04/18/2023,0.0,2598982.13,0.0,2598982.13,0.0,5098982.13,HEAKVJCG8MV6,RB MANAGEMENT CONSULTANTS LLC,,7X4V2,2011 CRYSTAL DR STE 400,,ARLINGTON,VA,222023709,USA,UNITED STATES,(240) 444-2511,,VIRGINIA 08,R408,SUPPORT- PROFESSIONAL: PROGRAM MANAGEMENT/SUPPORT,541611.0,ADMINISTRATIVE MANAGEMENT AND GENERAL MANAGEMENT CONSULTING SERVICES,VA,,USA,ARLINGTON,ARLINGTON,,22202,3829.0,,2025-04-04-0017
36C25623P1160,Department of Veterans Affairs,HEALTHCARE QUALITY ASSISTANCE GROUP LLC,192000.0,LONG TERM CARE MOCK SURVEY SERVICE,TERMINATED,https://www.fpds.gov/ezsearch/jsp/viewLinkController.jsp?agencyID=3600&PIID=36C25623P1160&modNumber=P00002&idvAgencyID=&idvPIID=&contractType=AWARD,3/5/2025,144000.0,3600,36C25623P1160,P00002,,,,03/04/2025,08/15/2023,02/24/2025,02/24/2025,05/11/2023,-48000.0,48000.0,-48000.0,48000.0,-48000.0,192000.0,K529N7Q89JF7,HEALTHCARE QUALITY ASSISTANCE GROUP LLC,,488Z5,2721 NW DENVER AVE,,LAWTON,OK,735053942,USA,UNITED STATES,(301) 237-6507,(301) 865-0693,OKLAHOMA 04,R420,SUPPORT- PROFESSIONAL: CERTIFICATIONS AND ACCREDITATIONS (OTHER THAN EDUC OR INFO TECH C&A),541611.0,ADMINISTRATIVE MANAGEMENT AND GENERAL MANAGEMENT CONSULTING SERVICES,LA,,USA,ORLEANS,NEW ORLEANS,,70119,4701.0,,2025-04-04-0017
36C10D22F0018,Department of Veterans Affairs,LE'FANT LLC,119743401.0,VBA OBI MILITARY RECORDS RESEARCH CENTER SUPPORT SERVICES PURCHASE.,TERMINATED,https://www.fpds.gov/ezsearch/jsp/viewLinkController.jsp?agencyID=3600&PIID=36C10D22F0018&modNumber=P00004&idvAgencyID=&idvPIID=47QRAA19D00CK&contractType=AWARD,3/4/2025,108404776.0,3600,36C10D22F0018,P00004,4732,47QRAA19D00CK,PA0005,03/03/2025,09/30/2022,02/25/2025,02/25/2025,08/30/2022,0.0,11338625.3,0.0,11338625.3,0.0,119743400.86,DQEBERL4YHT6,LE'FANT LLC,,7F1A2,18027 DUMFRIES SHOPPING PLZ,STE 1,DUMFRIES,VA,220262685,USA,UNITED STATES,(703) 798-0122,,VIRGINIA 07,R499,SUPPORT- PROFESSIONAL: OTHER,541611.0,ADMINISTRATIVE MANAGEMENT AND GENERAL MANAGEMENT CONSULTING SERVICES,DC,,USA,DISTRICT OF COLUMBIA,WASHINGTON,,20006,1053.0,,2025-04-04-0017
36C10D24F0030,Department of Veterans Affairs,SAG CORPORATION,34370444.0,LGY MISSION SUPPORT SERVICES,TERMINATED,https://www.fpds.gov/ezsearch/jsp/viewLinkController.jsp?agencyID=3600&PIID=36C10D24F0030&modNumber=P00001&idvAgencyID=&idvPIID=47QRAA20D008D&contractType=AWARD,3/4/2025,28266215.0,3600,36C10D24F0030,P00001,4732,47QRAA20D008D,PA0010,02/25/2025,03/21/2024,02/25/2025,02/25/2025,01/02/2024,0.0,6104228.82,0.0,6104228.82,0.0,34370443.68,WEPCNMBW2RW4,SAG CORPORATION,,1BU87,2461 EISENHOWER AVE UNIT 350,,ALEXANDRIA,VA,223144684,USA,UNITED STATES,(703) 864-1911,(703) 916-8343,VIRGINIA 08,R408,SUPPORT- PROFESSIONAL: PROGRAM MANAGEMENT/SUPPORT,541611.0,ADMINISTRATIVE MANAGEMENT AND GENERAL MANAGEMENT CONSULTING SERVICES,DC,,USA,DISTRICT OF COLUMBIA,WASHINGTON,,20060,4.0,,2025-04-04-0017
36C10E20P0271,Department of Veterans Affairs,"GI4, LLC",5244960.0,VBA LGY REGULATORY DRAFTING&IMPACT ANALYSIS SERVICES PURCHASE.,TERMINATED,https://www.fpds.gov/ezsearch/jsp/viewLinkController.jsp?agencyID=3600&PIID=36C10E20P0271&modNumber=P00011&idvAgencyID=&idvPIID=&contractType=AWARD,3/4/2025,0.0,3600,36C10E20P0271,P00011,,,,02/25/2025,09/30/2020,02/25/2025,02/25/2025,08/05/2020,0.0,5244960.41,0.0,5244960.41,0.0,5244960.41,DV8PNH7LGKA8,"GI4, LLC",,7E9Y9,880 HARRISON ST SE STE 020,,LEESBURG,VA,201754032,USA,UNITED STATES,(678) 458-9841,,VIRGINIA 10,R499,SUPPORT- PROFESSIONAL: OTHER,541611.0,ADMINISTRATIVE MANAGEMENT AND GENERAL MANAGEMENT CONSULTING SERVICES,DC,,USA,DISTRICT OF COLUMBIA,WASHINGTON,,20006,1004.0,,2025-04-04-0017
36C10D22F0019,Department of Veterans Affairs,"DYNAMIC INTEGRATED SERVICES, LLC",8722229.0,LGY STAFFING SUPPORT SERVICES,TERMINATED,https://www.fpds.gov/ezsearch/jsp/viewLinkController.jsp?agencyID=3600&PIID=36C10D22F0019&modNumber=P00006&idvAgencyID=&idvPIID=47QRAA18D007Y&contractType=AWARD,3/4/2025,2880805.0,3600,36C10D22F0019,P00006,4732,47QRAA18D007Y,PA0016,02/25/2025,09/30/2022,02/25/2025,02/25/2025,08/19/2022,0.0,5841423.57,0.0,5841423.57,0.0,8722228.51,LULHX8RK9JC8,"DYNAMIC INTEGRATED SERVICES, LLC",,6B4P8,16 W STRONG ST,,PENSACOLA,FL,325013138,USA,UNITED STATES,(202) 615-2049,(850) 361-3489,FLORIDA 01,R699,SUPPORT- ADMINISTRATIVE: OTHER,541611.0,ADMINISTRATIVE MANAGEMENT AND GENERAL MANAGEMENT CONSULTING SERVICES,FL,,USA,ESCAMBIA,PENSACOLA,,32502,4141.0,,2025-04-04-0017
36C10M23C50021,Department of Veterans Affairs,BG CONSULTING SERVICES LLC,2599028.0,POLICY WRITING CONTRACT FOR OMA. NEW IDIQ.,TERMINATED,https://www.fpds.gov/ezsearch/jsp/viewLinkController.jsp?agencyID=3600&PIID=36C10M23C50021&modNumber=P00004&idvAgencyID=&idvPIID=&contractType=AWARD,3/3/2025,1736656.0,3600,36C10M23C50021,P00004,,,,02/28/2025,08/25/2023,02/28/2025,02/28/2025,04/02/2023,-231060.0,862372.0,-231060.0,862372.0,-231060.0,2599028.0,JJU3WFH9A515,BG CONSULTING SERVICES LLC,,6V8N3,14907 MONTELLO WAY,,BRADENTON,FL,342115537,USA,UNITED STATES,(571) 762-6373,(703) 563-6088,FLORIDA 16,R499,SUPPORT- PROFESSIONAL: OTHER,541611.0,ADMINISTRATIVE MANAGEMENT AND GENERAL MANAGEMENT CONSULTING SERVICES,FL,,USA,MANATEE,BRADENTON,,34211,5537.0,,2025-04-04-0017
36C10M22P0042,Department of Veterans Affairs,Partnership for Public Service Inc.,319000.0,LEADERSHIP DEVELOPMENT ENHANCEMENT TRAINING,EXERCISE AN OPTION,https://www.fpds.gov/ezsearch/jsp/viewLinkController.jsp?agencyID=3600&PIID=36C10M22P0042&modNumber=P00003&idvAgencyID=&idvPIID=&contractType=AWARD,2/28/2025,231002.0,3600,36C10M22P0042,P00003,,,,03/26/2024,03/28/2022,03/27/2025,03/27/2027,,29998.0,87998.0,58000.0,116000.0,174000.0,319000.0,ZCCVNJ2LNMC3,"PARTNERSHIP FOR PUBLIC SERVICE, INC.",PARTNERSHIP FOR PUBLIC SERVICE,3V6X8,600 14TH ST NW STE 600,,WASHINGTON,DC,200052028,USA,UNITED STATES,(202) 775-9111,(202) 775-8885, ,R499,SUPPORT- PROFESSIONAL: OTHER,611430.0,PROFESSIONAL AND MANAGEMENT DEVELOPMENT TRAINING,DC,,USA,DISTRICT OF COLUMBIA,WASHINGTON,,20005,2858.0,,2025-04-04-0017
36C10B24F0132,Department of Veterans Affairs,"PATHFINDER CONSULTANTS, LLC",161445.0,FOIA SUPPORT SERVICES,TERMINATED,https://www.fpds.gov/ezsearch/jsp/viewLinkController.jsp?agencyID=3600&PIID=36C10B24F0132&modNumber=P00004&idvAgencyID=&idvPIID=GS10F238AA&contractType=AWARD,2/28/2025,0.0,3600,36C10B24F0132,P00004,4732,GS10F238AA,PW0011,02/27/2025,05/03/2024,02/28/2025,02/28/2025,04/12/2024,-201054.52,161445.4,-201054.52,161445.4,-1823510.64,161445.4,NE7FN362JCH1,"PATHFINDER CONSULTANTS, LLC",,5ZLG0,1936 E BEECH RD,,STERLING,VA,201641934,USA,UNITED STATES,(202) 737-7284,(202) 618-6234,VIRGINIA 10,R499,SUPPORT- PROFESSIONAL: OTHER,541611.0,ADMINISTRATIVE MANAGEMENT AND GENERAL MANAGEMENT CONSULTING SERVICES,DC,,USA,DISTRICT OF COLUMBIA,WASHINGTON,,20420,1.0,,2025-04-04-0017
36C25623C0040,Department of Veterans Affairs,PRESS GANEY ASSOCIATES LLC,103522.0,NATIONAL DATABASE FOR NURSING QUALITY INDICATORS (NDNQI) SUBSCRIPTION(INCLUDES RN SURVEY MAGNET MODULE),TERMINATED,https://www.fpds.gov/ezsearch/jsp/viewLinkController.jsp?agencyID=3600&PIID=36C25623C0040&modNumber=P00003&idvAgencyID=&idvPIID=&contractType=AWARD,2/28/2025,45057.0,3600,36C25623C0040,P00003,,,,02/25/2025,02/17/2023,02/28/2025,02/28/2025,02/10/2023,0.0,58465.22,0.0,58465.22,0.0,103522.39,PTAKRVGUJE53,PRESS GANEY ASSOCIATES LLC,,3DFC7,1173 IGNITION DR,,SOUTH BEND,IN,466012901,USA,UNITED STATES,(800) 232-8032,,INDIANA 02,R401,SUPPORT- PROFESSIONAL: PERSONAL CARE (NON-MEDICAL),541611.0,ADMINISTRATIVE MANAGEMENT AND GENERAL MANAGEMENT CONSULTING SERVICES,TX,,USA,HARRIS,HOUSTON,,77030,1500.0,,2025-04-04-0017
36C26224P1674,Department of Veterans Affairs,Partnership for Public Service Inc.,32000.0,CERS Leadership Training,BASE AWARD,https://www.fpds.gov/ezsearch/jsp/viewLinkController.jsp?agencyID=3600&PIID=36C26224P1674&modNumber=0&idvAgencyID=&idvPIID=&contractType=AWARD,2/28/2025,0.0,3600,36C26224P1674,0,,,,06/28/2024,07/01/2024,06/30/2025,06/30/2025,06/04/2024,32000.0,,32000.0,,32000.0,,ZCCVNJ2LNMC3,PARTNERSHIP FOR PUBLIC SERVICE INC,,3V6X8,600 14TH ST NW,STE 600,WASHINGTON,DC,200052028,USA,UNITED STATES,(202) 775-9111,(202) 775-8885, ,R420,SUPPORT- PROFESSIONAL: CERTIFICATIONS AND ACCREDITATIONS (OTHER THAN EDUC OR INFO TECH C&A),611430.0,PROFESSIONAL AND MANAGEMENT DEVELOPMENT TRAINING,CA,,USA,LOS ANGELES,LOS ANGELES,,90073,1.0,,2025-04-04-0017
36C10D24F0040,Department of Veterans Affairs,Partnership for Public Service Inc.,12900.0,Executive Leadership Program,TERMINATED,https://www.fpds.gov/ezsearch/jsp/viewLinkController.jsp?agencyID=3600&PIID=36C10D24F0040&modNumber=P00001&idvAgencyID=&idvPIID=GS10F0140V&contractType=AWARD,2/28/2025,0.0,3600,36C10D24F0040,P00001,4730,GS10F0140V,PA0046,03/03/2025,04/30/2024,02/24/2025,03/07/2025,04/24/2024,0.0,12900.0,0.0,12900.0,0.0,12900.0,ZCCVNJ2LNMC3,"PARTNERSHIP FOR PUBLIC SERVICE, INC.",,3V6X8,600 14TH ST NW,STE 600,WASHINGTON,DC,200052028,USA,UNITED STATES,(202) 775-9111,(202) 775-8885,DISTRICT OF COLUMBIA 98,U005,EDUCATION/TRAINING- TUITION/REGISTRATION/MEMBERSHIP FEES,541611.0,ADMINISTRATIVE MANAGEMENT AND GENERAL MANAGEMENT CONSULTING SERVICES,OR,,USA,MULTNOMAH,PORTLAND,,97204,3658.0,,2025-04-04-0017
36C25024F0759,Department of Veterans Affairs,Partnership for Public Service Inc.,12900.0,EIG fellowship participation,TERMINATED,https://www.fpds.gov/ezsearch/jsp/viewLinkController.jsp?agencyID=3600&PIID=36C25024F0759&modNumber=P00001&idvAgencyID=&idvPIID=GS10F0140V&contractType=AWARD,2/28/2025,0.0,3600,36C25024F0759,P00001,4730,GS10F0140V,PA0046,03/07/2025,05/01/2024,03/06/2025,03/06/2025,04/29/2024,0.0,12900.0,0.0,12900.0,0.0,12900.0,ZCCVNJ2LNMC3,"PARTNERSHIP FOR PUBLIC SERVICE, INC.",,3V6X8,600 14TH ST NW,STE 600,WASHINGTON,DC,200052028,USA,UNITED STATES,(202) 775-9111,(202) 775-8885,DISTRICT OF COLUMBIA 98,U005,EDUCATION/TRAINING- TUITION/REGISTRATION/MEMBERSHIP FEES,541611.0,ADMINISTRATIVE MANAGEMENT AND GENERAL MANAGEMENT CONSULTING SERVICES,OH,,USA,HAMILTON,CINCINNATI,,45220,2637.0,,2025-04-04-0017
36C24625P0118,Department of Veterans Affairs,Partnership for Public Service Inc.,12900.0,Government in Excellence Leadership Program,BASE AWARD,https://www.fpds.gov/ezsearch/jsp/viewLinkController.jsp?agencyID=3600&PIID=36C24625P0118&modNumber=0&idvAgencyID=&idvPIID=&contractType=AWARD,2/28/2025,0.0,3600,36C24625P0118,0,,,,10/11/2024,10/11/2024,08/31/2025,08/31/2025,10/10/2024,12900.0,,12900.0,,12900.0,,ZCCVNJ2LNMC3,PARTNERSHIP FOR PUBLIC SERVICE INC,,3V6X8,600 14TH ST NW,STE 600,WASHINGTON,DC,200052028,USA,UNITED STATES,(202) 775-9111,(202) 775-8885, ,U005,EDUCATION/TRAINING- TUITION/REGISTRATION/MEMBERSHIP FEES,611430.0,PROFESSIONAL AND MANAGEMENT DEVELOPMENT TRAINING,VA,,USA,HAMPTON CITY,HAMPTON,,23667,9900.0,,2025-04-04-0017
36C10X23N0005,Department of Veterans Affairs,"APTIVE HTG, LLC",144879477.0,"VHA INTEGRATED HEALTHCARE TRANSFORMATION (IHT) IDIQ CONTRACT- TASK ORDER W/ BASE AND 4 OPTION YEARS FOR SUPPORT TO POLICY, REGULATION, APPEALS, AND FORM BUSINESS LINES IN THE VHA OFFICE OF REGULATIONS, APPEALS, AND POLICY.",TERMINATED,https://www.fpds.gov/ezsearch/jsp/viewLinkController.jsp?agencyID=3600&PIID=36C10X23N0005&modNumber=P00005&idvAgencyID=&idvPIID=36C10X20D0002&contractType=AWARD,2/27/2025,131289705.0,3600,36C10X23N0005,P00005,3600,36C10X20D0002,0,01/21/2025,11/30/2022,11/29/2024,11/29/2027,07/13/2022,-120.99,13589771.31,-120.99,13589771.31,-120.99,144879476.67,L2LMMGFF12A3,"APTIVE HTG, LLC",,8A9S8,421 KING ST STE 200,,ALEXANDRIA,VA,223143121,USA,UNITED STATES,(703) 598-0697,,VIRGINIA 08,R406,SUPPORT- PROFESSIONAL: POLICY REVIEW/DEVELOPMENT,541611.0,ADMINISTRATIVE MANAGEMENT AND GENERAL MANAGEMENT CONSULTING SERVICES,VA,,USA,ALEXANDRIA CITY,ALEXANDRIA,,22314,3121.0,,2025-04-04-0017
36C10X20F0033,Department of Veterans Affairs,"ENTERPRISE RESOURCE PERFORMANCE, INC.",84868937.0,MULTI-CHANNEL TECHNOLOGIES (MCT) PROGRAM MANAGEMENT SUPPORT SERVICES (PMSS),TERMINATED,https://www.fpds.gov/ezsearch/jsp/viewLinkController.jsp?agencyID=3600&PIID=36C10X20F0033&modNumber=P00012&idvAgencyID=&idvPIID=47QRAA19D0073&contractType=AWARD,2/27/2025,638788.0,3600,36C10X20F0033,P00012,4732,47QRAA19D0073,PA0009,03/04/2025,07/01/2020,03/04/2025,03/04/2025,03/05/2020,0.0,84230149.31,0.0,84230149.31,0.0,84868936.83,N5FAKJH4DHA4,"ENTERPRISE RESOURCE PERFORMANCE, INC.",,1XSQ8,2751 PROSPERITY AVE STE 410,,FAIRFAX,VA,220314370,USA,UNITED STATES,(301) 535-2400,(703) 712-8712,VIRGINIA 11,R408,SUPPORT- PROFESSIONAL: PROGRAM MANAGEMENT/SUPPORT,541611.0,ADMINISTRATIVE MANAGEMENT AND GENERAL MANAGEMENT CONSULTING SERVICES,DC,,USA,DISTRICT OF COLUMBIA,WASHINGTON,,20001,4.0,,2025-04-04-0017
36C77624N0540,Department of Veterans Affairs,"THE CRADDOCK GROUP, LLC",1904235.0,CAPITAL INVESTMENT OPTIONS IDIQ INDIANAPOLIS FEASIBILITY STUDY TASK ORDER,TERMINATED,https://www.fpds.gov/ezsearch/jsp/viewLinkController.jsp?agencyID=3600&PIID=36C77624N0540&modNumber=P00001&idvAgencyID=&idvPIID=36C77624D0004&contractType=AWARD,2/27/2025,0.0,3600,36C77624N0540,P00001,3600,36C77624D0004,0,02/25/2025,05/23/2024,02/25/2025,02/25/2025,03/29/2024,0.0,1904234.99,0.0,1904234.99,0.0,1904234.99,DVFKRULPER77,"THE CRADDOCK GROUP, LLC",,5VKS1,3033 WILSON BLVD STE 700,,ARLINGTON,VA,222013868,USA,UNITED STATES,(703) 472-1620,(888) 426-6534,VIRGINIA 08,R799,SUPPORT- MANAGEMENT: OTHER,541611.0,ADMINISTRATIVE MANAGEMENT AND GENERAL MANAGEMENT CONSULTING SERVICES,VA,,USA,ARLINGTON,ARLINGTON,,22201,3868.0,,2025-04-04-0017
36E77620C0034,Department of Veterans Affairs,ALARES LLC,159000.0,MONTEREY ENHANCED USE LEASE EUL,TERMINATED,https://www.fpds.gov/ezsearch/jsp/viewLinkController.jsp?agencyID=3600&PIID=36E77620C0034&modNumber=P00002&idvAgencyID=&idvPIID=&contractType=AWARD,2/27/2025,0.0,3600,36E77620C0034,P00002,,,,02/25/2025,03/05/2020,02/25/2025,02/25/2025,,0.0,159000.0,0.0,159000.0,0.0,159000.0,LNBMVMPS1JA4,ALARES LLC,,4X3Q1,248 COPELAND ST,,QUINCY,MA,021694005,USA,UNITED STATES,(617) 481-6390,(617) 687-5555,MASSACHUSETTS 08,R799,SUPPORT- MANAGEMENT: OTHER,541611.0,ADMINISTRATIVE MANAGEMENT AND GENERAL MANAGEMENT CONSULTING SERVICES,MA,,USA,NORFOLK,QUINCY,,02169,4005.0,,2025-04-04-0017
36E77620C0061,Department of Veterans Affairs,FORT HILL COMPANIES LLC,140060.0,"IMPLEMENT THE VA EXTENDED USE LEASE PROGRAM TO ENABLE THE DEPARTMENT TO FORMULATE, EVALUATE, AND EXECUTE AN EUL PROJECT AT THE VA MEDICAL CENTER IN WACO TX.",TERMINATED,https://www.fpds.gov/ezsearch/jsp/viewLinkController.jsp?agencyID=3600&PIID=36E77620C0061&modNumber=P00001&idvAgencyID=&idvPIID=&contractType=AWARD,2/27/2025,0.0,3600,36E77620C0061,P00001,,,,02/25/2025,06/10/2020,02/25/2025,02/25/2025,,0.0,140060.0,0.0,140060.0,0.0,140060.0,YJ1XAAM7JMF6,FORT HILL COMPANIES LLC,,5CZG9,248 COPELAND ST,,QUINCY,MA,021694005,USA,UNITED STATES,(877) 305-4163,(877) 233-9719,MASSACHUSETTS 03,R799,SUPPORT- MANAGEMENT: OTHER,541611.0,ADMINISTRATIVE MANAGEMENT AND GENERAL MANAGEMENT CONSULTING SERVICES,MA,,USA,NORFOLK,QUINCY,,02169,4005.0,,2025-04-04-0017
36C10X23F0089,Department of Veterans Affairs,"CRUX FIRM LLC, THE",48851800.0,BPA ORDER,TERMINATED,https://www.fpds.gov/ezsearch/jsp/viewLinkController.jsp?agencyID=3600&PIID=36C10X23F0089&modNumber=P00004&idvAgencyID=&idvPIID=36C10X23A0023&contractType=AWARD,2/26/2025,28671080.0,3600,36C10X23F0089,P00004,3600,36C10X23A0023,P00001,02/25/2025,09/26/2023,02/25/2025,02/25/2025,08/25/2023,0.0,20180720.0,0.0,20180990.0,0.0,48851800.0,YC33X7BL2AN9,"CRUX FIRM LLC, THE",,8C5Q5,1101 PENNSYLVANIA AVE NW,STE 300,WASHINGTON,DC,200042582,USA,UNITED STATES,(812) 219-6292,,DISTRICT OF COLUMBIA 98,U009,EDUCATION/TRAINING- GENERAL,541611.0,ADMINISTRATIVE MANAGEMENT AND GENERAL MANAGEMENT CONSULTING SERVICES,DC,,USA,DISTRICT OF COLUMBIA,WASHINGTON,,20001,1.0,,2025-04-04-0017
36C10F23F0036,Department of Veterans Affairs,REEFPOINT GROUP LLC,41295153.0,"PROGRAM MANAGEMENT SUPPORT SERVICES FOR OCFM 425 I STREET, NW WASHINGTON, DC.",TERMINATED,https://www.fpds.gov/ezsearch/jsp/viewLinkController.jsp?agencyID=3600&PIID=36C10F23F0036&modNumber=P00006&idvAgencyID=&idvPIID=GS10F011BA&contractType=AWARD,2/26/2025,25630156.0,3600,36C10F23F0036,P00006,4732,GS10F011BA,PA0027,02/25/2025,10/07/2023,02/25/2025,02/25/2025,08/22/2023,0.0,15664996.18,0.0,15664996.18,0.0,41295152.54,SJ7DG9KSK4U5,REEFPOINT GROUP LLC,,51D82,2 COMPROMISE ST,,ANNAPOLIS,MD,214011819,USA,UNITED STATES,(443) 871-9191,(443) 458-0180,MARYLAND 03,R408,SUPPORT- PROFESSIONAL: PROGRAM MANAGEMENT/SUPPORT,541611.0,ADMINISTRATIVE MANAGEMENT AND GENERAL MANAGEMENT CONSULTING SERVICES,DC,,USA,DISTRICT OF COLUMBIA,WASHINGTON,,20001,2924.0,,2025-04-04-0017
36C10D24F0089,Department of Veterans Affairs,BLAKE WILLSON GROUP LLC,10623913.0,VBA LGY MORTGAGE MARKET DATA SERVICES PURCHASE,TERMINATED,https://www.fpds.gov/ezsearch/jsp/viewLinkController.jsp?agencyID=3600&PIID=36C10D24F0089&modNumber=P00001&idvAgencyID=&idvPIID=47QRAA18D0063&contractType=AWARD,2/26/2025,8207197.0,3600,36C10D24F0089,P00001,4732,47QRAA18D0063,PA0026,02/25/2025,09/30/2024,02/25/2025,02/25/2025,09/04/2024,0.0,2416715.94,0.0,2416715.94,0.0,10623912.94,XXF1YX4AQXS5,BLAKE WILLSON GROUP LLC,,6XKS4,2311 WILSON BLVD,STE 620,ARLINGTON,VA,222015417,USA,UNITED STATES,(571) 467-0176,(703) 852-3527,VIRGINIA 08,R702,SUPPORT- MANAGEMENT: DATA COLLECTION,541611.0,ADMINISTRATIVE MANAGEMENT AND GENERAL MANAGEMENT CONSULTING SERVICES,DC,,USA,DISTRICT OF COLUMBIA,WASHINGTON,,20006,1053.0,,2025-04-04-0017
36C10X24N0194,Department of Veterans Affairs,DYNAMIC INTEGRATED SERVICES LLC,6394564.0,COMMERCIAL PROFESSIONAL SERVICES STRATEGIC COMMUNICATION PLAN TOPR 0153,TERMINATED,https://www.fpds.gov/ezsearch/jsp/viewLinkController.jsp?agencyID=3600&PIID=36C10X24N0194&modNumber=P00001&idvAgencyID=&idvPIID=36C10X23D0015&contractType=AWARD,2/26/2025,4292369.0,3600,36C10X24N0194,P00001,3600,36C10X23D0015,0,02/25/2025,09/16/2024,02/25/2025,02/25/2025,06/04/2024,0.0,2102195.07,0.0,2102195.07,0.0,6394564.27,LULHX8RK9JC8,DYNAMIC INTEGRATED SERVICES LLC,,6B4P8,3 W GARDEN ST,STE 610,PENSACOLA,FL,325025634,USA,UNITED STATES,(202) 615-2049,(850) 361-3489,FLORIDA 01,R422,SUPPORT- PROFESSIONAL: MARKET RESEARCH/PUBLIC OPINION,541611.0,ADMINISTRATIVE MANAGEMENT AND GENERAL MANAGEMENT CONSULTING SERVICES,FL,,USA,ESCAMBIA,PENSACOLA,,32502,5634.0,,2025-04-04-0017
36C10X23N0143,Department of Veterans Affairs,"ADVANCED MANAGEMENT STRATEGIES GROUP, INC.",4962041.0,THE PURPOSE OF THIS TASK ORDER IS TO PROVIDE SUPPORT TO ILEAD EFFORTS TO FULLY ACHIEVE THE THREE IDENTIFIED OUTCOME GOALS CONTAINED WITHIN THE TRAINING ACTION PLAN IN ORDER TO FULLY MEET GAO CRITERIA FOR REMOVAL FROM THE GAO HIGH RISK LIST,TERMINATED,https://www.fpds.gov/ezsearch/jsp/viewLinkController.jsp?agencyID=3600&PIID=36C10X23N0143&modNumber=P00004&idvAgencyID=&idvPIID=VA119A17D0146&contractType=AWARD,2/26/2025,2591173.0,3600,36C10X23N0143,P00004,3600,VA119A17D0146,0,02/25/2025,09/28/2023,02/25/2025,02/25/2025,08/25/2023,0.0,2370867.49,0.0,2370867.49,0.0,4962040.89,D72GB943Q923,"ADVANCED MANAGEMENT STRATEGIES GROUP, INC.",AMSG,551W8,3800 FETTLER PARK DR STE 103,,DUMFRIES,VA,220252043,USA,UNITED STATES,(571) 931-0435,(866) 882-2297,VIRGINIA 07,U009,EDUCATION/TRAINING- GENERAL,541611.0,ADMINISTRATIVE MANAGEMENT AND GENERAL MANAGEMENT CONSULTING SERVICES,DC,,USA,DISTRICT OF COLUMBIA,WASHINGTON,,20001,1.0,,2025-04-04-0017
36C77624N0371,Department of Veterans Affairs,RILEY MCGUIRE PARTNERS LLC,2299728.0,INITIAL TASK ORDER PROVIDING POST TRANSACTION SUPPORT FOR THIS IDIQ,TERMINATED,https://www.fpds.gov/ezsearch/jsp/viewLinkController.jsp?agencyID=3600&PIID=36C77624N0371&modNumber=P00001&idvAgencyID=&idvPIID=36C77624D0003&contractType=AWARD,2/26/2025,0.0,3600,36C77624N0371,P00001,3600,36C77624D0003,0,02/25/2025,04/17/2024,02/25/2025,02/25/2025,01/31/2024,0.0,2299727.67,0.0,2299727.67,0.0,2299727.67,LQGBKZTF81H3,RILEY MCGUIRE PARTNERS LLC,,7QNY4,2707 TUCKER RD,STE 102,LOUISVILLE,KY,402992952,USA,UNITED STATES,(502) 230-9986,,KENTUCKY 03,R799,SUPPORT- MANAGEMENT: OTHER,541611.0,ADMINISTRATIVE MANAGEMENT AND GENERAL MANAGEMENT CONSULTING SERVICES,KY,,USA,JEFFERSON,LOUISVILLE,,40299,2952.0,,2025-04-04-0017
36C77624N0837,Department of Veterans Affairs,TAURIAN CONSULTING LLC,1115088.0,"INDEFINITE DELIVER INDEFINITE QUANTITY ENERGY, ENVIRONMENT, AND FLEET PROGRAM SERVICE",TERMINATED,https://www.fpds.gov/ezsearch/jsp/viewLinkController.jsp?agencyID=3600&PIID=36C77624N0837&modNumber=P00001&idvAgencyID=&idvPIID=36C77622D0027&contractType=AWARD,2/26/2025,0.0,3600,36C77624N0837,P00001,3600,36C77622D0027,0,02/25/2025,09/25/2024,02/25/2025,02/25/2025,08/22/2024,0.0,1115087.74,0.0,1115087.74,0.0,1115087.74,C3NWEVDNHTA5,TAURIAN CONSULTING LLC,,8ZPN4,612 THIRD ST STE 3A,,ANNAPOLIS,MD,214033246,USA,UNITED STATES,(202) 262-5706,,MARYLAND 03,R799,SUPPORT- MANAGEMENT: OTHER,541611.0,ADMINISTRATIVE MANAGEMENT AND GENERAL MANAGEMENT CONSULTING SERVICES,MD,,USA,ANNE ARUNDEL,ANNAPOLIS,,21403,3246.0,,2025-04-04-0017
36C77624N0781,Department of Veterans Affairs,"KILDA GROUP, LLC",971969.0,INDEFINITE DELIVERY INDEFINITE QUANTITY MANAGEMENT OF ENTERPRISE-WIDE LEASE PORTFOLIO OF GSA DELEGATION PROCESS,TERMINATED,https://www.fpds.gov/ezsearch/jsp/viewLinkController.jsp?agencyID=3600&PIID=36C77624N0781&modNumber=P00001&idvAgencyID=&idvPIID=36C77623D0006&contractType=AWARD,2/26/2025,0.0,3600,36C77624N0781,P00001,3600,36C77623D0006,0,02/25/2025,08/30/2024,02/25/2025,02/25/2025,08/16/2024,0.0,971968.79,0.0,971968.79,0.0,971968.79,LDB4MTDVB8K6,"KILDA GROUP, LLC",KILDA GROUP LLC,1YZS6,479 JUMPERS HOLE RD,STE 204,SEVERNA PARK,MD,211461729,USA,UNITED STATES,(410) 320-0078,(410) 263-0256,MARYLAND 03,R799,SUPPORT- MANAGEMENT: OTHER,541611.0,ADMINISTRATIVE MANAGEMENT AND GENERAL MANAGEMENT CONSULTING SERVICES,MD,,USA,ANNE ARUNDEL,SEVERNA PARK,,21146,1729.0,,2025-04-04-0017
36C10X23N0141,Department of Veterans Affairs,RB MANAGEMENT CONSULTANTS LLC,836150.0,VHA INTEGRATED HEALTHCARE TRANSFORMATION (IHT) IDIQ CONTRACT- MODIFICATION TO ADD FAR CLAUSE 52.204-27.,TERMINATED,https://www.fpds.gov/ezsearch/jsp/viewLinkController.jsp?agencyID=3600&PIID=36C10X23N0141&modNumber=P00002&idvAgencyID=&idvPIID=36C10X20D0004&contractType=AWARD,2/26/2025,494319.0,3600,36C10X23N0141,P00002,3600,36C10X20D0004,0,02/25/2025,09/22/2023,02/25/2025,02/25/2025,07/28/2023,0.0,341831.11,0.0,341831.11,0.0,836150.41,HEAKVJCG8MV6,RB MANAGEMENT CONSULTANTS LLC,,7X4V2,2011 CRYSTAL DR STE 400,,ARLINGTON,VA,222023709,USA,UNITED STATES,(240) 444-2511,,VIRGINIA 08,R408,SUPPORT- PROFESSIONAL: PROGRAM MANAGEMENT/SUPPORT,541611.0,ADMINISTRATIVE MANAGEMENT AND GENERAL MANAGEMENT CONSULTING SERVICES,VA,,USA,ARLINGTON,ARLINGTON,,22209,3709.0,,2025-04-04-0017
36C10X23C0064,Department of Veterans Affairs,ZUBER CONSULTING,820910.0,"PROGRAMMING, DEVELOPMENT, DELIVERY, & SUPPORT OF THE INET ACCELERATOR PROGRAM",TERMINATED,https://www.fpds.gov/ezsearch/jsp/viewLinkController.jsp?agencyID=3600&PIID=36C10X23C0064&modNumber=P00003&idvAgencyID=&idvPIID=&contractType=AWARD,2/26/2025,0.0,3600,36C10X23C0064,P00003,,,,02/25/2025,09/29/2023,02/25/2025,02/25/2025,09/18/2023,0.0,820910.0,0.0,820910.0,0.0,820910.0,RGSWB1KTCQ74,ZUBER CONSULTING,,8TEB1,5660 BIG CANON DR,,GREENWOOD VILLAGE,CO,801113512,USA,UNITED STATES,(212) 537-0132,,COLORADO 06,R410,SUPPORT- PROFESSIONAL: PROGRAM EVALUATION/REVIEW/DEVELOPMENT,541611.0,ADMINISTRATIVE MANAGEMENT AND GENERAL MANAGEMENT CONSULTING SERVICES,CO,,USA,ARAPAHOE,GREENWOOD VILLAGE,,80111,3512.0,,2025-04-04-0017
36C77625P0008,Department of Veterans Affairs,"THE CRADDOCK GROUP, LLC",699991.0,SUPPORT EUL PROGRAM BY PROVIDING REAL PROPERTY MARKET AND FINANCIAL ANALYSIS THROUGH EXPERTISE IN STRATEGIC TECHNICAL SUPPORT IMPLEMENTATION MANAGEMENT,TERMINATED,https://www.fpds.gov/ezsearch/jsp/viewLinkController.jsp?agencyID=3600&PIID=36C77625P0008&modNumber=P00001&idvAgencyID=&idvPIID=&contractType=AWARD,2/26/2025,0.0,3600,36C77625P0008,P00001,,,,02/25/2025,11/19/2024,02/25/2025,02/25/2025,08/28/2024,0.0,699991.36,0.0,699991.36,0.0,699991.36,DVFKRULPER77,"THE CRADDOCK GROUP, LLC","THE CRADDOCK GROUP, LLC",5VKS1,3033 WILSON BLVD STE 700,,ARLINGTON,VA,222013868,USA,UNITED STATES,(703) 472-1620,(888) 426-6534,VIRGINIA 08,R799,SUPPORT- MANAGEMENT: OTHER,541611.0,ADMINISTRATIVE MANAGEMENT AND GENERAL MANAGEMENT CONSULTING SERVICES,VA,,USA,ARLINGTON,ARLINGTON,,22201,3868.0,,2025-04-04-0017
36C77624N0823,Department of Veterans Affairs,TAURIAN CONSULTING LLC,319658.0,"INDEFINITE DELIVER INDEFINITE QUANTITY ENERGY, ENVIRONMENT, AND FLEET PROGRAM SERVICE",TERMINATED,https://www.fpds.gov/ezsearch/jsp/viewLinkController.jsp?agencyID=3600&PIID=36C77624N0823&modNumber=P00001&idvAgencyID=&idvPIID=36C77622D0027&contractType=AWARD,2/26/2025,0.0,3600,36C77624N0823,P00001,3600,36C77622D0027,0,02/25/2025,09/25/2024,02/25/2025,02/25/2025,08/15/2024,0.0,319657.8,0.0,319657.8,0.0,319657.8,C3NWEVDNHTA5,TAURIAN CONSULTING LLC,,8ZPN4,612 THIRD ST STE 3A,,ANNAPOLIS,MD,214033246,USA,UNITED STATES,(202) 262-5706,,MARYLAND 03,R799,SUPPORT- MANAGEMENT: OTHER,541611.0,ADMINISTRATIVE MANAGEMENT AND GENERAL MANAGEMENT CONSULTING SERVICES,MD,,USA,ANNE ARUNDEL,ANNAPOLIS,,21403,3246.0,,2025-04-04-0017
36C77624P0039,Department of Veterans Affairs,ALARES LLC,280646.0,MILWAUKEE EXTENDED USE LEASE DUE DILIGENCE SUPPORT FOR PLANNED DEVELOPMENT ON VA PROPERTY.,TERMINATED,https://www.fpds.gov/ezsearch/jsp/viewLinkController.jsp?agencyID=3600&PIID=36C77624P0039&modNumber=P00001&idvAgencyID=&idvPIID=&contractType=AWARD,2/26/2025,0.0,3600,36C77624P0039,P00001,,,,02/25/2025,04/16/2024,02/25/2025,02/25/2025,02/21/2024,0.0,280646.0,0.0,280646.0,0.0,280646.0,LNBMVMPS1JA4,ALARES LLC,ALARES LLC,4X3Q1,248 COPELAND ST,,QUINCY,MA,021694005,USA,UNITED STATES,(617) 481-6390,(617) 687-5555,MASSACHUSETTS 08,R799,SUPPORT- MANAGEMENT: OTHER,541611.0,ADMINISTRATIVE MANAGEMENT AND GENERAL MANAGEMENT CONSULTING SERVICES,MA,,USA,NORFOLK,QUINCY,,02169,4005.0,,2025-04-04-0017
36C77625P0003,Department of Veterans Affairs,"AWEN SOLUTIONS GROUP, LLC",272033.0,PROVIDE DUE DILIGENCE PROJECT SUPPORT FOR STOCKTON EXTENDED USE LEASE.,TERMINATED,https://www.fpds.gov/ezsearch/jsp/viewLinkController.jsp?agencyID=3600&PIID=36C77625P0003&modNumber=P00001&idvAgencyID=&idvPIID=&contractType=AWARD,2/26/2025,0.0,3600,36C77625P0003,P00001,,,,02/25/2025,10/30/2024,02/25/2025,02/25/2025,07/29/2024,0.0,272033.02,0.0,272033.02,0.0,272033.02,GQ11FK9GNNN1,"AWEN SOLUTIONS GROUP, LLC","AWEN SOLUTIONS GROUP, LLC",85SR0,4196 MERCHANT PLZ STE 711,,WOODBRIDGE,VA,221925085,USA,UNITED STATES,(571) 969-7041,,VIRGINIA 07,R799,SUPPORT- MANAGEMENT: OTHER,541611.0,ADMINISTRATIVE MANAGEMENT AND GENERAL MANAGEMENT CONSULTING SERVICES,VA,,USA,PRINCE WILLIAM,WOODBRIDGE,,22192,5085.0,,2025-04-04-0017
36C77624N0294,Department of Veterans Affairs,TAURIAN CONSULTING LLC,248943.0,"DEVELOP A HANDBOOK TO SUPPORT IMPLEMENTATION OF DIRECTIVE 0055, VA ENERGY AND WATER MANAGEMENT PROGRAM",TERMINATED,https://www.fpds.gov/ezsearch/jsp/viewLinkController.jsp?agencyID=3600&PIID=36C77624N0294&modNumber=P00001&idvAgencyID=&idvPIID=36C77622D0027&contractType=AWARD,2/26/2025,0.0,3600,36C77624N0294,P00001,3600,36C77622D0027,0,02/25/2025,03/13/2024,02/25/2025,02/25/2025,02/15/2024,0.0,248943.38,0.0,248943.38,0.0,248943.38,C3NWEVDNHTA5,TAURIAN CONSULTING LLC,,8ZPN4,612 THIRD ST STE 3A,,ANNAPOLIS,MD,214033246,USA,UNITED STATES,(202) 262-5706,,MARYLAND 03,R799,SUPPORT- MANAGEMENT: OTHER,541611.0,ADMINISTRATIVE MANAGEMENT AND GENERAL MANAGEMENT CONSULTING SERVICES,MD,,USA,ANNE ARUNDEL,ANNAPOLIS,,21403,3246.0,,2025-04-04-0017
36C77624P0021,Department of Veterans Affairs,ALARES LLC,244710.0,SUPPORT FOR BROCKTON EXTENDED USE LEASE DEVELOPMENT,TERMINATED,https://www.fpds.gov/ezsearch/jsp/viewLinkController.jsp?agencyID=3600&PIID=36C77624P0021&modNumber=P00001&idvAgencyID=&idvPIID=&contractType=AWARD,2/26/2025,0.0,3600,36C77624P0021,P00001,,,,02/25/2025,02/21/2024,02/25/2025,02/25/2025,12/12/2023,0.0,244710.0,0.0,244710.0,0.0,244710.0,LNBMVMPS1JA4,ALARES LLC,ALARES LLC,4X3Q1,248 COPELAND ST,,QUINCY,MA,021694005,USA,UNITED STATES,(617) 481-6390,(617) 687-5555,MASSACHUSETTS 08,R799,SUPPORT- MANAGEMENT: OTHER,541611.0,ADMINISTRATIVE MANAGEMENT AND GENERAL MANAGEMENT CONSULTING SERVICES,MA,,USA,NORFOLK,QUINCY,,02169,4005.0,,2025-04-04-0017
36C77624P0068,Department of Veterans Affairs,"MABBETT & ASSOCIATES, INC.",178250.0,EXTENDED USE LEASE DEVELOPMENT SUPPORT AT PERRY POINT,TERMINATED,https://www.fpds.gov/ezsearch/jsp/viewLinkController.jsp?agencyID=3600&PIID=36C77624P0068&modNumber=P00001&idvAgencyID=&idvPIID=&contractType=AWARD,2/26/2025,0.0,3600,36C77624P0068,P00001,,,,02/25/2025,07/19/2024,02/25/2025,02/25/2025,05/17/2024,0.0,178250.01,0.0,178250.01,0.0,178250.01,JACMATCH87S5,"MABBETT & ASSOCIATES, INC.",MABBETT & ASSOCIATES INC,361J7,105 CENTRAL ST,STE 4100,STONEHAM,MA,021801260,USA,UNITED STATES,(781) 275-6050,(781) 275-3137,MASSACHUSETTS 05,R799,SUPPORT- MANAGEMENT: OTHER,541611.0,ADMINISTRATIVE MANAGEMENT AND GENERAL MANAGEMENT CONSULTING SERVICES,MA,,USA,MIDDLESEX,STONEHAM,,02180,1260.0,,2025-04-04-0017
36C77625N0046,Department of Veterans Affairs,"KILDA GROUP, LLC",150620.0,INDEFINITE DELIVERY INDEFINITE QUANTITY TASK ORDER TO PROVIDE A DATA QUALITY PLAN.,TERMINATED,https://www.fpds.gov/ezsearch/jsp/viewLinkController.jsp?agencyID=3600&PIID=36C77625N0046&modNumber=P00001&idvAgencyID=&idvPIID=36C77623D0006&contractType=AWARD,2/26/2025,0.0,3600,36C77625N0046,P00001,3600,36C77623D0006,0,02/25/2025,11/25/2024,02/25/2025,02/25/2025,10/31/2024,0.0,150620.4,0.0,150620.4,0.0,150620.4,LDB4MTDVB8K6,"KILDA GROUP, LLC",KILDA GROUP LLC,1YZS6,479 JUMPERS HOLE RD,STE 204,SEVERNA PARK,MD,211461729,USA,UNITED STATES,(410) 320-0078,(410) 263-0256,MARYLAND 03,R799,SUPPORT- MANAGEMENT: OTHER,541611.0,ADMINISTRATIVE MANAGEMENT AND GENERAL MANAGEMENT CONSULTING SERVICES,MD,,USA,ANNE ARUNDEL,SEVERNA PARK,,21146,1729.0,,2025-04-04-0017
36C77624N0410,Department of Veterans Affairs,TAURIAN CONSULTING LLC,134717.0,ENABLE VA PLANNING AND ENGINEERING STAFF TO EVALUATE VARIOUS APPROACHES AND TECHNOLOGIES TO FLEET ELECTRIFICATION,TERMINATED,https://www.fpds.gov/ezsearch/jsp/viewLinkController.jsp?agencyID=3600&PIID=36C77624N0410&modNumber=P00001&idvAgencyID=&idvPIID=36C77622D0027&contractType=AWARD,2/26/2025,0.0,3600,36C77624N0410,P00001,3600,36C77622D0027,0,02/25/2025,05/06/2024,02/25/2025,02/25/2025,04/01/2024,0.0,134717.04,0.0,134717.04,0.0,134717.04,C3NWEVDNHTA5,TAURIAN CONSULTING LLC,,8ZPN4,612 THIRD ST STE 3A,,ANNAPOLIS,MD,214033246,USA,UNITED STATES,(202) 262-5706,,MARYLAND 03,R799,SUPPORT- MANAGEMENT: OTHER,541611.0,ADMINISTRATIVE MANAGEMENT AND GENERAL MANAGEMENT CONSULTING SERVICES,MD,,USA,ANNE ARUNDEL,ANNAPOLIS,,21403,3246.0,,2025-04-04-0017
36C10D24F0070,Department of Veterans Affairs,"DYNAMIC INTEGRATED SERVICES, LLC",37513900.0,STRATEGIC COMMUNICATION & CHANGE MANAGEMENT SERVICES,TERMINATED,https://www.fpds.gov/ezsearch/jsp/viewLinkController.jsp?agencyID=3600&PIID=36C10D24F0070&modNumber=P00001&idvAgencyID=&idvPIID=47QRAA18D007Y&contractType=AWARD,2/21/2025,30339278.0,3600,36C10D24F0070,P00001,4732,47QRAA18D007Y,PA0016,02/20/2025,09/30/2024,02/20/2025,02/20/2025,06/27/2024,0.0,7174621.34,0.0,7174621.34,0.0,37513899.52,LULHX8RK9JC8,"DYNAMIC INTEGRATED SERVICES, LLC",,6B4P8,16 W STRONG ST,,PENSACOLA,FL,325013138,USA,UNITED STATES,(202) 615-2049,(850) 361-3489,FLORIDA 01,R499,SUPPORT- PROFESSIONAL: OTHER,541611.0,ADMINISTRATIVE MANAGEMENT AND GENERAL MANAGEMENT CONSULTING SERVICES,DC,,USA,DISTRICT OF COLUMBIA,WASHINGTON,,20006,1053.0,,2025-04-04-0017
36C10D23F0030,Department of Veterans Affairs,"SPREZZATURA MANAGEMENT CONSULTING, LLC",18626583.0,DIGITAL MODERNIZATION ANALYTICAL SUPPORT SERVICES TO,TERMINATED,https://www.fpds.gov/ezsearch/jsp/viewLinkController.jsp?agencyID=3600&PIID=36C10D23F0030&modNumber=P00003&idvAgencyID=&idvPIID=47QRAA19D0008&contractType=AWARD,2/21/2025,11516972.0,3600,36C10D23F0030,P00003,4732,47QRAA19D0008,PA0019,02/20/2025,09/28/2023,02/20/2025,02/20/2025,07/21/2023,0.0,7109611.0,0.0,7109611.0,0.0,18614233.56,YQAFFMK4GGU1,"SPREZZATURA MANAGEMENT CONSULTING, LLC",,5K1R8,6224 NELWAY DR,,MC LEAN,VA,221013140,USA,UNITED STATES,(202) 841-0644,(888) 647-0542,VIRGINIA 08,R408,SUPPORT- PROFESSIONAL: PROGRAM MANAGEMENT/SUPPORT,541611.0,ADMINISTRATIVE MANAGEMENT AND GENERAL MANAGEMENT CONSULTING SERVICES,DC,,USA,DISTRICT OF COLUMBIA,WASHINGTON,,20006,1053.0,,2025-04-04-0017
36C10A23F0061,Department of Veterans Affairs,"Thundercat Technology, LLC",2596325.0,"Exercise Option Period 1 for the continuation of services to include 205,000 LinkedIn Licenses and Support Services",TERMINATED,https://www.fpds.gov/ezsearch/jsp/viewLinkController.jsp?agencyID=3600&PIID=36C10A23F0061&modNumber=P00002&idvAgencyID=&idvPIID=NNG15SD26B&contractType=AWARD,2/20/2025,1363250.0,3600,36C10A23F0061,P00002,8000,NNG15SD26B,2,03/05/2025,05/01/2023,02/20/2025,02/20/2025,03/28/2023,0.0,1233075.0,0.0,1233075.0,0.0,2596325.0,UER4AJLUB8D5,"THUNDERCAT TECHNOLOGY, LLC",,50WM7,1925 ISAAC NEWTON SQ STE 180,,RESTON,VA,201905030,USA,UNITED STATES,(571) 612-3784,(571) 266-3106,VIRGINIA 11,U012,EDUCATION/TRAINING- INFORMATION TECHNOLOGY/TELECOMMUNICATIONS TRAINING,541519.0,OTHER COMPUTER RELATED SERVICES,DC,,USA,DISTRICT OF COLUMBIA,WASHINGTON,,20002,5049.0,,2025-04-04-0017
36C10B24F0046,Department of Veterans Affairs,Architechture Solutions LLC,1087037.0,HCM - LinkedIn Recruiter Corporate Exercise Option Year One,EXERCISE AN OPTION,https://www.fpds.gov/ezsearch/jsp/viewLinkController.jsp?agencyID=3600&PIID=36C10B24F0046&modNumber=P00002&idvAgencyID=&idvPIID=NNG15SD42B&contractType=AWARD,2/20/2025,451447.0,3600,36C10B24F0046,P00002,8000,NNG15SD42B,20,01/02/2025,01/09/2024,01/08/2026,01/08/2027,12/08/2023,431646.6,635589.7,431646.6,635589.7,0.0,1087036.5,HQAJMSZDK666,"ARCHITECHTURE SOLUTIONS, LLC",,7KEA6,11325 RANDOM HILLS RD STE 360,,FAIRFAX,VA,220300972,USA,UNITED STATES,(703) 623-3298,,VIRGINIA 11,DA10,IT AND TELECOM - BUSINESS APPLICATION/APPLICATION DEVELOPMENT SOFTWARE AS A SERVICE,541519.0,OTHER COMPUTER RELATED SERVICES,VA,,USA,FAIRFAX CITY,FAIRFAX,,22030,2514.0,,2025-04-04-0017
36C10X24F0106,Department of Veterans Affairs,PROMETHEUS FEDERAL SERVICES LLC,425299.0,IDEA PROGRAM SUPPORT,TERMINATED,https://www.fpds.gov/ezsearch/jsp/viewLinkController.jsp?agencyID=3600&PIID=36C10X24F0106&modNumber=P00001&idvAgencyID=&idvPIID=47QRAA19D0013&contractType=AWARD,2/20/2025,0.0,3600,36C10X24F0106,P00001,4732,47QRAA19D0013,0,02/18/2025,09/30/2024,01/23/2025,01/23/2025,08/06/2024,-1325627.62,425298.81,-1325627.62,425298.81,-8777632.0,425298.81,G6Y7CGJ7JLU6,PROMETHEUS FEDERAL SERVICES LLC,,7Q144,13846 REMBRANDT WAY,,CHANTILLY,VA,201513255,USA,UNITED STATES,(202) 792-1005,,VIRGINIA 11,R408,SUPPORT- PROFESSIONAL: PROGRAM MANAGEMENT/SUPPORT,541611.0,ADMINISTRATIVE MANAGEMENT AND GENERAL MANAGEMENT CONSULTING SERVICES,VA,,USA,FAIRFAX,CHANTILLY,,20151,3255.0,,2025-04-04-0017
36C10X24F0031,Department of Veterans Affairs,COGNOSANTE LLC,17328041.0,VHA HIGH RELIABILITY ORGANIZATION (HRO) SUPPORT SERVICES BLANKET PURCHASE AGREEMENT: CALL 6 FOR HRO LEADERSHIP TRAINING/COACHING SUPPORT.,TERMINATED,https://www.fpds.gov/ezsearch/jsp/viewLinkController.jsp?agencyID=3600&PIID=36C10X24F0031&modNumber=P00005&idvAgencyID=&idvPIID=36C10X19A0027&contractType=AWARD,2/18/2025,136672.0,3600,36C10X24F0031,P00005,3600,36C10X19A0027,P00008,02/13/2025,09/29/2024,02/13/2025,02/13/2025,02/01/2024,0.0,17191369.0,0.0,17191369.61,0.0,17328040.61,DKP2F2S75GG5,COGNOSANTE LLC,,3G7K2,3110 FAIRVIEW PARK DR STE 800,,FALLS CHURCH,VA,220424552,USA,UNITED STATES,(480) 481-5914,(480) 423-8108,VIRGINIA 08,R410,SUPPORT- PROFESSIONAL: PROGRAM EVALUATION/REVIEW/DEVELOPMENT,541611.0,ADMINISTRATIVE MANAGEMENT AND GENERAL MANAGEMENT CONSULTING SERVICES,VA,,USA,FAIRFAX,FALLS CHURCH,,22042,2730.0,,2025-04-04-0017
36C10X23N0126,Department of Veterans Affairs,"MANAGEMENT SUPPORT TECHNOLOGY, INCORPORATED",10222790.0,PROFESSIONAL PROGRAM MANAGEMENT AND BUSINESS PROCESS ANALYSIS SUPPORT RELATED SERVICES,TERMINATED,https://www.fpds.gov/ezsearch/jsp/viewLinkController.jsp?agencyID=3600&PIID=36C10X23N0126&modNumber=P00006&idvAgencyID=&idvPIID=VA119A17D0121&contractType=AWARD,2/18/2025,7047284.0,3600,36C10X23N0126,P00006,3600,VA119A17D0121,0,02/13/2025,08/14/2023,02/13/2025,02/13/2026,07/05/2023,0.0,3175506.0,0.0,6512820.08,0.0,10222790.4,DJPFLNM698S6,"MANAGEMENT SUPPORT TECHNOLOGY, INCORPORATED",M S T I,02FD2,3701 PENDER DR STE 505,,FAIRFAX,VA,220307471,USA,UNITED STATES,(703) 385-5841,(703) 385-5843,VIRGINIA 11,R410,SUPPORT- PROFESSIONAL: PROGRAM EVALUATION/REVIEW/DEVELOPMENT,541611.0,ADMINISTRATIVE MANAGEMENT AND GENERAL MANAGEMENT CONSULTING SERVICES,MD,,USA,FREDERICK,FREDERICK,,21702,6440.0,,2025-04-04-0017
36C10B25F0054,Department of Veterans Affairs,"CENTEVA, LLC",8241754.0,OPAL TIER 1 ACQUISITION SYSTEMS SUPPORT,TERMINATED,https://www.fpds.gov/ezsearch/jsp/viewLinkController.jsp?agencyID=3600&PIID=36C10B25F0054&modNumber=P00001&idvAgencyID=&idvPIID=GS00F132DA&contractType=AWARD,2/18/2025,8172390.0,3600,36C10B25F0054,P00001,4732,GS00F132DA,PA0023,01/24/2025,01/01/2025,01/24/2025,01/24/2025,09/06/2024,-745662.29,69363.94,-745662.29,69363.94,-8172389.99,69363.94,VFPKHHHDDBR2,"CENTEVA, LLC",,50ZF1,155 CHURCH ST STE 210,,LOGAN,UT,843214644,USA,UNITED STATES,(801) 597-0717,(866) 596-7639,UTAH 01,DA01,IT AND TELECOM - BUSINESS APPLICATION/APPLICATION DEVELOPMENT SUPPORT SERVICES (LABOR),541611.0,ADMINISTRATIVE MANAGEMENT AND GENERAL MANAGEMENT CONSULTING SERVICES,UT,,USA,CACHE,LOGAN,,84321,4794.0,,2025-04-04-0017
36C25723F0016,Department of Veterans Affairs,"EBSCO INDUSTRIES, INC.",1089850.0,NEWSPAPERS AND PERIODICALS,TERMINATED,https://www.fpds.gov/ezsearch/jsp/viewLinkController.jsp?agencyID=3600&PIID=36C25723F0016&modNumber=P00003&idvAgencyID=&idvPIID=47QSEA20D000C&contractType=AWARD,2/11/2025,461736.0,3600,36C25723F0016,P00003,4732,47QSEA20D000C,PA0010,01/31/2025,12/17/2022,12/16/2025,12/16/2027,11/28/2022,0.0,628114.0,0.0,628114.0,-16536.0,1073314.0,LXMMX7QSZE39,"EBSCO INDUSTRIES, INC.",,1E464,5724 HWY 280 EAST,,BIRMINGHAM,AL,352016818,USA,UNITED STATES,(877) 763-6347,(205) 980-3951, ,7630,NEWSPAPERS AND PERIODICALS,511120.0,PERIODICAL PUBLISHERS,AL,,USA,SHELBY,BIRMINGHAM,,35242,6818.0,,2025-04-04-0017
36C10X24C0035,Department of Veterans Affairs,EMPLOYMENT LEARNING INNOVATIONS INC,289778.0,CIVIL TREATMENT TRAINING COURSES,TERMINATED,https://www.fpds.gov/ezsearch/jsp/viewLinkController.jsp?agencyID=3600&PIID=36C10X24C0035&modNumber=P00002&idvAgencyID=&idvPIID=&contractType=AWARD,2/10/2025,0.0,3600,36C10X24C0035,P00002,,,,03/17/2025,09/30/2024,01/22/2025,01/22/2025,08/07/2024,-207816.83,81961.17,-207816.83,81961.17,-207816.83,81961.17,M9QCVFLQB637,EMPLOYMENT LEARNING INNOVATIONS INC,EMPLOYMENT LEARNING INNOVATIONS INC,3NRZ1,2675 PACES FERRY RD SE,,ATLANTA,GA,303394052,USA,UNITED STATES,(770) 437-2456,(770) 319-7905,GEORGIA 11,R499,SUPPORT- PROFESSIONAL: OTHER,611430.0,PROFESSIONAL AND MANAGEMENT DEVELOPMENT TRAINING,LA,,USA,JEFFERSON,NEW ORLEANS,,70123,2837.0,,2025-04-04-0017
36C10X24P0056,Department of Veterans Affairs,OUT & EQUAL,30000.0,"Government Plus Membership/Sponsorship Package or Department of Veterans Affairs, Office of the Secretary",TERMINATED,https://www.fpds.gov/ezsearch/jsp/viewLinkController.jsp?agencyID=3600&PIID=36C10X24P0056&modNumber=P00003&idvAgencyID=&idvPIID=&contractType=AWARD,2/10/2025,15000.0,3600,36C10X24P0056,P00003,,,,02/14/2025,06/12/2024,01/23/2025,01/23/2025,03/29/2024,-4400.0,10600.0,-4400.0,10600.0,-4400.0,10600.0,QZCWPYCPVUR1,OUT & EQUAL,,5LSF3,909 ROSE AVENUE SUITE 400,,NORTH BETHESDA,MD,208528758,USA,UNITED STATES,(415) 694-6515,,MARYLAND 08,U005,EDUCATION/TRAINING- TUITION/REGISTRATION/MEMBERSHIP FEES,611430.0,PROFESSIONAL AND MANAGEMENT DEVELOPMENT TRAINING,MD,,USA,MONTGOMERY,ROCKVILLE,,20852,8758.0,,2025-04-04-0017
36C10X20C0062,Department of Veterans Affairs,"POLITICO, LLC",178202.0,"THE PURPOSE OF THIS AWARD IF TO OBTAIN VHA, WEB-BASED DATABASE SUBSCRIPTION NEWS SERVICES FOCUSED ON VETERAN'S HEALTHCARE LEGISLATIVE AND REGULATORY POLICY.MODIFICATION P00001- OPTION PERIOD ONE",TERMINATED,https://www.fpds.gov/ezsearch/jsp/viewLinkController.jsp?agencyID=3600&PIID=36C10X20C0062&modNumber=P00006&idvAgencyID=&idvPIID=&contractType=AWARD,2/7/2025,0.0,3600,36C10X20C0062,P00006,,,,02/06/2025,08/27/2020,02/06/2025,02/06/2025,,0.0,178202.0,0.0,178202.0,0.0,178202.0,T8JGE1LE8933,"POLITICO, LLC",,7GC29,1000 WILSON BLVD 8TH FLOOR,,ARLINGTON,VA,222093927,USA,UNITED STATES,(703) 236-7926,(703) 647-8551,VIRGINIA 08,T099,PHOTO/MAP/PRINT/PUBLICATION- OTHER,519130.0,INTERNET PUBLISHING AND BROADCASTING AND WEB SEARCH PORTALS,VA,,USA,ARLINGTON,ARLINGTON,,22209,1800.0,,2025-04-04-0017
36C26123F0486,Department of Veterans Affairs,"DYNAMIC INTEGRATED SERVICES, LLC",298022.0,Women's Clinic Equity Boost San Francisco VA Medical Center,Expired,https://www.fpds.gov/ezsearch/jsp/viewLinkController.jsp?agencyID=3600&PIID=36C26123F0486&modNumber=P00004&idvAgencyID=&idvPIID=47QRAA18D007Y&contractType=AWARD,1/29/2025,122880.0,3600,36C26123F0486,P00004,4732,47QRAA18D007Y,PA0016,01/28/2025,09/01/2023,01/28/2025,01/28/2025,07/12/2023,0.0,122880.0,0.0,298021.56,0.0,298021.56,LULHX8RK9JC8,"DYNAMIC INTEGRATED SERVICES, LLC",,6B4P8,16 W STRONG ST,,PENSACOLA,FL,325013138,USA,UNITED STATES,(202) 615-2049,(850) 361-3489,FLORIDA 01,T001,PHOTO/MAP/PRINT/PUBLICATION- ARTS/GRAPHICS,541611.0,ADMINISTRATIVE MANAGEMENT AND GENERAL MANAGEMENT CONSULTING SERVICES,CA,,USA,SAN FRANCISCO,SAN FRANCISCO,,94121,1563.0,,2025-04-04-0017
36C25722F0129,Department of Veterans Affairs,"EBSCO INDUSTRIES, INC.",73200.0,LGBTQ+ database,TERMINATED,https://www.fpds.gov/ezsearch/jsp/viewLinkController.jsp?agencyID=3600&PIID=36C25722F0129&modNumber=P00003&idvAgencyID=&idvPIID=47QSEA20D000C&contractType=AWARD,1/29/2025,8200.0,3600,36C25722F0129,P00003,4732,47QSEA20D000C,PA0010,01/29/2025,09/06/2022,01/29/2025,01/29/2025,08/25/2022,0.0,42187.6,0.0,42187.6,-31012.4,42187.6,LXMMX7QSZE39,"EBSCO INDUSTRIES, INC.",,1E464,5724 HWY 280 EAST,,BIRMINGHAM,AL,352016818,USA,UNITED STATES,(877) 763-6347,(205) 980-3951, ,DH10,"IT AND TELECOM - PLATFORM AS A SERVICE: DATABASE, MAINFRAME, MIDDLEWARE",511120.0,PERIODICAL PUBLISHERS,TX,,USA,BELL,TEMPLE,,76504,7115.0,,2025-04-04-0017
36C24925N0251,Department of Veterans Affairs,"MISSION SEARCH INTERNATIONAL, INC.",111300.0,OTHER SCIENTIFIC AND TECHNICAL CONSULTING SERVICES MEMPHIS VAMC ONCOLOGY PEER REVIEW SERVICES,TERMINATED,https://www.fpds.gov/ezsearch/jsp/viewLinkController.jsp?agencyID=3600&PIID=36C24925N0251&modNumber=P00001&idvAgencyID=&idvPIID=36C24925D0045&contractType=AWARD,4/14/2025,109200.0,3600,36C24925N0251,P00001,3600,36C24925D0045,0,03/21/2025,12/01/2024,03/21/2025,03/21/2025,11/27/2024,-25200.0,2100.0,-25200.0,2100.0,-25200.0,111300.0,DNRLDC515WN5,"MISSION SEARCH INTERNATIONAL, INC.",,619J6,3109 W DR MARTIN LUTHER KING JR BLVD STE 150,,TAMPA,FL,336076221,USA,UNITED STATES,(310) 484-2068,,FLORIDA 14,Q522,MEDICAL- RADIOLOGY,541690.0,OTHER SCIENTIFIC AND TECHNICAL CONSULTING SERVICES,TN,,USA,SHELBY,MEMPHIS,,38104,3810.0,,2025-04-15-0533
36C24224P0746,Department of Veterans Affairs,"EASYVISTA, INC",27683.0,EASYVISTA SOFTWARE RENEWAL SERVICE,TERMINATED,https://www.fpds.gov/ezsearch/jsp/viewLinkController.jsp?agencyID=3600&PIID=36C24224P0746&modNumber=P00001&idvAgencyID=&idvPIID=&contractType=AWARD,4/14/2025,0.0,3600,36C24224P0746,P00001,,,,04/10/2025,04/01/2024,03/31/2025,03/31/2025,12/19/2023,23534.0,27683.0,23534.0,27683.0,0.0,27683.0,Y4ZCRZ7DTVZ5,"EASYVISTA, INC",,9GYB8,3 COLUMBUS CIR 15TH FL STE1532,,NEW YORK,NY,100198760,USA,UNITED STATES,(815) 218-6236,,NEW YORK 12,DA10,IT AND TELECOM - BUSINESS APPLICATION/APPLICATION DEVELOPMENT SOFTWARE AS A SERVICE,541519.0,OTHER COMPUTER RELATED SERVICES,NY,,USA,ONONDAGA,SYRACUSE,,13210,2716.0,,2025-04-15-0533
36C10B24F0382,Department of Veterans Affairs,SPREZZATURA-GOVERNMENTCIO JOINT VENTURE LLC,726029.0,"ENTERPRISE BUSINESS AND TECHNICAL IT STRATEGIC SUPPORT SERVICES TO ASSIST IN ELIMINATING THE USE OF SOCIAL SECURITY NUMBERS, AS IDENTIFIERS OR AUTHENTICATORS, FROM ALL VA IT PRODUCTS AND IT SYSTEMS.",TERMINATED,https://www.fpds.gov/ezsearch/jsp/viewLinkController.jsp?agencyID=3600&PIID=36C10B24F0382&modNumber=P00002&idvAgencyID=&idvPIID=47QTCA22D001K&contractType=AWARD,4/14/2025,0.0,3600,36C10B24F0382,P00002,4732,47QTCA22D001K,PA0006,04/08/2025,09/25/2024,03/14/2025,03/14/2025,08/22/2024,-2347819.78,726029.02,-2347819.78,726029.02,-11159975.57,726029.02,MJYJGLY628M7,SPREZZATURA-GOVERNMENTCIO JOINT VENTURE LLC,,8C1M2,6224 NELWAY DR,,MC LEAN,VA,221013140,USA,UNITED STATES,(202) 841-0644,,VIRGINIA 08,R499,SUPPORT- PROFESSIONAL: OTHER,541511.0,CUSTOM COMPUTER PROGRAMMING SERVICES,VA,,USA,ARLINGTON,ARLINGTON,,22209,3196.0,,2025-04-15-0533
36C25922P1161,Department of Veterans Affairs,"ADVISORY BOARD COMPANY, THE",82259.0,ADMINISTRATIVE MANAGEMENT AND GENERAL MANAGEMENT CONSULTING SERVICES NURSING MANAGERIAL LEADERSHIP AND EDUCATION SUPPORT SERVICES,TERMINATED,https://www.fpds.gov/ezsearch/jsp/viewLinkController.jsp?agencyID=3600&PIID=36C25922P1161&modNumber=P00003&idvAgencyID=&idvPIID=&contractType=AWARD,4/14/2025,0.0,3600,36C25922P1161,P00003,,,,04/07/2025,09/19/2022,02/25/2025,02/25/2025,09/06/2022,-17139.52,82259.48,-17139.52,82259.48,-89339.52,82259.48,H1MSGK24RQN4,"ADVISORY BOARD COMPANY, THE",ADVISORY BOARD,1NYJ4,655 NEW YORK NW,,WASHINGTON,DC,200014593,USA,UNITED STATES,(952) 205-6183,(202) 266-5700,DISTRICT OF COLUMBIA 98,U005,EDUCATION/TRAINING- TUITION/REGISTRATION/MEMBERSHIP FEES,541611.0,ADMINISTRATIVE MANAGEMENT AND GENERAL MANAGEMENT CONSULTING SERVICES,UT,,USA,SALT LAKE,SALT LAKE CITY,,84148,1.0,,2025-04-15-0533
36C10M24P50084,Department of Veterans Affairs,"GARTNER, INC.",22600.0,ADMINISTRATIVE MANAGEMENT AND GENERAL MANAGEMENT CONSULTING SERVICES TRAINING CONFERENCE FOR IT DIRECTORS,TERMINATED,https://www.fpds.gov/ezsearch/jsp/viewLinkController.jsp?agencyID=3600&PIID=36C10M24P50084&modNumber=P00001&idvAgencyID=&idvPIID=&contractType=AWARD,4/14/2025,0.0,3600,36C10M24P50084,P00001,,,,04/04/2025,09/05/2024,04/04/2025,04/04/2025,,0.0,22600.0,0.0,22600.0,0.0,22600.0,CFALLJBGZ697,"GARTNER, INC.",,0EFU3,56 TOP GALLANT RD,,STAMFORD,CT,069027747,USA,UNITED STATES,(703) 387-5721,(800) 446-3597,CONNECTICUT 04,R499,SUPPORT- PROFESSIONAL: OTHER,541611.0,ADMINISTRATIVE MANAGEMENT AND GENERAL MANAGEMENT CONSULTING SERVICES,CT,,USA,FAIRFIELD,STAMFORD,,06902,7747.0,,2025-04-15-0533
36C24E24N0116,Department of Veterans Affairs,SOCIETY OF GENERAL INTERNAL MEDICINE,40000.0,OTHER MANAGEMENT CONSULTING SERVICES SYMPOSIUM SUPPORT,TERMINATED,https://www.fpds.gov/ezsearch/jsp/viewLinkController.jsp?agencyID=3600&PIID=36C24E24N0116&modNumber=P00001&idvAgencyID=&idvPIID=36C24E24D0017&contractType=AWARD,4/14/2025,0.0,3600,36C24E24N0116,P00001,3600,36C24E24D0017,0,04/03/2025,05/14/2024,09/26/2025,09/26/2025,04/29/2024,0.0,40000.0,0.0,40000.0,0.0,40000.0,FM7WH75N9HK3,SOCIETY OF GENERAL INTERNAL MEDICINE,,4G9B2,1500 KING ST STE 303,,ALEXANDRIA,VA,223142730,USA,UNITED STATES,(202) 887-5150,(202) 887-5405,VIRGINIA 08,R499,SUPPORT- PROFESSIONAL: OTHER,541618.0,OTHER MANAGEMENT CONSULTING SERVICES,MA,,USA,SUFFOLK,JAMAICA PLAIN,,02130,4893.0,,2025-04-15-0533
36C24723P1120,Department of Veterans Affairs,CONCOURSE FEDERAL GROUP LLC,209367.0,ADMINISTRATIVE MANAGEMENT AND GENERAL MANAGEMENT CONSULTING SERVICES SPACE MANAGEMENT SERVICE,TERMINATED,https://www.fpds.gov/ezsearch/jsp/viewLinkController.jsp?agencyID=3600&PIID=36C24723P1120&modNumber=P00003&idvAgencyID=&idvPIID=&contractType=AWARD,4/14/2025,0.0,3600,36C24723P1120,P00003,,,,03/26/2025,08/01/2023,03/26/2025,03/26/2025,07/03/2023,-64632.77,209367.23,-64632.77,209367.23,-173632.77,209367.23,KD6WCU5JHKW5,CONCOURSE FEDERAL GROUP LLC,,5HAY6,123 S ROYAL ST,,ALEXANDRIA,VA,223143327,USA,UNITED STATES,(703) 945-4208,(410) 267-7406,VIRGINIA 09,R704,SUPPORT- MANAGEMENT: AUDITING,541611.0,ADMINISTRATIVE MANAGEMENT AND GENERAL MANAGEMENT CONSULTING SERVICES,AL,,USA,TUSCALOOSA,TUSCALOOSA,,35404,5184.0,,2025-04-15-0533
36C10B23P0006,Department of Veterans Affairs,"SANFORD FEDERAL, INC.",147800.0,BRAND NAME OR EQUAL TOTAL RECALL RECORDS STORAGE AND RECORDS RETRIEVAL SYSTEM SOLUTION AND TECHNICAL SUPPORT,TERMINATED,https://www.fpds.gov/ezsearch/jsp/viewLinkController.jsp?agencyID=3600&PIID=36C10B23P0006&modNumber=P00003&idvAgencyID=&idvPIID=&contractType=AWARD,4/14/2025,0.0,3600,36C10B23P0006,P00003,,,,02/20/2025,11/07/2023,02/06/2025,02/06/2025,02/16/2023,-54936.04,147800.0,-54936.04,147800.0,-340544.04,147800.0,RBCJDAS355L9,"SANFORD FEDERAL, INC.",FAR GROUP,87DG6,525 CORPORATE DR STE 203,,STAFFORD,VA,225544890,USA,UNITED STATES,(571) 552-0502,,VIRGINIA 07,R617,SUPPORT - ADMINISTRATIVE: ELECTRONIC RECORDS MANAGEMENT SERVICES,541519.0,OTHER COMPUTER RELATED SERVICES,MO,,USA,NEWTON,NEOSHO,,64850,1950.0,,2025-04-15-0533
36C24E21D0021,Department of Veterans Affairs,BROWN UNIVERSITY,180000.0,"Provide veterinary clinical services, regulatory oversight and support to VA researchers.",TERMINATED,https://www.fpds.gov/ezsearch/jsp/viewLinkController.jsp?agencyID=3600&PIID=36C24E21D0021&modNumber=P00005&idvAgencyID=&idvPIID=&contractType=IDV,4/14/2025,101159.0,3600,36C24E21D0021,P00005,,,,04/11/2025,05/10/2021,,,,0.0,0.0,,,,180000.0,E3FDXZ6TBHW3,BROWN UNIVERSITY IN PROVIDENCE IN THE STATE OF RHODE ISLAND AND PROVIDENCE PLANTATIONS,BROWN UNIVERSITY,23242,1 PROSPECT ST,,PROVIDENCE,RI,029129100,USA,UNITED STATES,(401) 863-2777,(401) 863-7292,RHODE ISLAND 01,R416,SUPPORT- PROFESSIONAL: VETERINARY/ANIMAL CARE,611310.0,"COLLEGES, UNIVERSITIES, AND PROFESSIONAL SCHOOLS",,,,,,,,,,2025-04-15-0533
36C25623P1596,Department of Veterans Affairs,TECHANAX LLC,239706.0,DIGITAL ROUNDING AUTOMATION AND PERFORMANCE IMPROVEMENT FOR WECARE LEADERSHIP ROUNDING,TERMINATED,https://www.fpds.gov/ezsearch/jsp/viewLinkController.jsp?agencyID=3600&PIID=36C25623P1596&modNumber=P00002&idvAgencyID=&idvPIID=&contractType=AWARD,4/10/2025,163956.0,3600,36C25623P1596,P00002,,,,02/21/2025,09/01/2023,02/28/2025,02/28/2025,08/14/2023,-25749.98,75750.02,-25749.98,75750.02,-25749.98,239706.02,DJJ8LJTNK156,TECHANAX LLC,,6SM10,14000 CROWN CT,STE 206,WOODBRIDGE,VA,221931471,USA,UNITED STATES,(703) 864-9259,(888) 919-9785,VIRGINIA 07,7A21,IT AND TELECOM - BUSINESS APPLICATION SOFTWARE (PERPETUAL LICENSE SOFTWARE),541519.0,OTHER COMPUTER RELATED SERVICES,VA,,USA,PRINCE WILLIAM,WOODBRIDGE,,22193,1471.0,,2025-04-15-0533
36C24624N1188,Department of Veterans Affairs,MAXIM HEALTHCARE SERVICES INCORPORATED (0951),164636.0,ADMINISTRATIVE MANAGEMENT AND GENERAL MANAGEMENT CONSULTING SERVICES DURHAM VAMC MEDICAL CODING SERVICES,TERMINATED,https://www.fpds.gov/ezsearch/jsp/viewLinkController.jsp?agencyID=3600&PIID=36C24624N1188&modNumber=P00001&idvAgencyID=&idvPIID=36C10G21A0004&contractType=AWARD,4/10/2025,0.0,3600,36C24624N1188,P00001,3600,36C10G21A0004,P00005,04/07/2025,09/30/2024,03/06/2025,03/06/2025,09/12/2024,-145862.99,164635.61,-145862.99,164635.61,-145862.99,164635.61,DFUAFDQFV943,MAXIM HEALTHCARE SERVICES INCORPORATED (0951),,1NW03,7080 SAMUEL MORSE DRIVE,,COLUMBIA,MD,210463405,USA,UNITED STATES,,,MARYLAND 03,Q601,MEDICAL CODING AND AUDITING,541611.0,ADMINISTRATIVE MANAGEMENT AND GENERAL MANAGEMENT CONSULTING SERVICES,NC,,USA,DURHAM,DURHAM,,27705,3697.0,,2025-04-15-0533
36C25720C0089,Department of Veterans Affairs,HURON CONSULTING SERVICES LLC,2741194.0,EDUCATIONAL SUPPORT SERVICES CLINICAL CONSULTANT,TERMINATED,https://www.fpds.gov/ezsearch/jsp/viewLinkController.jsp?agencyID=3600&PIID=36C25720C0089&modNumber=P00011&idvAgencyID=&idvPIID=&contractType=AWARD,4/10/2025,0.0,3600,36C25720C0089,P00011,,,,04/07/2025,05/20/2020,01/31/2025,01/31/2025,04/22/2020,-35266.64,2741194.2,-35266.64,2741194.2,-35266.64,2741194.2,VCE5JFBRME47,HURON CONSULTING SERVICES LLC,,3KVQ9,550 W VAN BUREN ST,,CHICAGO,IL,606073827,USA,UNITED STATES,(678) 468-0221,,ILLINOIS 07,U006,EDUCATION/TRAINING- VOCATIONAL/TECHNICAL,611710.0,EDUCATIONAL SUPPORT SERVICES,TX,,USA,EL PASO,EL PASO,,79930,1003.0,,2025-04-15-0533
36C10B22F0074,Department of Veterans Affairs,"MINBURN TECHNOLOGY GROUP, LLC",3857597.0,LEARNING CONTENT MANAGEMENT SYSTEM,TERMINATED,https://www.fpds.gov/ezsearch/jsp/viewLinkController.jsp?agencyID=3600&PIID=36C10B22F0074&modNumber=P00009&idvAgencyID=&idvPIID=NNG15SD34B&contractType=AWARD,4/10/2025,27.0,3600,36C10B22F0074,P00009,8000,NNG15SD34B,27,03/18/2025,02/28/2022,02/19/2025,02/19/2025,01/28/2022,-1369722.91,3857570.18,-1369722.91,3857597.18,-4857100.0,3857597.18,WN8JFVZTBCA5,"MINBURN TECHNOLOGY GROUP, LLC",,66LV8,9716 ARNON CHAPEL RD,,GREAT FALLS,VA,220663911,USA,UNITED STATES,(703) 946-6868,(703) 738-7725,VIRGINIA 11,U012,EDUCATION/TRAINING- INFORMATION TECHNOLOGY/TELECOMMUNICATIONS TRAINING,541519.0,OTHER COMPUTER RELATED SERVICES,VA,,USA,FAIRFAX,GREAT FALLS,,22066,2512.0,,2025-04-15-0533
36C26024P0869,Department of Veterans Affairs,BRUKER SCIENTIFIC LLC,62108.0,OTHER SCIENTIFIC AND TECHNICAL CONSULTING SERVICES PREVENTATIVE MAINTENANCE ON THE MALDI,TERMINATED,https://www.fpds.gov/ezsearch/jsp/viewLinkController.jsp?agencyID=3600&PIID=36C26024P0869&modNumber=P00001&idvAgencyID=&idvPIID=&contractType=AWARD,4/10/2025,36408.0,3600,36C26024P0869,P00001,,,,03/07/2025,08/01/2024,03/07/2025,03/07/2025,07/22/2024,0.0,25700.0,0.0,25700.0,0.0,62108.33,MG2JF771VWU5,BRUKER SCIENTIFIC LLC,,03JW7,40 MANNING RD,,BILLERICA,MA,018213915,USA,UNITED STATES,(978) 663-3660,,MASSACHUSETTS 03,J065,"MAINT/REPAIR/REBUILD OF EQUIPMENT- MEDICAL, DENTAL, AND VETERINARY EQUIPMENT AND SUPPLIES",541690.0,OTHER SCIENTIFIC AND TECHNICAL CONSULTING SERVICES,WA,,USA,KING,SEATTLE,,98108,1532.0,,2025-04-15-0533
36C25625P0098,Department of Veterans Affairs,"D'S VENTURES, LLC",355200.0,"PROCESS, PHYSICAL DISTRIBUTION, AND LOGISTICS CONSULTING SERVICES PHARMACY REVERSE DISTRIBUTION CONTRACT",TERMINATED,https://www.fpds.gov/ezsearch/jsp/viewLinkController.jsp?agencyID=3600&PIID=36C25625P0098&modNumber=P00001&idvAgencyID=&idvPIID=&contractType=AWARD,4/10/2025,286400.0,3600,36C25625P0098,P00001,,,,03/24/2025,11/01/2024,03/05/2025,03/05/2025,10/10/2024,0.0,68800.0,0.0,68800.0,0.0,355200.0,QEC1G52CV2B4,"D'S VENTURES, LLC",,5KGT1,1590 PHOENIX BLVD STE 150,,ATLANTA,GA,303495567,USA,UNITED STATES,(770) 802-5889,,GEORGIA 05,Q517,PHARMACY SERVICES,541614.0,"PROCESS, PHYSICAL DISTRIBUTION, AND LOGISTICS CONSULTING SERVICES",TX,,USA,HARRIS,HOUSTON,,77030,5000.0,,2025-04-15-0533
36C77624P0028,Department of Veterans Affairs,LONGEVITY CONSULTING LLC,2545906.0,ADMINISTRATIVE MANAGEMENT AND GENERAL MANAGEMENT CONSULTING SERVICES STAFFING MODELS AND FUNCTIONAL ASSESSMENT SUPPORT SERVICES,TERMINATED,https://www.fpds.gov/ezsearch/jsp/viewLinkController.jsp?agencyID=3600&PIID=36C77624P0028&modNumber=P00006&idvAgencyID=&idvPIID=&contractType=AWARD,4/9/2025,0.0,3600,36C77624P0028,P00006,,,,04/04/2025,03/11/2024,02/12/2025,02/12/2025,12/14/2023,-670131.22,2545906.26,-670131.22,2545906.26,-670131.22,2545906.26,FZH5JAFWM388,LONGEVITY CONSULTING LLC,,4C8L9,6007 DOYLE RD,,CLIFTON,VA,201241312,USA,UNITED STATES,(800) 517-1925,(703) 842-8283,VIRGINIA 10,R405,SUPPORT- PROFESSIONAL: OPERATIONS RESEARCH/QUANTITATIVE ANALYSIS,541611.0,ADMINISTRATIVE MANAGEMENT AND GENERAL MANAGEMENT CONSULTING SERVICES,DC,,USA,DISTRICT OF COLUMBIA,WASHINGTON,,20009,1569.0,,2025-04-15-0533
36C24624P1858,Department of Veterans Affairs,JBL.-PRS. JV LLC,28580.0,"ENVIRONMENTAL CONSULTING SERVICES COLLECT FUEL SAMPLES, TEST FUEL, POLISH FUEL, ADD FUEL ADDITIVES FOR THE FOUR 120,000-GALLON BOILER PLANT TANKS.",TERMINATED,https://www.fpds.gov/ezsearch/jsp/viewLinkController.jsp?agencyID=3600&PIID=36C24624P1858&modNumber=P00001&idvAgencyID=&idvPIID=&contractType=AWARD,4/9/2025,0.0,3600,36C24624P1858,P00001,,,,04/07/2025,09/12/2024,03/06/2025,03/06/2025,08/29/2024,-6300.0,28580.0,-6300.0,28580.0,-149390.31,28580.0,LXB1XBLYJL17,JBL.-PRS. JV LLC,,97QP4,210 POWELL DR.,,SUMMERVILLE,SC,294834615,USA,UNITED STATES,(843) 469-7944,,SOUTH CAROLINA 01,H391,"INSPECTION- FUELS, LUBRICANTS, OILS, AND WAXES",541620.0,ENVIRONMENTAL CONSULTING SERVICES,VA,,USA,SALEM,SALEM,,24153,1449.0,,2025-04-15-0533
36C78624N0747,Department of Veterans Affairs,SCHATZ PUBLISHING GROUP LLC,100000.0,"508 DOCUMENT REMEDIATION, FUND INCREASE",TERMINATED,https://www.fpds.gov/ezsearch/jsp/viewLinkController.jsp?agencyID=3600&PIID=36C78624N0747&modNumber=P00002&idvAgencyID=&idvPIID=36C78623D0015&contractType=AWARD,4/8/2025,0.0,3600,36C78624N0747,P00002,3600,36C78623D0015,0,03/03/2025,07/16/2024,03/07/2025,03/07/2025,06/30/2024,0.0,100000.0,0.0,100000.0,0.0,100000.0,Q6ULESYWUAG6,SCHATZ PUBLISHING GROUP LLC,SCHATZ STRATEGY GROUP,1J4G1,11950 W HIGHLAND AVE,,BLACKWELL,OK,746316511,USA,UNITED STATES,(580) 628-4607,(580) 628-2011,OKLAHOMA 03,R617,SUPPORT - ADMINISTRATIVE: ELECTRONIC RECORDS MANAGEMENT SERVICES,518210.0,"COMPUTING INFRASTRUCTURE PROVIDERS, DATA PROCESSING, WEB HOSTING, AND RELATED SERVICES",OK,,USA,KAY,BLACKWELL,,74631,6511.0,,2025-04-15-0533
36C24624P1855,Department of Veterans Affairs,COMMANDERS CONCEPTS COMMISSIONING LLC,26289.0,OTHER SCIENTIFIC AND TECHNICAL CONSULTING SERVICES THIRD PARTY COMMISSIONING - ASHE OR,TERMINATED,https://www.fpds.gov/ezsearch/jsp/viewLinkController.jsp?agencyID=3600&PIID=36C24624P1855&modNumber=P00001&idvAgencyID=&idvPIID=&contractType=AWARD,4/8/2025,0.0,3600,36C24624P1855,P00001,,,,04/07/2025,09/10/2024,02/25/2025,02/25/2025,09/06/2024,-32131.0,26289.0,-32131.0,26289.0,-32131.0,26289.0,RAKVDDN7JND3,COMMANDERS CONCEPTS COMMISSIONING LLC,,787D0,1173 RESEARCH WAY,,FOREST,VA,245511870,USA,UNITED STATES,(713) 492-1922,(540) 246-0902,VIRGINIA 05,R425,SUPPORT- PROFESSIONAL: ENGINEERING/TECHNICAL,541690.0,OTHER SCIENTIFIC AND TECHNICAL CONSULTING SERVICES,VA,,USA,CAMPBELL,FOREST,,24551,3006.0,,2025-04-15-0533
36C25723P0781,Department of Veterans Affairs,DOCUMENT STORAGE SYSTEMS INC,336760.0,PATIENT QUEUING SYSTEM,TERMINATED,https://www.fpds.gov/ezsearch/jsp/viewLinkController.jsp?agencyID=3600&PIID=36C25723P0781&modNumber=P00005&idvAgencyID=&idvPIID=&contractType=AWARD,4/8/2025,261431.0,3600,36C25723P0781,P00005,,,,03/18/2025,09/25/2023,09/24/2025,09/24/2028,09/18/2023,-72004.68,75328.05,-72004.68,75328.05,-72004.68,336759.53,EJL2XFJ1BZJ1,DOCUMENT STORAGE SYSTEMS INC,DSS,1GLJ5,12575 US HIGHWAY 1,STE 200,JUNO BEACH,FL,334082478,USA,UNITED STATES,(561) 284-7000,(561) 227-0208,FLORIDA 21,DA10,IT AND TELECOM - BUSINESS APPLICATION/APPLICATION DEVELOPMENT SOFTWARE AS A SERVICE,541511.0,CUSTOM COMPUTER PROGRAMMING SERVICES,TX,,USA,CAMERON,HARLINGEN,,78550,8942.0,,2025-04-15-0533
36C26125P0209,Department of Veterans Affairs,"KEISH ENVIRONMENTAL, PC",5477.0,ENVIRONMENTAL CONSULTING SERVICES MATADERO CREEK OUTFALL AND BANK RESTORATION PROJECT POST-CONSTRUCTION MITIGATION MONITORING,TERMINATED,https://www.fpds.gov/ezsearch/jsp/viewLinkController.jsp?agencyID=3600&PIID=36C26125P0209&modNumber=P00001&idvAgencyID=&idvPIID=&contractType=AWARD,4/8/2025,0.0,3600,36C26125P0209,P00001,,,,03/06/2025,11/15/2024,03/06/2025,03/06/2025,11/01/2024,0.0,5476.78,0.0,5476.78,0.0,5476.78,GSWTWA7MD2B9,"KEISH ENVIRONMENTAL, PC",KEISH ENVIRONMENTAL PC,7MR48,6768 CROSBY CT,,SAN JOSE,CA,951292818,USA,UNITED STATES,(408) 592-0223,(408) 477-2249,CALIFORNIA 17,F999,OTHER ENVIRONMENTAL SERVICES,541620.0,ENVIRONMENTAL CONSULTING SERVICES,CA,,USA,SANTA CLARA,PALO ALTO,,94304,1207.0,,2025-04-15-0533
36C78625N0253,Department of Veterans Affairs,SCHATZ PUBLISHING GROUP LLC,227392.0,508 DOCUMENT REMEDIATION,TERMINATED,https://www.fpds.gov/ezsearch/jsp/viewLinkController.jsp?agencyID=3600&PIID=36C78625N0253&modNumber=P00001&idvAgencyID=&idvPIID=36C78623D0015&contractType=AWARD,4/8/2025,0.0,3600,36C78625N0253,P00001,3600,36C78623D0015,0,03/11/2025,01/25/2025,09/30/2025,09/30/2025,08/25/2022,0.0,227392.0,0.0,227392.0,0.0,227392.0,Q6ULESYWUAG6,SCHATZ PUBLISHING GROUP LLC,SCHATZ STRATEGY GROUP,1J4G1,11950 W HIGHLAND AVE,,BLACKWELL,OK,746316511,USA,UNITED STATES,(580) 628-4607,(580) 628-2011,OKLAHOMA 03,R617,SUPPORT - ADMINISTRATIVE: ELECTRONIC RECORDS MANAGEMENT SERVICES,518210.0,"COMPUTING INFRASTRUCTURE PROVIDERS, DATA PROCESSING, WEB HOSTING, AND RELATED SERVICES",OK,,USA,KAY,BLACKWELL,,74631,6511.0,,2025-04-15-0533
36C25024F0514,Department of Veterans Affairs,"FOUR POINTS TECHNOLOGY, L.L.C.",9575.0,ADOBE CONNECT MEETING SOFTWARE,TERMINATED,https://www.fpds.gov/ezsearch/jsp/viewLinkController.jsp?agencyID=3600&PIID=36C25024F0514&modNumber=P00002&idvAgencyID=&idvPIID=NNG15SD22B&contractType=AWARD,4/7/2025,7181.0,3600,36C25024F0514,P00002,8000,NNG15SD22B,43,02/19/2025,04/20/2024,02/19/2025,02/19/2025,04/01/2024,0.0,2393.65,0.0,2393.65,0.0,9574.6,H1KHJPJH9R51,"FOUR POINTS TECHNOLOGY, L.L.C.",,1YS78,13221 WOODLAND PARK RD,STE 400,HERNDON,VA,201715505,USA,UNITED STATES,(703) 657-6127,(703) 657-6135,VIRGINIA 11,DA10,IT AND TELECOM - BUSINESS APPLICATION/APPLICATION DEVELOPMENT SOFTWARE AS A SERVICE,541519.0,OTHER COMPUTER RELATED SERVICES,MI,,USA,WASHTENAW,ANN ARBOR,,48105,2303.0,,2025-04-15-0533
36C24424N1053,Department of Veterans Affairs,PLANATE MANAGEMENT GROUP LLC,431610.0,ADMINISTRATIVE MANAGEMENT AND GENERAL MANAGEMENT CONSULTING SERVICES VAPHS CM AND ID SERVICES.,TERMINATED,https://www.fpds.gov/ezsearch/jsp/viewLinkController.jsp?agencyID=3600&PIID=36C24424N1053&modNumber=P00001&idvAgencyID=&idvPIID=36C24419A0042&contractType=AWARD,4/7/2025,0.0,3600,36C24424N1053,P00001,3600,36C24419A0042,0,04/04/2025,09/01/2024,03/05/2025,03/05/2025,08/20/2024,-409012.1,431609.5,-409012.1,431609.5,-409012.1,431609.5,ZL3LH37LF183,PLANATE MANAGEMENT GROUP LLC,,4XZF6,1800 DIAGONAL RD STE 600,,ALEXANDRIA,VA,223142840,USA,UNITED STATES,(703) 232-1491,(866) 844-4373,VIRGINIA 08,R425,SUPPORT- PROFESSIONAL: ENGINEERING/TECHNICAL,541611.0,ADMINISTRATIVE MANAGEMENT AND GENERAL MANAGEMENT CONSULTING SERVICES,PA,,USA,ALLEGHENY,PITTSBURGH,,15215,1802.0,,2025-04-15-0533
36C24424N1144,Department of Veterans Affairs,"VLOGIC SYSTEMS, INC.",194395.0,ELECTRONIC DRAWINGS,TERMINATED,https://www.fpds.gov/ezsearch/jsp/viewLinkController.jsp?agencyID=3600&PIID=36C24424N1144&modNumber=P00001&idvAgencyID=&idvPIID=36C24422A0044&contractType=AWARD,4/7/2025,0.0,3600,36C24424N1144,P00001,3600,36C24422A0044,0,03/25/2025,09/26/2024,09/25/2025,09/25/2025,09/02/2024,-35144.21,194394.8,-35144.21,194394.8,-35144.21,194394.8,G3NBF8HLLAK9,"VLOGIC SYSTEMS, INC.",,84YE2,2352 MAIN ST STE 207,,CONCORD,MA,017423833,USA,UNITED STATES,(978) 341-9000,,MASSACHUSETTS 05,DA10,IT AND TELECOM - BUSINESS APPLICATION/APPLICATION DEVELOPMENT SOFTWARE AS A SERVICE,511210.0,SOFTWARE PUBLISHERS,PA,,USA,PHILADELPHIA,PHILADELPHIA,,19104,4551.0,,2025-04-15-0533
36C24624P1993,Department of Veterans Affairs,COMMANDERS CONCEPTS COMMISSIONING LLC,16569.0,OTHER SCIENTIFIC AND TECHNICAL CONSULTING SERVICES THIRD PARTY COMMISSIONING SERVICES,TERMINATED,https://www.fpds.gov/ezsearch/jsp/viewLinkController.jsp?agencyID=3600&PIID=36C24624P1993&modNumber=P00001&idvAgencyID=&idvPIID=&contractType=AWARD,4/4/2025,0.0,3600,36C24624P1993,P00001,,,,04/03/2025,09/26/2024,02/25/2025,02/25/2025,09/06/2024,-20251.0,16569.0,-20251.0,16569.0,-20251.0,16569.0,RAKVDDN7JND3,COMMANDERS CONCEPTS COMMISSIONING LLC,,787D0,1173 RESEARCH WAY,,FOREST,VA,245511870,USA,UNITED STATES,(713) 492-1922,(540) 246-0902,VIRGINIA 05,R425,SUPPORT- PROFESSIONAL: ENGINEERING/TECHNICAL,541690.0,OTHER SCIENTIFIC AND TECHNICAL CONSULTING SERVICES,NC,,USA,MACON,FRANKLIN,,28734,2032.0,,2025-04-15-0533
36C24923F0341,Department of Veterans Affairs,"STRATEGIC SOLUTIONS, INC.",497680.0,"PROCESS, PHYSICAL DISTRIBUTION, AND LOGISTICS CONSULTING SERVICES INVENTORY FOR FURNISHINGS AND IT FOR THVS HOSPITALS AND CBOCS",TERMINATED,https://www.fpds.gov/ezsearch/jsp/viewLinkController.jsp?agencyID=3600&PIID=36C24923F0341&modNumber=P00003&idvAgencyID=&idvPIID=GS10F0171U&contractType=AWARD,4/4/2025,312545.0,3600,36C24923F0341,P00003,4730,GS10F0171U,0,04/03/2025,09/01/2023,08/31/2025,08/31/2028,05/10/2022,-13937.37,185134.63,-13937.37,185134.63,0.0,497680.0,LWUAK2XQ3285,"STRATEGIC SOLUTIONS, INC.",,350D1,3021 CITRUS CIR STE 210,,WALNUT CREEK,CA,945982691,USA,UNITED STATES,(925) 979-1233,(925) 932-4696,CALIFORNIA 10,R499,SUPPORT- PROFESSIONAL: OTHER,541614.0,"PROCESS, PHYSICAL DISTRIBUTION, AND LOGISTICS CONSULTING SERVICES",TN,,USA,DAVIDSON,NASHVILLE,,37212,2.0,,2025-04-15-0533
36C24724P0158,Department of Veterans Affairs,PRESS GANEY ASSOCIATES LLC,14106.0,"ADMINISTRATIVE MANAGEMENT AND GENERAL MANAGEMENT CONSULTING SERVICES PRESS GANEY NATIONAL DATABASE OF NURSING QUALITY INDICATORS(NDNQI) ACCESS FOR THE RALPH H. JOHNSON VA MEDICAL CENTER, CHARLESTON, SOUTH CAROLINA.",TERMINATED,https://www.fpds.gov/ezsearch/jsp/viewLinkController.jsp?agencyID=3600&PIID=36C24724P0158&modNumber=P00002&idvAgencyID=&idvPIID=&contractType=AWARD,4/4/2025,0.0,3600,36C24724P0158,P00002,,,,03/27/2025,01/01/2024,03/05/2025,03/05/2025,11/02/2023,0.0,14106.06,0.0,14106.06,0.0,14106.06,PTAKRVGUJE53,PRESS GANEY ASSOCIATES LLC,,3DFC7,1173 IGNITION DR,,SOUTH BEND,IN,466012901,USA,UNITED STATES,(800) 232-8032,,INDIANA 02,R499,SUPPORT- PROFESSIONAL: OTHER,541611.0,ADMINISTRATIVE MANAGEMENT AND GENERAL MANAGEMENT CONSULTING SERVICES,SC,,USA,CHARLESTON,CHARLESTON,,29401,5799.0,,2025-04-15-0533
36C26025N0141,Department of Veterans Affairs,"OAKUM GROUP, LLC",59335.0,"PROCESS, PHYSICAL DISTRIBUTION, AND LOGISTICS CONSULTING SERVICES. INVENTORY SERVICES FOR THE VETERANS INTEGRATED SERVICE NETWORK",TERMINATED,https://www.fpds.gov/ezsearch/jsp/viewLinkController.jsp?agencyID=3600&PIID=36C26025N0141&modNumber=P00001&idvAgencyID=&idvPIID=36C26025A0010&contractType=AWARD,4/4/2025,0.0,3600,36C26025N0141,P00001,3600,36C26025A0010,0,03/18/2025,12/31/2024,03/04/2025,03/04/2025,12/18/2024,-309379.19,59335.31,-309379.19,59335.31,-309379.19,59335.31,K1DKD5NXS3L1,"OAKUM GROUP, LLC",,9X6S6,21 EAGLE AVE,,MANITOU SPRINGS,CO,808292119,USA,UNITED STATES,(703) 403-4496,,COLORADO 05,R706,SUPPORT- MANAGEMENT: LOGISTICS SUPPORT,541614.0,"PROCESS, PHYSICAL DISTRIBUTION, AND LOGISTICS CONSULTING SERVICES",WA,,USA,CLARK,VANCOUVER,,98661,5160.0,,2025-04-15-0533
36C26025P0174,Department of Veterans Affairs,HGS ENGINEERING INC,8833.0,ENVIRONMENTAL CONSULTING SERVICES PUGET SOUND VAHCS SPILL CONTROL PLAN REVIEW,TERMINATED,https://www.fpds.gov/ezsearch/jsp/viewLinkController.jsp?agencyID=3600&PIID=36C26025P0174&modNumber=P00001&idvAgencyID=&idvPIID=&contractType=AWARD,4/4/2025,0.0,3600,36C26025P0174,P00001,,,,03/18/2025,12/01/2024,03/01/2025,03/01/2025,11/06/2024,-400.0,8832.78,-400.0,8832.78,-400.0,8832.78,KMQMRUAJ6JK9,HGS ENGINEERING INC,,1HJH9,1121 NOBLE ST,,ANNISTON,AL,362014638,USA,UNITED STATES,(256) 236-1848,(256) 236-2979,ALABAMA 03,F108,ENVIRONMENTAL SYSTEMS PROTECTION- ENVIRONMENTAL REMEDIATION,541620.0,ENVIRONMENTAL CONSULTING SERVICES,WA,,USA,KING,SEATTLE,,98108,1401.0,,2025-04-15-0533
36C24E23P0132,Department of Veterans Affairs,ANDREW R MAYER,48250.0,OTHER SCIENTIFIC AND TECHNICAL CONSULTING SERVICES RESEARCH CONSULTING,TERMINATED,https://www.fpds.gov/ezsearch/jsp/viewLinkController.jsp?agencyID=3600&PIID=36C24E23P0132&modNumber=P00002&idvAgencyID=&idvPIID=&contractType=AWARD,4/4/2025,30000.0,3600,36C24E23P0132,P00002,,,,03/12/2025,09/15/2023,03/07/2025,03/07/2025,08/29/2023,-9250.0,18250.0,-9250.0,18250.0,-9250.0,48250.0,PGZJK7Q63KU5,ANDREW R MAYER,,9MRJ3,1017 MCMULLEN DR NW,,ALBUQUERQUE,NM,871072456,USA,UNITED STATES,(505) 270-0952,,NEW MEXICO 01,AJ13,GENERAL SCIENCE & TECHNOLOGY R&D SVCS; GENERAL SCIENCE & TECHNOLOGY; EXPERIMENTAL DEVELOPMENT,541690.0,OTHER SCIENTIFIC AND TECHNICAL CONSULTING SERVICES,NM,,USA,BERNALILLO,ALBUQUERQUE,,87107,2456.0,,2025-04-15-0533
36C24224F0118,Department of Veterans Affairs,THE AVERY GROUP LLC,1044233.0,ADMINISTRATIVE MANAGEMENT AND GENERAL MANAGEMENT CONSULTING SERVICES POWER BI REPORTING & ANALYTICS SERVICES,TERMINATED,https://www.fpds.gov/ezsearch/jsp/viewLinkController.jsp?agencyID=3600&PIID=36C24224F0118&modNumber=P00001&idvAgencyID=&idvPIID=47QRAA22D00A0&contractType=AWARD,4/4/2025,845759.0,3600,36C24224F0118,P00001,4732,47QRAA22D00A0,PA0010,02/25/2025,03/31/2024,02/25/2025,03/25/2025,02/09/2024,0.0,198474.22,0.0,198474.22,0.0,1044233.43,H99KDBFT4RD5,THE AVERY GROUP LLC,,86GT9,760 OLD ROSWELL RD,,ROSWELL,GA,300762279,USA,UNITED STATES,(202) 679-0517,,GEORGIA 06,R420,SUPPORT- PROFESSIONAL: CERTIFICATIONS AND ACCREDITATIONS (OTHER THAN EDUC OR INFO TECH C&A),541611.0,ADMINISTRATIVE MANAGEMENT AND GENERAL MANAGEMENT CONSULTING SERVICES,NJ,,USA,ESSEX,EAST ORANGE,,07018,1023.0,,2025-04-15-0533
36C10X21N0076,Department of Veterans Affairs,"AGI INTERNATIONAL, INC.",142430.0,"PROCESS, PHYSICAL DISTRIBUTION, AND LOGISTICS CONSULTING SERVICES ANNUAL INVENTORY SERVICES",TERMINATED,https://www.fpds.gov/ezsearch/jsp/viewLinkController.jsp?agencyID=3600&PIID=36C10X21N0076&modNumber=P00008&idvAgencyID=&idvPIID=36C10X21A0007&contractType=AWARD,4/3/2025,2000.0,3600,36C10X21N0076,P00008,3600,36C10X21A0007,0,03/04/2025,05/19/2021,03/04/2025,03/04/2025,,0.0,140430.0,0.0,140430.0,0.0,142430.0,U4YJF71RCLB4,"AGI INTERNATIONAL, INC.",,4QAP3,2525 N SHADELAND AVE STE D5,,INDIANAPOLIS,IN,462191770,USA,UNITED STATES,(317) 340-8664,(317) 536-8765,INDIANA 07,R610,SUPPORT- ADMINISTRATIVE:- PERSONAL PROPERTY MANAGEMENT,541614.0,"PROCESS, PHYSICAL DISTRIBUTION, AND LOGISTICS CONSULTING SERVICES",IA,,USA,POLK,DES MOINES,,50310,1410.0,,2025-04-15-0533
36C77624P0075,Department of Veterans Affairs,"STRATEGIC MEDICAL EQUIPMENT SOLUTIONS, LLC",121371.0,"PROCESS, PHYSICAL DISTRIBUTION, AND LOGISTICS CONSULTING SERVICES WHITE CITY ACTIVATION PRE-PLANNING",TERMINATED,https://www.fpds.gov/ezsearch/jsp/viewLinkController.jsp?agencyID=3600&PIID=36C77624P0075&modNumber=P00001&idvAgencyID=&idvPIID=&contractType=AWARD,4/3/2025,0.0,3600,36C77624P0075,P00001,,,,03/25/2025,08/28/2024,03/06/2025,03/06/2025,04/05/2024,-117242.16,121371.24,-117242.16,121371.24,-117242.16,121371.24,KNPLEZQR3TN5,"STRATEGIC MEDICAL EQUIPMENT SOLUTIONS, LLC",,76DL3,761 FOREST VIEW RD,,MONUMENT,CO,801328226,USA,UNITED STATES,(719) 650-3058,(610) 523-4143,COLORADO 05,Q702,TECHNICAL MEDICAL SUPPORT,541614.0,"PROCESS, PHYSICAL DISTRIBUTION, AND LOGISTICS CONSULTING SERVICES",OR,,USA,JACKSON,WHITE CITY,,97503,1043.0,,2025-04-15-0533
36C26323C0053,Department of Veterans Affairs,DANIEL NEWTON,69315.0,OTHER MANAGEMENT CONSULTING SERVICES VA IOWA CITY RESEARCH SERVICE CONTRACT,TERMINATED,https://www.fpds.gov/ezsearch/jsp/viewLinkController.jsp?agencyID=3600&PIID=36C26323C0053&modNumber=P00002&idvAgencyID=&idvPIID=&contractType=AWARD,4/3/2025,40000.0,3600,36C26323C0053,P00002,,,,03/17/2025,09/16/2023,03/05/2025,03/05/2025,06/30/2023,-10684.94,29315.06,-10684.94,29315.06,-10684.94,69315.06,N35CT8K6P715,DANIEL NEWTON,,8BBU9,3905 HENSLEIGH DR NE,,IOWA CITY,IA,522407976,USA,UNITED STATES,(319) 855-1577,,IOWA 01,AN12,HEALTH R&D SERVICES; HEALTH CARE SERVICES; APPLIED RESEARCH,541618.0,OTHER MANAGEMENT CONSULTING SERVICES,IA,,USA,JOHNSON,IOWA CITY,,52240,7976.0,,2025-04-15-0533
36C24123P1264,Department of Veterans Affairs,FRANCES E. EANET,13500.0,"PROCESS, PHYSICAL DISTRIBUTION, AND LOGISTICS CONSULTING SERVICES SCIENTIFIC GRANT-WRITING SERVICES",TERMINATED,https://www.fpds.gov/ezsearch/jsp/viewLinkController.jsp?agencyID=3600&PIID=36C24123P1264&modNumber=P00003&idvAgencyID=&idvPIID=&contractType=AWARD,4/3/2025,0.0,3600,36C24123P1264,P00003,,,,03/06/2025,09/20/2023,03/06/2025,09/19/2028,08/22/2023,-13000.0,13500.0,-13000.0,13500.0,-52000.0,13500.0,ZNANZCR1HKY9,FRANCES E. EANET,,9NVG6,557 NEW BOSTON RD,,NORWICH,VT,050559682,USA,UNITED STATES,(802) 649-2724,,VERMONT 00,AN14,HEALTH R&D SERVICES; HEALTH CARE SERVICES; R&D ADMINISTRATIVE EXPENSES,541614.0,"PROCESS, PHYSICAL DISTRIBUTION, AND LOGISTICS CONSULTING SERVICES",VT,,USA,WINDSOR,NORWICH,,05055,9682.0,,2025-04-15-0533
36C26323P0600,Department of Veterans Affairs,"PERSONAL STRENGTHS PUBLISHING, LLC",549815.0,"HUMAN RESOURCES CONSULTING SERVICES (2007), HUMAN RESOURCES AND EXECUTIVE SEARCH CONSULTING SERVICES (2002) RELATIONSHIP AWARENESS PLATFORM",TERMINATED,https://www.fpds.gov/ezsearch/jsp/viewLinkController.jsp?agencyID=3600&PIID=36C26323P0600&modNumber=P00004&idvAgencyID=&idvPIID=&contractType=AWARD,4/3/2025,242060.0,3600,36C26323P0600,P00004,,,,03/11/2025,06/12/2023,09/30/2027,09/30/2027,06/05/2023,0.0,307755.0,0.0,307755.0,0.0,549815.0,V3CATN1WFE63,"PERSONAL STRENGTHS PUBLISHING, LLC",,6SMU5,2376 SUMMERWIND PL,STE 104716,CARLSBAD,CA,920083796,USA,UNITED STATES,(760) 602-0086,(760) 602-0087,CALIFORNIA 49,U009,EDUCATION/TRAINING- GENERAL,541612.0,"HUMAN RESOURCES CONSULTING SERVICES (2007), HUMAN RESOURCES AND EXECUTIVE SEARCH CONSULTING SERVICES (2002)",MN,,USA,HENNEPIN,MINNEAPOLIS,,55417,3143.0,,2025-04-15-0533
36C24622P1867,Department of Veterans Affairs,"FOSTER FUELS, INC.",191513.0,ENVIRONMENTAL CONSULTING SERVICES FUEL POLISHING AND COLLECTING SAMPLE SERVICES FOR SALEM VAMC,TERMINATED,https://www.fpds.gov/ezsearch/jsp/viewLinkController.jsp?agencyID=3600&PIID=36C24622P1867&modNumber=P00007&idvAgencyID=&idvPIID=&contractType=AWARD,4/3/2025,67841.0,3600,36C24622P1867,P00007,,,,04/10/2025,09/27/2022,03/06/2025,03/06/2025,09/09/2022,0.0,123671.7,0.0,123671.7,-67841.28,123671.7,H37MEMNXPS23,"FOSTER FUELS, INC.",,4CNB5,16720 BROOKNEAL HWY,,BROOKNEAL,VA,245282521,USA,UNITED STATES,(434) 376-2322,(434) 376-5969,VIRGINIA 05,H391,"INSPECTION- FUELS, LUBRICANTS, OILS, AND WAXES",541620.0,ENVIRONMENTAL CONSULTING SERVICES,VA,,USA,ROANOKE,SALEM,,24153,1668.0,,2025-04-15-0533
36C24624N0653,Department of Veterans Affairs,MAXIM HEALTHCARE SERVICES INCORPORATED (0951),998254.0,ADMINISTRATIVE MANAGEMENT AND GENERAL MANAGEMENT CONSULTING SERVICES MEDICAL CODING SERVICES,TERMINATED,https://www.fpds.gov/ezsearch/jsp/viewLinkController.jsp?agencyID=3600&PIID=36C24624N0653&modNumber=P00002&idvAgencyID=&idvPIID=36C10G21A0004&contractType=AWARD,4/3/2025,814440.0,3600,36C24624N0653,P00002,3600,36C10G21A0004,P00005,03/31/2025,04/08/2024,03/31/2025,03/31/2025,03/06/2024,-19978.16,183813.72,-19978.16,183813.72,-834417.94,183813.72,DFUAFDQFV943,MAXIM HEALTHCARE SERVICES INCORPORATED (0951),,1NW03,7080 SAMUEL MORSE DRIVE,,COLUMBIA,MD,210463405,USA,UNITED STATES,,,MARYLAND 03,Q601,MEDICAL CODING AND AUDITING,541611.0,ADMINISTRATIVE MANAGEMENT AND GENERAL MANAGEMENT CONSULTING SERVICES,NC,,USA,ROWAN,SALISBURY,,28144,4168.0,,2025-04-15-0533
36C25721P0006,Department of Veterans Affairs,LIBRARIAN AT YOUR SERVICE LLC,66542.0,OTHER SCIENTIFIC AND TECHNICAL CONSULTING SERVICES MEDICAL RESEARCH,TERMINATED,https://www.fpds.gov/ezsearch/jsp/viewLinkController.jsp?agencyID=3600&PIID=36C25721P0006&modNumber=P00012&idvAgencyID=&idvPIID=&contractType=AWARD,4/3/2025,35460.0,3600,36C25721P0006,P00012,,,,03/20/2025,10/01/2020,11/30/2025,11/30/2025,,-20000.0,31082.46,-20000.0,66542.46,-20000.0,66542.46,YK7DNBJS2KW6,LIBRARIAN AT YOUR SERVICE LLC,,8AK87,2 GRIFFIN CIR,,BILLERICA,MA,018216464,USA,UNITED STATES,(857) 302-7793,,MASSACHUSETTS 06,U006,EDUCATION/TRAINING- VOCATIONAL/TECHNICAL,541690.0,OTHER SCIENTIFIC AND TECHNICAL CONSULTING SERVICES,MA,,USA,MIDDLESEX,BILLERICA,,01821,6464.0,,2025-04-15-0533
36C25024P1909,Department of Veterans Affairs,"SAGE, LLC",20709.0,ENVIRONMENTAL CONSULTING SERVICES ENVIRONMENTAL COMPLIANCE AND HEALTHCARE SUSTAINABILITY ADVISARY AND ASSISTANCE SERVICES SUPPORT,TERMINATED,https://www.fpds.gov/ezsearch/jsp/viewLinkController.jsp?agencyID=3600&PIID=36C25024P1909&modNumber=P00002&idvAgencyID=&idvPIID=&contractType=AWARD,4/3/2025,0.0,3600,36C25024P1909,P00002,,,,03/21/2025,09/23/2024,09/22/2025,09/22/2025,09/12/2024,-53937.0,20709.0,-53937.0,20709.0,-53937.0,20709.0,J8JSLZGBJB25,"SAGE, LLC",,8JN91,9511 ANGOLA CT,STE 223,INDIANAPOLIS,IN,462683190,USA,UNITED STATES,(317) 868-5050,,INDIANA 07,F110,"ENVIRON SYS PROTECT- DEVELOPMENT OF ENVIRON IMPACT STMTS/ASSESSMENTS, TECH ANALYSIS/ENVIRON AUDITS",541620.0,ENVIRONMENTAL CONSULTING SERVICES,IN,,USA,MARION,INDIANAPOLIS,,46202,2884.0,,2025-04-15-0533
36C24223P1911,Department of Veterans Affairs,THE AVERY GROUP LLC,476902.0,OTHER SCIENTIFIC AND TECHNICAL CONSULTING SERVICES DATA SCIENTIST,TERMINATED,https://www.fpds.gov/ezsearch/jsp/viewLinkController.jsp?agencyID=3600&PIID=36C24223P1911&modNumber=P00004&idvAgencyID=&idvPIID=&contractType=AWARD,4/3/2025,231057.0,3600,36C24223P1911,P00004,,,,02/25/2025,09/30/2023,02/25/2025,02/25/2025,09/06/2023,0.0,245845.48,0.0,245845.48,0.0,476902.4,H99KDBFT4RD5,THE AVERY GROUP LLC,,86GT9,760 OLD ROSWELL RD STE 411,,ROSWELL,GA,300762279,USA,UNITED STATES,(202) 679-0517,,GEORGIA 06,AN14,HEALTH R&D SERVICES; HEALTH CARE SERVICES; R&D ADMINISTRATIVE EXPENSES,541690.0,OTHER SCIENTIFIC AND TECHNICAL CONSULTING SERVICES,NJ,,USA,ESSEX,EAST ORANGE,,07018,1095.0,,2025-04-15-0533
36C26123F0483,Department of Veterans Affairs,"CAMEO CONSULTING GROUP, LLC",2279280.0,ADMINISTRATIVE MANAGEMENT AND GENERAL MANAGEMENT CONSULTING SERVICES CONSTRUCTION CONTRACT SPECIALIST SUPPORT,TERMINATED,https://www.fpds.gov/ezsearch/jsp/viewLinkController.jsp?agencyID=3600&PIID=36C26123F0483&modNumber=P00004&idvAgencyID=&idvPIID=GS00F280DA&contractType=AWARD,4/2/2025,1833146.0,3600,36C26123F0483,P00004,4732,GS00F280DA,PA0031,03/31/2025,09/27/2023,03/04/2025,03/04/2025,06/28/2023,-157043.12,446134.74,-157043.12,446134.74,-157043.12,2279280.34,GR37ULLYKLK9,"CAMEO CONSULTING GROUP, LLC",,6UHA6,401 N WASHINGTON ST STE 600,,ROCKVILLE,MD,208501977,USA,UNITED STATES,(480) 330-6650,(540) 595-0891,MARYLAND 08,R707,SUPPORT- MANAGEMENT: CONTRACT/PROCUREMENT/ACQUISITION SUPPORT,541611.0,ADMINISTRATIVE MANAGEMENT AND GENERAL MANAGEMENT CONSULTING SERVICES,CA,,USA,SACRAMENTO,MCCLELLAN,,95652,2456.0,,2025-04-15-0533
36C10X24N0200,Department of Veterans Affairs,"AGI INTERNATIONAL, INC.",147283.0,"PROCESS, PHYSICAL DISTRIBUTION, AND LOGISTICS CONSULTING SERVICES ANNUAL INVENTORY SERVICES",TERMINATED,https://www.fpds.gov/ezsearch/jsp/viewLinkController.jsp?agencyID=3600&PIID=36C10X24N0200&modNumber=P00001&idvAgencyID=&idvPIID=36C10X21A0007&contractType=AWARD,4/2/2025,96441.0,3600,36C10X24N0200,P00001,3600,36C10X21A0007,0,03/04/2025,09/16/2024,03/04/2025,03/04/2025,07/11/2024,0.0,50842.0,0.0,72593.0,0.0,147283.0,U4YJF71RCLB4,"AGI INTERNATIONAL, INC.",,4QAP3,2525 N SHADELAND AVE STE D5,,INDIANAPOLIS,IN,462191770,USA,UNITED STATES,(317) 340-8664,(317) 536-8765,INDIANA 07,R610,SUPPORT- ADMINISTRATIVE:- PERSONAL PROPERTY MANAGEMENT,541614.0,"PROCESS, PHYSICAL DISTRIBUTION, AND LOGISTICS CONSULTING SERVICES",IN,,USA,MARION,INDIANAPOLIS,,46219,1787.0,,2025-04-15-0533
36C25023F0060,Department of Veterans Affairs,"SUSTAINMENT TECHNOLOGIES, LLC",534675.0,"PROCESS, PHYSICAL DISTRIBUTION, AND LOGISTICS CONSULTING SERVICES STERIS TECH STERILIZER MAINTENANCE",TERMINATED,https://www.fpds.gov/ezsearch/jsp/viewLinkController.jsp?agencyID=3600&PIID=36C25023F0060&modNumber=P00008&idvAgencyID=&idvPIID=47QRAA21D008H&contractType=AWARD,4/2/2025,119484.0,3600,36C25023F0060,P00008,4732,47QRAA21D008H,0,03/05/2025,10/24/2022,03/05/2025,03/05/2025,10/03/2022,0.0,415191.24,0.0,415191.24,0.0,534675.48,RF8GTYHMQLL1,"SUSTAINMENT TECHNOLOGIES, LLC",,3GG41,1733 BRIARCREST DRIVE SUITE 101,,BRYAN,TX,778022738,USA,UNITED STATES,(979) 764-2080,(979) 764-2090,TEXAS 10,J065,"MAINT/REPAIR/REBUILD OF EQUIPMENT- MEDICAL, DENTAL, AND VETERINARY EQUIPMENT AND SUPPLIES",541614.0,"PROCESS, PHYSICAL DISTRIBUTION, AND LOGISTICS CONSULTING SERVICES",IN,,USA,MARION,INDIANAPOLIS,,46202,2375.0,,2025-04-15-0533
36C26222P0487,Department of Veterans Affairs,REES SCIENTIFIC CORPORATION,21597.0,ENVIRONMENTAL CONSULTING SERVICES REES SCIENTIFIC MAINTENANCE SERVICES.,TERMINATED,https://www.fpds.gov/ezsearch/jsp/viewLinkController.jsp?agencyID=3600&PIID=36C26222P0487&modNumber=P00004&idvAgencyID=&idvPIID=&contractType=AWARD,4/2/2025,0.0,3600,36C26222P0487,P00004,,,,03/25/2025,01/11/2022,03/10/2025,03/10/2025,,-7199.04,21597.16,-7199.04,21597.16,-14398.08,21597.16,NCRKL9YLY2X4,REES SCIENTIFIC CORPORATION,,04DK0,1007 WHITEHEAD ROAD EXT STE 1,,EWING,NJ,086382405,USA,UNITED STATES,(609) 530-1055,(609) 530-1854,NEW JERSEY 12,F999,OTHER ENVIRONMENTAL SERVICES,541620.0,ENVIRONMENTAL CONSULTING SERVICES,NJ,,USA,MERCER,TRENTON,,08638,4400.0,,2025-04-15-0533
36C10X22P0110,Department of Veterans Affairs,AMERICAN INSTITUTES FOR RESEARCH IN THE BEHAVIORAL SCIENCES,218276.0,"PROCESS, PHYSICAL DISTRIBUTION, AND LOGISTICS CONSULTING SERVICES AIR TIC SCALE AND CATCH IMPLEMENTATION",TERMINATED,https://www.fpds.gov/ezsearch/jsp/viewLinkController.jsp?agencyID=3600&PIID=36C10X22P0110&modNumber=P00005&idvAgencyID=&idvPIID=&contractType=AWARD,4/2/2025,0.0,3600,36C10X22P0110,P00005,,,,03/04/2025,09/27/2022,03/04/2025,03/04/2025,09/13/2022,0.0,218276.0,0.0,218276.0,0.0,218276.0,MCN6J5L6M3T4,AMERICAN INSTITUTES FOR RESEARCH IN THE BEHAVIORAL SCIENCES,A I R,9B514,1400 CRYSTAL DR FL 10,,ARLINGTON,VA,222023289,USA,UNITED STATES,(202) 403-5292,(855) 459-6213,VIRGINIA 08,R410,SUPPORT- PROFESSIONAL: PROGRAM EVALUATION/REVIEW/DEVELOPMENT,541614.0,"PROCESS, PHYSICAL DISTRIBUTION, AND LOGISTICS CONSULTING SERVICES",VA,,USA,ARLINGTON,ARLINGTON,,22202,3289.0,,2025-04-15-0533
36C77624N0843,Department of Veterans Affairs,"J P SYSTEMS, INC.",1656683.0,OTHER SCIENTIFIC AND TECHNICAL CONSULTING SERVICES TERMINOLOGY SUPPORT FOR EVENT SET HIERARCHY (ESH) REPAIR AND OPTIMIZATION,TERMINATED,https://www.fpds.gov/ezsearch/jsp/viewLinkController.jsp?agencyID=3600&PIID=36C77624N0843&modNumber=P00001&idvAgencyID=&idvPIID=36C77621D0020&contractType=AWARD,4/2/2025,838572.0,3600,36C77624N0843,P00001,3600,36C77621D0020,0,03/05/2025,09/30/2024,03/05/2025,03/05/2025,08/19/2024,0.0,818110.8,0.0,818110.8,0.0,1656682.56,PX35YDEXGEJ5,"J P SYSTEMS, INC.",,3YHH1,7419 KINCHELOE RD,,CLIFTON,VA,201241831,USA,UNITED STATES,(703) 864-9247,(888) 789-8990,VIRGINIA 10,R499,SUPPORT- PROFESSIONAL: OTHER,541690.0,OTHER SCIENTIFIC AND TECHNICAL CONSULTING SERVICES,VA,,USA,FAIRFAX,CLIFTON,,20124,1831.0,,2025-04-15-0533
36C25721P1332,Department of Veterans Affairs,"J.E. FEDERAL ENTERPRISES, LLC.",111440.0,"HUMAN RESOURCES CONSULTING SERVICES, HUMAN RESOURCES AND EXECUTIVE SEARCH CONSULTING SERVICES ELP VA EMPLOYEE ASSISTANCE PROGRAM",TERMINATED,https://www.fpds.gov/ezsearch/jsp/viewLinkController.jsp?agencyID=3600&PIID=36C25721P1332&modNumber=P00006&idvAgencyID=&idvPIID=&contractType=AWARD,4/2/2025,52332.0,3600,36C25721P1332,P00006,,,,03/13/2025,09/20/2021,03/07/2025,03/07/2025,,-9361.3,59108.4,-9361.3,59108.4,-9361.3,111440.4,H2LJN48V3KD4,"J.E. FEDERAL ENTERPRISES, LLC.",,79W40,1455 REYNOLDS DR,,AUBURN,AL,368301869,USA,UNITED STATES,(866) 515-9123,(866) 530-5497,ALABAMA 03,R431,SUPPORT- PROFESSIONAL: HUMAN RESOURCES,541612.0,"HUMAN RESOURCES CONSULTING SERVICES (2007), HUMAN RESOURCES AND EXECUTIVE SEARCH CONSULTING SERVICES (2002)",TX,,USA,EL PASO,EL PASO,,79930,2242.0,,2025-04-15-0533
36C24E24P0057,Department of Veterans Affairs,JESSE COUGLE,11600.0,"OTHER SCIENTIFIC AND TECHNICAL CONSULTING SERVICES CONSULTING SERVICES FOR DEVELOPING, TESTING, AND REFINING COMPUTERIZED INTERVENTIONS",TERMINATED,https://www.fpds.gov/ezsearch/jsp/viewLinkController.jsp?agencyID=3600&PIID=36C24E24P0057&modNumber=P00001&idvAgencyID=&idvPIID=&contractType=AWARD,4/2/2025,0.0,3600,36C24E24P0057,P00001,,,,03/05/2025,07/01/2024,03/05/2025,03/05/2025,,0.0,11600.0,0.0,11600.0,-11600.0,11600.0,EVK4XM3THQH4,JESSE COUGLE,,9XV47,326 DE SOTO ST,,TALLAHASSEE,FL,323035628,USA,UNITED STATES,(850) 345-8488,,FLORIDA 02,AN11,HEALTH R&D SERVICES; HEALTH CARE SERVICES; BASIC RESEARCH,541690.0,OTHER SCIENTIFIC AND TECHNICAL CONSULTING SERVICES,FL,,USA,LEON,TALLAHASSEE,,32303,5628.0,,2025-04-15-0533
36C26224N0457,Department of Veterans Affairs,"SCOUT ENVIRONMENTAL, INC.",87643.0,ENVIRONMENTAL CONSULTING SERVICES NHPA,TERMINATED,https://www.fpds.gov/ezsearch/jsp/viewLinkController.jsp?agencyID=3600&PIID=36C26224N0457&modNumber=P00002&idvAgencyID=&idvPIID=36C26222D0029&contractType=AWARD,4/2/2025,0.0,3600,36C26224N0457,P00002,3600,36C26222D0029,0,03/25/2025,03/01/2024,02/28/2026,02/28/2027,01/28/2022,-148828.0,87643.02,-148828.0,87643.02,-148828.0,87643.02,R8U5PTMAFZN7,"SCOUT ENVIRONMENTAL, INC.",,80W48,169 SAXONY RD STE 214,,ENCINITAS,CA,920246781,USA,UNITED STATES,(760) 239-9611,,CALIFORNIA 49,U009,EDUCATION/TRAINING- GENERAL,541620.0,ENVIRONMENTAL CONSULTING SERVICES,CA,,USA,LOS ANGELES,LONG BEACH,,90822,1006.0,,2025-04-15-0533
36C26224P2070,Department of Veterans Affairs,"UNIVERSITY OF CALIFORNIA, IRVINE",14000.0,OTHER SCIENTIFIC AND TECHNICAL CONSULTING SERVICES PROCESS A LARGE DATASETS FOR INTERPRETATION AS WELL AS METHYLATION DIFFERENCES BETWEEN EXPOSED AND UNEXPOSED TISSUES SERVICES FOR RESEARCH.,TERMINATED,https://www.fpds.gov/ezsearch/jsp/viewLinkController.jsp?agencyID=3600&PIID=36C26224P2070&modNumber=P00001&idvAgencyID=&idvPIID=&contractType=AWARD,4/2/2025,0.0,3600,36C26224P2070,P00001,,,,03/26/2025,09/01/2024,03/31/2025,03/31/2025,,-10000.0,14000.0,-10000.0,14000.0,-10000.0,14000.0,FGZMLCSN41Q4,"UNIVERSITY OF CALIFORNIA, IRVINE",,8RU48,101 THE CITY DRIVE,,ORANGE,CA,928683201,USA,UNITED STATES,(949) 824-1233,,CALIFORNIA 46,AJ11,GENERAL SCIENCE AND TECHNOLOGY R&D SERVICES; GENERAL SCIENCE AND TECHNOLOGY; BASIC RESEARCH,541690.0,OTHER SCIENTIFIC AND TECHNICAL CONSULTING SERVICES,CA,,USA,LOS ANGELES,LONG BEACH,,90822,1006.0,,2025-04-15-0533
36C10X21C0067,Department of Veterans Affairs,"FIRST ENVIRONMENT, INC.",6321723.0,ENVIRONMENTAL CONSULTING SERVICES ESG INFORMATION CONSULTING AND ANALYTICS FOR VBA'S LGY,TERMINATED,https://www.fpds.gov/ezsearch/jsp/viewLinkController.jsp?agencyID=3600&PIID=36C10X21C0067&modNumber=P00005&idvAgencyID=&idvPIID=&contractType=AWARD,4/1/2025,1360083.0,3600,36C10X21C0067,P00005,,,,02/25/2025,09/27/2021,02/25/2025,02/25/2025,09/15/2021,0.0,4961640.2,0.0,4961640.2,0.0,6321723.02,FWE5JGSJCBD9,"FIRST ENVIRONMENT, INC.",,1JQG4,10 PARK PL STE 504 BLDG 1A,,BUTLER,NJ,074051327,USA,UNITED STATES,(973) 334-0003,(973) 334-0928,NEW JERSEY 11,R499,SUPPORT- PROFESSIONAL: OTHER,541620.0,ENVIRONMENTAL CONSULTING SERVICES,NJ,,USA,MORRIS,BUTLER,,07405,1371.0,,2025-04-15-0533
36C24124P0913,Department of Veterans Affairs,"RESEARCHTALK, INC.",15165.0,OTHER SCIENTIFIC AND TECHNICAL CONSULTING SERVICES QUALITATIVE RESEARCH TRAINING,TERMINATED,https://www.fpds.gov/ezsearch/jsp/viewLinkController.jsp?agencyID=3600&PIID=36C24124P0913&modNumber=P00001&idvAgencyID=&idvPIID=&contractType=AWARD,4/1/2025,0.0,3600,36C24124P0913,P00001,,,,03/10/2025,08/28/2024,08/27/2025,08/27/2025,08/16/2024,-35885.0,15165.0,-35885.0,15165.0,-35885.0,15165.0,MEM7CMBVTF75,"RESEARCHTALK, INC.",,1R3R9,1025 WATERFORD LAKE DRIVE,,CARY,NC,275196552,USA,UNITED STATES,(631) 218-8875,(631) 218-8873,NORTH CAROLINA 02,U004,EDUCATION/TRAINING- SCIENTIFIC/MANAGEMENT,541690.0,OTHER SCIENTIFIC AND TECHNICAL CONSULTING SERVICES,MA,,USA,SUFFOLK,JAMAICA PLAIN,,02130,1719.0,,2025-04-15-0533
36C25024P0376,Department of Veterans Affairs,SALVADORINI CONSULTING LLC,688960.0,OTHER COMMERCIAL AND INDUSTRIAL MACHINERY AND EQUIPMENT RENTAL AND LEASING HOSPITAL MRI TRAILER RENTAL,TERMINATED,https://www.fpds.gov/ezsearch/jsp/viewLinkController.jsp?agencyID=3600&PIID=36C25024P0376&modNumber=P00003&idvAgencyID=&idvPIID=&contractType=AWARD,4/1/2025,0.0,3600,36C25024P0376,P00003,,,,03/18/2025,12/20/2023,03/12/2025,03/12/2025,12/01/2023,0.0,688960.0,0.0,688960.0,0.0,688960.0,HFMDGMCHN333,SALVADORINI CONSULTING LLC,,3DGS2,2550 MERIDIAN BLVD STE 200 # 108,,FRANKLIN,TN,370676384,USA,UNITED STATES,(248) 521-0019,,TENNESSEE 05,W054,LEASE OR RENTAL OF EQUIPMENT- PREFABRICATED STRUCTURES AND SCAFFOLDING,532490.0,OTHER COMMERCIAL AND INDUSTRIAL MACHINERY AND EQUIPMENT RENTAL AND LEASING,OH,,USA,FRANKLIN,COLUMBUS,,43219,3494.0,,2025-04-15-0533
36C26225C0116,Department of Veterans Affairs,CYNERGY PROFESSIONAL SYSTEMS LLC,16930.0,ENVIRONMENTAL CONSULTING SERVICES EMS SANITATION QA TECH,TERMINATED,https://www.fpds.gov/ezsearch/jsp/viewLinkController.jsp?agencyID=3600&PIID=36C26225C0116&modNumber=P00002&idvAgencyID=&idvPIID=&contractType=AWARD,4/1/2025,0.0,3600,36C26225C0116,P00002,,,,03/21/2025,02/01/2025,03/03/2025,03/03/2025,01/06/2025,-9978.0,16930.0,-9978.0,16930.0,-78660.66,16930.0,GK55J77VGN84,CYNERGY PROFESSIONAL SYSTEMS LLC,,5QEP7,23187 LA CADENA DR STE 102,,LAGUNA HILLS,CA,926531481,USA,UNITED STATES,(949) 340-0149,(949) 354-5517,CALIFORNIA 47,R702,SUPPORT- MANAGEMENT: DATA COLLECTION,541620.0,ENVIRONMENTAL CONSULTING SERVICES,CA,,USA,ORANGE,LAGUNA HILLS,,92653,1481.0,,2025-04-15-0533
36C24520F0774,Department of Veterans Affairs,A-TEAM SOLUTIONS LLC,1294937.0,ADMINISTRATIVE MANAGEMENT AND GENERAL MANAGEMENT CONSULTING SERVICES VISN 5 DATA WAREHOUSE,TERMINATED,https://www.fpds.gov/ezsearch/jsp/viewLinkController.jsp?agencyID=3600&PIID=36C24520F0774&modNumber=P00009&idvAgencyID=&idvPIID=GS10F0186T&contractType=AWARD,4/1/2025,0.0,3600,36C24520F0774,P00009,4730,GS10F0186T,PA0044,03/27/2025,09/21/2020,04/30/2025,04/30/2025,08/07/2020,0.0,1294937.26,0.0,1294937.26,0.0,1294937.26,GVBWHEPLMFJ9,A-TEAM SOLUTIONS LLC,,3X4N3,8115 MAPLE LAWN BLVD STE 350,,FULTON,MD,207592683,USA,UNITED STATES,(888) 835-0783,(202) 517-9172,MARYLAND 03,D311,IT AND TELECOM- DATA CONVERSION,541611.0,ADMINISTRATIVE MANAGEMENT AND GENERAL MANAGEMENT CONSULTING SERVICES,MD,,USA,ANNE ARUNDEL,LINTHICUM HEIGHTS,,21090,1601.0,,2025-04-15-0533
36C24722P1066,Department of Veterans Affairs,UNIVERSITY OF SOUTH CAROLINA,89893.0,OTHER SCIENTIFIC AND TECHNICAL CONSULTING SERVICES MOLECULAR ANALYSIS AND VECTOR RESEARCH SERVICE,TERMINATED,https://www.fpds.gov/ezsearch/jsp/viewLinkController.jsp?agencyID=3600&PIID=36C24722P1066&modNumber=P00005&idvAgencyID=&idvPIID=&contractType=AWARD,4/1/2025,26500.0,3600,36C24722P1066,P00005,,,,03/11/2025,08/12/2022,08/11/2025,08/11/2026,07/12/2022,-11078.19,63392.52,-11078.19,63392.52,-11078.19,89892.52,J22LNTMEDP73,UNIVERSITY OF SOUTH CAROLINA,,4B489,1600 HAMPTON ST # 414,,COLUMBIA,SC,292083403,USA,UNITED STATES,(803) 777-8749,(803) 777-4136,SOUTH CAROLINA 06,AF11,"EDUCATION, TRAINING, EMPLOYMENT, & SOCIAL SVCS R&D SVCS; EDUCATION SVCS R&D; BASIC RESEARCH",541690.0,OTHER SCIENTIFIC AND TECHNICAL CONSULTING SERVICES,SC,,USA,RICHLAND,COLUMBIA,,29209,2110.0,,2025-04-15-0533
36C25924C0078,Department of Veterans Affairs,"HEALTHCARE QUALITY ASSISTANCE GROUP, LLC",67375.0,OTHER MANAGEMENT CONSULTING SERVICES JOINT COMMISSION SURVEY CONSULTATION,TERMINATED,https://www.fpds.gov/ezsearch/jsp/viewLinkController.jsp?agencyID=3600&PIID=36C25924C0078&modNumber=P00001&idvAgencyID=&idvPIID=&contractType=AWARD,4/1/2025,0.0,3600,36C25924C0078,P00001,,,,03/20/2025,04/22/2024,03/20/2025,03/20/2025,04/12/2024,-28625.0,67375.0,-28625.0,67375.0,-28625.0,67375.0,K529N7Q89JF7,"HEALTHCARE QUALITY ASSISTANCE GROUP, LLC",HEALTHCARE QUALITY ASSISTANCE GROUP LLC,488Z5,2721 NW DENVER AVE,,LAWTON,OK,735053942,USA,UNITED STATES,(301) 237-6507,(301) 865-0693,OKLAHOMA 04,R410,SUPPORT- PROFESSIONAL: PROGRAM EVALUATION/REVIEW/DEVELOPMENT,541618.0,OTHER MANAGEMENT CONSULTING SERVICES,CO,,USA,ADAMS,AURORA,,80045,7603.0,,2025-04-15-0533
36C24520C0105,Department of Veterans Affairs,NATIONAL ACADEMY OF SCIENCES,75000.0,OTHER SCIENTIFIC AND TECHNICAL CONSULTING SERVICES NATIONAL ACADEMY OF SCIENCE FORUM,TERMINATED,https://www.fpds.gov/ezsearch/jsp/viewLinkController.jsp?agencyID=3600&PIID=36C24520C0105&modNumber=P00007&idvAgencyID=&idvPIID=&contractType=AWARD,4/1/2025,0.0,3600,36C24520C0105,P00007,,,,03/05/2025,04/08/2020,03/05/2025,03/05/2025,,0.0,75000.0,0.0,75000.0,0.0,75000.0,PKFJZHG2MLG9,NATIONAL ACADEMY OF SCIENCES,,1D969,2101 CONSTITUTION AVE NW,,WASHINGTON,DC,204180007,USA,UNITED STATES,(202) 334-2254,(202) 334-2797,DISTRICT OF COLUMBIA 98,U009,EDUCATION/TRAINING- GENERAL,541690.0,OTHER SCIENTIFIC AND TECHNICAL CONSULTING SERVICES,DC,,USA,DISTRICT OF COLUMBIA,WASHINGTON,,20418,7.0,,2025-04-15-0533
36C10F24N0033,Department of Veterans Affairs,ENVIRONMENTAL RESEARCH GROUP LLC,49921.0,ENVIRONMENTAL CONSULTING SERVICES THE VA HISTORIC PRESERVATION OFFICE HAS IDENTIFIED 4 NRHP-LISTED SITES THAT WERE LISTED ON THE NRHP AT LEAST 25 YEARS AGO AND ARE SUITABLE FOR REVISED NOMINATIONS. THIS PROJECT WILL RESULT IN FOUR REVISED NRHP NOMINATIONS.,TERMINATED,https://www.fpds.gov/ezsearch/jsp/viewLinkController.jsp?agencyID=3600&PIID=36C10F24N0033&modNumber=P00002&idvAgencyID=&idvPIID=36C10F23A0006&contractType=AWARD,4/1/2025,0.0,3600,36C10F24N0033,P00002,3600,36C10F23A0006,P00002,03/18/2025,09/25/2024,03/06/2025,03/06/2025,08/07/2024,-74881.45,49920.97,-74881.45,49920.97,-74881.45,49920.97,GB15HGP1LW68,ENVIRONMENTAL RESEARCH GROUP LLC,,1P0W9,6049 FALLS RD,,BALTIMORE,MD,212092215,USA,UNITED STATES,(410) 366-5170,(410) 366-5176,MARYLAND 02,R408,SUPPORT- PROFESSIONAL: PROGRAM MANAGEMENT/SUPPORT,541620.0,ENVIRONMENTAL CONSULTING SERVICES,MD,,USA,BALTIMORE,BALTIMORE,,21209,2215.0,,2025-04-15-0533
36C25024P0162,Department of Veterans Affairs,"HAAS GROUP INTERNATIONAL, LLC",47500.0,OTHER SCIENTIFIC AND TECHNICAL CONSULTING SERVICES CHEMICAL MANAGEMENT PROGRAM,TERMINATED,https://www.fpds.gov/ezsearch/jsp/viewLinkController.jsp?agencyID=3600&PIID=36C25024P0162&modNumber=P00004&idvAgencyID=&idvPIID=&contractType=AWARD,4/1/2025,28500.0,3600,36C25024P0162,P00004,,,,03/04/2025,10/30/2023,03/04/2025,03/04/2025,10/25/2023,0.0,19000.0,0.0,19000.0,0.0,47500.0,TH42CKFU5ZL7,"HAAS GROUP INTERNATIONAL, LLC",INCORA,1SPW4,1475 PHOENIXVILLE PIKE,STE 201,WEST CHESTER,PA,193801439,USA,UNITED STATES,(682) 715-2071,,PENNSYLVANIA 06,DA10,IT AND TELECOM - BUSINESS APPLICATION/APPLICATION DEVELOPMENT SOFTWARE AS A SERVICE,541690.0,OTHER SCIENTIFIC AND TECHNICAL CONSULTING SERVICES,OH,,USA,CUYAHOGA,CLEVELAND,,44106,8001.0,,2025-04-15-0533
36C24524N0607,Department of Veterans Affairs,ENVIRONMENTAL RESEARCH GROUP LLC,115102.0,ENVIRONMENTAL CONSULTING SERVICES ARCHAEOLOGICAL STUDY AT PP VAMC,TERMINATED,https://www.fpds.gov/ezsearch/jsp/viewLinkController.jsp?agencyID=3600&PIID=36C24524N0607&modNumber=P00003&idvAgencyID=&idvPIID=36C10F23A0006&contractType=AWARD,4/1/2025,0.0,3600,36C24524N0607,P00003,3600,36C10F23A0006,P00002,03/05/2025,08/05/2024,03/05/2025,03/05/2025,06/10/2024,0.0,115102.02,0.0,115102.02,0.0,115102.02,GB15HGP1LW68,ENVIRONMENTAL RESEARCH GROUP LLC,,1P0W9,6049 FALLS RD,,BALTIMORE,MD,212092215,USA,UNITED STATES,(410) 366-5170,(410) 366-5176,MARYLAND 02,R499,SUPPORT- PROFESSIONAL: OTHER,541620.0,ENVIRONMENTAL CONSULTING SERVICES,MD,,USA,CECIL,PERRY POINT,,21902,82.0,,2025-04-15-0533
36C26224P2237,Department of Veterans Affairs,"LEVERAGE POINT ENGINEERING, LLC",8125.0,OTHER SCIENTIFIC AND TECHNICAL CONSULTING SERVICES EXPERT CONSULTATION SERVICES FOR VAGLAHS PRINCIPLE INVESTIGATORS,TERMINATED,https://www.fpds.gov/ezsearch/jsp/viewLinkController.jsp?agencyID=3600&PIID=36C26224P2237&modNumber=P00001&idvAgencyID=&idvPIID=&contractType=AWARD,4/1/2025,0.0,3600,36C26224P2237,P00001,,,,03/11/2025,09/15/2024,03/04/2025,03/04/2025,,0.0,8125.0,0.0,8125.0,0.0,8125.0,DMRSKLVJWK33,"LEVERAGE POINT ENGINEERING, LLC",LEVERAGE POINT ENGINEERING LLC,63KU1,1580 CARDIFF RD,,COLUMBUS,OH,432213912,USA,UNITED STATES,(614) 486-3736,,OHIO 03,B529,SPECIAL STUDIES/ANALYSIS- SCIENTIFIC DATA,541690.0,OTHER SCIENTIFIC AND TECHNICAL CONSULTING SERVICES,CA,,USA,LOS ANGELES,LOS ANGELES,,90073,93.0,,2025-04-15-0533
36C24723P0026,Department of Veterans Affairs,"J.E. FEDERAL ENTERPRISES, LLC.",167040.0,"HUMAN RESOURCES CONSULTING SERVICES, HUMAN RESOURCES AND EXECUTIVE SEARCH CONSULTING SERVICES (2002) EAP SERVICES FOR THE CHARLESTON VAMC",TERMINATED,https://www.fpds.gov/ezsearch/jsp/viewLinkController.jsp?agencyID=3600&PIID=36C24723P0026&modNumber=P00003&idvAgencyID=&idvPIID=&contractType=AWARD,3/31/2025,66816.0,3600,36C24723P0026,P00003,,,,03/17/2025,10/01/2022,02/27/2025,02/27/2025,07/28/2022,0.0,80636.61,0.0,80636.61,0.0,147452.61,H2LJN48V3KD4,"J.E. FEDERAL ENTERPRISES, LLC.",,79W40,1455 REYNOLDS DR,,AUBURN,AL,368301869,USA,UNITED STATES,(866) 515-9123,(866) 530-5497,ALABAMA 03,R499,SUPPORT- PROFESSIONAL: OTHER,541612.0,"HUMAN RESOURCES CONSULTING SERVICES (2007), HUMAN RESOURCES AND EXECUTIVE SEARCH CONSULTING SERVICES (2002)",SC,,USA,CHARLESTON,CHARLESTON,,29401,5799.0,,2025-04-15-0533
36C26224P1889,Department of Veterans Affairs,PACIFIC COAST CONTRACTING GROUP,92000.0,ENVIRONMENTAL CONSULTING SERVICES SCAQMD ADMINISTRATIVE SERVICES,TERMINATED,https://www.fpds.gov/ezsearch/jsp/viewLinkController.jsp?agencyID=3600&PIID=36C26224P1889&modNumber=P00001&idvAgencyID=&idvPIID=&contractType=AWARD,3/31/2025,0.0,3600,36C26224P1889,P00001,,,,03/05/2025,08/09/2024,08/08/2025,08/08/2025,07/22/2024,0.0,92000.0,0.0,92000.0,0.0,92000.0,EG15L8DBNR78,PACIFIC COAST CONTRACTING GROUP,,88Q83,180 PROMENADE CIR STE 300,,SACRAMENTO,CA,958342952,USA,UNITED STATES,(808) 349-5139,,CALIFORNIA 06,R499,SUPPORT- PROFESSIONAL: OTHER,541620.0,ENVIRONMENTAL CONSULTING SERVICES,CA,,USA,LOS ANGELES,LOS ANGELES,,90073,93.0,,2025-04-15-0533
36C25622P0682,Department of Veterans Affairs,"INMAR RX SOLUTIONS, INC.",319800.0,"PROCESS, PHYSICAL DISTRIBUTION, AND LOGISTICS CONSULTING SERVICES RX REVERSE DISTRIBUTION SERVICES",TERMINATED,https://www.fpds.gov/ezsearch/jsp/viewLinkController.jsp?agencyID=3600&PIID=36C25622P0682&modNumber=P00008&idvAgencyID=&idvPIID=&contractType=AWARD,3/31/2025,135300.0,3600,36C25622P0682,P00008,,,,03/19/2025,04/01/2022,09/30/2025,09/30/2026,,-42025.0,184500.0,-42025.0,184500.0,-42025.0,319800.0,EJTWU37ZMY93,"INMAR RX SOLUTIONS, INC.",,84DK2,3845 GRAND LAKES WAY STE 125,,GRAND PRAIRIE,TX,750500012,USA,UNITED STATES,(336) 631-2628,,TEXAS 33,R499,SUPPORT- PROFESSIONAL: OTHER,541614.0,"PROCESS, PHYSICAL DISTRIBUTION, AND LOGISTICS CONSULTING SERVICES",MS,,USA,HINDS,JACKSON,,39216,5116.0,,2025-04-15-0533
36C25023C0010,Department of Veterans Affairs,HYPERION BIOTECHNOLOGY INC,120113.0,OTHER MANAGEMENT CONSULTING SERVICES IGF:CT:IGF:LEGIONELLA WATER,TERMINATED,https://www.fpds.gov/ezsearch/jsp/viewLinkController.jsp?agencyID=3600&PIID=36C25023C0010&modNumber=P00005&idvAgencyID=&idvPIID=&contractType=AWARD,3/31/2025,54415.0,3600,36C25023C0010,P00005,,,,03/04/2025,10/01/2022,03/04/2025,03/04/2025,08/01/2022,0.0,65697.76,0.0,65697.76,0.0,120112.76,PNW3QK1KV3M3,HYPERION BIOTECHNOLOGY INC,,1NYJ0,13302 LANGTRY ST,,SAN ANTONIO,TX,782481232,USA,UNITED STATES,(210) 493-7452,(210) 342-2005,TEXAS 21,L046,TECHNICAL REPRESENTATIVE- WATER PURIFICATION AND SEWAGE TREATMENT EQUIPMENT,541618.0,OTHER MANAGEMENT CONSULTING SERVICES,OH,,USA,CUYAHOGA,CLEVELAND,,44106,2369.0,,2025-04-15-0533
36C25623P0493,Department of Veterans Affairs,ADSURGO LLC,124197.0,OTHER SCIENTIFIC AND TECHNICAL CONSULTING SERVICES STATISTICAL SUPPORT SERVICES,TERMINATED,https://www.fpds.gov/ezsearch/jsp/viewLinkController.jsp?agencyID=3600&PIID=36C25623P0493&modNumber=P00002&idvAgencyID=&idvPIID=&contractType=AWARD,3/31/2025,0.0,3600,36C25623P0493,P00002,,,,03/04/2025,03/10/2023,02/25/2025,02/25/2025,12/23/2022,-31794.58,124196.97,-31794.58,124196.97,-287843.23,124196.97,H7JFSZ57MJE6,ADSURGO LLC,ADSURGO,5WXK0,5 PORTOFINO DRIVE #1302,,PENSACOLA BEACH,FL,325615428,USA,UNITED STATES,(210) 218-1384,,FLORIDA 21,R499,SUPPORT- PROFESSIONAL: OTHER,541690.0,OTHER SCIENTIFIC AND TECHNICAL CONSULTING SERVICES,TX,,USA,HARRIS,HOUSTON,,77030,4298.0,,2025-04-15-0533
36C25625N0096,Department of Veterans Affairs,"UNITED RETURNS, INC.",15000.0,"PROCESS, PHYSICAL DISTRIBUTION, AND LOGISTICS CONSULTING SERVICES PHARMACY REVERSE DISTRIBUTION AND DESTRUCTION SERVICE",TERMINATED,https://www.fpds.gov/ezsearch/jsp/viewLinkController.jsp?agencyID=3600&PIID=36C25625N0096&modNumber=P00004&idvAgencyID=&idvPIID=36C25623D0090&contractType=AWARD,3/31/2025,0.0,3600,36C25625N0096,P00004,3600,36C25623D0090,0,03/12/2025,10/01/2024,03/12/2025,03/12/2025,09/30/2024,-60000.0,15000.0,-60000.0,15000.0,-60000.0,15000.0,WCEBFNYSNJW6,"UNITED RETURNS, INC.",UNITED RETURNS INC,7PST9,78 CROSSWAY E,,BOHEMIA,NY,117161203,USA,UNITED STATES,(844) 741-9718,,NEW YORK 02,Q517,PHARMACY SERVICES,541614.0,"PROCESS, PHYSICAL DISTRIBUTION, AND LOGISTICS CONSULTING SERVICES",AR,,USA,PULASKI,NORTH LITTLE ROCK,,72114,5394.0,,2025-04-15-0533
36C10D21F0002,Department of Veterans Affairs,"BEST VALUE TECHNOLOGY, INC.",39773202.0,Quality Assessment and Monitoring (QA&M) for the VBA Office of Business Integration.,OTHER ADMINISTRATIVE ACTION,https://www.fpds.gov/ezsearch/jsp/viewLinkController.jsp?agencyID=3600&PIID=36C10D21F0002&modNumber=P00018&idvAgencyID=&idvPIID=GS10F227AA&contractType=AWARD,3/12/2025,21011308.0,3600,36C10D21F0002,P00018,4732,GS10F227AA,PA0019,04/10/2025,11/29/2020,11/28/2025,11/28/2025,09/01/2020,-655057.36,19116662.41,-655057.36,26279687.66,-655057.36,39118144.42,NVBULU4RNZ97,"BEST VALUE TECHNOLOGY, INC.",,1YL61,1417 LILY ESTATES DR,,RALEIGH,NC,276146003,USA,UNITED STATES,(703) 229-4200,(703) 229-4229,NORTH CAROLINA 02,R499,SUPPORT- PROFESSIONAL: OTHER,541611.0,ADMINISTRATIVE MANAGEMENT AND GENERAL MANAGEMENT CONSULTING SERVICES,VA,,USA,PRINCE WILLIAM,HAYMARKET,,20169,1667.0,,2025-04-15-0533
36C25921F0472,Department of Veterans Affairs,PLANATE MANAGEMENT GROUP LLC,3313328.0,This contract assists the Grand Junction VA in performing Architect & Engineering type services for the day-to-day project and construction management for the Western Colorado Health Care System.,TERMINATED,https://www.fpds.gov/ezsearch/jsp/viewLinkController.jsp?agencyID=3600&PIID=36C25921F0472&modNumber=P00007&idvAgencyID=&idvPIID=GS23F058AA&contractType=AWARD,3/12/2025,746814.0,3600,36C25921F0472,P00007,4732,GS23F058AA,PW0020,03/28/2025,09/30/2021,03/04/2025,03/04/2025,07/01/2021,-477368.31,2089145.99,-477368.31,2089145.99,-477368.31,2835959.79,ZL3LH37LF183,PLANATE MANAGEMENT GROUP LLC,,4XZF6,1800 DIAGONAL RD,STE 600,ALEXANDRIA,VA,22314,USA,UNITED STATES,(703) 232-1491,(866) 844-4373, ,C1DA,ARCHITECT AND ENGINEERING- CONSTRUCTION: HOSPITALS AND INFIRMARIES,541611.0,ADMINISTRATIVE MANAGEMENT AND GENERAL MANAGEMENT CONSULTING SERVICES,CO,,USA,MESA,GRAND JUNCTION,,81501,8925.0,,2025-04-15-0533
36C10G23C0004,Department of Veterans Affairs,FAIR HEALTH INC,1709781.0,Dental Data and Medical Benchmarks,EXERCISE AN OPTION,https://www.fpds.gov/ezsearch/jsp/viewLinkController.jsp?agencyID=3600&PIID=36C10G23C0004&modNumber=P00003&idvAgencyID=&idvPIID=&contractType=AWARD,3/12/2025,1211581.0,3600,36C10G23C0004,P00003,,,,04/10/2025,03/01/2023,02/28/2026,02/29/2028,01/10/2023,239178.0,737378.5,239178.0,923728.5,0.0,1709781.0,RJMZF2EL2EE5,"FAIR HEALTH, INC.",,6CET5,530 5TH AVE FL 18,,NEW YORK,NY,100365109,USA,UNITED STATES,(212) 370-0704,(315) 515-6107,NEW YORK 10,R499,SUPPORT- PROFESSIONAL: OTHER,541611.0,ADMINISTRATIVE MANAGEMENT AND GENERAL MANAGEMENT CONSULTING SERVICES,NY,,USA,NEW YORK,NEW YORK,,10036,4271.0,,2025-04-15-0533
36C10F24F50015,Department of Veterans Affairs,LRS FEDERAL LLC,457385.0,"Environmental Due Diligence Services Clarksville, Baton Rouge, Nashville",TERMINATED,https://www.fpds.gov/ezsearch/jsp/viewLinkController.jsp?agencyID=3600&PIID=36C10F24F50015&modNumber=P00002&idvAgencyID=&idvPIID=GS10F0360T&contractType=AWARD,3/11/2025,0.0,3600,36C10F24F50015,P00002,4730,GS10F0360T,PA0022,04/04/2025,09/04/2024,03/04/2025,03/04/2025,07/25/2024,-66305.81,391078.91,-66305.81,391078.91,-66305.81,391078.91,K51NQNM7EXF1,LRS FEDERAL LIMITED LIABILITY COMPANY,,4B5X4,565 BENFIELD RD STE 400,,SEVERNA PARK,MD,211462517,USA,UNITED STATES,(410) 544-3570,(410) 647-4183,MARYLAND 03,B510,SPECIAL STUDIES/ANALYSIS- ENVIRONMENTAL ASSESSMENTS,541620.0,ENVIRONMENTAL CONSULTING SERVICES,DC,,USA,DISTRICT OF COLUMBIA,WASHINGTON,,20001,1152.0,,2025-04-15-0533
36C77620P0077,Department of Veterans Affairs,"BOOK ZURMAN, INC.",3199464.0,HEALTH INFORMATION GOVERNANCE (HIG) NATIONAL DATA SYSTEMS (NDS),TERMINATED,https://www.fpds.gov/ezsearch/jsp/viewLinkController.jsp?agencyID=3600&PIID=36C77620P0077&modNumber=P00020&idvAgencyID=&idvPIID=&contractType=AWARD,3/6/2025,899953.0,3600,36C77620P0077,P00020,,,,04/04/2025,05/01/2020,03/04/2025,03/04/2025,,-219814.25,2079393.01,-219814.25,2371788.37,-219814.25,2423032.35,E9N2H4LL2BW5,"BOOK ZURMAN, INC.",,64HM5,360 CENTRAL AVE STE 970,,SAINT PETERSBURG,FL,337013857,USA,UNITED STATES,(727) 378-9026,(727) 378-9025,FLORIDA 13,R408,SUPPORT- PROFESSIONAL: PROGRAM MANAGEMENT/SUPPORT,541611.0,ADMINISTRATIVE MANAGEMENT AND GENERAL MANAGEMENT CONSULTING SERVICES,FL,,USA,PINELLAS,SAINT PETERSBURG,,33701,5140.0,,2025-04-15-0533
36C24525P0203,Department of Veterans Affairs,"UNIVERSITY OF MARYLAND, BALTIMORE",394311.0,MEDICAL RESEARCH UMD,TERMINATED,https://www.fpds.gov/ezsearch/jsp/viewLinkController.jsp?agencyID=3600&PIID=36C24525P0203&modNumber=P00002&idvAgencyID=&idvPIID=&contractType=AWARD,3/6/2025,0.0,3600,36C24525P0203,P00002,,,,04/10/2025,12/27/2024,03/05/2025,03/05/2025,12/01/2024,-301532.82,92777.7,-301532.82,92777.7,-301532.82,92777.7,Z9CRZKD42ZT1,"UNIVERSITY OF MARYLAND, BALTIMORE",,1B0S2,220 ARCH ST OFC LEVEL2,,BALTIMORE,MD,212011531,USA,UNITED STATES,(410) 706-1101,,MARYLAND 07,AJ11,GENERAL SCIENCE AND TECHNOLOGY R&D SERVICES; GENERAL SCIENCE AND TECHNOLOGY; BASIC RESEARCH,541611.0,ADMINISTRATIVE MANAGEMENT AND GENERAL MANAGEMENT CONSULTING SERVICES,MD,,USA,BALTIMORE CITY,BALTIMORE,,21202,2600.0,,2025-04-15-0533
36C77625P0006,Department of Veterans Affairs,"ROCK FERRY STATION, LLC",396533.0,PROFESSIONAL AND TECHNICAL SERVICES BRIDGE CONTRACT,TERMINATED,https://www.fpds.gov/ezsearch/jsp/viewLinkController.jsp?agencyID=3600&PIID=36C77625P0006&modNumber=P00002&idvAgencyID=&idvPIID=&contractType=AWARD,3/6/2025,0.0,3600,36C77625P0006,P00002,,,,04/04/2025,11/01/2024,03/04/2025,03/04/2025,10/09/2024,-82413.0,314120.0,-82413.0,314120.0,-82413.0,314120.0,QHXFRFVWSPW5,"ROCK FERRY STATION, LLC",,801X8,74 CLEARSTREAM RD,,HARPERS FERRY,WV,254251702,USA,UNITED STATES,(443) 540-4914,,WEST VIRGINIA 02,R499,SUPPORT- PROFESSIONAL: OTHER,541611.0,ADMINISTRATIVE MANAGEMENT AND GENERAL MANAGEMENT CONSULTING SERVICES,WV,,USA,JEFFERSON,HARPERS FERRY,,25425,1702.0,,2025-04-15-0533
36C10X23F0072,Department of Veterans Affairs,COMMISSION ON ACCREDITATION OF REHABILITATION FACILITIES,3453928.0,USPEQ REHABILITATION SURVEYS WITHIN VA MEDICAL AND PSYCHOSOCIAL REHABILITATION PROGRAMS.,TERMINATED,https://www.fpds.gov/ezsearch/jsp/viewLinkController.jsp?agencyID=3600&PIID=36C10X23F0072&modNumber=P00004&idvAgencyID=&idvPIID=GS10F0233W&contractType=AWARD,3/5/2025,2082276.0,3600,36C10X23F0072,P00004,4730,GS10F0233W,PS0023,04/01/2025,08/10/2023,04/01/2025,04/01/2025,08/07/2023,0.0,1371652.66,0.0,1371652.66,0.0,3453928.45,MB1MTV5XA648,COMMISSION ON ACCREDITATION OF REHABILITATION FACILITIES,,4BEK9,6951 E SOUTHPOINT RD,,TUCSON,AZ,857569407,USA,UNITED STATES,(520) 325-1044,(520) 318-1129,ARIZONA 06,R410,SUPPORT- PROFESSIONAL: PROGRAM EVALUATION/REVIEW/DEVELOPMENT,541611.0,ADMINISTRATIVE MANAGEMENT AND GENERAL MANAGEMENT CONSULTING SERVICES,AZ,,USA,PIMA,TUCSON,,85756,5278.0,,2025-04-15-0533
36C10X23C0061,Department of Veterans Affairs,CUP OF TEA LLC,782333.96,MENTAL HEALTH AND WELLNESS SESSIONS,TERMINATED,https://www.fpds.gov/ezsearch/jsp/viewLinkController.jsp?agencyID=3600&PIID=36C10X23C0061&modNumber=P00005&idvAgencyID=&idvPIID=&contractType=AWARD,5/1/2025,0.0,3600,36C10X23C0061,P00005,,,,04/25/2025,09/27/2023,02/15/2025,02/15/2025,08/17/2023,-299325.04,782333.96,-299325.04,782333.96,-1247651.04,782333.96,KTDKKLAJFJH7,CUP OF TEA LLC,KYM ALI CONSULTING,8U1L8,6611 TIMBER RIDGE LN,,BRYANS ROAD,MD,206166118,USA,UNITED STATES,(800) 511-0933,,MARYLAND 05,R408,SUPPORT- PROFESSIONAL: PROGRAM MANAGEMENT/SUPPORT,541611.0,ADMINISTRATIVE MANAGEMENT AND GENERAL MANAGEMENT CONSULTING SERVICES,MD,,USA,CHARLES,BRYANS ROAD,,20616,6118.0,,2025-05-03-2033
36C26024N0292,Department of Veterans Affairs,"INFORMATION SCIENCES CONSULTING, INCORPORATED",152913.72,ADMINISTRATIVE MANAGEMENT AND GENERAL MANAGEMENT CONSULTING SERVICES: SUPPLY TECHNICIANS FOR PORTLAND VAMC,TERMINATED,https://www.fpds.gov/ezsearch/jsp/viewLinkController.jsp?agencyID=3600&PIID=36C26024N0292&modNumber=P00001&idvAgencyID=&idvPIID=36C10X18D0011&contractType=AWARD,5/1/2025,0.0,3600,36C26024N0292,P00001,3600,36C10X18D0011,0,04/21/2025,06/01/2024,04/21/2025,04/21/2025,04/04/2024,-65985.48,152913.72,-65985.48,152913.72,-941582.28,152913.72,DMNJHUPKNTA1,"INFORMATION SCIENCES CONSULTING, INCORPORATED",ISCI,1TGA9,10432 BALLS FORD RD STE 300,,MANASSAS,VA,201092517,USA,UNITED STATES,(703) 581-7253,(571) 461-1979,VIRGINIA 10,R706,SUPPORT- MANAGEMENT: LOGISTICS SUPPORT,541611.0,ADMINISTRATIVE MANAGEMENT AND GENERAL MANAGEMENT CONSULTING SERVICES,OR,,USA,MULTNOMAH,PORTLAND,,97239,1480.0,,2025-05-03-2033
36C24524N0866,Department of Veterans Affairs,"INFORMATION SCIENCES CONSULTING, INCORPORATED",286667.86,ADMINISTRATIVE MANAGEMENT AND GENERAL MANAGEMENT CONSULTING SERVICES: TEMPORARY SUPPLY TECHNICIAN,TERMINATED,https://www.fpds.gov/ezsearch/jsp/viewLinkController.jsp?agencyID=3600&PIID=36C24524N0866&modNumber=P00001&idvAgencyID=&idvPIID=36C10X18D0011&contractType=AWARD,4/30/2025,0.0,3600,36C24524N0866,P00001,3600,36C10X18D0011,0,04/24/2025,09/01/2024,03/04/2025,03/04/2025,08/23/2024,0.0,286667.86,0.0,286667.86,0.0,286667.86,DMNJHUPKNTA1,"INFORMATION SCIENCES CONSULTING, INCORPORATED",ISCI,1TGA9,10432 BALLS FORD RD STE 300,,MANASSAS,VA,201092517,USA,UNITED STATES,(703) 581-7253,(571) 461-1979,VIRGINIA 10,R706,SUPPORT- MANAGEMENT: LOGISTICS SUPPORT,541611.0,ADMINISTRATIVE MANAGEMENT AND GENERAL MANAGEMENT CONSULTING SERVICES,WV,,USA,BERKELEY,MARTINSBURG,,25405,5810.0,,2025-05-03-2033
36C77623P0061,Department of Veterans Affairs,ALL IN SOLUTIONS LLC,571500.0,CASE MANAGEMENT ONLINE TRAINING,TERMINATED,https://www.fpds.gov/ezsearch/jsp/viewLinkController.jsp?agencyID=3600&PIID=36C77623P0061&modNumber=P00003&idvAgencyID=&idvPIID=&contractType=AWARD,4/28/2025,342900.0,3600,36C77623P0061,P00003,,,,04/18/2025,06/01/2023,04/18/2025,04/18/2025,03/23/2023,0.0,228600.0,0.0,228600.0,0.0,571500.0,JJLMBNFX4JH5,ALL IN SOLUTIONS LLC,ALL IN SOLUTIONS LLC,7ML48,3940 PLANK RD,STE Y,FREDERICKSBURG,VA,224076874,USA,UNITED STATES,(540) 318-7077,,VIRGINIA 07,U005,EDUCATION/TRAINING- TUITION/REGISTRATION/MEMBERSHIP FEES,611430.0,PROFESSIONAL AND MANAGEMENT DEVELOPMENT TRAINING,VA,,USA,SPOTSYLVANIA,FREDERICKSBURG,,22407,6874.0,,2025-05-03-2033
36C77623P0082,Department of Veterans Affairs,CONCOURSE FEDERAL GROUP LLC,391974.61,"PROCESS, PHYSICAL DISTRIBUTION, AND LOGISTICS CONSULTING SERVICES",TERMINATED,https://www.fpds.gov/ezsearch/jsp/viewLinkController.jsp?agencyID=3600&PIID=36C77623P0082&modNumber=P00006&idvAgencyID=&idvPIID=&contractType=AWARD,4/28/2025,185674.56,3600,36C77623P0082,P00006,,,,04/22/2025,07/15/2023,03/06/2025,03/06/2025,04/27/2023,-84127.35,206300.05,-84127.35,206300.05,-84127.35,391974.61,KD6WCU5JHKW5,CONCOURSE FEDERAL GROUP LLC,,5HAY6,123 S ROYAL ST,,ALEXANDRIA,VA,223143327,USA,UNITED STATES,(703) 945-4208,(410) 267-7406,VIRGINIA 09,Q702,TECHNICAL MEDICAL SUPPORT,541614.0,"PROCESS, PHYSICAL DISTRIBUTION, AND LOGISTICS CONSULTING SERVICES",CA,,USA,SAN MATEO,DALY CITY,,94016,18.0,,2025-05-03-2033
36C77623P0119,Department of Veterans Affairs,VETERAN ENTERPRISE TECHNOLOGY SERVICES LLC,4705153.73,ADMINISTRATIVE MANAGEMENT AND GENERAL MANAGEMENT CONSULTING SERVICES HUMAN RESOURCE DEVELOPMENT PROGRAM EVALUATION AND MANAGEMENT,TERMINATED,https://www.fpds.gov/ezsearch/jsp/viewLinkController.jsp?agencyID=3600&PIID=36C77623P0119&modNumber=P00003&idvAgencyID=&idvPIID=&contractType=AWARD,4/23/2025,3881241.78,3600,36C77623P0119,P00003,,,,04/16/2025,09/25/2023,02/20/2025,02/20/2025,05/18/2023,-1024888.05,823911.95,-1024888.05,823911.95,-1024888.05,4705153.73,GDKYW6MF1RW5,VETERAN ENTERPRISE TECHNOLOGY SERVICES LLC,VETS,3EEX9,20130 LAKEVIEW CENTER PLZ,STE 400,ASHBURN,VA,201475905,USA,UNITED STATES,(520) 495-0066,(703) 666-8290,VIRGINIA 10,R410,SUPPORT- PROFESSIONAL: PROGRAM EVALUATION/REVIEW/DEVELOPMENT,541611.0,ADMINISTRATIVE MANAGEMENT AND GENERAL MANAGEMENT CONSULTING SERVICES,VA,,USA,LOUDOUN,ASHBURN,,20147,5095.0,,2025-05-03-2033
36C10D24F0037,Department of Veterans Affairs,"FOUR POINTS TECHNOLOGY, L.L.C.",8421815.6,ADOBE LMS CONNECT ONLINE SERVICES ORDER,TERMINATED,https://www.fpds.gov/ezsearch/jsp/viewLinkController.jsp?agencyID=3600&PIID=36C10D24F0037&modNumber=P00001&idvAgencyID=&idvPIID=NNG15SD22B&contractType=AWARD,4/17/2025,5713387.2,3600,36C10D24F0037,P00001,8000,NNG15SD22B,43,02/21/2025,05/28/2024,02/21/2025,02/21/2025,03/25/2024,0.0,2708428.4,0.0,2708428.4,0.0,8421815.6,H1KHJPJH9R51,"FOUR POINTS TECHNOLOGY, L.L.C.",,1YS78,13221 WOODLAND PARK RD,STE 400,HERNDON,VA,201715505,USA,UNITED STATES,(703) 657-6127,(703) 657-6135,VIRGINIA 11,DH01,"IT AND TELECOM - PLATFORM SUPPORT SERVICES: DATABASE, MAINFRAME, MIDDLEWARE (LABOR)",541519.0,OTHER COMPUTER RELATED SERVICES,DC,,USA,DISTRICT OF COLUMBIA,WASHINGTON,,20006,1053.0,,2025-05-03-2033
36C10B24F0382,Department of Veterans Affairs,SPREZZATURA-GOVERNMENTCIO JOINT VENTURE LLC,726029.02,"ENTERPRISE BUSINESS AND TECHNICAL IT STRATEGIC SUPPORT SERVICES TO ASSIST IN ELIMINATING THE USE OF SOCIAL SECURITY NUMBERS, AS IDENTIFIERS OR AUTHENTICATORS, FROM ALL VA IT PRODUCTS AND IT SYSTEMS.",TERMINATED,https://www.fpds.gov/ezsearch/jsp/viewLinkController.jsp?agencyID=3600&PIID=36C10B24F0382&modNumber=P00002&idvAgencyID=&idvPIID=47QTCA22D001K&contractType=AWARD,4/14/2025,0.0,3600,36C10B24F0382,P00002,4732,47QTCA22D001K,PA0006,04/08/2025,09/25/2024,03/14/2025,03/14/2025,08/22/2024,-2347819.78,726029.02,-2347819.78,726029.02,-11159975.57,726029.02,MJYJGLY628M7,SPREZZATURA-GOVERNMENTCIO JOINT VENTURE LLC,,8C1M2,6224 NELWAY DR,,MC LEAN,VA,221013140,USA,UNITED STATES,(202) 841-0644,,VIRGINIA 08,R499,SUPPORT- PROFESSIONAL: OTHER,541511.0,CUSTOM COMPUTER PROGRAMMING SERVICES,VA,,USA,ARLINGTON,ARLINGTON,,22209,3196.0,,2025-05-03-2033
36C25922P1161,Department of Veterans Affairs,"ADVISORY BOARD COMPANY, THE",82259.48,ADMINISTRATIVE MANAGEMENT AND GENERAL MANAGEMENT CONSULTING SERVICES NURSING MANAGERIAL LEADERSHIP AND EDUCATION SUPPORT SERVICES,TERMINATED,https://www.fpds.gov/ezsearch/jsp/viewLinkController.jsp?agencyID=3600&PIID=36C25922P1161&modNumber=P00003&idvAgencyID=&idvPIID=&contractType=AWARD,4/14/2025,0.0,3600,36C25922P1161,P00003,,,,04/07/2025,09/19/2022,02/25/2025,02/25/2025,09/06/2022,-17139.52,82259.48,-17139.52,82259.48,-89339.52,82259.48,H1MSGK24RQN4,"ADVISORY BOARD COMPANY, THE",ADVISORY BOARD,1NYJ4,655 NEW YORK NW,,WASHINGTON,DC,200014593,USA,UNITED STATES,(952) 205-6183,(202) 266-5700,DISTRICT OF COLUMBIA 98,U005,EDUCATION/TRAINING- TUITION/REGISTRATION/MEMBERSHIP FEES,541611.0,ADMINISTRATIVE MANAGEMENT AND GENERAL MANAGEMENT CONSULTING SERVICES,UT,,USA,SALT LAKE,SALT LAKE CITY,,84148,1.0,,2025-05-03-2033
36C24723P1120,Department of Veterans Affairs,CONCOURSE FEDERAL GROUP LLC,209367.23,ADMINISTRATIVE MANAGEMENT AND GENERAL MANAGEMENT CONSULTING SERVICES SPACE MANAGEMENT SERVICE,TERMINATED,https://www.fpds.gov/ezsearch/jsp/viewLinkController.jsp?agencyID=3600&PIID=36C24723P1120&modNumber=P00003&idvAgencyID=&idvPIID=&contractType=AWARD,4/14/2025,0.0,3600,36C24723P1120,P00003,,,,03/26/2025,08/01/2023,03/26/2025,03/26/2025,07/03/2023,-64632.77,209367.23,-64632.77,209367.23,-173632.77,209367.23,KD6WCU5JHKW5,CONCOURSE FEDERAL GROUP LLC,,5HAY6,123 S ROYAL ST,,ALEXANDRIA,VA,223143327,USA,UNITED STATES,(703) 945-4208,(410) 267-7406,VIRGINIA 09,R704,SUPPORT- MANAGEMENT: AUDITING,541611.0,ADMINISTRATIVE MANAGEMENT AND GENERAL MANAGEMENT CONSULTING SERVICES,AL,,USA,TUSCALOOSA,TUSCALOOSA,,35404,5184.0,,2025-05-03-2033
36C24E21D0021,Department of Veterans Affairs,BROWN UNIVERSITY,180000.0,"Veterinary clinical services, regulatory oversight and support to VA researchers.",TERMINATED,https://www.fpds.gov/ezsearch/jsp/viewLinkController.jsp?agencyID=3600&PIID=36C24E21D0021&modNumber=P00005&idvAgencyID=&idvPIID=&contractType=IDV,4/14/2025,101158.5,3600,36C24E21D0021,P00005,,,,04/11/2025,05/10/2021,,,,0.0,0.0,,,,180000.0,E3FDXZ6TBHW3,BROWN UNIVERSITY IN PROVIDENCE IN THE STATE OF RHODE ISLAND AND PROVIDENCE PLANTATIONS,BROWN UNIVERSITY,23242,1 PROSPECT ST,,PROVIDENCE,RI,029129100,USA,UNITED STATES,(401) 863-2777,(401) 863-7292,RHODE ISLAND 01,R416,SUPPORT- PROFESSIONAL: VETERINARY/ANIMAL CARE,611310.0,"COLLEGES, UNIVERSITIES, AND PROFESSIONAL SCHOOLS",,,,,,,,,,2025-05-03-2033
36C25623P1596,Department of Veterans Affairs,TECHANAX LLC,239706.02,DIGITAL ROUNDING AUTOMATION AND PERFORMANCE IMPROVEMENT FOR WECARE LEADERSHIP ROUNDING,TERMINATED,https://www.fpds.gov/ezsearch/jsp/viewLinkController.jsp?agencyID=3600&PIID=36C25623P1596&modNumber=P00002&idvAgencyID=&idvPIID=&contractType=AWARD,4/10/2025,163956.0,3600,36C25623P1596,P00002,,,,02/21/2025,09/01/2023,02/28/2025,02/28/2025,08/14/2023,-25749.98,75750.02,-25749.98,75750.02,-25749.98,239706.02,DJJ8LJTNK156,TECHANAX LLC,,6SM10,14000 CROWN CT,STE 206,WOODBRIDGE,VA,221931471,USA,UNITED STATES,(703) 864-9259,(888) 919-9785,VIRGINIA 07,7A21,IT AND TELECOM - BUSINESS APPLICATION SOFTWARE (PERPETUAL LICENSE SOFTWARE),541519.0,OTHER COMPUTER RELATED SERVICES,VA,,USA,PRINCE WILLIAM,WOODBRIDGE,,22193,1471.0,,2025-05-03-2033
36C24624N1188,Department of Veterans Affairs,MAXIM HEALTHCARE SERVICES INCORPORATED (0951),164635.61,ADMINISTRATIVE MANAGEMENT AND GENERAL MANAGEMENT CONSULTING SERVICES DURHAM VAMC MEDICAL CODING SERVICES,TERMINATED,https://www.fpds.gov/ezsearch/jsp/viewLinkController.jsp?agencyID=3600&PIID=36C24624N1188&modNumber=P00001&idvAgencyID=&idvPIID=36C10G21A0004&contractType=AWARD,4/10/2025,0.0,3600,36C24624N1188,P00001,3600,36C10G21A0004,P00005,04/07/2025,09/30/2024,03/06/2025,03/06/2025,09/12/2024,-145862.99,164635.61,-145862.99,164635.61,-145862.99,164635.61,DFUAFDQFV943,MAXIM HEALTHCARE SERVICES INCORPORATED (0951),,1NW03,7080 SAMUEL MORSE DRIVE,,COLUMBIA,MD,210463405,USA,UNITED STATES,,,MARYLAND 03,Q601,MEDICAL CODING AND AUDITING,541611.0,ADMINISTRATIVE MANAGEMENT AND GENERAL MANAGEMENT CONSULTING SERVICES,NC,,USA,DURHAM,DURHAM,,27705,3697.0,,2025-05-03-2033
36C25720C0089,Department of Veterans Affairs,HURON CONSULTING SERVICES LLC,2741194.2,EDUCATIONAL SUPPORT SERVICES CLINICAL CONSULTANT,TERMINATED,https://www.fpds.gov/ezsearch/jsp/viewLinkController.jsp?agencyID=3600&PIID=36C25720C0089&modNumber=P00011&idvAgencyID=&idvPIID=&contractType=AWARD,4/10/2025,0.0,3600,36C25720C0089,P00011,,,,04/07/2025,05/20/2020,01/31/2025,01/31/2025,04/22/2020,-35266.64,2741194.2,-35266.64,2741194.2,-35266.64,2741194.2,VCE5JFBRME47,HURON CONSULTING SERVICES LLC,,3KVQ9,550 W VAN BUREN ST,,CHICAGO,IL,606073827,USA,UNITED STATES,(678) 468-0221,,ILLINOIS 07,U006,EDUCATION/TRAINING- VOCATIONAL/TECHNICAL,611710.0,EDUCATIONAL SUPPORT SERVICES,TX,,USA,EL PASO,EL PASO,,79930,1003.0,,2025-05-03-2033
36C10B22F0074,Department of Veterans Affairs,"MINBURN TECHNOLOGY GROUP, LLC",3857597.18,LEARNING CONTENT MANAGEMENT SYSTEM,TERMINATED,https://www.fpds.gov/ezsearch/jsp/viewLinkController.jsp?agencyID=3600&PIID=36C10B22F0074&modNumber=P00009&idvAgencyID=&idvPIID=NNG15SD34B&contractType=AWARD,4/10/2025,27.0,3600,36C10B22F0074,P00009,8000,NNG15SD34B,27,03/18/2025,02/28/2022,02/19/2025,02/19/2025,01/28/2022,-1369722.91,3857570.18,-1369722.91,3857597.18,-4857100.0,3857597.18,WN8JFVZTBCA5,"MINBURN TECHNOLOGY GROUP, LLC",,66LV8,9716 ARNON CHAPEL RD,,GREAT FALLS,VA,220663911,USA,UNITED STATES,(703) 946-6868,(703) 738-7725,VIRGINIA 11,U012,EDUCATION/TRAINING- INFORMATION TECHNOLOGY/TELECOMMUNICATIONS TRAINING,541519.0,OTHER COMPUTER RELATED SERVICES,VA,,USA,FAIRFAX,GREAT FALLS,,22066,2512.0,,2025-05-03-2033
36C26024P0869,Department of Veterans Affairs,BRUKER SCIENTIFIC LLC,62108.33,OTHER SCIENTIFIC AND TECHNICAL CONSULTING SERVICES PREVENTATIVE MAINTENANCE ON THE MALDI,TERMINATED,https://www.fpds.gov/ezsearch/jsp/viewLinkController.jsp?agencyID=3600&PIID=36C26024P0869&modNumber=P00001&idvAgencyID=&idvPIID=&contractType=AWARD,4/10/2025,36408.33,3600,36C26024P0869,P00001,,,,03/07/2025,08/01/2024,03/07/2025,03/07/2025,07/22/2024,0.0,25700.0,0.0,25700.0,0.0,62108.33,MG2JF771VWU5,BRUKER SCIENTIFIC LLC,,03JW7,40 MANNING RD,,BILLERICA,MA,018213915,USA,UNITED STATES,(978) 663-3660,,MASSACHUSETTS 03,J065,"MAINT/REPAIR/REBUILD OF EQUIPMENT- MEDICAL, DENTAL, AND VETERINARY EQUIPMENT AND SUPPLIES",541690.0,OTHER SCIENTIFIC AND TECHNICAL CONSULTING SERVICES,WA,,USA,KING,SEATTLE,,98108,1532.0,,2025-05-03-2033
36C25625P0098,Department of Veterans Affairs,"D'S VENTURES, LLC",355200.0,"PROCESS, PHYSICAL DISTRIBUTION, AND LOGISTICS CONSULTING SERVICES PHARMACY REVERSE DISTRIBUTION CONTRACT",TERMINATED,https://www.fpds.gov/ezsearch/jsp/viewLinkController.jsp?agencyID=3600&PIID=36C25625P0098&modNumber=P00002&idvAgencyID=&idvPIID=&contractType=AWARD,4/10/2025,286400.0,3600,36C25625P0098,P00002,,,,04/22/2025,11/01/2024,03/05/2025,03/05/2025,10/10/2024,-41280.0,27520.0,-41280.0,27520.0,-41280.0,313920.0,QEC1G52CV2B4,"D'S VENTURES, LLC",,5KGT1,1590 PHOENIX BLVD STE 150,,ATLANTA,GA,303495567,USA,UNITED STATES,(770) 802-5889,,GEORGIA 05,Q517,PHARMACY SERVICES,541614.0,"PROCESS, PHYSICAL DISTRIBUTION, AND LOGISTICS CONSULTING SERVICES",TX,,USA,HARRIS,HOUSTON,,77030,5000.0,,2025-05-03-2033
36C77624P0028,Department of Veterans Affairs,LONGEVITY CONSULTING LLC,2545906.26,ADMINISTRATIVE MANAGEMENT AND GENERAL MANAGEMENT CONSULTING SERVICES STAFFING MODELS AND FUNCTIONAL ASSESSMENT SUPPORT SERVICES,TERMINATED,https://www.fpds.gov/ezsearch/jsp/viewLinkController.jsp?agencyID=3600&PIID=36C77624P0028&modNumber=P00006&idvAgencyID=&idvPIID=&contractType=AWARD,4/9/2025,0.0,3600,36C77624P0028,P00006,,,,04/04/2025,03/11/2024,02/12/2025,02/12/2025,12/14/2023,-670131.22,2545906.26,-670131.22,2545906.26,-670131.22,2545906.26,FZH5JAFWM388,LONGEVITY CONSULTING LLC,,4C8L9,6007 DOYLE RD,,CLIFTON,VA,201241312,USA,UNITED STATES,(800) 517-1925,(703) 842-8283,VIRGINIA 10,R405,SUPPORT- PROFESSIONAL: OPERATIONS RESEARCH/QUANTITATIVE ANALYSIS,541611.0,ADMINISTRATIVE MANAGEMENT AND GENERAL MANAGEMENT CONSULTING SERVICES,DC,,USA,DISTRICT OF COLUMBIA,WASHINGTON,,20009,1569.0,,2025-05-03-2033
36C25723P0781,Department of Veterans Affairs,DOCUMENT STORAGE SYSTEMS INC,336759.53,PATIENT QUEUING SYSTEM,TERMINATED,https://www.fpds.gov/ezsearch/jsp/viewLinkController.jsp?agencyID=3600&PIID=36C25723P0781&modNumber=P00005&idvAgencyID=&idvPIID=&contractType=AWARD,4/8/2025,261431.48,3600,36C25723P0781,P00005,,,,03/18/2025,09/25/2023,09/24/2025,09/24/2028,09/18/2023,-72004.68,75328.05,-72004.68,75328.05,-72004.68,336759.53,EJL2XFJ1BZJ1,DOCUMENT STORAGE SYSTEMS INC,DSS,1GLJ5,12575 US HIGHWAY 1,STE 200,JUNO BEACH,FL,334082478,USA,UNITED STATES,(561) 284-7000,(561) 227-0208,FLORIDA 21,DA10,IT AND TELECOM - BUSINESS APPLICATION/APPLICATION DEVELOPMENT SOFTWARE AS A SERVICE,541511.0,CUSTOM COMPUTER PROGRAMMING SERVICES,TX,,USA,CAMERON,HARLINGEN,,78550,8942.0,,2025-05-03-2033
36C26125P0209,Department of Veterans Affairs,"KEISH ENVIRONMENTAL, PC",5476.78,ENVIRONMENTAL CONSULTING SERVICES MATADERO CREEK OUTFALL AND BANK RESTORATION PROJECT POST-CONSTRUCTION MITIGATION MONITORING,TERMINATED,https://www.fpds.gov/ezsearch/jsp/viewLinkController.jsp?agencyID=3600&PIID=36C26125P0209&modNumber=P00001&idvAgencyID=&idvPIID=&contractType=AWARD,4/8/2025,0.0,3600,36C26125P0209,P00001,,,,03/06/2025,11/15/2024,03/06/2025,03/06/2025,11/01/2024,0.0,5476.78,0.0,5476.78,0.0,5476.78,GSWTWA7MD2B9,"KEISH ENVIRONMENTAL, PC",KEISH ENVIRONMENTAL PC,7MR48,6768 CROSBY CT,,SAN JOSE,CA,951292818,USA,UNITED STATES,(408) 592-0223,(408) 477-2249,CALIFORNIA 17,F999,OTHER ENVIRONMENTAL SERVICES,541620.0,ENVIRONMENTAL CONSULTING SERVICES,CA,,USA,SANTA CLARA,PALO ALTO,,94304,1207.0,,2025-05-03-2033
36C25024F0514,Department of Veterans Affairs,"FOUR POINTS TECHNOLOGY, L.L.C.",9574.6,ADOBE CONNECT MEETING SOFTWARE,TERMINATED,https://www.fpds.gov/ezsearch/jsp/viewLinkController.jsp?agencyID=3600&PIID=36C25024F0514&modNumber=P00002&idvAgencyID=&idvPIID=NNG15SD22B&contractType=AWARD,4/7/2025,7180.95,3600,36C25024F0514,P00002,8000,NNG15SD22B,43,02/19/2025,04/20/2024,02/19/2025,02/19/2025,04/01/2024,0.0,2393.65,0.0,2393.65,0.0,9574.6,H1KHJPJH9R51,"FOUR POINTS TECHNOLOGY, L.L.C.",,1YS78,13221 WOODLAND PARK RD,STE 400,HERNDON,VA,201715505,USA,UNITED STATES,(703) 657-6127,(703) 657-6135,VIRGINIA 11,DA10,IT AND TELECOM - BUSINESS APPLICATION/APPLICATION DEVELOPMENT SOFTWARE AS A SERVICE,541519.0,OTHER COMPUTER RELATED SERVICES,MI,,USA,WASHTENAW,ANN ARBOR,,48105,2303.0,,2025-05-03-2033
36C24424N1053,Department of Veterans Affairs,PLANATE MANAGEMENT GROUP LLC,431609.5,ADMINISTRATIVE MANAGEMENT AND GENERAL MANAGEMENT CONSULTING SERVICES VAPHS CM AND ID SERVICES.,TERMINATED,https://www.fpds.gov/ezsearch/jsp/viewLinkController.jsp?agencyID=3600&PIID=36C24424N1053&modNumber=P00001&idvAgencyID=&idvPIID=36C24419A0042&contractType=AWARD,4/7/2025,0.0,3600,36C24424N1053,P00001,3600,36C24419A0042,0,04/04/2025,09/01/2024,03/05/2025,03/05/2025,08/20/2024,-409012.1,431609.5,-409012.1,431609.5,-409012.1,431609.5,ZL3LH37LF183,PLANATE MANAGEMENT GROUP LLC,,4XZF6,1800 DIAGONAL RD STE 600,,ALEXANDRIA,VA,223142840,USA,UNITED STATES,(703) 232-1491,(866) 844-4373,VIRGINIA 08,R425,SUPPORT- PROFESSIONAL: ENGINEERING/TECHNICAL,541611.0,ADMINISTRATIVE MANAGEMENT AND GENERAL MANAGEMENT CONSULTING SERVICES,PA,,USA,ALLEGHENY,PITTSBURGH,,15215,1802.0,,2025-05-03-2033
36C24424N1144,Department of Veterans Affairs,"VLOGIC SYSTEMS, INC.",194394.8,ELECTRONIC DRAWINGS,TERMINATED,https://www.fpds.gov/ezsearch/jsp/viewLinkController.jsp?agencyID=3600&PIID=36C24424N1144&modNumber=P00001&idvAgencyID=&idvPIID=36C24422A0044&contractType=AWARD,4/7/2025,0.0,3600,36C24424N1144,P00001,3600,36C24422A0044,0,03/25/2025,09/26/2024,09/25/2025,09/25/2025,09/02/2024,-35144.21,194394.8,-35144.21,194394.8,-35144.21,194394.8,G3NBF8HLLAK9,"VLOGIC SYSTEMS, INC.",,84YE2,2352 MAIN ST STE 207,,CONCORD,MA,017423833,USA,UNITED STATES,(978) 341-9000,,MASSACHUSETTS 05,DA10,IT AND TELECOM - BUSINESS APPLICATION/APPLICATION DEVELOPMENT SOFTWARE AS A SERVICE,511210.0,SOFTWARE PUBLISHERS,PA,,USA,PHILADELPHIA,PHILADELPHIA,,19104,4551.0,,2025-05-03-2033
36C24923F0341,Department of Veterans Affairs,"STRATEGIC SOLUTIONS, INC.",497680.0,"PROCESS, PHYSICAL DISTRIBUTION, AND LOGISTICS CONSULTING SERVICES INVENTORY FOR FURNISHINGS AND IT FOR THVS HOSPITALS AND CBOCS",TERMINATED,https://www.fpds.gov/ezsearch/jsp/viewLinkController.jsp?agencyID=3600&PIID=36C24923F0341&modNumber=P00003&idvAgencyID=&idvPIID=GS10F0171U&contractType=AWARD,4/4/2025,312545.37,3600,36C24923F0341,P00003,4730,GS10F0171U,0,04/03/2025,09/01/2023,08/31/2025,08/31/2028,05/10/2022,-13937.37,185134.63,-13937.37,185134.63,0.0,497680.0,LWUAK2XQ3285,"STRATEGIC SOLUTIONS, INC.",,350D1,3021 CITRUS CIR STE 210,,WALNUT CREEK,CA,945982691,USA,UNITED STATES,(925) 979-1233,(925) 932-4696,CALIFORNIA 10,R499,SUPPORT- PROFESSIONAL: OTHER,541614.0,"PROCESS, PHYSICAL DISTRIBUTION, AND LOGISTICS CONSULTING SERVICES",TN,,USA,DAVIDSON,NASHVILLE,,37212,2.0,,2025-05-03-2033
36C24724P0158,Department of Veterans Affairs,PRESS GANEY ASSOCIATES LLC,14106.06,"ADMINISTRATIVE MANAGEMENT AND GENERAL MANAGEMENT CONSULTING SERVICES PRESS GANEY NATIONAL DATABASE OF NURSING QUALITY INDICATORS(NDNQI) ACCESS FOR THE RALPH H. JOHNSON VA MEDICAL CENTER, CHARLESTON, SOUTH CAROLINA.",TERMINATED,https://www.fpds.gov/ezsearch/jsp/viewLinkController.jsp?agencyID=3600&PIID=36C24724P0158&modNumber=P00002&idvAgencyID=&idvPIID=&contractType=AWARD,4/4/2025,0.0,3600,36C24724P0158,P00002,,,,03/27/2025,01/01/2024,03/05/2025,03/05/2025,11/02/2023,0.0,14106.06,0.0,14106.06,0.0,14106.06,PTAKRVGUJE53,PRESS GANEY ASSOCIATES LLC,,3DFC7,1173 IGNITION DR,,SOUTH BEND,IN,466012901,USA,UNITED STATES,(800) 232-8032,,INDIANA 02,R499,SUPPORT- PROFESSIONAL: OTHER,541611.0,ADMINISTRATIVE MANAGEMENT AND GENERAL MANAGEMENT CONSULTING SERVICES,SC,,USA,CHARLESTON,CHARLESTON,,29401,5799.0,,2025-05-03-2033
36C26025N0141,Department of Veterans Affairs,"OAKUM GROUP, LLC",59335.31,"PROCESS, PHYSICAL DISTRIBUTION, AND LOGISTICS CONSULTING SERVICES. INVENTORY SERVICES FOR THE VETERANS INTEGRATED SERVICE NETWORK",TERMINATED,https://www.fpds.gov/ezsearch/jsp/viewLinkController.jsp?agencyID=3600&PIID=36C26025N0141&modNumber=P00001&idvAgencyID=&idvPIID=36C26025A0010&contractType=AWARD,4/4/2025,0.0,3600,36C26025N0141,P00001,3600,36C26025A0010,0,03/18/2025,12/31/2024,03/04/2025,03/04/2025,12/18/2024,-309379.19,59335.31,-309379.19,59335.31,-309379.19,59335.31,K1DKD5NXS3L1,"OAKUM GROUP, LLC",,9X6S6,21 EAGLE AVE,,MANITOU SPRINGS,CO,808292119,USA,UNITED STATES,(703) 403-4496,,COLORADO 05,R706,SUPPORT- MANAGEMENT: LOGISTICS SUPPORT,541614.0,"PROCESS, PHYSICAL DISTRIBUTION, AND LOGISTICS CONSULTING SERVICES",WA,,USA,CLARK,VANCOUVER,,98661,5160.0,,2025-05-03-2033
36C26025P0174,Department of Veterans Affairs,HGS ENGINEERING INC,8832.78,ENVIRONMENTAL CONSULTING SERVICES PUGET SOUND VAHCS SPILL CONTROL PLAN REVIEW,TERMINATED,https://www.fpds.gov/ezsearch/jsp/viewLinkController.jsp?agencyID=3600&PIID=36C26025P0174&modNumber=P00001&idvAgencyID=&idvPIID=&contractType=AWARD,4/4/2025,0.0,3600,36C26025P0174,P00001,,,,03/18/2025,12/01/2024,03/01/2025,03/01/2025,11/06/2024,-400.0,8832.78,-400.0,8832.78,-400.0,8832.78,KMQMRUAJ6JK9,HGS ENGINEERING INC,,1HJH9,1121 NOBLE ST,,ANNISTON,AL,362014638,USA,UNITED STATES,(256) 236-1848,(256) 236-2979,ALABAMA 03,F108,ENVIRONMENTAL SYSTEMS PROTECTION- ENVIRONMENTAL REMEDIATION,541620.0,ENVIRONMENTAL CONSULTING SERVICES,WA,,USA,KING,SEATTLE,,98108,1401.0,,2025-05-03-2033
36C24224F0118,Department of Veterans Affairs,THE AVERY GROUP LLC,1044233.43,ADMINISTRATIVE MANAGEMENT AND GENERAL MANAGEMENT CONSULTING SERVICES POWER BI REPORTING & ANALYTICS SERVICES,TERMINATED,https://www.fpds.gov/ezsearch/jsp/viewLinkController.jsp?agencyID=3600&PIID=36C24224F0118&modNumber=P00001&idvAgencyID=&idvPIID=47QRAA22D00A0&contractType=AWARD,4/4/2025,845759.21,3600,36C24224F0118,P00001,4732,47QRAA22D00A0,PA0010,02/25/2025,03/31/2024,02/25/2025,03/25/2025,02/09/2024,0.0,198474.22,0.0,198474.22,0.0,1044233.43,H99KDBFT4RD5,THE AVERY GROUP LLC,,86GT9,760 OLD ROSWELL RD,,ROSWELL,GA,300762279,USA,UNITED STATES,(202) 679-0517,,GEORGIA 06,R420,SUPPORT- PROFESSIONAL: CERTIFICATIONS AND ACCREDITATIONS (OTHER THAN EDUC OR INFO TECH C&A),541611.0,ADMINISTRATIVE MANAGEMENT AND GENERAL MANAGEMENT CONSULTING SERVICES,NJ,,USA,ESSEX,EAST ORANGE,,07018,1023.0,,2025-05-03-2033
36C77624P0075,Department of Veterans Affairs,"STRATEGIC MEDICAL EQUIPMENT SOLUTIONS, LLC",121371.24,"PROCESS, PHYSICAL DISTRIBUTION, AND LOGISTICS CONSULTING SERVICES WHITE CITY ACTIVATION PRE-PLANNING",TERMINATED,https://www.fpds.gov/ezsearch/jsp/viewLinkController.jsp?agencyID=3600&PIID=36C77624P0075&modNumber=P00001&idvAgencyID=&idvPIID=&contractType=AWARD,4/3/2025,0.0,3600,36C77624P0075,P00001,,,,03/25/2025,08/28/2024,03/06/2025,03/06/2025,04/05/2024,-117242.16,121371.24,-117242.16,121371.24,-117242.16,121371.24,KNPLEZQR3TN5,"STRATEGIC MEDICAL EQUIPMENT SOLUTIONS, LLC",,76DL3,761 FOREST VIEW RD,,MONUMENT,CO,801328226,USA,UNITED STATES,(719) 650-3058,(610) 523-4143,COLORADO 05,Q702,TECHNICAL MEDICAL SUPPORT,541614.0,"PROCESS, PHYSICAL DISTRIBUTION, AND LOGISTICS CONSULTING SERVICES",OR,,USA,JACKSON,WHITE CITY,,97503,1043.0,,2025-05-03-2033
36C26323C0053,Department of Veterans Affairs,DANIEL NEWTON,69315.06,OTHER MANAGEMENT CONSULTING SERVICES VA IOWA CITY RESEARCH SERVICE CONTRACT,TERMINATED,https://www.fpds.gov/ezsearch/jsp/viewLinkController.jsp?agencyID=3600&PIID=36C26323C0053&modNumber=P00002&idvAgencyID=&idvPIID=&contractType=AWARD,4/3/2025,40000.0,3600,36C26323C0053,P00002,,,,03/17/2025,09/16/2023,03/05/2025,03/05/2025,06/30/2023,-10684.94,29315.06,-10684.94,29315.06,-10684.94,69315.06,N35CT8K6P715,DANIEL NEWTON,,8BBU9,3905 HENSLEIGH DR NE,,IOWA CITY,IA,522407976,USA,UNITED STATES,(319) 855-1577,,IOWA 01,AN12,HEALTH R&D SERVICES; HEALTH CARE SERVICES; APPLIED RESEARCH,541618.0,OTHER MANAGEMENT CONSULTING SERVICES,IA,,USA,JOHNSON,IOWA CITY,,52240,7976.0,,2025-05-03-2033
36C24622P1867,Department of Veterans Affairs,"FOSTER FUELS, INC.",191512.98,ENVIRONMENTAL CONSULTING SERVICES FUEL POLISHING AND COLLECTING SAMPLE SERVICES FOR SALEM VAMC,TERMINATED,https://www.fpds.gov/ezsearch/jsp/viewLinkController.jsp?agencyID=3600&PIID=36C24622P1867&modNumber=P00006&idvAgencyID=&idvPIID=&contractType=AWARD,4/3/2025,67841.28,3600,36C24622P1867,P00006,,,,03/20/2025,09/27/2022,03/06/2025,03/06/2025,09/09/2022,-2770.2,123671.7,-2770.2,123671.7,-2770.2,123671.7,H37MEMNXPS23,"FOSTER FUELS, INC.",,4CNB5,16720 BROOKNEAL HWY,,BROOKNEAL,VA,245282521,USA,UNITED STATES,(434) 376-2322,(434) 376-5969,VIRGINIA 05,H391,"INSPECTION- FUELS, LUBRICANTS, OILS, AND WAXES",541620.0,ENVIRONMENTAL CONSULTING SERVICES,VA,,USA,ROANOKE,SALEM,,24153,1668.0,,2025-05-03-2033
36C24624N0653,Department of Veterans Affairs,MAXIM HEALTHCARE SERVICES INCORPORATED (0951),998253.5,ADMINISTRATIVE MANAGEMENT AND GENERAL MANAGEMENT CONSULTING SERVICES MEDICAL CODING SERVICES,TERMINATED,https://www.fpds.gov/ezsearch/jsp/viewLinkController.jsp?agencyID=3600&PIID=36C24624N0653&modNumber=P00002&idvAgencyID=&idvPIID=36C10G21A0004&contractType=AWARD,4/3/2025,814439.78,3600,36C24624N0653,P00002,3600,36C10G21A0004,P00005,03/31/2025,04/08/2024,03/31/2025,03/31/2025,03/06/2024,-19978.16,183813.72,-19978.16,183813.72,-834417.94,183813.72,DFUAFDQFV943,MAXIM HEALTHCARE SERVICES INCORPORATED (0951),,1NW03,7080 SAMUEL MORSE DRIVE,,COLUMBIA,MD,210463405,USA,UNITED STATES,,,MARYLAND 03,Q601,MEDICAL CODING AND AUDITING,541611.0,ADMINISTRATIVE MANAGEMENT AND GENERAL MANAGEMENT CONSULTING SERVICES,NC,,USA,ROWAN,SALISBURY,,28144,4168.0,,2025-05-03-2033
36C25721P0006,Department of Veterans Affairs,LIBRARIAN AT YOUR SERVICE LLC,66542.46,OTHER SCIENTIFIC AND TECHNICAL CONSULTING SERVICES MEDICAL RESEARCH,TERMINATED,https://www.fpds.gov/ezsearch/jsp/viewLinkController.jsp?agencyID=3600&PIID=36C25721P0006&modNumber=P00012&idvAgencyID=&idvPIID=&contractType=AWARD,4/3/2025,35460.0,3600,36C25721P0006,P00012,,,,03/20/2025,10/01/2020,11/30/2025,11/30/2025,,-20000.0,31082.46,-20000.0,66542.46,-20000.0,66542.46,YK7DNBJS2KW6,LIBRARIAN AT YOUR SERVICE LLC,,8AK87,2 GRIFFIN CIR,,BILLERICA,MA,018216464,USA,UNITED STATES,(857) 302-7793,,MASSACHUSETTS 06,U006,EDUCATION/TRAINING- VOCATIONAL/TECHNICAL,541690.0,OTHER SCIENTIFIC AND TECHNICAL CONSULTING SERVICES,MA,,USA,MIDDLESEX,BILLERICA,,01821,6464.0,,2025-05-03-2033
36C24223P1911,Department of Veterans Affairs,THE AVERY GROUP LLC,476902.4,OTHER SCIENTIFIC AND TECHNICAL CONSULTING SERVICES DATA SCIENTIST,TERMINATED,https://www.fpds.gov/ezsearch/jsp/viewLinkController.jsp?agencyID=3600&PIID=36C24223P1911&modNumber=P00004&idvAgencyID=&idvPIID=&contractType=AWARD,4/3/2025,231056.92,3600,36C24223P1911,P00004,,,,02/25/2025,09/30/2023,02/25/2025,02/25/2025,09/06/2023,0.0,245845.48,0.0,245845.48,0.0,476902.4,H99KDBFT4RD5,THE AVERY GROUP LLC,,86GT9,760 OLD ROSWELL RD STE 411,,ROSWELL,GA,300762279,USA,UNITED STATES,(202) 679-0517,,GEORGIA 06,AN14,HEALTH R&D SERVICES; HEALTH CARE SERVICES; R&D ADMINISTRATIVE EXPENSES,541690.0,OTHER SCIENTIFIC AND TECHNICAL CONSULTING SERVICES,NJ,,USA,ESSEX,EAST ORANGE,,07018,1095.0,,2025-05-03-2033
36C26123F0483,Department of Veterans Affairs,"CAMEO CONSULTING GROUP, LLC",2279280.34,ADMINISTRATIVE MANAGEMENT AND GENERAL MANAGEMENT CONSULTING SERVICES CONSTRUCTION CONTRACT SPECIALIST SUPPORT,TERMINATED,https://www.fpds.gov/ezsearch/jsp/viewLinkController.jsp?agencyID=3600&PIID=36C26123F0483&modNumber=P00004&idvAgencyID=&idvPIID=GS00F280DA&contractType=AWARD,4/2/2025,1833145.6,3600,36C26123F0483,P00004,4732,GS00F280DA,PA0031,03/31/2025,09/27/2023,03/04/2025,03/04/2025,06/28/2023,-157043.12,446134.74,-157043.12,446134.74,-157043.12,2279280.34,GR37ULLYKLK9,"CAMEO CONSULTING GROUP, LLC",,6UHA6,401 N WASHINGTON ST STE 600,,ROCKVILLE,MD,208501977,USA,UNITED STATES,(480) 330-6650,(540) 595-0891,MARYLAND 08,R707,SUPPORT- MANAGEMENT: CONTRACT/PROCUREMENT/ACQUISITION SUPPORT,541611.0,ADMINISTRATIVE MANAGEMENT AND GENERAL MANAGEMENT CONSULTING SERVICES,CA,,USA,SACRAMENTO,MCCLELLAN,,95652,2456.0,,2025-05-03-2033
36C25023F0060,Department of Veterans Affairs,"SUSTAINMENT TECHNOLOGIES, LLC",534675.48,"PROCESS, PHYSICAL DISTRIBUTION, AND LOGISTICS CONSULTING SERVICES STERIS TECH STERILIZER MAINTENANCE",TERMINATED,https://www.fpds.gov/ezsearch/jsp/viewLinkController.jsp?agencyID=3600&PIID=36C25023F0060&modNumber=P00008&idvAgencyID=&idvPIID=47QRAA21D008H&contractType=AWARD,4/2/2025,119484.24,3600,36C25023F0060,P00008,4732,47QRAA21D008H,0,03/05/2025,10/24/2022,03/05/2025,03/05/2025,10/03/2022,0.0,415191.24,0.0,415191.24,0.0,534675.48,RF8GTYHMQLL1,"SUSTAINMENT TECHNOLOGIES, LLC",,3GG41,1733 BRIARCREST DRIVE SUITE 101,,BRYAN,TX,778022738,USA,UNITED STATES,(979) 764-2080,(979) 764-2090,TEXAS 10,J065,"MAINT/REPAIR/REBUILD OF EQUIPMENT- MEDICAL, DENTAL, AND VETERINARY EQUIPMENT AND SUPPLIES",541614.0,"PROCESS, PHYSICAL DISTRIBUTION, AND LOGISTICS CONSULTING SERVICES",IN,,USA,MARION,INDIANAPOLIS,,46202,2375.0,,2025-05-03-2033
36C26222P0487,Department of Veterans Affairs,REES SCIENTIFIC CORPORATION,21597.16,ENVIRONMENTAL CONSULTING SERVICES REES SCIENTIFIC MAINTENANCE SERVICES.,TERMINATED,https://www.fpds.gov/ezsearch/jsp/viewLinkController.jsp?agencyID=3600&PIID=36C26222P0487&modNumber=P00004&idvAgencyID=&idvPIID=&contractType=AWARD,4/2/2025,0.0,3600,36C26222P0487,P00004,,,,03/25/2025,01/11/2022,03/10/2025,03/10/2025,,-7199.04,21597.16,-7199.04,21597.16,-14398.08,21597.16,NCRKL9YLY2X4,REES SCIENTIFIC CORPORATION,,04DK0,1007 WHITEHEAD ROAD EXT STE 1,,EWING,NJ,086382405,USA,UNITED STATES,(609) 530-1055,(609) 530-1854,NEW JERSEY 12,F999,OTHER ENVIRONMENTAL SERVICES,541620.0,ENVIRONMENTAL CONSULTING SERVICES,NJ,,USA,MERCER,TRENTON,,08638,4400.0,,2025-05-03-2033
36C77624N0843,Department of Veterans Affairs,"J P SYSTEMS, INC.",1656682.56,OTHER SCIENTIFIC AND TECHNICAL CONSULTING SERVICES TERMINOLOGY SUPPORT FOR EVENT SET HIERARCHY (ESH) REPAIR AND OPTIMIZATION,TERMINATED,https://www.fpds.gov/ezsearch/jsp/viewLinkController.jsp?agencyID=3600&PIID=36C77624N0843&modNumber=P00001&idvAgencyID=&idvPIID=36C77621D0020&contractType=AWARD,4/2/2025,838571.76,3600,36C77624N0843,P00001,3600,36C77621D0020,0,03/05/2025,09/30/2024,03/05/2025,03/05/2025,08/19/2024,0.0,818110.8,0.0,818110.8,0.0,1656682.56,PX35YDEXGEJ5,"J P SYSTEMS, INC.",,3YHH1,7419 KINCHELOE RD,,CLIFTON,VA,201241831,USA,UNITED STATES,(703) 864-9247,(888) 789-8990,VIRGINIA 10,R499,SUPPORT- PROFESSIONAL: OTHER,541690.0,OTHER SCIENTIFIC AND TECHNICAL CONSULTING SERVICES,VA,,USA,FAIRFAX,CLIFTON,,20124,1831.0,,2025-05-03-2033
36C25721P1332,Department of Veterans Affairs,"J.E. FEDERAL ENTERPRISES, LLC.",111440.4,"HUMAN RESOURCES CONSULTING SERVICES, HUMAN RESOURCES AND EXECUTIVE SEARCH CONSULTING SERVICES ELP VA EMPLOYEE ASSISTANCE PROGRAM",TERMINATED,https://www.fpds.gov/ezsearch/jsp/viewLinkController.jsp?agencyID=3600&PIID=36C25721P1332&modNumber=P00006&idvAgencyID=&idvPIID=&contractType=AWARD,4/2/2025,52332.0,3600,36C25721P1332,P00006,,,,03/13/2025,09/20/2021,03/07/2025,03/07/2025,,-9361.3,59108.4,-9361.3,59108.4,-9361.3,111440.4,H2LJN48V3KD4,"J.E. FEDERAL ENTERPRISES, LLC.",,79W40,1455 REYNOLDS DR,,AUBURN,AL,368301869,USA,UNITED STATES,(866) 515-9123,(866) 530-5497,ALABAMA 03,R431,SUPPORT- PROFESSIONAL: HUMAN RESOURCES,541612.0,"HUMAN RESOURCES CONSULTING SERVICES (2007), HUMAN RESOURCES AND EXECUTIVE SEARCH CONSULTING SERVICES (2002)",TX,,USA,EL PASO,EL PASO,,79930,2242.0,,2025-05-03-2033
36C26224N0457,Department of Veterans Affairs,"SCOUT ENVIRONMENTAL, INC.",87643.02,ENVIRONMENTAL CONSULTING SERVICES NHPA,TERMINATED,https://www.fpds.gov/ezsearch/jsp/viewLinkController.jsp?agencyID=3600&PIID=36C26224N0457&modNumber=P00002&idvAgencyID=&idvPIID=36C26222D0029&contractType=AWARD,4/2/2025,0.0,3600,36C26224N0457,P00002,3600,36C26222D0029,0,03/25/2025,03/01/2024,02/28/2026,02/28/2027,01/28/2022,-148828.0,87643.02,-148828.0,87643.02,-148828.0,87643.02,R8U5PTMAFZN7,"SCOUT ENVIRONMENTAL, INC.",,80W48,169 SAXONY RD STE 214,,ENCINITAS,CA,920246781,USA,UNITED STATES,(760) 239-9611,,CALIFORNIA 49,U009,EDUCATION/TRAINING- GENERAL,541620.0,ENVIRONMENTAL CONSULTING SERVICES,CA,,USA,LOS ANGELES,LONG BEACH,,90822,1006.0,,2025-05-03-2033
36C10X21C0067,Department of Veterans Affairs,"FIRST ENVIRONMENT, INC.",6321723.02,ENVIRONMENTAL CONSULTING SERVICES ESG INFORMATION CONSULTING AND ANALYTICS FOR VBA'S LGY,TERMINATED,https://www.fpds.gov/ezsearch/jsp/viewLinkController.jsp?agencyID=3600&PIID=36C10X21C0067&modNumber=P00005&idvAgencyID=&idvPIID=&contractType=AWARD,4/1/2025,1360082.82,,,,,,,,,,,,,,,,,,,,,,,,,,,,,,,,,,,,,,,,,,,,,2025-05-03-2033
36C24520F0774,Department of Veterans Affairs,A-TEAM SOLUTIONS LLC,1294937.26,ADMINISTRATIVE MANAGEMENT AND GENERAL MANAGEMENT CONSULTING SERVICES VISN 5 DATA WAREHOUSE,TERMINATED,https://www.fpds.gov/ezsearch/jsp/viewLinkController.jsp?agencyID=3600&PIID=36C24520F0774&modNumber=P00009&idvAgencyID=&idvPIID=GS10F0186T&contractType=AWARD,4/1/2025,0.0,,,,,,,,,,,,,,,,,,,,,,,,,,,,,,,,,,,,,,,,,,,,,2025-05-03-2033
36C24722P1066,Department of Veterans Affairs,UNIVERSITY OF SOUTH CAROLINA,89892.52,OTHER SCIENTIFIC AND TECHNICAL CONSULTING SERVICES MOLECULAR ANALYSIS AND VECTOR RESEARCH SERVICE,TERMINATED,https://www.fpds.gov/ezsearch/jsp/viewLinkController.jsp?agencyID=3600&PIID=36C24722P1066&modNumber=P00005&idvAgencyID=&idvPIID=&contractType=AWARD,4/1/2025,26500.0,3600,36C24722P1066,P00005,,,,03/11/2025,08/12/2022,08/11/2025,08/11/2026,07/12/2022,-11078.19,63392.52,-11078.19,63392.52,-11078.19,89892.52,J22LNTMEDP73,UNIVERSITY OF SOUTH CAROLINA,,4B489,1600 HAMPTON ST # 414,,COLUMBIA,SC,292083403,USA,UNITED STATES,(803) 777-8749,(803) 777-4136,SOUTH CAROLINA 06,AF11,"EDUCATION, TRAINING, EMPLOYMENT, & SOCIAL SVCS R&D SVCS; EDUCATION SVCS R&D; BASIC RESEARCH",541690.0,OTHER SCIENTIFIC AND TECHNICAL CONSULTING SERVICES,SC,,USA,RICHLAND,COLUMBIA,,29209,2110.0,,2025-05-03-2033
36C10F24N0033,Department of Veterans Affairs,ENVIRONMENTAL RESEARCH GROUP LLC,49920.97,ENVIRONMENTAL CONSULTING SERVICES THE VA HISTORIC PRESERVATION OFFICE HAS IDENTIFIED 4 NRHP-LISTED SITES THAT WERE LISTED ON THE NRHP AT LEAST 25 YEARS AGO AND ARE SUITABLE FOR REVISED NOMINATIONS. THIS PROJECT WILL RESULT IN FOUR REVISED NRHP NOMINATIONS.,TERMINATED,https://www.fpds.gov/ezsearch/jsp/viewLinkController.jsp?agencyID=3600&PIID=36C10F24N0033&modNumber=P00002&idvAgencyID=&idvPIID=36C10F23A0006&contractType=AWARD,4/1/2025,0.0,3600,36C10F24N0033,P00002,3600,36C10F23A0006,P00002,03/18/2025,09/25/2024,03/06/2025,03/06/2025,08/07/2024,-74881.45,49920.97,-74881.45,49920.97,-74881.45,49920.97,GB15HGP1LW68,ENVIRONMENTAL RESEARCH GROUP LLC,,1P0W9,6049 FALLS RD,,BALTIMORE,MD,212092215,USA,UNITED STATES,(410) 366-5170,(410) 366-5176,MARYLAND 02,R408,SUPPORT- PROFESSIONAL: PROGRAM MANAGEMENT/SUPPORT,541620.0,ENVIRONMENTAL CONSULTING SERVICES,MD,,USA,BALTIMORE,BALTIMORE,,21209,2215.0,,2025-05-03-2033
36C25024P0162,Department of Veterans Affairs,"HAAS GROUP INTERNATIONAL, LLC",47500.0,OTHER SCIENTIFIC AND TECHNICAL CONSULTING SERVICES CHEMICAL MANAGEMENT PROGRAM,TERMINATED,https://www.fpds.gov/ezsearch/jsp/viewLinkController.jsp?agencyID=3600&PIID=36C25024P0162&modNumber=P00005&idvAgencyID=&idvPIID=&contractType=AWARD,4/1/2025,28500.0,3600,36C25024P0162,P00005,,,,04/23/2025,10/30/2023,04/23/2025,04/23/2025,10/25/2023,-16500.0,2500.0,0.0,19000.0,0.0,47500.0,TH42CKFU5ZL7,"HAAS GROUP INTERNATIONAL, LLC",INCORA,1SPW4,1475 PHOENIXVILLE PIKE,STE 201,WEST CHESTER,PA,193801439,USA,UNITED STATES,(682) 715-2071,,PENNSYLVANIA 06,DA10,IT AND TELECOM - BUSINESS APPLICATION/APPLICATION DEVELOPMENT SOFTWARE AS A SERVICE,541690.0,OTHER SCIENTIFIC AND TECHNICAL CONSULTING SERVICES,OH,,USA,CUYAHOGA,CLEVELAND,,44106,8001.0,,2025-05-03-2033
36C24524N0607,Department of Veterans Affairs,ENVIRONMENTAL RESEARCH GROUP LLC,115102.02,ENVIRONMENTAL CONSULTING SERVICES ARCHAEOLOGICAL STUDY AT PP VAMC,TERMINATED,https://www.fpds.gov/ezsearch/jsp/viewLinkController.jsp?agencyID=3600&PIID=36C24524N0607&modNumber=P00003&idvAgencyID=&idvPIID=36C10F23A0006&contractType=AWARD,4/1/2025,0.0,3600,36C24524N0607,P00003,3600,36C10F23A0006,P00001,03/05/2025,08/05/2024,03/05/2025,03/05/2025,06/10/2024,0.0,115102.02,0.0,115102.02,0.0,115102.02,GB15HGP1LW68,ENVIRONMENTAL RESEARCH GROUP LLC,,1P0W9,6049 FALLS RD,,BALTIMORE,MD,212092215,USA,UNITED STATES,(410) 366-5170,(410) 366-5176,MARYLAND 02,R499,SUPPORT- PROFESSIONAL: OTHER,541620.0,ENVIRONMENTAL CONSULTING SERVICES,MD,,USA,CECIL,PERRY POINT,,21902,82.0,,2025-05-03-2033
36C25023C0010,Department of Veterans Affairs,HYPERION BIOTECHNOLOGY INC,120112.76,OTHER MANAGEMENT CONSULTING SERVICES IGF:CT:IGF:LEGIONELLA WATER,TERMINATED,https://www.fpds.gov/ezsearch/jsp/viewLinkController.jsp?agencyID=3600&PIID=36C25023C0010&modNumber=P00005&idvAgencyID=&idvPIID=&contractType=AWARD,3/31/2025,54415.0,3600,36C25023C0010,P00005,,,,03/04/2025,10/01/2022,03/04/2025,03/04/2025,08/01/2022,0.0,39481.48,0.0,65697.76,0.0,120112.76,PNW3QK1KV3M3,HYPERION BIOTECHNOLOGY INC,,1NYJ0,13302 LANGTRY ST,,SAN ANTONIO,TX,782481232,USA,UNITED STATES,(210) 493-7452,(210) 342-2005,TEXAS 21,L046,TECHNICAL REPRESENTATIVE- WATER PURIFICATION AND SEWAGE TREATMENT EQUIPMENT,541618.0,OTHER MANAGEMENT CONSULTING SERVICES,OH,,USA,CUYAHOGA,CLEVELAND,,44106,2369.0,,2025-05-03-2033
36C25623P0493,Department of Veterans Affairs,ADSURGO LLC,124196.97,OTHER SCIENTIFIC AND TECHNICAL CONSULTING SERVICES STATISTICAL SUPPORT SERVICES,TERMINATED,https://www.fpds.gov/ezsearch/jsp/viewLinkController.jsp?agencyID=3600&PIID=36C25623P0493&modNumber=P00002&idvAgencyID=&idvPIID=&contractType=AWARD,3/31/2025,0.0,3600,36C25623P0493,P00002,,,,03/04/2025,03/10/2023,02/25/2025,02/25/2025,12/23/2022,-31794.58,124196.97,-31794.58,124196.97,-287843.23,124196.97,H7JFSZ57MJE6,ADSURGO LLC,ADSURGO,5WXK0,5 PORTOFINO DRIVE #1302,,PENSACOLA BEACH,FL,325615428,USA,UNITED STATES,(210) 218-1384,,FLORIDA 21,R499,SUPPORT- PROFESSIONAL: OTHER,541690.0,OTHER SCIENTIFIC AND TECHNICAL CONSULTING SERVICES,TX,,USA,HARRIS,HOUSTON,,77030,4298.0,,2025-05-03-2033
36C77623N0888,Department of Veterans Affairs,"J P SYSTEMS, INC.",33753801.84,OTHER SCIENTIFIC AND TECHNICAL CONSULTING SERVICES TERMINOLOGY STANDARDS SUPPORT SERVICES,TERMINATED,https://www.fpds.gov/ezsearch/jsp/viewLinkController.jsp?agencyID=3600&PIID=36C77623N0888&modNumber=P00003&idvAgencyID=&idvPIID=36C77621D0020&contractType=AWARD,3/28/2025,17289929.64,3600,36C77623N0888,P00003,3600,36C77621D0020,0,03/05/2025,09/20/2023,03/05/2025,03/05/2025,07/06/2023,0.0,16463872.2,0.0,16463872.2,0.0,33753801.84,PX35YDEXGEJ5,"J P SYSTEMS, INC.",,3YHH1,7419 KINCHELOE RD,,CLIFTON,VA,201241831,USA,UNITED STATES,(703) 864-9247,(888) 789-8990,VIRGINIA 10,R499,SUPPORT- PROFESSIONAL: OTHER,541690.0,OTHER SCIENTIFIC AND TECHNICAL CONSULTING SERVICES,VA,,USA,FAIRFAX,CLIFTON,,20124,1831.0,,2025-05-03-2033
36C26024N0432,Department of Veterans Affairs,"STAFFORD CONSULTING COMPANY, INC.",431344.58,ADMINISTRATIVE MANAGEMENT AND GENERAL MANAGEMENT CONSULTING SERVICES,TERMINATED,https://www.fpds.gov/ezsearch/jsp/viewLinkController.jsp?agencyID=3600&PIID=36C26024N0432&modNumber=P00001&idvAgencyID=&idvPIID=36C26019A0031&contractType=AWARD,3/27/2025,0.0,3600,36C26024N0432,P00001,3600,36C26019A0031,P00010,03/26/2025,09/15/2024,02/25/2025,02/25/2025,08/27/2024,-634101.82,431344.58,-634101.82,431344.58,-634101.82,431344.58,GMQFM999K2E5,"STAFFORD CONSULTING COMPANY, INC.",,6JNW1,1765 GREENSBORO STATION PL,STE 900,MC LEAN,VA,221023470,USA,UNITED STATES,(301) 502-8967,(256) 325-0418,VIRGINIA 11,R707,SUPPORT- MANAGEMENT: CONTRACT/PROCUREMENT/ACQUISITION SUPPORT,541611.0,ADMINISTRATIVE MANAGEMENT AND GENERAL MANAGEMENT CONSULTING SERVICES,WA,,USA,CLARK,VANCOUVER,,98661,5160.0,,2025-05-03-2033
36C10X23N0128,Department of Veterans Affairs,"INFORMATION SCIENCES CONSULTING, INCORPORATED",7440273.89,MEDICAL SUPPLY LABORATORY TECHNICIANS,TERMINATED,https://www.fpds.gov/ezsearch/jsp/viewLinkController.jsp?agencyID=3600&PIID=36C10X23N0128&modNumber=P00005&idvAgencyID=&idvPIID=36C10X18D0011&contractType=AWARD,3/27/2025,2539369.76,3600,36C10X23N0128,P00005,3600,36C10X18D0011,0,03/18/2025,08/30/2023,03/18/2025,03/18/2025,07/18/2023,0.0,4900904.13,0.0,4900904.13,0.0,7440273.89,DMNJHUPKNTA1,"INFORMATION SCIENCES CONSULTING, INCORPORATED",ISCI,1TGA9,10432 BALLS FORD RD STE 300,,MANASSAS,VA,201092517,USA,UNITED STATES,(703) 581-7253,(571) 461-1979,VIRGINIA 10,R499,SUPPORT- PROFESSIONAL: OTHER,541611.0,ADMINISTRATIVE MANAGEMENT AND GENERAL MANAGEMENT CONSULTING SERVICES,MO,,USA,BOONE,COLUMBIA,,65201,5297.0,,2025-05-03-2033
36C26024N0402,Department of Veterans Affairs,"STAFFORD CONSULTING COMPANY, INC.",63722.84,ADMINISTRATIVE MANAGEMENT AND GENERAL MANAGEMENT CONSULTING SERVICES,TERMINATED,https://www.fpds.gov/ezsearch/jsp/viewLinkController.jsp?agencyID=3600&PIID=36C26024N0402&modNumber=P00002&idvAgencyID=&idvPIID=36C26019A0031&contractType=AWARD,3/27/2025,0.0,3600,36C26024N0402,P00002,3600,36C26019A0031,P00010,03/26/2025,09/23/2024,02/25/2025,02/25/2025,08/14/2024,-171611.56,63722.84,-171611.56,63722.84,-171611.56,63722.84,GMQFM999K2E5,"STAFFORD CONSULTING COMPANY, INC.",,6JNW1,1765 GREENSBORO STATION PL,STE 900,MC LEAN,VA,221023470,USA,UNITED STATES,(301) 502-8967,(256) 325-0418,VIRGINIA 11,R707,SUPPORT- MANAGEMENT: CONTRACT/PROCUREMENT/ACQUISITION SUPPORT,541611.0,ADMINISTRATIVE MANAGEMENT AND GENERAL MANAGEMENT CONSULTING SERVICES,WA,,USA,CLARK,VANCOUVER,,98661,5160.0,,2025-05-03-2033
36C26024N0416,Department of Veterans Affairs,"STAFFORD CONSULTING COMPANY, INC.",324393.89,ADMINISTRATIVE MANAGEMENT AND GENERAL MANAGEMENT CONSULTING SERVICES,TERMINATED,https://www.fpds.gov/ezsearch/jsp/viewLinkController.jsp?agencyID=3600&PIID=36C26024N0416&modNumber=P00002&idvAgencyID=&idvPIID=36C26019A0031&contractType=AWARD,3/27/2025,0.0,3600,36C26024N0416,P00002,3600,36C26019A0031,P00010,03/26/2025,09/29/2024,02/25/2025,02/25/2025,08/19/2024,-435362.91,324393.89,-435362.91,324393.89,-435362.91,324393.89,GMQFM999K2E5,"STAFFORD CONSULTING COMPANY, INC.",,6JNW1,1765 GREENSBORO STATION PL,STE 900,MC LEAN,VA,221023470,USA,UNITED STATES,(301) 502-8967,(256) 325-0418,VIRGINIA 11,R707,SUPPORT- MANAGEMENT: CONTRACT/PROCUREMENT/ACQUISITION SUPPORT,541611.0,ADMINISTRATIVE MANAGEMENT AND GENERAL MANAGEMENT CONSULTING SERVICES,WA,,USA,CLARK,VANCOUVER,,98661,5160.0,,2025-05-03-2033
36C26024N0458,Department of Veterans Affairs,"STAFFORD CONSULTING COMPANY, INC.",22443.11,ADMINISTRATIVE MANAGEMENT AND GENERAL MANAGEMENT CONSULTING SERVICES,TERMINATED,https://www.fpds.gov/ezsearch/jsp/viewLinkController.jsp?agencyID=3600&PIID=36C26024N0458&modNumber=P00002&idvAgencyID=&idvPIID=36C26019A0031&contractType=AWARD,3/27/2025,0.0,3600,36C26024N0458,P00002,3600,36C26019A0031,P00010,03/26/2025,09/28/2024,02/25/2025,02/25/2025,09/16/2024,-552932.04,22443.11,-552932.04,22443.11,-552932.04,22443.11,GMQFM999K2E5,"STAFFORD CONSULTING COMPANY, INC.",,6JNW1,1765 GREENSBORO STATION PL,STE 900,MC LEAN,VA,221023470,USA,UNITED STATES,(301) 502-8967,(256) 325-0418,VIRGINIA 11,R707,SUPPORT- MANAGEMENT: CONTRACT/PROCUREMENT/ACQUISITION SUPPORT,541611.0,ADMINISTRATIVE MANAGEMENT AND GENERAL MANAGEMENT CONSULTING SERVICES,WA,,USA,CLARK,VANCOUVER,,98661,5160.0,,2025-05-03-2033
36C26024N0414,Department of Veterans Affairs,"STAFFORD CONSULTING COMPANY, INC.",537057.79,ADMINISTRATIVE MANAGEMENT AND GENERAL MANAGEMENT CONSULTING SERVICES,TERMINATED,https://www.fpds.gov/ezsearch/jsp/viewLinkController.jsp?agencyID=3600&PIID=36C26024N0414&modNumber=P00001&idvAgencyID=&idvPIID=36C26019A0031&contractType=AWARD,3/27/2025,0.0,3600,36C26024N0414,P00001,3600,36C26019A0031,P00010,03/26/2025,09/28/2024,02/25/2025,02/25/2025,08/19/2024,-879220.61,537057.79,-879220.61,537057.79,-879220.61,537057.79,GMQFM999K2E5,"STAFFORD CONSULTING COMPANY, INC.",,6JNW1,1765 GREENSBORO STATION PL,STE 900,MC LEAN,VA,221023470,USA,UNITED STATES,(301) 502-8967,(256) 325-0418,VIRGINIA 11,R707,SUPPORT- MANAGEMENT: CONTRACT/PROCUREMENT/ACQUISITION SUPPORT,541611.0,ADMINISTRATIVE MANAGEMENT AND GENERAL MANAGEMENT CONSULTING SERVICES,WA,,USA,CLARK,VANCOUVER,,98661,5160.0,,2025-05-03-2033
36C26024N0415,Department of Veterans Affairs,"STAFFORD CONSULTING COMPANY, INC.",623301.56,ADMINISTRATIVE MANAGEMENT AND GENERAL MANAGEMENT CONSULTING SERVICES,TERMINATED,https://www.fpds.gov/ezsearch/jsp/viewLinkController.jsp?agencyID=3600&PIID=36C26024N0415&modNumber=P00001&idvAgencyID=&idvPIID=36C26019A0031&contractType=AWARD,3/27/2025,0.0,3600,36C26024N0415,P00001,3600,36C26019A0031,P00010,03/26/2025,09/28/2024,02/25/2025,02/25/2025,08/19/2024,-616010.44,623301.56,-616010.44,623301.56,-616010.44,623301.56,GMQFM999K2E5,"STAFFORD CONSULTING COMPANY, INC.",,6JNW1,1765 GREENSBORO STATION PL,STE 900,MC LEAN,VA,221023470,USA,UNITED STATES,(301) 502-8967,(256) 325-0418,VIRGINIA 11,R707,SUPPORT- MANAGEMENT: CONTRACT/PROCUREMENT/ACQUISITION SUPPORT,541611.0,ADMINISTRATIVE MANAGEMENT AND GENERAL MANAGEMENT CONSULTING SERVICES,WA,,USA,CLARK,VANCOUVER,,98661,5160.0,,2025-05-03-2033
36C26024N0429,Department of Veterans Affairs,"STAFFORD CONSULTING COMPANY, INC.",110414.76,ADMINISTRATIVE MANAGEMENT AND GENERAL MANAGEMENT CONSULTING SERVICES,TERMINATED,https://www.fpds.gov/ezsearch/jsp/viewLinkController.jsp?agencyID=3600&PIID=36C26024N0429&modNumber=P00001&idvAgencyID=&idvPIID=36C26019A0031&contractType=AWARD,3/27/2025,0.0,3600,36C26024N0429,P00001,3600,36C26019A0031,P00010,03/26/2025,09/04/2024,03/04/2025,03/04/2025,08/27/2024,-260279.64,110414.76,-260279.64,110414.76,-260279.64,110414.76,GMQFM999K2E5,"STAFFORD CONSULTING COMPANY, INC.",,6JNW1,1765 GREENSBORO STATION PL,STE 900,MC LEAN,VA,221023470,USA,UNITED STATES,(301) 502-8967,(256) 325-0418,VIRGINIA 11,R707,SUPPORT- MANAGEMENT: CONTRACT/PROCUREMENT/ACQUISITION SUPPORT,541611.0,ADMINISTRATIVE MANAGEMENT AND GENERAL MANAGEMENT CONSULTING SERVICES,WA,,USA,CLARK,VANCOUVER,,98661,5160.0,,2025-05-03-2033
36C26024N0413,Department of Veterans Affairs,"STAFFORD CONSULTING COMPANY, INC.",61651.55,ADMINISTRATIVE MANAGEMENT AND GENERAL MANAGEMENT CONSULTING SERVICES,TERMINATED,https://www.fpds.gov/ezsearch/jsp/viewLinkController.jsp?agencyID=3600&PIID=36C26024N0413&modNumber=P00001&idvAgencyID=&idvPIID=36C26019A0031&contractType=AWARD,3/27/2025,0.0,3600,36C26024N0413,P00001,3600,36C26019A0031,P00010,03/26/2025,09/05/2024,03/04/2025,03/04/2025,08/19/2024,-314793.25,61651.55,-314793.25,61651.55,-314793.25,61651.55,GMQFM999K2E5,"STAFFORD CONSULTING COMPANY, INC.",,6JNW1,1765 GREENSBORO STATION PL,STE 900,MC LEAN,VA,221023470,USA,UNITED STATES,(301) 502-8967,(256) 325-0418,VIRGINIA 11,R707,SUPPORT- MANAGEMENT: CONTRACT/PROCUREMENT/ACQUISITION SUPPORT,541611.0,ADMINISTRATIVE MANAGEMENT AND GENERAL MANAGEMENT CONSULTING SERVICES,WA,,USA,CLARK,VANCOUVER,,98661,5160.0,,2025-05-03-2033
36C26222P1325,Department of Veterans Affairs,"RESPONSE SYSTEMS, INC.",264780.9,FULL BUILDING EVACUATION PLANNING AND TRAINING FOR THE VA GREATER LOS ANGELES HEALTH CARE SYSTEM.,TERMINATED,https://www.fpds.gov/ezsearch/jsp/viewLinkController.jsp?agencyID=3600&PIID=36C26222P1325&modNumber=P00003&idvAgencyID=&idvPIID=&contractType=AWARD,3/26/2025,90629.5,3600,36C26222P1325,P00003,,,,03/05/2025,07/01/2022,03/04/2025,03/04/2025,05/13/2022,0.0,174151.4,0.0,174151.4,0.0,264780.9,K32GQJF3AHJ7,"RESPONSE SYSTEMS, INC.",,5GG66,S26 W35185 WOODSTREAM CT,,OCONOMOWOC,WI,530668789,USA,UNITED STATES,(262) 965-2436,(262) 965-2436,WISCONSIN 17,R429,SUPPORT- PROFESSIONAL: EMERGENCY RESPONSE/DISASTER PLANNING/PREPAREDNESS SUPPORT,541611.0,ADMINISTRATIVE MANAGEMENT AND GENERAL MANAGEMENT CONSULTING SERVICES,CA,,USA,LOS ANGELES,LOS ANGELES,,90073,1003.0,,2025-05-03-2033
36C24424N1054,Department of Veterans Affairs,"CONCOURSE FEDERAL GROUP, LLC",193238.29,VAPHS CONSTRUCTION MANAGEMENT AND INTERIOR DESIGN SUPPORT SERVICES,TERMINATED,https://www.fpds.gov/ezsearch/jsp/viewLinkController.jsp?agencyID=3600&PIID=36C24424N1054&modNumber=P00001&idvAgencyID=&idvPIID=36C24419A0041&contractType=AWARD,3/26/2025,0.0,3600,36C24424N1054,P00001,3600,36C24419A0041,P00001,03/25/2025,09/05/2024,03/25/2025,03/25/2025,08/20/2024,-128454.47,193238.29,-128454.47,193238.29,-128454.47,193238.29,KD6WCU5JHKW5,"CONCOURSE FEDERAL GROUP, LLC",,5HAY6,123 S ROYAL ST,,ALEXANDRIA,VA,223143327,USA,UNITED STATES,(703) 945-4208,(410) 267-7406,VIRGINIA 09,R425,SUPPORT- PROFESSIONAL: ENGINEERING/TECHNICAL,541611.0,ADMINISTRATIVE MANAGEMENT AND GENERAL MANAGEMENT CONSULTING SERVICES,PA,,USA,ALLEGHENY,PITTSBURGH,,15215,1802.0,,2025-05-03-2033
36C25723P0334,Department of Veterans Affairs,PRESS GANEY ASSOCIATES LLC,69090.9,PATIENT SATIFIACTION SURVEY (BASE PLUS FOUR),TERMINATED,https://www.fpds.gov/ezsearch/jsp/viewLinkController.jsp?agencyID=3600&PIID=36C25723P0334&modNumber=P00002&idvAgencyID=&idvPIID=&contractType=AWARD,3/26/2025,0.0,3600,36C25723P0334,P00002,,,,03/25/2025,06/09/2023,02/28/2025,02/28/2025,05/19/2023,-6281.1,69090.9,-6281.1,69090.9,-119339.1,69090.9,PTAKRVGUJE53,PRESS GANEY ASSOCIATES LLC,,3DFC7,1173 IGNITION DR,,SOUTH BEND,IN,466012901,USA,UNITED STATES,(800) 232-8032,,INDIANA 02,R499,SUPPORT- PROFESSIONAL: OTHER,541611.0,ADMINISTRATIVE MANAGEMENT AND GENERAL MANAGEMENT CONSULTING SERVICES,IN,,USA,ST JOSEPH,SOUTH BEND,,46601,1533.0,,2025-05-03-2033
36C25724P0250,Department of Veterans Affairs,"SANFORD FEDERAL, INC.",914658.61,GAS MANAGEMENT SERVICES,TERMINATED,https://www.fpds.gov/ezsearch/jsp/viewLinkController.jsp?agencyID=3600&PIID=36C25724P0250&modNumber=P00002&idvAgencyID=&idvPIID=&contractType=AWARD,3/26/2025,699150.0,3600,36C25724P0250,P00002,,,,03/25/2025,04/02/2024,03/04/2025,03/04/2025,03/19/2024,-250591.39,215508.61,-250591.39,215508.61,-250591.39,914658.61,RBCJDAS355L9,"SANFORD FEDERAL, INC.",,87DG6,525 CORPORATE DR STE 203,,STAFFORD,VA,225544890,USA,UNITED STATES,(571) 552-0502,,VIRGINIA 07,Q999,MEDICAL- OTHER,541611.0,ADMINISTRATIVE MANAGEMENT AND GENERAL MANAGEMENT CONSULTING SERVICES,TX,,USA,BELL,TEMPLE,,76504,5129.0,,2025-05-03-2033
36C26124N0818,Department of Veterans Affairs,PLANATE MANAGEMENT GROUP LLC,175000.0,AGENCY SPECIFIC REQUIREMENTS PACKAGE DEVELOPMENT FOR LEASE PROCUREMENTS FUNDING T/O FOR ORDERING PERIOD THREE.,TERMINATED,https://www.fpds.gov/ezsearch/jsp/viewLinkController.jsp?agencyID=3600&PIID=36C26124N0818&modNumber=P00001&idvAgencyID=&idvPIID=36C26121A0032&contractType=AWARD,3/26/2025,60186.09,3600,36C26124N0818,P00001,3600,36C26121A0032,0,03/25/2025,08/13/2024,08/12/2025,08/12/2025,07/10/2021,-60186.09,114813.91,0.0,175000.0,0.0,175000.0,ZL3LH37LF183,PLANATE MANAGEMENT GROUP LLC,,4XZF6,1800 DIAGONAL RD STE 600,,ALEXANDRIA,VA,223142840,USA,UNITED STATES,(703) 232-1491,(866) 844-4373,VIRGINIA 08,R425,SUPPORT- PROFESSIONAL: ENGINEERING/TECHNICAL,541611.0,ADMINISTRATIVE MANAGEMENT AND GENERAL MANAGEMENT CONSULTING SERVICES,CA,,USA,SACRAMENTO,MATHER,,95655,4200.0,,2025-05-03-2033
36C26222C0047,Department of Veterans Affairs,PRESS GANEY ASSOCIATES LLC,690676.1,PATIENT SURVEY EXPERIENCE,TERMINATED,https://www.fpds.gov/ezsearch/jsp/viewLinkController.jsp?agencyID=3600&PIID=36C26222C0047&modNumber=P00005&idvAgencyID=&idvPIID=&contractType=AWARD,3/26/2025,0.0,3600,36C26222C0047,P00005,,,,03/25/2025,02/01/2022,03/04/2025,03/04/2025,12/10/2021,-209849.62,690676.1,-209849.62,690676.1,-439481.05,690676.1,PTAKRVGUJE53,PRESS GANEY ASSOCIATES LLC,,3DFC7,404 COLUMBIA PL,,SOUTH BEND,IN,466012315,USA,UNITED STATES,(800) 232-8032,,INDIANA 02,J066,MAINT/REPAIR/REBUILD OF EQUIPMENT- INSTRUMENTS AND LABORATORY EQUIPMENT,541611.0,ADMINISTRATIVE MANAGEMENT AND GENERAL MANAGEMENT CONSULTING SERVICES,CA,,USA,SAN BERNARDINO,LOMA LINDA,,92357,1.0,,2025-05-03-2033
36C26023F0388,Department of Veterans Affairs,PRESS GANEY ASSOCIATES LLC,139552.07,PATIENT SATISFACTION SURVEY SERVICE,TERMINATED,https://www.fpds.gov/ezsearch/jsp/viewLinkController.jsp?agencyID=3600&PIID=36C26023F0388&modNumber=P00005&idvAgencyID=&idvPIID=GS10F0205R&contractType=AWARD,3/26/2025,0.0,3600,36C26023F0388,P00005,4730,GS10F0205R,PA0064,03/25/2025,08/19/2023,03/04/2025,03/04/2025,06/06/2023,-70999.45,139552.07,-70999.45,139552.07,-243198.23,139552.07,PTAKRVGUJE53,PRESS GANEY ASSOCIATES LLC,,3DFC7,1173 IGNITION DR,,SOUTH BEND,IN,466012901,USA,UNITED STATES,(800) 232-8032,,INDIANA 02,R499,SUPPORT- PROFESSIONAL: OTHER,541611.0,ADMINISTRATIVE MANAGEMENT AND GENERAL MANAGEMENT CONSULTING SERVICES,OR,,USA,MULTNOMAH,PORTLAND,,97239,2964.0,,2025-05-03-2033
36C10A21F0273,Department of Veterans Affairs,"COLOSSAL CONTRACTING, LLC",234324.47,OFFICE OF RESOLUTION MANAGEMENT DIVERSITY AND INCLUSION MULTIFUNCTIONAL PRINTER AND COPIER MAINTENANCE,TERMINATED,https://www.fpds.gov/ezsearch/jsp/viewLinkController.jsp?agencyID=3600&PIID=36C10A21F0273&modNumber=P00007&idvAgencyID=&idvPIID=NNG15SD72B&contractType=AWARD,3/26/2025,0.0,3600,36C10A21F0273,P00007,8000,NNG15SD72B,15,03/25/2025,09/15/2021,02/19/2025,02/19/2025,07/15/2021,-31908.26,234324.47,-31908.26,234324.47,-86608.1,234324.47,F4M9NB1HD785,"COLOSSAL CONTRACTING, LLC",,5P3K0,304 HARRY S TRUMAN PKWY STE G,,ANNAPOLIS,MD,214017379,USA,UNITED STATES,(571) 235-7175,(470) 414-2553,MARYLAND 03,DE01,"IT and Telecom - End User: Help Desk; Tier 1-2, Workspace, Print, Output, Productivity Tools (Labor)",541519.0,OTHER COMPUTER RELATED SERVICES,DC,,USA,DISTRICT OF COLUMBIA,WASHINGTON,,20001,1152.0,,2025-05-03-2033
36C24125F0054,Department of Veterans Affairs,"CAPITAL PROJECT MANAGEMENT, INC.",4767.19,CLAIM ANALYST,TERMINATED,https://www.fpds.gov/ezsearch/jsp/viewLinkController.jsp?agencyID=3600&PIID=36C24125F0054&modNumber=P00001&idvAgencyID=&idvPIID=GS10F0021T&contractType=AWARD,3/24/2025,0.0,3600,36C24125F0054,P00001,4730,GS10F0021T,PA0059,03/21/2025,01/13/2025,03/31/2025,03/31/2025,12/23/2024,-89407.45,4767.19,-92407.45,4767.19,-92407.45,4767.19,LELWNRZXFR37,"CAPITAL PROJECT MANAGEMENT, INC.",,1EKA7,1777 SENTRY PARKWAY WEST,VEVA 11 STE 300,BLUE BELL,PA,19422,USA,UNITED STATES,(267) 464-1555,(267) 464-0400, ,C219,ARCHITECT AND ENGINEERING- GENERAL: OTHER,541611.0,ADMINISTRATIVE MANAGEMENT AND GENERAL MANAGEMENT CONSULTING SERVICES,MA,,USA,PLYMOUTH,BROCKTON,,02301,901.0,,2025-05-03-2033
36C25624P0448,Department of Veterans Affairs,"VINYARD MANAGEMENT GROUP, INC.",132162.5,CONSULTING SERVICES,TERMINATED,https://www.fpds.gov/ezsearch/jsp/viewLinkController.jsp?agencyID=3600&PIID=36C25624P0448&modNumber=P00002&idvAgencyID=&idvPIID=&contractType=AWARD,3/20/2025,33500.0,3600,36C25624P0448,P00002,,,,03/19/2025,01/15/2024,02/25/2025,02/25/2025,12/11/2023,-114937.5,98662.5,-114937.5,98662.5,-114937.5,132162.5,FPKKU6AN4PJ3,"VINYARD MANAGEMENT GROUP, INC.",,1RVB9,1417 WATERFORD GREEN DR,,MARIETTA,GA,300682910,USA,UNITED STATES,(770) 329-3791,(770) 518-4692,GEORGIA 06,R410,SUPPORT- PROFESSIONAL: PROGRAM EVALUATION/REVIEW/DEVELOPMENT,541611.0,ADMINISTRATIVE MANAGEMENT AND GENERAL MANAGEMENT CONSULTING SERVICES,LA,,USA,ORLEANS,NEW ORLEANS,,70119,4701.0,,2025-05-03-2033
36C25722F0133,Department of Veterans Affairs,"STAFFORD CONSULTING COMPANY, INC.",4185761.16,CONTRACT SUPPORT SERVICES,TERMINATED,https://www.fpds.gov/ezsearch/jsp/viewLinkController.jsp?agencyID=3600&PIID=36C25722F0133&modNumber=P00008&idvAgencyID=&idvPIID=GS00F283GA&contractType=AWARD,3/20/2025,1957357.0,3600,36C25722F0133,P00008,4732,GS00F283GA,PA0034,03/19/2025,09/30/2022,03/04/2025,03/04/2025,08/11/2022,-563615.78,2228403.72,-563615.78,2228403.72,-563615.78,4185761.16,GMQFM999K2E5,"STAFFORD CONSULTING COMPANY, INC.",,6JNW1,1765 GREENSBORO STATION PL,STE 900,MC LEAN,VA,221023470,USA,UNITED STATES,(301) 502-8967,(256) 325-0418,VIRGINIA 11,R699,SUPPORT- ADMINISTRATIVE: OTHER,541611.0,ADMINISTRATIVE MANAGEMENT AND GENERAL MANAGEMENT CONSULTING SERVICES,VA,,USA,FAIRFAX,MCLEAN,,22102,2945.0,,2025-05-03-2033
36C24724N0673,Department of Veterans Affairs,PRESS GANEY ASSOCIATES LLC,15931236.88,PATIENT SATISFACTION SURVEY,TERMINATED,https://www.fpds.gov/ezsearch/jsp/viewLinkController.jsp?agencyID=3600&PIID=36C24724N0673&modNumber=P00001&idvAgencyID=&idvPIID=GS10F0205R&contractType=AWARD,3/20/2025,13675917.0,3600,36C24724N0673,P00001,4730,GS10F0205R,PA0064,03/04/2025,06/01/2024,03/04/2025,03/04/2025,05/15/2024,-1163659.52,2255319.76,-1163659.52,2255319.76,-1163659.52,15931236.88,PTAKRVGUJE53,PRESS GANEY ASSOCIATES LLC,,3DFC7,1173 IGNITION DR,,SOUTH BEND,IN,466012901,USA,UNITED STATES,(800) 232-8032,,INDIANA 02,R401,SUPPORT- PROFESSIONAL: PERSONAL CARE (NON-MEDICAL),541611.0,ADMINISTRATIVE MANAGEMENT AND GENERAL MANAGEMENT CONSULTING SERVICES,GA,,USA,DEKALB,DECATUR,,30033,3425.0,,2025-05-03-2033
36C77624N0470,Department of Veterans Affairs,"BEST PRACTICE ASSOCIATES, L.L.C.",4101191.01,PAYER RELATIONS AND SERVICES SUPPORT,TERMINATED,https://www.fpds.gov/ezsearch/jsp/viewLinkController.jsp?agencyID=3600&PIID=36C77624N0470&modNumber=P00003&idvAgencyID=&idvPIID=36C77622D0031&contractType=AWARD,3/20/2025,1844144.0,3600,36C77624N0470,P00003,3600,36C77622D0031,0,04/16/2025,09/14/2024,09/13/2025,09/13/2025,05/29/2024,-217102.78,1822841.69,2039944.5,2039944.5,2039944.5,6319603.06,HJ2UGP6Z2EG1,"BEST PRACTICE ASSOCIATES, L.L.C.",FEDERAL ADVISORY PARTNERS,5YUU0,3100 CLARENDON BLVD STE 1400,,ARLINGTON,VA,222015333,USA,UNITED STATES,(703) 328-3923,(703) 229-5895,VIRGINIA 08,R499,SUPPORT- PROFESSIONAL: OTHER,541611.0,ADMINISTRATIVE MANAGEMENT AND GENERAL MANAGEMENT CONSULTING SERVICES,MO,,USA,SAINT LOUIS CITY,SAINT LOUIS,,63125,1007.0,,2025-05-03-2033
36C10G23F0020,Department of Veterans Affairs,"ARBINGER COMPANY, THE",137671.62,OUTWARD MINDSET TRAINING,TERMINATED,https://www.fpds.gov/ezsearch/jsp/viewLinkController.jsp?agencyID=3600&PIID=36C10G23F0020&modNumber=P00002&idvAgencyID=&idvPIID=GS10F099AA&contractType=AWARD,3/19/2025,0.0,3600,36C10G23F0020,P00002,4732,GS10F099AA,PA0051,03/17/2025,09/29/2023,03/17/2025,03/17/2025,09/13/2023,0.0,137671.62,0.0,137671.62,0.0,137671.62,XDJYKQ4BVTJ3,"ARBINGER COMPANY, THE",,1UMN6,686 N ARBINGER WAY,STE 200,FARMINGTON,UT,840253067,USA,UNITED STATES,(619) 243-6896,(801) 447-9376,UTAH 02,U099,EDUCATION/TRAINING- OTHER,541611.0,ADMINISTRATIVE MANAGEMENT AND GENERAL MANAGEMENT CONSULTING SERVICES,UT,,USA,DAVIS,FARMINGTON,,84025,4739.0,,2025-05-03-2033
36C24625C0007,Department of Veterans Affairs,"TRAUNER CONSULTING SERVICES, INC.",18633.75,PROFESSIONAL SERVICES,TERMINATED,https://www.fpds.gov/ezsearch/jsp/viewLinkController.jsp?agencyID=3600&PIID=36C24625C0007&modNumber=P00001&idvAgencyID=&idvPIID=&contractType=AWARD,3/19/2025,0.0,3600,36C24625C0007,P00001,,,,03/13/2025,11/25/2024,03/05/2025,03/05/2025,10/10/2024,-55901.23,18633.75,-55901.23,18633.75,-55901.23,18633.75,YV9LNAT3RAM8,"TRAUNER CONSULTING SERVICES, INC.","TRAUNER CONSULTING SERVICES, INC.",0EVE6,1617 JOHN F. KENNEDY BOULEVARD,SUITE 475,PHILADELPHIA,PA,191031860,USA,UNITED STATES,(215) 814-6400,(215) 814-6440,PENNSYLVANIA 03,R424,SUPPORT- PROFESSIONAL: EXPERT WITNESS,541611.0,ADMINISTRATIVE MANAGEMENT AND GENERAL MANAGEMENT CONSULTING SERVICES,NC,,USA,ROWAN,SALISBURY,,28144,5330.0,,2025-05-03-2033
36C25722P0135,Department of Veterans Affairs,PRESS GANEY ASSOCIATES LLC,66663.96,NDNQ1 DATA MEMEBERSHIP,TERMINATED,https://www.fpds.gov/ezsearch/jsp/viewLinkController.jsp?agencyID=3600&PIID=36C25722P0135&modNumber=P00004&idvAgencyID=&idvPIID=&contractType=AWARD,3/19/2025,28119.0,3600,36C25722P0135,P00004,,,,03/18/2025,01/01/2022,03/18/2025,03/18/2025,11/10/2021,-14420.01,38544.86,-14420.01,38544.86,-14420.01,66663.96,PTAKRVGUJE53,PRESS GANEY ASSOCIATES LLC,,3DFC7,404 COLUMBIA PL,,SOUTH BEND,IN,466012315,USA,UNITED STATES,(800) 232-8032,,INDIANA 02,Q999,MEDICAL- OTHER,541611.0,ADMINISTRATIVE MANAGEMENT AND GENERAL MANAGEMENT CONSULTING SERVICES,IN,,USA,ST JOSEPH,SOUTH BEND,,46601,2901.0,,2025-05-03-2033
36C24822P1639,Department of Veterans Affairs,PRESS GANEY ASSOCIATES LLC,32490.35,NATIONAL DATABASE OF NURSING QUALITY INDICATORS (NDNQI),TERMINATED,https://www.fpds.gov/ezsearch/jsp/viewLinkController.jsp?agencyID=3600&PIID=36C24822P1639&modNumber=P00004&idvAgencyID=&idvPIID=&contractType=AWARD,3/19/2025,0.0,3600,36C24822P1639,P00004,,,,03/06/2025,07/01/2022,12/31/2025,12/31/2026,06/27/2022,-14419.63,32490.35,-14419.63,32490.35,-29704.44,32490.35,PTAKRVGUJE53,PRESS GANEY ASSOCIATES LLC,,3DFC7,404 COLUMBIA PL,,SOUTH BEND,IN,466012315,USA,UNITED STATES,(800) 232-8032,,INDIANA 02,R499,SUPPORT- PROFESSIONAL: OTHER,541611.0,ADMINISTRATIVE MANAGEMENT AND GENERAL MANAGEMENT CONSULTING SERVICES,IN,,USA,ST JOSEPH,SOUTH BEND,,46601,2315.0,,2025-05-03-2033
36C25522N0255,Department of Veterans Affairs,MAXIM HEALTHCARE SERVICES INCORPORATED (0951),1005634.73,KANSAS CITY VAMC CODING,TERMINATED,https://www.fpds.gov/ezsearch/jsp/viewLinkController.jsp?agencyID=3600&PIID=36C25522N0255&modNumber=P00007&idvAgencyID=&idvPIID=36C10G21A0004&contractType=AWARD,3/19/2025,187166.0,3600,36C25522N0255,P00007,3600,36C10G21A0004,P00005,03/18/2025,07/01/2022,06/30/2025,06/30/2025,03/22/2022,-165754.41,818468.98,-165754.41,818468.98,-165754.41,1005634.73,DFUAFDQFV943,MAXIM HEALTHCARE SERVICES INCORPORATED (0951),,1NW03,7080 SAMUEL MORSE DRIVE,,COLUMBIA,MD,210463405,USA,UNITED STATES,,,MARYLAND 03,Q601,MEDICAL CODING AND AUDITING,541611.0,ADMINISTRATIVE MANAGEMENT AND GENERAL MANAGEMENT CONSULTING SERVICES,MD,,USA,HOWARD,COLUMBIA,,21046,3236.0,,2025-05-03-2033
36C24424N1140,Department of Veterans Affairs,"INTERIOR SYSTEMS, INC.",133601.78,ENGINEERING SUPPORT SERVICES TEMPORARY STAFFING,TERMINATED,https://www.fpds.gov/ezsearch/jsp/viewLinkController.jsp?agencyID=3600&PIID=36C24424N1140&modNumber=P00001&idvAgencyID=&idvPIID=36C24423A0055&contractType=AWARD,3/17/2025,0.0,3600,36C24424N1140,P00001,3600,36C24423A0055,P00001,03/14/2025,09/13/2024,03/14/2025,03/14/2025,08/16/2023,-2518.22,133601.78,-2518.22,133601.78,-2518.22,133601.78,RNHBDCBFX1N7,"INTERIOR SYSTEMS, INC.",,0ZVV4,45610 WOODLAND RD STE 130,,STERLING,VA,201664220,USA,UNITED STATES,(202) 263-0892,(202) 393-0630,VIRGINIA 10,R425,SUPPORT- PROFESSIONAL: ENGINEERING/TECHNICAL,541611.0,ADMINISTRATIVE MANAGEMENT AND GENERAL MANAGEMENT CONSULTING SERVICES,PA,,USA,LUZERNE,WILKES BARRE,,18711,30.0,,2025-05-03-2033
36C10B22N10160013,Department of Veterans Affairs,GENERAL DYNAMICS INFORMATION TECHNOLOGY INC.,111100922.74,TIER 0/TIER 1 INFORMATION TECHNOLOGY SERVICE MANAGEMENT INCIDENT AND SERVICE LEVEL AGREEMENT THRESHOLDS. THESE SERVICES WILL INCLUDE TECHNICAL LOGISTICAL AND PROGRAMMATIC SERVICES TO FULFILL THE REQUIREMENTS OF THE PERFORMANCE WORK STATEMENT.,Expired,https://www.fpds.gov/ezsearch/jsp/viewLinkController.jsp?agencyID=3600&PIID=36C10B22N10160013&modNumber=P00017&idvAgencyID=&idvPIID=VA11816D1016&contractType=AWARD,3/15/2025,34079794.73,3600,36C10B22N10160013,P00017,3600,VA11816D1016,P00010,04/14/2025,07/01/2022,12/31/2024,12/31/2024,04/27/2022,-4974962.5,72046165.51,-4974962.5,72046165.51,-39054757.23,72046165.51,SMNWM6HN79X5,"GENERAL DYNAMICS INFORMATION TECHNOLOGY, INC.",GDIT,07MU1,3150 FAIRVIEW PARK DR STE 100,,FALLS CHURCH,VA,220424504,USA,UNITED STATES,(571) 533-3136,,VIRGINIA 08,DE01,"IT and Telecom - End User: Help Desk; Tier 1-2, Workspace, Print, Output, Productivity Tools (Labor)",541512.0,COMPUTER SYSTEMS DESIGN SERVICES,VA,,USA,FAIRFAX,FALLS CHURCH,,22042,4504.0,,2025-05-03-2033
36C10B20F0419,Department of Veterans Affairs,DELOITTE CONSULTING LLP,44946970.54,GSA ORDER FOR CYBER INNOVATION PROGRAM (CIP) MANAGED SERVICES,Expired,https://www.fpds.gov/ezsearch/jsp/viewLinkController.jsp?agencyID=3600&PIID=36C10B20F0419&modNumber=P00007&idvAgencyID=&idvPIID=GS35F0617Y&contractType=AWARD,3/15/2025,7473674.06,3600,36C10B20F0419,P00007,4732,GS35F0617Y,PS0045,04/18/2025,09/25/2020,09/24/2024,09/24/2024,08/28/2020,-32692.29,37440604.19,-32692.29,37440656.64,-32692.29,44914278.25,CKV2L9GZKJK3,DELOITTE CONSULTING LLP,,1TTG5,1919 N LYNN ST,,ARLINGTON,VA,222091742,USA,UNITED STATES,(571) 858-0176,(703) 842-6748,VIRGINIA 08,R499,SUPPORT- PROFESSIONAL: OTHER,541512.0,COMPUTER SYSTEMS DESIGN SERVICES,VA,,USA,ARLINGTON,ARLINGTON,,22209,1800.0,,2025-05-03-2033
36C25622N1029,Department of Veterans Affairs,"PLANETREE INTERNATIONAL, INC.",56495.27,PATIENT CENTERED CARE DESIGNATION CERTIFICATION,TERMINATED,https://www.fpds.gov/ezsearch/jsp/viewLinkController.jsp?agencyID=3600&PIID=36C25622N1029&modNumber=P00005&idvAgencyID=&idvPIID=GS10F001CA&contractType=AWARD,3/14/2025,0.0,3600,36C25622N1029,P00005,4732,GS10F001CA,PO0034,03/13/2025,09/19/2022,09/18/2025,09/18/2025,08/12/2022,-46250.0,56495.27,-46250.0,56495.27,-46250.0,56495.27,LCVVFLQ7Y476,"PLANETREE INTERNATIONAL, INC.",,4PMV0,130 DIVISION ST,,DERBY,CT,064181326,USA,UNITED STATES,(203) 732-1365,(203) 732-1338,CONNECTICUT 03,R499,SUPPORT- PROFESSIONAL: OTHER,541611.0,ADMINISTRATIVE MANAGEMENT AND GENERAL MANAGEMENT CONSULTING SERVICES,CT,,USA,NEW HAVEN,DERBY,,06418,1326.0,,2025-05-03-2033
36C10D21F0002,Department of Veterans Affairs,"BEST VALUE TECHNOLOGY, INC.",39773201.78,Quality Assessment and Monitoring (QA&M) for the VBA Office of Business Integration.,FUNDING ONLY ACTION,https://www.fpds.gov/ezsearch/jsp/viewLinkController.jsp?agencyID=3600&PIID=36C10D21F0002&modNumber=P00019&idvAgencyID=&idvPIID=GS10F227AA&contractType=AWARD,3/12/2025,21011308.0,3600,36C10D21F0002,P00019,4732,GS10F227AA,PA0019,05/01/2025,11/29/2020,11/28/2025,11/28/2025,09/01/2020,-580537.18,21919479.69,-580537.18,29082504.94,-580537.18,38537607.24,NVBULU4RNZ97,"BEST VALUE TECHNOLOGY, INC.",,1YL61,1417 LILY ESTATES DR,,RALEIGH,NC,276146003,USA,UNITED STATES,(703) 229-4200,(703) 229-4229,NORTH CAROLINA 02,R499,SUPPORT- PROFESSIONAL: OTHER,541611.0,ADMINISTRATIVE MANAGEMENT AND GENERAL MANAGEMENT CONSULTING SERVICES,VA,,USA,PRINCE WILLIAM,HAYMARKET,,20169,1667.0,,2025-05-03-2033
36C10X24F0033,Department of Veterans Affairs,OPERATIONS SERVICES INC,2663104.68,Warehouse Ops,TERMINATED,https://www.fpds.gov/ezsearch/jsp/viewLinkController.jsp?agencyID=3600&PIID=36C10X24F0033&modNumber=P00001&idvAgencyID=&idvPIID=GS00F002HA&contractType=AWARD,3/12/2025,2131948.0,3600,36C10X24F0033,P00001,4732,GS00F002HA,PA0021,02/25/2025,03/01/2024,02/25/2025,02/25/2025,01/22/2024,0.0,1059830.28,0.0,1059830.28,0.0,2663104.68,L867C34BT946,"OPERATIONS SERVICES, INC.",,63M10,455 RAMSEY ST,SUITE 203,FAYETTEVILLE,NC,283014959,USA,UNITED STATES,(910) 835-5005,(910) 568-5647,NORTH CAROLINA 07,R706,SUPPORT- MANAGEMENT: LOGISTICS SUPPORT,541614.0,"PROCESS, PHYSICAL DISTRIBUTION, AND LOGISTICS CONSULTING SERVICES",DC,,USA,DISTRICT OF COLUMBIA,WASHINGTON,,20420,1.0,,2025-05-03-2033
36C77623P0041,Department of Veterans Affairs,"VETERANS FACILITY SERVICES, INC",89581.04,"PF Engineers provide performance contracts and provide direct engineering support including design reviews, savings calculations, and feasibility reviews",TERMINATED,https://www.fpds.gov/ezsearch/jsp/viewLinkController.jsp?agencyID=3600&PIID=36C77623P0041&modNumber=P00003&idvAgencyID=&idvPIID=&contractType=AWARD,3/12/2025,53050.0,3600,36C77623P0041,P00003,,,,02/25/2025,08/25/2023,02/25/2025,02/25/2025,09/16/2022,0.0,33411.16,0.0,33411.16,0.0,33411.16,HW4YN17XKA64,"VETERANS FACILITY SERVICES, INC",,75F10,14 WILDWOOD PLANTATION LANE,,CATAULA,GA,318042946,USA,UNITED STATES,(470) 514-0228,,GEORGIA 03,R499,SUPPORT- PROFESSIONAL: OTHER,541690.0,OTHER SCIENTIFIC AND TECHNICAL CONSULTING SERVICES,WA,,USA,BENTON,RICHLAND,,99352,7752.0,,2025-05-03-2033
36C77623P0083,Department of Veterans Affairs,"EMP2, INC.",76902.94,"PF Engineers provide performance contracts and provide direct engineering support including design reviews, savings calculations, and feasibility reviews",TERMINATED,https://www.fpds.gov/ezsearch/jsp/viewLinkController.jsp?agencyID=3600&PIID=36C77623P0083&modNumber=P00002&idvAgencyID=&idvPIID=&contractType=AWARD,3/12/2025,47234.0,3600,36C77623P0083,P00002,,,,02/25/2025,09/29/2023,02/25/2025,02/25/2025,03/31/2023,0.0,29669.19,0.0,29669.19,0.0,76902.94,SRMEJFRMLPB3,"EMP2, INCORPORATED",EMP2,1TC56,1950 KEENE RD BLDG E,,RICHLAND,WA,993527752,USA,UNITED STATES,(509) 627-5401,(509) 627-5405,WASHINGTON 04,R408,SUPPORT- PROFESSIONAL: PROGRAM MANAGEMENT/SUPPORT,541690.0,OTHER SCIENTIFIC AND TECHNICAL CONSULTING SERVICES,NM,,USA,BERNALILLO,ALBUQUERQUE,,87101,4000.0,,2025-05-03-2033
36C77622P0170,Department of Veterans Affairs,"EMP2, INC.",94113.72,"PF Engineers provide performance contracts and provide direct engineering support including design reviews, savings calculations, and feasibility reviews",TERMINATED,https://www.fpds.gov/ezsearch/jsp/viewLinkController.jsp?agencyID=3600&PIID=36C77622P0170&modNumber=P00003&idvAgencyID=&idvPIID=&contractType=AWARD,3/12/2025,25556.0,3600,36C77622P0170,P00003,,,,02/25/2025,09/30/2022,02/25/2025,02/25/2025,09/13/2022,0.0,68557.4,0.0,68557.4,0.0,94113.72,SRMEJFRMLPB3,"EMP2, INCORPORATED",EMP2,1TC56,1950 KEENE RD BLDG E,,RICHLAND,WA,993527752,USA,UNITED STATES,(509) 627-5401,(509) 627-5405,WASHINGTON 04,R499,SUPPORT- PROFESSIONAL: OTHER,541690.0,OTHER SCIENTIFIC AND TECHNICAL CONSULTING SERVICES,WA,,USA,BENTON,RICHLAND,,99352,7752.0,,2025-05-03-2033
36C77622P0098,Department of Veterans Affairs,"EMP2, INC.",91287.4,The support provided by the contract is not available within OAEM,TERMINATED,https://www.fpds.gov/ezsearch/jsp/viewLinkController.jsp?agencyID=3600&PIID=36C77622P0098&modNumber=P00003&idvAgencyID=&idvPIID=&contractType=AWARD,3/12/2025,19525.0,3600,36C77622P0098,P00003,,,,02/25/2025,06/12/2022,02/25/2025,02/25/2025,05/23/2022,0.0,71762.28,0.0,71762.28,0.0,91287.4,SRMEJFRMLPB3,"EMP2, INCORPORATED",EMP2,1TC56,1950 KEENE RD BLDG E,,RICHLAND,WA,993527752,USA,UNITED STATES,(509) 627-5401,(509) 627-5405,WASHINGTON 04,R499,SUPPORT- PROFESSIONAL: OTHER,541690.0,OTHER SCIENTIFIC AND TECHNICAL CONSULTING SERVICES,WA,,USA,BENTON,RICHLAND,,99352,7752.0,,2025-05-03-2033
36C77623P0006,Department of Veterans Affairs,"EMP2, INC.",45992.42,"PF Engineers provide performance contracts and provide direct engineering support including design reviews, savings calculations, and feasibility reviews",TERMINATED,https://www.fpds.gov/ezsearch/jsp/viewLinkController.jsp?agencyID=3600&PIID=36C77623P0006&modNumber=P00004&idvAgencyID=&idvPIID=&contractType=AWARD,3/12/2025,19147.0,3600,36C77623P0006,P00004,,,,02/25/2025,12/01/2022,02/25/2025,02/25/2025,09/16/2022,0.0,26845.86,0.0,26845.86,0.0,45992.42,SRMEJFRMLPB3,"EMP2, INCORPORATED",EMP2,1TC56,1950 KEENE RD BLDG E,,RICHLAND,WA,993527752,USA,UNITED STATES,(509) 627-5401,(509) 627-5405,WASHINGTON 04,R499,SUPPORT- PROFESSIONAL: OTHER,541690.0,OTHER SCIENTIFIC AND TECHNICAL CONSULTING SERVICES,WA,,USA,BENTON,RICHLAND,,99352,7752.0,,2025-05-03-2033
36C78624N0882,Department of Veterans Affairs,"SCHATZ PUBLISHING GROUP, LLC",898976.52,508 Document Remediation,TERMINATED,https://www.fpds.gov/ezsearch/jsp/viewLinkController.jsp?agencyID=3600&PIID=36C78624N0882&modNumber=P00001&idvAgencyID=&idvPIID=36C78623D0015&contractType=AWARD,3/12/2025,0.0,3600,36C78624N0882,P00001,3600,36C78623D0015,0,02/27/2025,09/09/2024,03/01/2025,03/01/2025,09/04/2024,0.0,898976.52,0.0,898976.52,0.0,898976.52,Q6ULESYWUAG6,SCHATZ PUBLISHING GROUP LLC,SCHATZ STRATEGY GROUP,1J4G1,11950 W HIGHLAND AVE,,BLACKWELL,OK,746316511,USA,UNITED STATES,(580) 628-4607,(580) 628-2011,OKLAHOMA 03,R617,SUPPORT - ADMINISTRATIVE: ELECTRONIC RECORDS MANAGEMENT SERVICES,518210.0,"COMPUTING INFRASTRUCTURE PROVIDERS, DATA PROCESSING, WEB HOSTING, AND RELATED SERVICES",OK,,USA,KAY,BLACKWELL,,74631,6511.0,,2025-05-03-2033
36C10X23P0107,Department of Veterans Affairs,"TECHNICAL ASSENT, LLC",4965771.32,End of the PoP is 14FEB2025; it will subsequently transfer to closeout.,Expired,https://www.fpds.gov/ezsearch/jsp/viewLinkController.jsp?agencyID=3600&PIID=36C10X23P0107&modNumber=P00001&idvAgencyID=&idvPIID=&contractType=AWARD,3/12/2025,0.0,3600,36C10X23P0107,P00001,,,,11/30/2023,09/15/2023,02/14/2025,02/14/2025,09/13/2023,3474001.76,4965771.32,3474001.76,4965771.32,0.0,4965771.32,TQL1KP1SVQZ5,"TECHNICAL ASSENT, LLC",TECHNICAL ASSENT LLC,6HZQ1,3100 CLARENDON BLVD,STE 200,ARLINGTON,VA,222015302,USA,UNITED STATES,(202) 299-4550,,VIRGINIA 08,R410,SUPPORT- PROFESSIONAL: PROGRAM EVALUATION/REVIEW/DEVELOPMENT,541611.0,ADMINISTRATIVE MANAGEMENT AND GENERAL MANAGEMENT CONSULTING SERVICES,VA,,USA,ARLINGTON,ARLINGTON,,22201,5302.0,,2025-05-03-2033
36C26120F0518,Department of Veterans Affairs,CAMEO CONSULTING GROUP LLC,4699360.1,Contract Specialist Support Services for NCO 21,TERMINATED,https://www.fpds.gov/ezsearch/jsp/viewLinkController.jsp?agencyID=3600&PIID=36C26120F0518&modNumber=P00013&idvAgencyID=&idvPIID=GS00F280DA&contractType=AWARD,3/12/2025,278720.0,3600,36C26120F0518,P00013,4732,GS00F280DA,PA0031,03/11/2025,09/27/2020,03/05/2025,03/05/2025,09/15/2020,-422611.31,3998029.12,-422611.31,3998029.12,-422611.31,4276748.79,GR37ULLYKLK9,"CAMEO CONSULTING GROUP, LLC",,6UHA6,401 N WASHINGTON ST STE 600,,ROCKVILLE,MD,208501977,USA,UNITED STATES,(480) 330-6650,(540) 595-0891,MARYLAND 08,R707,SUPPORT- MANAGEMENT: CONTRACT/PROCUREMENT/ACQUISITION SUPPORT,541611.0,ADMINISTRATIVE MANAGEMENT AND GENERAL MANAGEMENT CONSULTING SERVICES,VA,,USA,ALEXANDRIA CITY,ALEXANDRIA,,22304,8716.0,,2025-05-03-2033
36C25820F0112,Department of Veterans Affairs,"STAFFORD CONSULTING COMPANY, INC.",3356527.03,Contract Specialist Support,TERMINATED,https://www.fpds.gov/ezsearch/jsp/viewLinkController.jsp?agencyID=3600&PIID=36C25820F0112&modNumber=P00017&idvAgencyID=&idvPIID=GS00F283GA&contractType=AWARD,3/12/2025,2136747.0,3600,36C25820F0112,P00017,4732,GS00F283GA,PA0034,03/11/2025,09/01/2020,03/04/2025,03/04/2025,08/04/2020,0.0,4779100.46,0.0,4779100.46,0.0,4779100.46,GMQFM999K2E5,"STAFFORD CONSULTING COMPANY, INC.",,6JNW1,1765 GREENSBORO STATION PL,STE 900,MC LEAN,VA,221023470,USA,UNITED STATES,(301) 502-8967,(256) 325-0418,VIRGINIA 11,R499,SUPPORT- PROFESSIONAL: OTHER,541611.0,ADMINISTRATIVE MANAGEMENT AND GENERAL MANAGEMENT CONSULTING SERVICES,AZ,,USA,PIMA,TUCSON,,85723,99.0,,2025-05-03-2033
36C25921F0472,Department of Veterans Affairs,PLANATE MANAGEMENT GROUP LLC,3313328.1,This contract assists the Grand Junction VA in performing Architect & Engineering type services for the day-to-day project and construction management for the Western Colorado Health Care System.,TERMINATED,https://www.fpds.gov/ezsearch/jsp/viewLinkController.jsp?agencyID=3600&PIID=36C25921F0472&modNumber=P00007&idvAgencyID=&idvPIID=GS23F058AA&contractType=AWARD,3/12/2025,746814.0,3600,36C25921F0472,P00007,4732,GS23F058AA,PA0035,03/28/2025,09/30/2021,03/04/2025,03/04/2025,07/01/2021,-477368.31,2089145.99,-477368.31,2089145.99,-477368.31,2835959.79,ZL3LH37LF183,PLANATE MANAGEMENT GROUP LLC,,4XZF6,1800 DIAGONAL RD,STE 600,ALEXANDRIA,VA,22314,USA,UNITED STATES,(703) 232-1491,(866) 844-4373, ,C1DA,ARCHITECT AND ENGINEERING- CONSTRUCTION: HOSPITALS AND INFIRMARIES,541611.0,ADMINISTRATIVE MANAGEMENT AND GENERAL MANAGEMENT CONSULTING SERVICES,CO,,USA,MESA,GRAND JUNCTION,,81501,8925.0,,2025-05-03-2033
36C24425C0004,Department of Veterans Affairs,"HUMAN DOMAIN SOLUTIONS, LLC",3006996.5,allows for independent reviews to be conducted which identify VAMC opportunities in meeting standards set forth by regulatory and accrediting bodies.,TERMINATED,https://www.fpds.gov/ezsearch/jsp/viewLinkController.jsp?agencyID=3600&PIID=36C24425C0004&modNumber=P00001&idvAgencyID=&idvPIID=&contractType=AWARD,3/12/2025,2829232.0,3600,36C24425C0004,P00001,,,,03/14/2025,12/15/2024,03/14/2025,03/14/2025,09/30/2024,-177764.6,0.0,-177764.6,0.0,-3006996.5,0.0,K1U6JAFA9H89,"HUMAN DOMAIN SOLUTIONS, LLC",,6XRG6,403 E MONROE AVE,,ALEXANDRIA,VA,223011624,USA,UNITED STATES,(703) 853-0928,(571) 431-7032,VIRGINIA 08,R410,SUPPORT- PROFESSIONAL: PROGRAM EVALUATION/REVIEW/DEVELOPMENT,541611.0,ADMINISTRATIVE MANAGEMENT AND GENERAL MANAGEMENT CONSULTING SERVICES,PA,,USA,ALLEGHENY,PITTSBURGH,,15240,1005.0,,2025-05-03-2033
36C10D21F0011,Department of Veterans Affairs,"TRILOGY FEDERAL, LLC",3000333.0,PROGRAM MANAGEMENT SUPPORT,Expired,https://www.fpds.gov/ezsearch/jsp/viewLinkController.jsp?agencyID=3600&PIID=36C10D21F0011&modNumber=P00003&idvAgencyID=&idvPIID=GS00F350GA&contractType=AWARD,3/12/2025,2193034.0,3600,36C10D21F0011,P00003,4732,GS00F350GA,PA0006,04/29/2025,05/31/2021,05/30/2022,05/30/2022,04/15/2021,-12704.0,794595.0,-12704.0,794595.0,-12704.0,2987629.0,QY6ZENEB34D9,"TRILOGY FEDERAL, LLC",,5EQT3,1100 WILSON BLVD STE 1100,,ARLINGTON,VA,222092278,USA,UNITED STATES,(703) 589-9029,,VIRGINIA 08,R408,SUPPORT- PROFESSIONAL: PROGRAM MANAGEMENT/SUPPORT,541611.0,ADMINISTRATIVE MANAGEMENT AND GENERAL MANAGEMENT CONSULTING SERVICES,DC,,USA,DISTRICT OF COLUMBIA,WASHINGTON,,20006,1053.0,,2025-05-03-2033
36C10X23F0086,Department of Veterans Affairs,GENTECH ASSOCIATES INC,2436213.18,PoP ended on 28SEP2024; final option period was not exercised. Currently preparing this for closeout.,BASE AWARD,https://www.fpds.gov/ezsearch/jsp/viewLinkController.jsp?agencyID=3600&PIID=36C10X23F0086&modNumber=0&idvAgencyID=&idvPIID=GS23F053AA&contractType=AWARD,3/12/2025,1511131.0,3600,36C10X23F0086,0,4732,GS23F053AA,PA0035,09/26/2023,09/29/2023,09/28/2024,09/28/2026,08/17/2023,925081.7,,925081.7,,2436213.18,,VHWFFFZFWSQ1,"GENTECH ASSOCIATES, INC.",,4GRB5,9100 PURDUE RD,STE 200,INDIANAPOLIS,IN,462683165,USA,UNITED STATES,(866) 432-1040,(866) 432-1040,INDIANA 07,R704,SUPPORT- MANAGEMENT: AUDITING,541611.0,ADMINISTRATIVE MANAGEMENT AND GENERAL MANAGEMENT CONSULTING SERVICES,IN,,USA,MARION,INDIANAPOLIS,,46268,6811.0,,2025-05-03-2033
36C25521N0572,Department of Veterans Affairs,"Maxim Healthcare Services, Inc.",1991723.97,medical coding and auditing services,TERMINATED,https://www.fpds.gov/ezsearch/jsp/viewLinkController.jsp?agencyID=3600&PIID=36C25521N0572&modNumber=P00009&idvAgencyID=&idvPIID=36C10G21A0004&contractType=AWARD,3/12/2025,875276.0,3600,36C25521N0572,P00009,3600,36C10G21A0004,P00005,03/18/2025,09/29/2021,09/28/2025,09/28/2025,09/13/2021,-230254.69,691247.02,-230254.69,691247.02,-230254.69,1566522.62,DFUAFDQFV943,MAXIM HEALTHCARE SERVICES INCORPORATED (0951),,1NW03,7080 SAMUEL MORSE DRIVE,,COLUMBIA,MD,210463405,USA,UNITED STATES,,,MARYLAND 03,Q601,MEDICAL CODING AND AUDITING,541611.0,ADMINISTRATIVE MANAGEMENT AND GENERAL MANAGEMENT CONSULTING SERVICES,MO,,USA,BOONE,COLUMBIA,,65201,5275.0,,2025-05-03-2033
36C26224F0475,Department of Veterans Affairs,PRESS GANEY ASSOCIATES LLC,1574038.2,Assessment Operating and Reporting,TERMINATED,https://www.fpds.gov/ezsearch/jsp/viewLinkController.jsp?agencyID=3600&PIID=36C26224F0475&modNumber=P00002&idvAgencyID=&idvPIID=GS10F0205R&contractType=AWARD,3/12/2025,1259231.0,3600,36C26224F0475,P00002,4730,GS10F0205R,PA0064,03/26/2025,07/01/2024,03/31/2025,03/31/2025,06/12/2024,-78701.97,236105.67,-78701.97,1495336.23,-78701.97,1495336.23,PTAKRVGUJE53,PRESS GANEY ASSOCIATES LLC,,3DFC7,1173 IGNITION DR,,SOUTH BEND,IN,466012901,USA,UNITED STATES,(800) 232-8032,,INDIANA 02,R405,SUPPORT- PROFESSIONAL: OPERATIONS RESEARCH/QUANTITATIVE ANALYSIS,541611.0,ADMINISTRATIVE MANAGEMENT AND GENERAL MANAGEMENT CONSULTING SERVICES,IN,,USA,ST JOSEPH,SOUTH BEND,,46601,2355.0,,2025-05-03-2033
36C24822P2337,Department of Veterans Affairs,MIHALIK GROUP LLC,1494088.34,Accreditation Readiness Survey,TERMINATED,https://www.fpds.gov/ezsearch/jsp/viewLinkController.jsp?agencyID=3600&PIID=36C24822P2337&modNumber=P00005&idvAgencyID=&idvPIID=&contractType=AWARD,3/12/2025,607000.0,3600,36C24822P2337,P00005,,,,03/12/2025,09/14/2022,03/12/2025,03/12/2025,08/17/2022,0.0,696829.21,0.0,696829.21,0.0,696829.21,FJ21G5NJWVN6,"MIHALIK GROUP, L.L.C., THE",,1SCG1,2831 N HALSTED ST UNIT 1S,,CHICAGO,IL,606576883,USA,UNITED STATES,(773) 929-4276,(773) 949-4466,ILLINOIS 05,R410,SUPPORT- PROFESSIONAL: PROGRAM EVALUATION/REVIEW/DEVELOPMENT,541611.0,ADMINISTRATIVE MANAGEMENT AND GENERAL MANAGEMENT CONSULTING SERVICES,FL,,USA,HILLSBOROUGH,TAMPA,,33612,5000.0,,2025-05-03-2033
36C77624F0030,Department of Veterans Affairs,"MABBETT & ASSOCIATES, INC.",299007.33,supporting Minor Construction project for Fisher House Site Survey,TERMINATED,https://www.fpds.gov/ezsearch/jsp/viewLinkController.jsp?agencyID=3600&PIID=36C77624F0030&modNumber=P00002&idvAgencyID=&idvPIID=GS10F0120T&contractType=AWARD,3/12/2025,0.0,3600,36C77624F0030,P00002,4730,GS10F0120T,PA0037,03/04/2025,09/26/2024,03/04/2025,03/04/2025,08/28/2024,0.0,299007.33,0.0,299007.33,0.0,299007.33,JACMATCH87S5,MABBETT AND ASSOCIATES INCORPORATED,,361J7,105 CENTRAL ST,STE 4100,STONEHAM,MA,021801260,USA,UNITED STATES,(781) 275-6050,(781) 275-3137,MASSACHUSETTS 05,C219,ARCHITECT AND ENGINEERING- GENERAL: OTHER,541620.0,ENVIRONMENTAL CONSULTING SERVICES,IA,,USA,JOHNSON,IOWA CITY,,52246,8685.0,,2025-05-03-2033
36C10F23C0011,Department of Veterans Affairs,THE ADVISORY BOARD COMPANY,260312.5,The Advisory Board Company,TERMINATED,https://www.fpds.gov/ezsearch/jsp/viewLinkController.jsp?agencyID=3600&PIID=36C10F23C0011&modNumber=P00002&idvAgencyID=&idvPIID=&contractType=AWARD,3/12/2025,152188.0,3600,36C10F23C0011,P00002,,,,03/05/2025,09/30/2023,03/05/2025,03/05/2025,09/11/2023,0.0,108125.0,0.0,108125.0,0.0,260312.5,H1MSGK24RQN4,THE ADVISORY BOARD COMPANY,THE ADVISORY BOARD COMPANY,1NYJ4,655 NEW YORK AVENUE NW,,WASHINGTON,DC,200014593,USA,UNITED STATES,(952) 205-6183,(202) 266-5700,DISTRICT OF COLUMBIA 98,U005,EDUCATION/TRAINING- TUITION/REGISTRATION/MEMBERSHIP FEES,541618.0,OTHER MANAGEMENT CONSULTING SERVICES,DC,,USA,DISTRICT OF COLUMBIA,WASHINGTON,,20001,1152.0,,2025-05-03-2033
36C25021F0134,Department of Veterans Affairs,"SUSTAINMENT TECHNOLOGIES, LLC",216370.64,Hospital MRI injector maintenance contract,TERMINATED,https://www.fpds.gov/ezsearch/jsp/viewLinkController.jsp?agencyID=3600&PIID=36C25021F0134&modNumber=P00008&idvAgencyID=&idvPIID=GS10F0135T&contractType=AWARD,3/12/2025,7869.0,3600,36C25021F0134,P00008,4730,GS10F0135T,PS0018NAMEAGREECHG,03/05/2025,10/01/2020,03/05/2025,03/05/2025,,0.0,208501.16,0.0,208501.16,0.0,216370.64,RF8GTYHMQLL1,"SUSTAINMENT TECHNOLOGIES, LLC",,3GG41,1733 BRIARCREST DRIVE SUITE 101,,BRYAN,TX,778022738,USA,UNITED STATES,(979) 764-2080,(979) 764-2090,TEXAS 10,J065,"MAINT/REPAIR/REBUILD OF EQUIPMENT- MEDICAL, DENTAL, AND VETERINARY EQUIPMENT AND SUPPLIES",541614.0,"PROCESS, PHYSICAL DISTRIBUTION, AND LOGISTICS CONSULTING SERVICES",OH,,USA,FRANKLIN,COLUMBUS,,43219,3494.0,,2025-05-03-2033
36C24725F0032,Department of Veterans Affairs,"NEW SOUTH ASSOCIATES, INC.",199565.72,Historical Preservation Services,TERMINATED,https://www.fpds.gov/ezsearch/jsp/viewLinkController.jsp?agencyID=3600&PIID=36C24725F0032&modNumber=P00001&idvAgencyID=&idvPIID=47QRAA22D00EW&contractType=AWARD,3/12/2025,0.0,3600,36C24725F0032,P00001,4732,47QRAA22D00EW,0,03/05/2025,11/01/2024,03/05/2025,03/05/2025,08/01/2024,-197655.89,1909.83,-197655.89,1909.83,-197655.89,1909.83,FA2ZB2AMVJL4,"NEW SOUTH ASSOCIATES, INC.",,0K629,6150 E PONCE DE LEON AVE,,STONE MOUNTAIN,GA,300832253,USA,UNITED STATES,(770) 498-4155,(770) 498-3809,GEORGIA 04,B521,SPECIAL STUDIES/ANALYSIS- HISTORICAL,541620.0,ENVIRONMENTAL CONSULTING SERVICES,SC,,USA,RICHLAND,COLUMBIA,,29209,2110.0,,2025-05-03-2033
36C10X22N0053,Department of Veterans Affairs,"Galactic Network Integrators, Inc",190196.83,ANNUAL INVENTORY SERVICES - VISN 10 Detroit inventory,TERMINATED,https://www.fpds.gov/ezsearch/jsp/viewLinkController.jsp?agencyID=3600&PIID=36C10X22N0053&modNumber=P00003&idvAgencyID=&idvPIID=36C10X21A0008&contractType=AWARD,3/12/2025,49322.0,3600,36C10X22N0053,P00003,3600,36C10X21A0008,0,03/04/2025,04/22/2022,03/04/2025,03/04/2025,,0.0,140874.47,0.0,140874.47,0.0,190196.83,C4J3LCNARZ67,"GALACTIC NETWORK INTEGRATORS, INC.",,1SMK3,4001 JUAN TABO BLVD NE STE F,,ALBUQUERQUE,NM,871113979,USA,UNITED STATES,(505) 508-5401,(505) 508-5590,NEW MEXICO 01,R610,SUPPORT- ADMINISTRATIVE:- PERSONAL PROPERTY MANAGEMENT,541614.0,"PROCESS, PHYSICAL DISTRIBUTION, AND LOGISTICS CONSULTING SERVICES",ME,,USA,SOMERSET,DETROIT,,04929,3221.0,,2025-05-03-2033
36C10X23F0064,Department of Veterans Affairs,"MABBETT & ASSOCIATES, INC.",185594.94,Annual Workplace Evaluations,TERMINATED,https://www.fpds.gov/ezsearch/jsp/viewLinkController.jsp?agencyID=3600&PIID=36C10X23F0064&modNumber=P00002&idvAgencyID=&idvPIID=GS10F0120T&contractType=AWARD,3/12/2025,115164.0,3600,36C10X23F0064,P00002,4730,GS10F0120T,PA0037,03/04/2025,07/31/2023,03/04/2025,03/04/2025,06/07/2023,0.0,70431.35,0.0,70431.35,0.0,185594.94,JACMATCH87S5,MABBETT AND ASSOCIATES INCORPORATED,,361J7,105 CENTRAL ST,STE 4100,STONEHAM,MA,021801260,USA,UNITED STATES,(781) 275-6050,(781) 275-3137,MASSACHUSETTS 05,R499,SUPPORT- PROFESSIONAL: OTHER,541620.0,ENVIRONMENTAL CONSULTING SERVICES,DC,,USA,DISTRICT OF COLUMBIA,WASHINGTON,,20001,1140.0,,2025-05-03-2033
36C10F24N0008,Department of Veterans Affairs,"ANDERSON ENGINEERING OF MINNESOTA, LLC",273952.57,Fort Scott Environmetnal,TERMINATED,https://www.fpds.gov/ezsearch/jsp/viewLinkController.jsp?agencyID=3600&PIID=36C10F24N0008&modNumber=P00002&idvAgencyID=&idvPIID=47QRAA18D006J&contractType=AWARD,3/12/2025,85595.62,3600,36C10F24N0008,P00002,4732,47QRAA18D006J,0,03/04/2025,05/16/2024,03/04/2025,03/04/2025,02/01/2024,0.0,188356.95,0.0,188356.95,0.0,273952.57,N3WLAAEHKYN8,"ANDERSON ENGINEERING OF MINNESOTA, LLC",,4E2C2,13605 1ST AVE N STE 100,,MINNEAPOLIS,MN,554415463,USA,UNITED STATES,(763) 412-4000,(763) 412-4090,MINNESOTA 03,B510,SPECIAL STUDIES/ANALYSIS- ENVIRONMENTAL ASSESSMENTS,541330.0,ENGINEERING SERVICES,KS,,USA,BOURBON,FORT SCOTT,,66701,1426.0,,2025-05-03-2033
36C78625F50126,Department of Veterans Affairs,MANAGEMENT RESOURCE SERVICES INC,33830.28,CEMETERY DIRECTOR DEVELOPMENT PROGRAM'S MENTOR-PROTEGE TRAINING CONTRACT FOR FY25 CLASS.,TERMINATED,https://www.fpds.gov/ezsearch/jsp/viewLinkController.jsp?agencyID=3600&PIID=36C78625F50126&modNumber=P00001&idvAgencyID=&idvPIID=GS10F0275S&contractType=AWARD,3/12/2025,0.0,3600,36C78625F50126,P00001,4730,GS10F0275S,PA0026,03/11/2025,01/13/2025,09/30/2025,09/30/2025,,0.0,33830.28,0.0,33830.28,0.0,33830.28,EKLGX2MA7JN1,MANAGEMENT RESOURCE SERVICES INC,,3DK90,73 BEAUMONT CIR,,HAMPSTEAD,NC,284433950,USA,UNITED STATES,(630) 983-7607,,NORTH CAROLINA 07,U008,EDUCATION/TRAINING- TRAINING/CURRICULUM DEVELOPMENT,541611.0,ADMINISTRATIVE MANAGEMENT AND GENERAL MANAGEMENT CONSULTING SERVICES,MO,,USA,SAINT LOUIS CITY,SAINT LOUIS,,63125,1007.0,,2025-05-03-2033
36C24524C0133,Department of Veterans Affairs,ANDRE JOYCELYN DEVYN AYSIA GROUP LLC,1307916.0,DATA ABSTRACTION SVCS,TERMINATED,https://www.fpds.gov/ezsearch/jsp/viewLinkController.jsp?agencyID=3600&PIID=36C24524C0133&modNumber=P00001&idvAgencyID=&idvPIID=&contractType=AWARD,3/12/2025,884953.6,3600,36C24524C0133,P00001,,,,03/11/2025,09/18/2024,02/25/2025,02/25/2025,08/09/2024,0.0,422962.4,0.0,422962.4,0.0,1307916.0,TV3TRD5N4X37,ANDRE JOYCELYN DEVYN AYSIA GROUP LLC,"AJDA GROUP, LLC",94BY7,50 HURT PLZ SE STE 1600,,ATLANTA,GA,303032971,USA,UNITED STATES,(321) 246-7865,,GEORGIA 05,R617,SUPPORT - ADMINISTRATIVE: ELECTRONIC RECORDS MANAGEMENT SERVICES,541611.0,ADMINISTRATIVE MANAGEMENT AND GENERAL MANAGEMENT CONSULTING SERVICES,MD,,USA,MONTGOMERY,SILVER SPRING,,20910,1022.0,,2025-05-03-2033
36C26322C0058,Department of Veterans Affairs,"CRAWFORD, EEAN",75232.88,RESEARCH CONTRACT FOR EEAN CRAWFORD.,TERMINATED,https://www.fpds.gov/ezsearch/jsp/viewLinkController.jsp?agencyID=3600&PIID=36C26322C0058&modNumber=P00004&idvAgencyID=&idvPIID=&contractType=AWARD,3/12/2025,20000.0,3600,36C26322C0058,P00004,,,,03/11/2025,08/15/2022,03/05/2025,03/05/2025,07/26/2022,-4767.12,55232.88,-4767.12,55232.88,-4767.12,75232.88,JC7XBC34F6K3,"CRAWFORD, EEAN",EEAN CRAWFORD CONSULTING,6WNV1,1240 FLAGSTAFF ST,,IOWA CITY,IA,522468684,USA,UNITED STATES,(352) 222-6447,(319) 335-1956,IOWA 01,AN12,HEALTH R&D SERVICES; HEALTH CARE SERVICES; APPLIED RESEARCH,541611.0,ADMINISTRATIVE MANAGEMENT AND GENERAL MANAGEMENT CONSULTING SERVICES,IA,,USA,JOHNSON,IOWA CITY,,52246,8684.0,,2025-05-03-2033
36C26120C0041,Department of Veterans Affairs,DATA2DESIGN TECHNOLOGIES LLC,1863515.25,LEAN CONSULTING SERVICES,TERMINATED,https://www.fpds.gov/ezsearch/jsp/viewLinkController.jsp?agencyID=3600&PIID=36C26120C0041&modNumber=P00010&idvAgencyID=&idvPIID=&contractType=AWARD,3/12/2025,227948.66,3600,36C26120C0041,P00010,,,,03/11/2025,06/01/2020,05/31/2025,05/31/2025,,-62801.77,1635566.59,-62801.77,1635566.59,-62801.77,1863515.25,KLLVW6PAXBB5,DATA2DESIGN TECHNOLOGIES LLC,,6U0V7,56 SWEET TEA LANE,,FREEPORT,FL,324397648,USA,UNITED STATES,(737) 802-7092,,FLORIDA 01,R799,SUPPORT- MANAGEMENT: OTHER,541611.0,ADMINISTRATIVE MANAGEMENT AND GENERAL MANAGEMENT CONSULTING SERVICES,CA,,USA,SANTA CLARA,PALO ALTO,,94304,2213.0,,2025-05-03-2033
36C24222P1360,Department of Veterans Affairs,"DONALD C. MILLER & ASSOCIATES, INC.",40333.67,FOOD SERVICE CONSULTING FOR THE SYRACUSE VAMC.,TERMINATED,https://www.fpds.gov/ezsearch/jsp/viewLinkController.jsp?agencyID=3600&PIID=36C24222P1360&modNumber=P00002&idvAgencyID=&idvPIID=&contractType=AWARD,3/12/2025,0.0,3600,36C24222P1360,P00002,,,,03/11/2025,09/15/2022,03/06/2025,03/06/2025,,-85666.34,40333.67,-85666.34,40333.67,-85666.34,40333.67,CVRLMK4LP4R9,"DONALD C. MILLER & ASSOCIATES, INC.",DON MILLER & ASSOCIATES,5T4L2,871 BOWSPRIT RD,,CHULA VISTA,CA,919144529,USA,UNITED STATES,(619) 972-6288,(619) 656-1321,CALIFORNIA 52,R410,SUPPORT- PROFESSIONAL: PROGRAM EVALUATION/REVIEW/DEVELOPMENT,541611.0,ADMINISTRATIVE MANAGEMENT AND GENERAL MANAGEMENT CONSULTING SERVICES,NY,,USA,ONONDAGA,SYRACUSE,,13210,1004.0,,2025-05-03-2033
36C24424F0383,Department of Veterans Affairs,"CORNERBROOKE, LLC",139577.17,PROFESSIONAL DEVELOPMENT SERVICES,TERMINATED,https://www.fpds.gov/ezsearch/jsp/viewLinkController.jsp?agencyID=3600&PIID=36C24424F0383&modNumber=P00001&idvAgencyID=&idvPIID=47QRAA23D008C&contractType=AWARD,3/12/2025,0.0,3600,36C24424F0383,P00001,4732,47QRAA23D008C,0,03/11/2025,06/01/2024,03/06/2025,03/06/2025,04/17/2024,-45377.6,139577.17,-45377.6,139577.17,-172064.69,139577.17,CJQWQJTS7EM7,"CORNERBROOKE, LLC",,7WFT5,3412 N BUCHANAN ST,,ARLINGTON,VA,222072879,USA,UNITED STATES,(703) 967-8110,,VIRGINIA 08,U099,EDUCATION/TRAINING- OTHER,541611.0,ADMINISTRATIVE MANAGEMENT AND GENERAL MANAGEMENT CONSULTING SERVICES,PA,,USA,ALLEGHENY,PITTSBURGH,,15240,1005.0,,2025-05-03-2033
36C77624F0015,Department of Veterans Affairs,CAMEO CONSULTING GROUP LLC,5195896.07,"ACQUISITION SUPPORT SERVICES FOR NCO(9,10,12,15,16,23) AND PCAC",TERMINATED,https://www.fpds.gov/ezsearch/jsp/viewLinkController.jsp?agencyID=3600&PIID=36C77624F0015&modNumber=P00001&idvAgencyID=&idvPIID=GS00F280DA&contractType=AWARD,3/11/2025,0.0,3600,36C77624F0015,P00001,4732,GS00F280DA,PA0031,03/24/2025,05/28/2024,03/24/2025,03/24/2025,03/07/2024,-2048691.36,3147204.71,-2048691.36,3147204.71,-2048691.36,3147204.71,GR37ULLYKLK9,"CAMEO CONSULTING GROUP, LLC",,6UHA6,401 N WASHINGTON ST STE 600,,ROCKVILLE,MD,208501977,USA,UNITED STATES,(480) 330-6650,(540) 595-0891,MARYLAND 08,R707,SUPPORT- MANAGEMENT: CONTRACT/PROCUREMENT/ACQUISITION SUPPORT,541611.0,ADMINISTRATIVE MANAGEMENT AND GENERAL MANAGEMENT CONSULTING SERVICES,OH,,USA,CUYAHOGA,INDEPENDENCE,,44131,2544.0,,2025-05-03-2033
36C10X22P0121,Department of Veterans Affairs,"SIGMA HEALTH CONSULTING, LLC",4979380.3,Support for VA program office in the execution of the Government Accountability Office (GAO) High Risk List (HRL) Action Plan for Managing Risks and Improving VA Health Care.,TERMINATED,https://www.fpds.gov/ezsearch/jsp/viewLinkController.jsp?agencyID=3600&PIID=36C10X22P0121&modNumber=P00004&idvAgencyID=&idvPIID=&contractType=AWARD,3/11/2025,0.0,3600,36C10X22P0121,P00004,,,,03/04/2025,09/28/2022,03/04/2025,03/04/2025,09/01/2022,0.0,4979380.3,0.0,4979380.3,0.0,4979380.3,E2T5XWDUKEP4,SIGMA HEALTH CONSULTING LLC,,61D81,204 ELDRID DR,,SILVER SPRING,MD,209043509,USA,UNITED STATES,(703) 992-6542,(703) 579-4334,MARYLAND 08,R408,SUPPORT- PROFESSIONAL: PROGRAM MANAGEMENT/SUPPORT,541618.0,OTHER MANAGEMENT CONSULTING SERVICES,DC,,USA,DISTRICT OF COLUMBIA,WASHINGTON,,20001,1152.0,,2025-05-03-2033
36C10X24N0216,Department of Veterans Affairs,REEFPOINT GROUP LLC,4749546.84,"The contractor is responsible for developing and implementing a database for the Paperwork Reduction Act, cataloging analytics software and identifying gaps, and providing data engineering and analytic support to enable the creation of datasets and data products.",SUPPLEMENTAL AGREEMENT FOR WORK WITHIN SCOPE,https://www.fpds.gov/ezsearch/jsp/viewLinkController.jsp?agencyID=3600&PIID=36C10X24N0216&modNumber=P00001&idvAgencyID=&idvPIID=36C10X23D0018&contractType=AWARD,3/11/2025,2865667.66,3600,36C10X24N0216,P00001,3600,36C10X23D0018,0,02/19/2025,09/26/2024,09/25/2025,09/29/2029,07/19/2024,0.0,1883879.18,0.0,1883879.18,0.0,4749546.84,SJ7DG9KSK4U5,REEFPOINT GROUP LLC,REEFPOINT GROUP,51D82,612 THIRD ST STE 3A,,ANNAPOLIS,MD,214033246,USA,UNITED STATES,(443) 871-9191,(443) 458-0180,MARYLAND 03,R408,SUPPORT- PROFESSIONAL: PROGRAM MANAGEMENT/SUPPORT,541611.0,ADMINISTRATIVE MANAGEMENT AND GENERAL MANAGEMENT CONSULTING SERVICES,MD,,USA,ANNE ARUNDEL,ANNAPOLIS,,21403,3246.0,,2025-05-03-2033
36C10D25P0025,Department of Veterans Affairs,440 CONSULTING LLC,4384957.96,Annual Workplace Evaluations and Physical Security Assessments,TERMINATED,https://www.fpds.gov/ezsearch/jsp/viewLinkController.jsp?agencyID=3600&PIID=36C10D25P0025&modNumber=P00002&idvAgencyID=&idvPIID=&contractType=AWARD,3/11/2025,2739626.88,3600,36C10D25P0025,P00002,,,,02/25/2025,01/15/2025,02/25/2025,02/25/2025,11/06/2024,0.0,114646.56,0.0,114646.56,0.0,114646.56,FSYFQY3RLNL4,440 CONSULTING LLC,,9FSU5,83 CENTER AVE,,LITTLE FALLS,NJ,074242220,USA,UNITED STATES,(973) 440-2206,,NEW JERSEY 11,R499,SUPPORT- PROFESSIONAL: OTHER,541690.0,OTHER SCIENTIFIC AND TECHNICAL CONSULTING SERVICES,DC,,USA,DISTRICT OF COLUMBIA,WASHINGTON,,20006,4403.0,,2025-05-03-2033
36C77624N0603,Department of Veterans Affairs,"JP SYSTEMS, INC.",4186877.04,"Develops requirements/testing protocols, performs user acceptance testing for VHA Ops. Educate and trains staff on the workflows needed to exchange health info with external providers, enhances care, decreases wait time & facilitates timely transfers.",TERMINATED,https://www.fpds.gov/ezsearch/jsp/viewLinkController.jsp?agencyID=3600&PIID=36C77624N0603&modNumber=P00001&idvAgencyID=&idvPIID=36C77621D0020&contractType=AWARD,3/11/2025,2825321.12,3600,36C77624N0603,P00001,3600,36C77621D0020,0,03/06/2025,09/30/2024,03/05/2025,03/05/2025,06/04/2024,0.0,1361555.92,0.0,1361555.92,0.0,4186877.04,PX35YDEXGEJ5,"J P SYSTEMS, INC.",,3YHH1,7419 KINCHELOE RD,,CLIFTON,VA,201241831,USA,UNITED STATES,(703) 864-9247,(888) 789-8990,VIRGINIA 10,R405,SUPPORT- PROFESSIONAL: OPERATIONS RESEARCH/QUANTITATIVE ANALYSIS,541690.0,OTHER SCIENTIFIC AND TECHNICAL CONSULTING SERVICES,VA,,USA,FAIRFAX,CLIFTON,,20124,1831.0,,2025-05-03-2033
36C25624C0091,Department of Veterans Affairs,"KSM A&E FEDERAL GROUP, LLC",5248858.87,"VHA Operational Alert and Guidance Document FY2022-01 as authorized by VHA Directive 1810(1) as amended on September 11, 2018: 5.a(1) and 5.b(1).",TERMINATED,https://www.fpds.gov/ezsearch/jsp/viewLinkController.jsp?agencyID=3600&PIID=36C25624C0091&modNumber=P00001&idvAgencyID=&idvPIID=&contractType=AWARD,3/11/2025,0.0,3600,36C25624C0091,P00001,,,,04/22/2025,09/30/2024,03/05/2025,03/05/2025,07/30/2024,-3651168.51,1597690.36,-3651168.51,1597690.36,-3651168.51,1597690.36,EMAZMNNC13M7,"KSM A&E FEDERAL GROUP, LLC",,96XQ3,2011 27TH AVE N,,SAINT PETERSBURG,FL,337134134,USA,UNITED STATES,(727) 510-3597,,FLORIDA 14,R425,SUPPORT- PROFESSIONAL: ENGINEERING/TECHNICAL,541690.0,OTHER SCIENTIFIC AND TECHNICAL CONSULTING SERVICES,MS,,USA,HINDS,JACKSON,,39216,5032.0,,2025-05-03-2033
36C10X22C0010,Department of Veterans Affairs,WOODSIDE QUALITY LLC,4999498.7,"The Department of Veterans Affairs contract focuses on providing logistics and supply chain management support, including analysis, recommendations, and implementation plans. Key products include a Department Wide Operational Execution Plan for Supply Chain and Logistics, supporting analysis for transferring knowledge to the Office of Logistics, and recommendations for senior leaders.",Expired,https://www.fpds.gov/ezsearch/jsp/viewLinkController.jsp?agencyID=3600&PIID=36C10X22C0010&modNumber=P00005&idvAgencyID=&idvPIID=&contractType=AWARD,3/11/2025,0.0,3600,36C10X22C0010,P00005,,,,08/30/2024,02/18/2022,02/17/2025,02/17/2025,02/07/2022,50988.48,4999498.7,50988.48,4999498.7,50988.48,4999498.7,DBUKWXAH4RF8,WOODSIDE QUALITY LLC,,4RX66,1712 CLUBHOUSE RD SUITE 121,,RESTON,VA,201904595,USA,UNITED STATES,(612) 916-0197,(952) 361-5519,VIRGINIA 10,R410,SUPPORT- PROFESSIONAL: PROGRAM EVALUATION/REVIEW/DEVELOPMENT,541611.0,ADMINISTRATIVE MANAGEMENT AND GENERAL MANAGEMENT CONSULTING SERVICES,VA,,USA,FAIRFAX,RESTON,,20190,3200.0,,2025-05-03-2033
36C10F21F0024,Department of Veterans Affairs,"BLUE WATER THINKING,LLC",4974844.04,Customer Survey,TERMINATED,https://www.fpds.gov/ezsearch/jsp/viewLinkController.jsp?agencyID=3600&PIID=36C10F21F0024&modNumber=P00011&idvAgencyID=&idvPIID=47QTCA20D005Z&contractType=AWARD,3/11/2025,1789384.44,3600,36C10F21F0024,P00011,4732,47QTCA20D005Z,PO0010,03/05/2025,09/07/2021,03/05/2025,03/05/2025,06/22/2021,0.0,3185459.6,0.0,3185459.6,0.0,4974844.04,NKCBT3KN6EF3,"BLUE WATER THINKING,LLC",BLUE WATER THINKING LLC,87RA8,3939 BAYSIDE DR,,EDGEWATER,MD,210374435,USA,UNITED STATES,(703) 472-2152,,MARYLAND 05,R408,SUPPORT- PROFESSIONAL: PROGRAM MANAGEMENT/SUPPORT,541519.0,OTHER COMPUTER RELATED SERVICES,DC,,USA,DISTRICT OF COLUMBIA,WASHINGTON,,20001,1.0,,2025-05-03-2033
36C77623N0815,Department of Veterans Affairs,"JP SYSTEMS, INC.",2792274.92,"Assists Federated Interagency Terminology Service (FITS) a Joint VA DoD team that addresses clinical data and terminology needs in the Oracle Health environment, ensuring key clinical data is consistent & usable among users maximizing quality & efficiency",TERMINATED,https://www.fpds.gov/ezsearch/jsp/viewLinkController.jsp?agencyID=3600&PIID=36C77623N0815&modNumber=P00004&idvAgencyID=&idvPIID=36C77621D0020&contractType=AWARD,3/11/2025,1448134.0,3600,36C77623N0815,P00004,3600,36C77621D0020,0,03/05/2025,06/30/2023,06/29/2025,06/29/2026,06/15/2023,0.0,1340540.52,0.0,1363535.48,0.0,2788674.92,PX35YDEXGEJ5,"J P SYSTEMS, INC.",,3YHH1,7419 KINCHELOE RD,,CLIFTON,VA,201241831,USA,UNITED STATES,(703) 864-9247,(888) 789-8990,VIRGINIA 10,R405,SUPPORT- PROFESSIONAL: OPERATIONS RESEARCH/QUANTITATIVE ANALYSIS,541690.0,OTHER SCIENTIFIC AND TECHNICAL CONSULTING SERVICES,VA,,USA,FAIRFAX,CLIFTON,,20124,1831.0,,2025-05-03-2033
36C77623N0867,Department of Veterans Affairs,"JP SYSTEMS, INC.",1991397.6,"Enables increased efficiencies, eliminates waste, and reduces spending by ensuring that VA is included at standards development ensuring Veterans needs are met. Ensures in-depth knowledge of the standard to aid in efficient & correct implementation.",TERMINATED,https://www.fpds.gov/ezsearch/jsp/viewLinkController.jsp?agencyID=3600&PIID=36C77623N0867&modNumber=P00005&idvAgencyID=&idvPIID=36C77621D0020&contractType=AWARD,3/11/2025,1430641.0,3600,36C77623N0867,P00005,3600,36C77621D0020,0,03/06/2025,07/10/2023,03/05/2025,03/05/2025,06/15/2023,0.0,540268.51,0.0,540268.51,0.0,1970909.47,PX35YDEXGEJ5,"J P SYSTEMS, INC.",,3YHH1,7419 KINCHELOE RD,,CLIFTON,VA,201241831,USA,UNITED STATES,(703) 864-9247,(888) 789-8990,VIRGINIA 10,R499,SUPPORT- PROFESSIONAL: OTHER,541690.0,OTHER SCIENTIFIC AND TECHNICAL CONSULTING SERVICES,VA,,USA,FAIRFAX,CLIFTON,,20124,1831.0,,2025-05-03-2033
36C24521C0068,Department of Veterans Affairs,"MJL ENTERPRISES, LLC",1212840.0,MEDICAL PRIME VENDOR LIASONS,TERMINATED,https://www.fpds.gov/ezsearch/jsp/viewLinkController.jsp?agencyID=3600&PIID=36C24521C0068&modNumber=P00008&idvAgencyID=&idvPIID=&contractType=AWARD,3/11/2025,385520.0,3600,36C24521C0068,P00008,,,,04/29/2025,07/11/2021,03/04/2025,03/04/2025,03/15/2021,-87090.0,740230.0,-87090.0,740230.0,-87090.0,1125750.0,H7WJBMKFSV78,"MJL ENTERPRISES, LLC",,4DXK8,2748 SONIC DR,,VIRGINIA BEACH,VA,234533135,USA,UNITED STATES,(757) 963-8740,(757) 301-6404,VIRGINIA 02,R707,SUPPORT- MANAGEMENT: CONTRACT/PROCUREMENT/ACQUISITION SUPPORT,541611.0,ADMINISTRATIVE MANAGEMENT AND GENERAL MANAGEMENT CONSULTING SERVICES,VA,,USA,VIRGINIA BEACH CITY,VIRGINIA BEACH,,23453,1.0,,2025-05-03-2033
36C10X21N0077,Department of Veterans Affairs,"Galactic Network Integrators, Inc",1039459.7,ANNUAL INVENTORY SERVICES - VISN23,TERMINATED,https://www.fpds.gov/ezsearch/jsp/viewLinkController.jsp?agencyID=3600&PIID=36C10X21N0077&modNumber=P00008&idvAgencyID=&idvPIID=36C10X21A0008&contractType=AWARD,3/11/2025,59835.0,3600,36C10X21N0077,P00008,3600,36C10X21A0008,0,03/04/2025,05/19/2021,03/04/2025,03/04/2025,,0.0,979624.7,0.0,979624.7,0.0,1039459.7,C4J3LCNARZ67,"GALACTIC NETWORK INTEGRATORS, INC.",,1SMK3,4001 JUAN TABO BLVD NE STE F,,ALBUQUERQUE,NM,871113979,USA,UNITED STATES,(505) 508-5401,(505) 508-5590,NEW MEXICO 01,R610,SUPPORT- ADMINISTRATIVE:- PERSONAL PROPERTY MANAGEMENT,541614.0,"PROCESS, PHYSICAL DISTRIBUTION, AND LOGISTICS CONSULTING SERVICES",MN,,USA,HENNEPIN,MINNEAPOLIS,,55417,3143.0,,2025-05-03-2033
36C25622F0199,Department of Veterans Affairs,CALADWICH CONSULTING LLC,792979.5,The SLVHCS facility must have accurate inventory of building service equipment deployed for use.,TERMINATED,https://www.fpds.gov/ezsearch/jsp/viewLinkController.jsp?agencyID=3600&PIID=36C25622F0199&modNumber=P00003&idvAgencyID=&idvPIID=47QRAA20D0088&contractType=AWARD,3/11/2025,0.0,3600,36C25622F0199,P00003,4732,47QRAA20D0088,PA0015,03/07/2025,08/01/2022,02/24/2025,02/24/2025,05/24/2022,-80792.3,712187.2,-80792.3,712187.2,-80792.3,712187.2,D7TLECM5Q7K1,"CALADWICH CONSULTING, LLC",,7KSG2,7630 LITTLE RIVER TPKE STE 600,,ANNANDALE,VA,220032600,USA,UNITED STATES,(703) 798-5423,,VIRGINIA 08,L099,TECHNICAL REPRESENTATIVE- MISCELLANEOUS,541614.0,"PROCESS, PHYSICAL DISTRIBUTION, AND LOGISTICS CONSULTING SERVICES",LA,,USA,ORLEANS,NEW ORLEANS,,70119,4558.0,,2025-05-03-2033
36C25223C0006,Department of Veterans Affairs,WISCONSIN DIAGNOSTIC LABORATORIES LLC,477907.5,Clinical PhD Microbiologist Services for the Clement J. Zablocki VAMC,TERMINATED,https://www.fpds.gov/ezsearch/jsp/viewLinkController.jsp?agencyID=3600&PIID=36C25223C0006&modNumber=P00006&idvAgencyID=&idvPIID=&contractType=AWARD,3/11/2025,202800.0,3600,36C25223C0006,P00006,,,,03/06/2025,12/01/2022,03/04/2025,03/04/2025,08/26/2022,0.0,195831.0,0.0,195831.0,-202800.0,195831.0,MC2TMLUWK1H6,WISCONSIN DIAGNOSTIC LABORATORIES LLC,,593Z1,9200 W WISCONSIN AVE,,MILWAUKEE,WI,532263522,USA,UNITED STATES,(414) 805-7793,,WISCONSIN 04,R499,SUPPORT- PROFESSIONAL: OTHER,541690.0,OTHER SCIENTIFIC AND TECHNICAL CONSULTING SERVICES,WI,,USA,MILWAUKEE,MILWAUKEE,,53295,1.0,,2025-05-03-2033
36C10F24F50015,Department of Veterans Affairs,LRS FEDERAL LLC,457384.72,"Environmental Due Diligence Services Clarksville, Baton Rouge, Nashville",TERMINATED,https://www.fpds.gov/ezsearch/jsp/viewLinkController.jsp?agencyID=3600&PIID=36C10F24F50015&modNumber=P00002&idvAgencyID=&idvPIID=GS10F0360T&contractType=AWARD,3/11/2025,0.0,3600,36C10F24F50015,P00002,4730,GS10F0360T,PA0022,04/04/2025,09/04/2024,03/04/2025,03/04/2025,07/25/2024,-66305.81,391078.91,-66305.81,391078.91,-66305.81,391078.91,K51NQNM7EXF1,LRS FEDERAL LIMITED LIABILITY COMPANY,,4B5X4,565 BENFIELD RD STE 400,,SEVERNA PARK,MD,211462517,USA,UNITED STATES,(410) 544-3570,(410) 647-4183,MARYLAND 03,B510,SPECIAL STUDIES/ANALYSIS- ENVIRONMENTAL ASSESSMENTS,541620.0,ENVIRONMENTAL CONSULTING SERVICES,DC,,USA,DISTRICT OF COLUMBIA,WASHINGTON,,20001,1152.0,,2025-05-03-2033
36C10X23P0008,Department of Veterans Affairs,"MABBETT & ASSOCIATES, INC.",391134.37,"Annual Workplace Evaluation (AWE) Inspection Services for the End User Services, Space and Facilities Management (SFM)",TERMINATED,https://www.fpds.gov/ezsearch/jsp/viewLinkController.jsp?agencyID=3600&PIID=36C10X23P0008&modNumber=P00009&idvAgencyID=&idvPIID=&contractType=AWARD,3/11/2025,211333.0,3600,36C10X23P0008,P00009,,,,02/25/2025,10/31/2022,02/25/2025,02/25/2025,10/11/2022,0.0,201569.82,0.0,201569.82,0.0,391134.37,JACMATCH87S5,MABBETT & ASSOCIATES INC,MABBETT & ASSOCIATES INC,361J7,105 CENTRAL ST,STE 4100,STONEHAM,MA,021801260,USA,UNITED STATES,(781) 275-6050,(781) 275-3137,MASSACHUSETTS 05,R499,SUPPORT- PROFESSIONAL: OTHER,541620.0,ENVIRONMENTAL CONSULTING SERVICES,DC,,USA,DISTRICT OF COLUMBIA,WASHINGTON,,20001,1.0,,2025-05-03-2033
36C10D23N0008,Department of Veterans Affairs,DELOITTE CONSULTING LLP,653646.47,PAA TASK ORDER OFF VICCS IDIQ CONTRACT,TERMINATED,https://www.fpds.gov/ezsearch/jsp/viewLinkController.jsp?agencyID=3600&PIID=36C10D23N0008&modNumber=P00001&idvAgencyID=&idvPIID=36C10E19D0016&contractType=AWARD,3/11/2025,0.0,3600,36C10D23N0008,P00001,3600,36C10E19D0016,0,09/19/2023,05/01/2023,10/31/2023,10/31/2027,01/15/2023,-4773215.75,653646.47,-4773215.75,653646.47,-28668968.28,653646.47,CKV2L9GZKJK3,DELOITTE CONSULTING LLP,DELOITTE,1TTG5,1919 N LYNN ST,,ARLINGTON,VA,222091742,USA,UNITED STATES,(571) 858-0176,(703) 842-6748,VIRGINIA 08,R499,SUPPORT- PROFESSIONAL: OTHER,518210.0,"COMPUTING INFRASTRUCTURE PROVIDERS, DATA PROCESSING, WEB HOSTING, AND RELATED SERVICES",DC,,USA,DISTRICT OF COLUMBIA,WASHINGTON,,20006,1053.0,,2025-05-03-2033
36C24523C0026,Department of Veterans Affairs,"ANDREW MORGAN CONSULTING, LLC",12611421.6,PROJECT MANAGEMENT SUPPORT SERVICES AND RELATED TECHNICAL SERVICES,TERMINATED,https://www.fpds.gov/ezsearch/jsp/viewLinkController.jsp?agencyID=3600&PIID=36C24523C0026&modNumber=P00002&idvAgencyID=&idvPIID=&contractType=AWARD,3/11/2025,7716137.76,3600,36C24523C0026,P00002,,,,02/20/2025,09/29/2023,02/14/2025,02/14/2025,09/01/2022,0.0,4895283.84,0.0,4895283.84,0.0,12611421.6,CN2NDE12H1K3,"ANDREW MORGAN CONSULTING, LLC",,7VMA4,6850 RICHMOND HWY APT 155,,ALEXANDRIA,VA,223061757,USA,UNITED STATES,(202) 531-5030,,VIRGINIA 08,R408,SUPPORT- PROFESSIONAL: PROGRAM MANAGEMENT/SUPPORT,541990.0,"ALL OTHER PROFESSIONAL, SCIENTIFIC, AND TECHNICAL SERVICES",DC,,USA,DISTRICT OF COLUMBIA,WASHINGTON,,20006,1053.0,,2025-05-03-2033
36C10X23F0093,Department of Veterans Affairs,"CALADWICH CONSULTING, LLC",3777359.28,SUPPLY TECHNICIANS,TERMINATED,https://www.fpds.gov/ezsearch/jsp/viewLinkController.jsp?agencyID=3600&PIID=36C10X23F0093&modNumber=P00002&idvAgencyID=&idvPIID=47QRAA20D0088&contractType=AWARD,3/11/2025,2281375.44,3600,36C10X23F0093,P00002,4732,47QRAA20D0088,PA0015,03/04/2025,09/29/2023,03/04/2025,03/04/2025,07/13/2023,0.0,1495983.84,0.0,1495983.84,0.0,3777359.28,D7TLECM5Q7K1,"CALADWICH CONSULTING, LLC",,7KSG2,7630 LITTLE RIVER TPKE STE 600,,ANNANDALE,VA,220032600,USA,UNITED STATES,(703) 798-5423,,VIRGINIA 08,R497,SUPPORT- PROFESSIONAL: PERSONAL SERVICES CONTRACTS,541614.0,"PROCESS, PHYSICAL DISTRIBUTION, AND LOGISTICS CONSULTING SERVICES",VA,,USA,FAIRFAX,ANNANDALE,,22003,2610.0,,2025-05-03-2033
36C24624N0989,Department of Veterans Affairs,"CAMEO CONSULTING GROUP, LLC",343308.07,CONTRACTING SUPPORT FOR VISN 6,TERMINATED,https://www.fpds.gov/ezsearch/jsp/viewLinkController.jsp?agencyID=3600&PIID=36C24624N0989&modNumber=P00002&idvAgencyID=&idvPIID=36C24624A0032&contractType=AWARD,3/11/2025,0.0,3600,36C24624N0989,P00002,3600,36C24624A0032,0,03/11/2025,09/01/2024,02/25/2025,02/25/2025,08/14/2024,78562.25,421870.32,78562.25,421870.32,78562.25,421870.32,GR37ULLYKLK9,"CAMEO CONSULTING GROUP, LLC",,6UHA6,401 N WASHINGTON ST STE 600,,ROCKVILLE,MD,208501977,USA,UNITED STATES,(480) 330-6650,(540) 595-0891,MARYLAND 08,R707,SUPPORT- MANAGEMENT: CONTRACT/PROCUREMENT/ACQUISITION SUPPORT,541611.0,ADMINISTRATIVE MANAGEMENT AND GENERAL MANAGEMENT CONSULTING SERVICES,VA,,USA,HAMPTON CITY,HAMPTON,,23667,9900.0,,2025-05-03-2033
36C24824P2211,Department of Veterans Affairs,KEITH WHITE CONSULTING LLC,4166.65,CONSULTING SERVICES FOR BRAIN FUNCTION IMAGING,TERMINATED,https://www.fpds.gov/ezsearch/jsp/viewLinkController.jsp?agencyID=3600&PIID=36C24824P2211&modNumber=P00002&idvAgencyID=&idvPIID=&contractType=AWARD,3/11/2025,0.0,3600,36C24824P2211,P00002,,,,03/10/2025,09/01/2024,03/06/2025,03/06/2025,08/20/2024,-5833.35,4166.65,-5833.35,4166.65,-45833.35,4166.65,LJADL9KRAZJ1,KEITH WHITE CONSULTING LLC,,6Y9R7,1205 NW 38TH ST,,GAINESVILLE,FL,326054801,USA,UNITED STATES,(352) 219-5863,(352) 372-1007,FLORIDA 03,AN41,HEALTH R&D SERVICES; HEALTH CARE - OTHER; BASIC RESEARCH,541690.0,OTHER SCIENTIFIC AND TECHNICAL CONSULTING SERVICES,FL,,USA,ALACHUA,GAINESVILLE,,32608,1197.0,,2025-05-03-2033
36C26122P1210,Department of Veterans Affairs,PRESS GANEY ASSOCIATES LLC,38158.93,NDNQI ACCESS,TERMINATED,https://www.fpds.gov/ezsearch/jsp/viewLinkController.jsp?agencyID=3600&PIID=36C26122P1210&modNumber=P00004&idvAgencyID=&idvPIID=&contractType=AWARD,3/11/2025,21802.37,3600,36C26122P1210,P00004,,,,03/10/2025,07/01/2022,02/25/2025,02/25/2025,05/04/2022,-7259.24,16356.56,-7259.24,16356.56,-7259.24,38158.93,PTAKRVGUJE53,PRESS GANEY ASSOCIATES LLC,,3DFC7,404 COLUMBIA PL,,SOUTH BEND,IN,466012315,USA,UNITED STATES,(800) 232-8032,,INDIANA 02,R410,SUPPORT- PROFESSIONAL: PROGRAM EVALUATION/REVIEW/DEVELOPMENT,541611.0,ADMINISTRATIVE MANAGEMENT AND GENERAL MANAGEMENT CONSULTING SERVICES,CA,,USA,FRESNO,FRESNO,,93703,1000.0,,2025-05-03-2033
36C26121P0689,Department of Veterans Affairs,PRESS GANEY ASSOCIATES LLC,49966.86,PRESS GANEY NDNQI ANNUAL MEMBERSHIP FOR VA PALO ALTO,TERMINATED,https://www.fpds.gov/ezsearch/jsp/viewLinkController.jsp?agencyID=3600&PIID=36C26121P0689&modNumber=P00005&idvAgencyID=&idvPIID=&contractType=AWARD,3/11/2025,0.0,3600,36C26121P0689,P00005,,,,03/10/2025,04/09/2021,12/31/2025,12/31/2025,,-14420.01,49966.86,-14420.01,49966.86,-14420.01,49966.86,PTAKRVGUJE53,PRESS GANEY ASSOCIATES LLC,,3DFC7,404 COLUMBIA PL,,SOUTH BEND,IN,466012315,USA,UNITED STATES,(800) 232-8032,,INDIANA 02,6515,"MEDICAL AND SURGICAL INSTRUMENTS, EQUIPMENT, AND SUPPLIES",541611.0,ADMINISTRATIVE MANAGEMENT AND GENERAL MANAGEMENT CONSULTING SERVICES,IN,,USA,ST JOSEPH,SOUTH BEND,,46601,2901.0,,2025-05-03-2033
36C26223C0058,Department of Veterans Affairs,PRESS GANEY ASSOCIATES LLC,29621.9,PRESS GANEY NDNQI MEMBERSHIP,TERMINATED,https://www.fpds.gov/ezsearch/jsp/viewLinkController.jsp?agencyID=3600&PIID=36C26223C0058&modNumber=P00003&idvAgencyID=&idvPIID=&contractType=AWARD,3/10/2025,0.0,3600,36C26223C0058,P00003,,,,03/04/2025,01/12/2023,12/31/2025,12/31/2025,12/08/2022,0.0,29621.9,0.0,29621.9,-22828.61,29621.9,PTAKRVGUJE53,PRESS GANEY ASSOCIATES LLC,,3DFC7,1173 IGNITION DR,,SOUTH BEND,IN,466012901,USA,UNITED STATES,(800) 232-8032,,INDIANA 02,R420,SUPPORT- PROFESSIONAL: CERTIFICATIONS AND ACCREDITATIONS (OTHER THAN EDUC OR INFO TECH C&A),541611.0,ADMINISTRATIVE MANAGEMENT AND GENERAL MANAGEMENT CONSULTING SERVICES,CA,,USA,SAN DIEGO,SAN DIEGO,,92161,1.0,,2025-05-03-2033
36C26225P0441,Department of Veterans Affairs,PRESS GANEY ASSOCIATES LLC,11053.96,BRIDGE NDNQI NURSING MEMBERSHIP SUBSCRIPTION,TERMINATED,https://www.fpds.gov/ezsearch/jsp/viewLinkController.jsp?agencyID=3600&PIID=36C26225P0441&modNumber=P00001&idvAgencyID=&idvPIID=&contractType=AWARD,3/10/2025,0.0,3600,36C26225P0441,P00001,,,,03/06/2025,01/01/2025,12/31/2025,12/31/2025,11/12/2024,0.0,11053.96,0.0,11053.96,0.0,11053.96,PTAKRVGUJE53,PRESS GANEY ASSOCIATES LLC,,3DFC7,1173 IGNITION DR,,SOUTH BEND,IN,466012901,USA,UNITED STATES,(412) 689-5752,,INDIANA 02,R420,SUPPORT- PROFESSIONAL: CERTIFICATIONS AND ACCREDITATIONS (OTHER THAN EDUC OR INFO TECH C&A),541611.0,ADMINISTRATIVE MANAGEMENT AND GENERAL MANAGEMENT CONSULTING SERVICES,AZ,,USA,PIMA,TUCSON,,85713,5800.0,,2025-05-03-2033
36C26225P0485,Department of Veterans Affairs,PRESS GANEY ASSOCIATES LLC,7675.31,NDNQI NURSING MEMBERSHIP SUBSCRIPTION,TERMINATED,https://www.fpds.gov/ezsearch/jsp/viewLinkController.jsp?agencyID=3600&PIID=36C26225P0485&modNumber=P00001&idvAgencyID=&idvPIID=&contractType=AWARD,3/10/2025,0.0,3600,36C26225P0485,P00001,,,,03/06/2025,01/07/2025,12/31/2025,12/31/2025,11/22/2024,0.0,7675.31,0.0,7675.31,0.0,7675.31,PTAKRVGUJE53,PRESS GANEY ASSOCIATES LLC,,3DFC7,1173 IGNITION DR,,SOUTH BEND,IN,466012901,USA,UNITED STATES,(412) 689-5752,,INDIANA 02,R420,SUPPORT- PROFESSIONAL: CERTIFICATIONS AND ACCREDITATIONS (OTHER THAN EDUC OR INFO TECH C&A),541611.0,ADMINISTRATIVE MANAGEMENT AND GENERAL MANAGEMENT CONSULTING SERVICES,CA,,USA,SAN BERNARDINO,LOMA LINDA,,92357,1000.0,,2025-05-03-2033
36C24724P0741,Department of Veterans Affairs,HEALTHLINX INC,71781.76,PATHWAY TO EXCELLENCE,TERMINATED,https://www.fpds.gov/ezsearch/jsp/viewLinkController.jsp?agencyID=3600&PIID=36C24724P0741&modNumber=P00002&idvAgencyID=&idvPIID=&contractType=AWARD,3/10/2025,0.0,3600,36C24724P0741,P00002,,,,03/07/2025,05/02/2024,03/07/2025,03/07/2025,03/21/2024,-203850.74,71781.76,-203850.74,71781.76,-203850.74,71781.76,D4N2M67RBJL6,HEALTHLINX INC,,54ZH7,841 CORPORATE DR,,LEXINGTON,KY,405035421,USA,UNITED STATES,(614) 542-2228,,KENTUCKY 06,R499,SUPPORT- PROFESSIONAL: OTHER,541611.0,ADMINISTRATIVE MANAGEMENT AND GENERAL MANAGEMENT CONSULTING SERVICES,AL,,USA,JEFFERSON,BIRMINGHAM,,35233,1121.0,,2025-05-03-2033
36C24923P1024,Department of Veterans Affairs,HEALTHCARE QUALITY ASSISTANCE GROUP LLC,46458.5,THE JOINT COMMISSION RESOURCES LABORATORY CONSULTING,TERMINATED,https://www.fpds.gov/ezsearch/jsp/viewLinkController.jsp?agencyID=3600&PIID=36C24923P1024&modNumber=P00002&idvAgencyID=&idvPIID=&contractType=AWARD,3/7/2025,0.0,3600,36C24923P1024,P00002,,,,03/06/2025,09/25/2023,03/07/2025,03/07/2025,09/06/2023,-55122.5,46458.5,-55122.5,46458.5,-168221.5,46458.5,K529N7Q89JF7,HEALTHCARE QUALITY ASSISTANCE GROUP LLC,,488Z5,2721 NW DENVER AVE,,LAWTON,OK,735053942,USA,UNITED STATES,(301) 237-6507,(301) 865-0693,OKLAHOMA 04,U099,EDUCATION/TRAINING- OTHER,541611.0,ADMINISTRATIVE MANAGEMENT AND GENERAL MANAGEMENT CONSULTING SERVICES,TN,,USA,RUTHERFORD,MURFREESBORO,,37129,4356.0,,2025-05-03-2033
36C77624C0048,Department of Veterans Affairs,SIGIL CONSULTING GROUP LLC,6501903.83,ONS NURSING WORKFORCE SERVICES,TERMINATED,https://www.fpds.gov/ezsearch/jsp/viewLinkController.jsp?agencyID=3600&PIID=36C77624C0048&modNumber=P00004&idvAgencyID=&idvPIID=&contractType=AWARD,3/7/2025,4070497.94,3600,36C77624C0048,P00004,,,,03/05/2025,04/01/2024,03/05/2025,03/05/2025,12/04/2023,0.0,2431405.89,0.0,2431405.89,0.0,6501903.83,SGGAVGZ7L754,SIGIL CONSULTING GROUP LLC,,9QLZ9,4144 SOUTHAMPTON ST,,ROSEVILLE,CA,957474231,USA,UNITED STATES,(202) 756-1048,,CALIFORNIA 03,R408,SUPPORT- PROFESSIONAL: PROGRAM MANAGEMENT/SUPPORT,541611.0,ADMINISTRATIVE MANAGEMENT AND GENERAL MANAGEMENT CONSULTING SERVICES,DC,,USA,DISTRICT OF COLUMBIA,WASHINGTON,,20001,1031.0,,2025-05-03-2033
36C24623F0256,Department of Veterans Affairs,HURON CONSULTING SERVICES LLC,1234629.95,EVIDENCE BASED LEADERSHIP AND ENGAGEMENT APPROACH TRAINING,TERMINATED,https://www.fpds.gov/ezsearch/jsp/viewLinkController.jsp?agencyID=3600&PIID=36C24623F0256&modNumber=P00002&idvAgencyID=&idvPIID=GS00F146DA&contractType=AWARD,3/7/2025,0.0,3600,36C24623F0256,P00002,4732,GS00F146DA,PS0019,03/05/2025,05/01/2023,03/05/2025,03/05/2025,04/07/2023,-238330.11,1234629.95,-238330.11,1234629.95,-238330.11,1234629.95,VCE5JFBRME47,HURON CONSULTING SERVICES LLC,,3KVQ9,550 W VAN BUREN ST,,CHICAGO,IL,606073827,USA,UNITED STATES,(312) 880-3035,(312) 880-3002,ILLINOIS 07,U099,EDUCATION/TRAINING- OTHER,541611.0,ADMINISTRATIVE MANAGEMENT AND GENERAL MANAGEMENT CONSULTING SERVICES,VA,,USA,HAMPTON CITY,HAMPTON,,23667,9900.0,,2025-05-03-2033
36C26020P0187,Department of Veterans Affairs,"QUALITY REGISTRY SERVICES, LLC",1384450.83,CANCER ABSTRACTION SERVICES,TERMINATED,https://www.fpds.gov/ezsearch/jsp/viewLinkController.jsp?agencyID=3600&PIID=36C26020P0187&modNumber=P00013&idvAgencyID=&idvPIID=&contractType=AWARD,3/7/2025,0.0,3600,36C26020P0187,P00013,,,,03/06/2025,01/01/2020,06/30/2025,06/30/2025,,-119526.66,1269634.8,-119526.66,1269634.8,-119526.66,1269634.8,LCB9UL36Z6K7,"QUALITY REGISTRY SERVICES, LLC",,7AY20,814 ROCKFORD RD,,MANAKIN SABOT,VA,231032162,USA,UNITED STATES,(623) 882-6666,,VIRGINIA 07,Q701,SPECIALIZED MEDICAL SUPPORT,541611.0,ADMINISTRATIVE MANAGEMENT AND GENERAL MANAGEMENT CONSULTING SERVICES,VA,,USA,GOOCHLAND,MANAKIN SABOT,,23103,2162.0,,2025-05-03-2033
36C10F23F0026,Department of Veterans Affairs,"INTERIOR SYSTEMS, INC.",296245.33,HUDSON FL VHA OPERATION - DUE DILIGENCE,TERMINATED,https://www.fpds.gov/ezsearch/jsp/viewLinkController.jsp?agencyID=3600&PIID=36C10F23F0026&modNumber=P00003&idvAgencyID=&idvPIID=GS00F023CA&contractType=AWARD,3/7/2025,125152.31,3600,36C10F23F0026,P00003,4732,GS00F023CA,PA0042,04/14/2025,09/27/2023,03/05/2025,03/05/2025,05/16/2023,0.0,171093.02,0.0,171093.02,-125152.31,171093.02,RNHBDCBFX1N7,"INTERIOR SYSTEMS, INC.",,0ZVV4,45610 WOODLAND RD STE 130,,STERLING,VA,201664220,USA,UNITED STATES,(202) 263-0892,(202) 393-0630,VIRGINIA 10,E1PC,PURCHASE OF UNIMPROVED REAL PROPERTY (LAND),541611.0,ADMINISTRATIVE MANAGEMENT AND GENERAL MANAGEMENT CONSULTING SERVICES,FL,,USA,PASCO,SPRING HILL,,34610,7252.0,,2025-05-03-2033
36C10F24N0043,Department of Veterans Affairs,"INTERIOR SYSTEMS, INC.",63227.64,"POPLAR BLUFF, MO - DUE DILIGENCE",TERMINATED,https://www.fpds.gov/ezsearch/jsp/viewLinkController.jsp?agencyID=3600&PIID=36C10F24N0043&modNumber=P00002&idvAgencyID=&idvPIID=36C10F23A0009&contractType=AWARD,3/7/2025,17942.2,3600,36C10F24N0043,P00002,3600,36C10F23A0009,P00001,03/05/2025,09/30/2024,03/05/2025,03/05/2025,07/17/2024,0.0,45285.44,0.0,45285.44,0.0,63227.64,RNHBDCBFX1N7,"INTERIOR SYSTEMS, INC.",,0ZVV4,45610 WOODLAND RD STE 130,,STERLING,VA,201664220,USA,UNITED STATES,(202) 263-0892,(202) 393-0630,VIRGINIA 10,E1PC,PURCHASE OF UNIMPROVED REAL PROPERTY (LAND),541611.0,ADMINISTRATIVE MANAGEMENT AND GENERAL MANAGEMENT CONSULTING SERVICES,VA,,USA,LOUDOUN,STERLING,,20166,4220.0,,2025-05-03-2033
36C10X21N0025,Department of Veterans Affairs,"APTIVE HTG, LLC",22718012.07,VHA INTEGRATED HEALTHCARE TRANSFORMATION (IHT) TASK ORDER - VHA POLICY TRANSFORMATION,TERMINATED,https://www.fpds.gov/ezsearch/jsp/viewLinkController.jsp?agencyID=3600&PIID=36C10X21N0025&modNumber=P00011&idvAgencyID=&idvPIID=36C10X20D0002&contractType=AWARD,3/6/2025,0.0,3600,36C10X21N0025,P00011,3600,36C10X20D0002,0,09/17/2024,11/30/2020,11/29/2024,11/29/2025,09/23/2020,72550.4,22718012.07,72550.4,22718012.07,72550.4,22718012.07,L2LMMGFF12A3,"APTIVE HTG, LLC",,8A9S8,421 KING ST STE 200,,ALEXANDRIA,VA,223143121,USA,UNITED STATES,(703) 598-0697,,VIRGINIA 08,R406,SUPPORT- PROFESSIONAL: POLICY REVIEW/DEVELOPMENT,541611.0,ADMINISTRATIVE MANAGEMENT AND GENERAL MANAGEMENT CONSULTING SERVICES,DC,,USA,DISTRICT OF COLUMBIA,WASHINGTON,,20420,1.0,,2025-05-03-2033
36C10X21N0060,Department of Veterans Affairs,"APTIVE HTG, LLC",3037586.77,VHA INTEGRATED HEALTHCARE TRANSFORMATION (IHT) IDIQ CONTRACT - TASK ORDER FOR WOMEN'S HEALTH SUPPORT,TERMINATED,https://www.fpds.gov/ezsearch/jsp/viewLinkController.jsp?agencyID=3600&PIID=36C10X21N0060&modNumber=P00010&idvAgencyID=&idvPIID=36C10X20D0002&contractType=AWARD,3/6/2025,405392.8,3600,36C10X21N0060,P00010,3600,36C10X20D0002,0,03/10/2025,04/09/2021,04/08/2025,04/08/2026,03/15/2021,0.0,2632193.97,0.0,2632193.97,0.0,3037586.77,L2LMMGFF12A3,"APTIVE HTG, LLC",,8A9S8,421 KING ST STE 200,,ALEXANDRIA,VA,223143121,USA,UNITED STATES,(703) 598-0697,,VIRGINIA 08,R408,SUPPORT- PROFESSIONAL: PROGRAM MANAGEMENT/SUPPORT,541611.0,ADMINISTRATIVE MANAGEMENT AND GENERAL MANAGEMENT CONSULTING SERVICES,VA,,USA,ALEXANDRIA CITY,ALEXANDRIA,,22314,3121.0,,2025-05-03-2033
36C10X24N0172,Department of Veterans Affairs,"METRICS, LLC",1789089.12,IN6014 MANAGED SETTLEMENTS SUPPORT,TERMINATED,https://www.fpds.gov/ezsearch/jsp/viewLinkController.jsp?agencyID=3600&PIID=36C10X24N0172&modNumber=P00002&idvAgencyID=&idvPIID=VA119A17D0148&contractType=AWARD,3/6/2025,1445277.6,3600,36C10X24N0172,P00002,3600,VA119A17D0148,0,03/04/2025,09/02/2024,03/04/2025,03/04/2025,07/11/2024,0.0,343811.52,0.0,1789089.12,0.0,1789089.12,F541XAYTKKN5,"METRICS, LLC",,6RSN0,7105 HUNDSFORD LN,,SPRINGFIELD,VA,221531264,USA,UNITED STATES,(703) 401-1616,,VIRGINIA 11,R408,SUPPORT- PROFESSIONAL: PROGRAM MANAGEMENT/SUPPORT,541611.0,ADMINISTRATIVE MANAGEMENT AND GENERAL MANAGEMENT CONSULTING SERVICES,VA,,USA,FAIRFAX,FAIRFAX STATION,,22039,1203.0,,2025-05-03-2033
36C77624P0087,Department of Veterans Affairs,ETRANSERVICES CORP.,20077.2,ENHANCE THE CURRENT VOLUME 4 OF THE FISCAL YEAR 2025 BUDGET SUBMISSION AND UPCOMING FY2026 BUDGET SUBMISSION TO BE SECTION 508 COMPLIANT.,TERMINATED,https://www.fpds.gov/ezsearch/jsp/viewLinkController.jsp?agencyID=3600&PIID=36C77624P0087&modNumber=P00001&idvAgencyID=&idvPIID=&contractType=AWARD,3/6/2025,0.0,3600,36C77624P0087,P00001,,,,03/05/2025,09/20/2024,02/25/2025,02/25/2025,08/08/2024,0.0,20077.2,0.0,20077.2,0.0,20077.2,Y56GTH99ZG29,ETRANSERVICES CORP.,ETRANSERVICES CORP.,6GGS5,24 ONVILLE RD,SUITE 101-11,STAFFORD,VA,225563831,USA,UNITED STATES,(571) 405-5560,(888) 503-3608,VIRGINIA 07,R799,SUPPORT- MANAGEMENT: OTHER,541611.0,ADMINISTRATIVE MANAGEMENT AND GENERAL MANAGEMENT CONSULTING SERVICES,VA,,USA,STAFFORD,STAFFORD,,22556,3831.0,,2025-05-03-2033
36C77624N0056,Department of Veterans Affairs,"CRADDOCK GROUP, LLC, THE",1334529.03,STRATEGIC CAPITAL INVESTMENT PLANNING PROCESS SUPPORT SERVICES,TERMINATED,https://www.fpds.gov/ezsearch/jsp/viewLinkController.jsp?agencyID=3600&PIID=36C77624N0056&modNumber=P00002&idvAgencyID=&idvPIID=36E77620D0003&contractType=AWARD,3/6/2025,0.0,3600,36C77624N0056,P00002,3600,36E77620D0003,0,04/25/2025,01/05/2024,02/25/2025,02/25/2025,12/19/2023,0.0,1334529.03,0.0,1334529.03,0.0,1334529.03,DVFKRULPER77,"CRADDOCK GROUP, LLC, THE",,5VKS1,3033 WILSON BLVD STE 700,,ARLINGTON,VA,222013868,USA,UNITED STATES,(757) 903-6710,(888) 426-6534,VIRGINIA 08,R799,SUPPORT- MANAGEMENT: OTHER,541611.0,ADMINISTRATIVE MANAGEMENT AND GENERAL MANAGEMENT CONSULTING SERVICES,VA,,USA,ARLINGTON,ARLINGTON,,22201,3868.0,,2025-05-03-2033
36C77624N0072,Department of Veterans Affairs,"CRADDOCK GROUP, LLC, THE",579372.18,THE IDIQ PROVIDES AND OPPORTUNITY TO ACQUIRE STRATEGIC CAPITAL INVESTMENT PLANNING SERVICES FOR A 5 YEAR PERIOD.,TERMINATED,https://www.fpds.gov/ezsearch/jsp/viewLinkController.jsp?agencyID=3600&PIID=36C77624N0072&modNumber=P00001&idvAgencyID=&idvPIID=36E77620D0003&contractType=AWARD,3/6/2025,0.0,3600,36C77624N0072,P00001,3600,36E77620D0003,0,03/05/2025,12/13/2023,02/25/2025,02/25/2025,11/08/2023,0.0,579372.18,0.0,579372.18,0.0,579372.18,DVFKRULPER77,"CRADDOCK GROUP, LLC, THE",,5VKS1,3033 WILSON BLVD STE 700,,ARLINGTON,VA,222013868,USA,UNITED STATES,(757) 903-6710,(888) 426-6534,VIRGINIA 08,R799,SUPPORT- MANAGEMENT: OTHER,541611.0,ADMINISTRATIVE MANAGEMENT AND GENERAL MANAGEMENT CONSULTING SERVICES,VA,,USA,ARLINGTON,ARLINGTON,,22201,3868.0,,2025-05-03-2033
36C77624N0573,Department of Veterans Affairs,"THE CRADDOCK GROUP, LLC",2369829.97,TASK ORDER FOR SCIP PROCESS SUPPORT USING THE SCIP IDIQ CONTRACT,TERMINATED,https://www.fpds.gov/ezsearch/jsp/viewLinkController.jsp?agencyID=3600&PIID=36C77624N0573&modNumber=P00001&idvAgencyID=&idvPIID=36C77624D0005&contractType=AWARD,3/6/2025,0.0,3600,36C77624N0573,P00001,3600,36C77624D0005,0,03/05/2025,06/27/2024,02/25/2025,02/25/2025,04/15/2024,0.0,2369829.97,0.0,2369829.97,0.0,2369829.97,DVFKRULPER77,"THE CRADDOCK GROUP, LLC",,5VKS1,3033 WILSON BLVD STE 700,,ARLINGTON,VA,222013868,USA,UNITED STATES,(703) 472-1620,(888) 426-6534,VIRGINIA 08,R799,SUPPORT- MANAGEMENT: OTHER,541611.0,ADMINISTRATIVE MANAGEMENT AND GENERAL MANAGEMENT CONSULTING SERVICES,VA,,USA,ARLINGTON,ARLINGTON,,22201,3868.0,,2025-05-03-2033
36C10D23N0030,Department of Veterans Affairs,ALL IN SOLUTIONS LLC,3183114.91,VBA OFFICE OF COMPENSATION SERVICES PROGRAM SUPPORT SERVICES PURCHASE.,TERMINATED,https://www.fpds.gov/ezsearch/jsp/viewLinkController.jsp?agencyID=3600&PIID=36C10D23N0030&modNumber=P00007&idvAgencyID=&idvPIID=36C10D22D0025&contractType=AWARD,3/6/2025,0.0,3600,36C10D23N0030,P00007,3600,36C10D22D0025,0,02/25/2025,09/29/2023,02/25/2025,02/25/2025,08/11/2023,0.0,3183114.91,0.0,3183114.91,0.0,3183114.91,JJLMBNFX4JH5,ALL IN SOLUTIONS LLC,,7ML48,3940 PLANK RD,STE Y,FREDERICKSBURG,VA,224076874,USA,UNITED STATES,(540) 318-7077,,VIRGINIA 07,R408,SUPPORT- PROFESSIONAL: PROGRAM MANAGEMENT/SUPPORT,541611.0,ADMINISTRATIVE MANAGEMENT AND GENERAL MANAGEMENT CONSULTING SERVICES,DC,,USA,DISTRICT OF COLUMBIA,WASHINGTON,,20006,4403.0,,2025-05-03-2033
36C77624P0043,Department of Veterans Affairs,ARTEMIS ARC LLC,543727.59,EVIDENCE BASED PRACTICE IMPLEMENTATION SUPPORT SERVICES,TERMINATED,https://www.fpds.gov/ezsearch/jsp/viewLinkController.jsp?agencyID=3600&PIID=36C77624P0043&modNumber=P00004&idvAgencyID=&idvPIID=&contractType=AWARD,3/6/2025,1231.66,3600,36C77624P0043,P00004,,,,04/29/2025,04/18/2024,02/25/2025,02/25/2025,02/29/2024,-258546.59,283949.34,-258546.59,283949.34,-259778.25,283949.34,YULRWLLGH5L6,ARTEMIS ARC LLC,,90NU7,3252 TARRANT LANE,,PLANO,TX,750255293,USA,UNITED STATES,(760) 703-4954,,TEXAS 04,R699,SUPPORT- ADMINISTRATIVE: OTHER,541611.0,ADMINISTRATIVE MANAGEMENT AND GENERAL MANAGEMENT CONSULTING SERVICES,TX,,USA,COLLIN,PLANO,,75025,3103.0,,2025-05-03-2033
36C77624N0978,Department of Veterans Affairs,"COGNITIVE MEDICAL SYSTEMS, INC.",678986.51,CDS COMMUNITY ENGAGEMENT TASK ORDER 19,TERMINATED,https://www.fpds.gov/ezsearch/jsp/viewLinkController.jsp?agencyID=3600&PIID=36C77624N0978&modNumber=P00002&idvAgencyID=&idvPIID=36C77620D0022&contractType=AWARD,3/6/2025,48792.96,3600,36C77624N0978,P00002,3600,36C77620D0022,0,04/21/2025,09/27/2024,03/05/2025,03/05/2025,08/08/2024,-449887.77,180305.78,-449887.77,180305.78,-498680.73,180305.78,J165N5CX9C65,"COGNITIVE MEDICAL SYSTEMS, INC.",,62V66,9444 WAPLES ST STE 200,,SAN DIEGO,CA,921212942,USA,UNITED STATES,(858) 509-4949,(858) 408-2600,CALIFORNIA 51,R408,SUPPORT- PROFESSIONAL: PROGRAM MANAGEMENT/SUPPORT,541611.0,ADMINISTRATIVE MANAGEMENT AND GENERAL MANAGEMENT CONSULTING SERVICES,OH,,USA,CUYAHOGA,INDEPENDENCE,,44131,8051.0,,2025-05-03-2033
36C10F23F0016,Department of Veterans Affairs,"CONCOURSE FEDERAL GROUP, LLC",86156.46,PHOENIX LAND SERVICES,TERMINATED,https://www.fpds.gov/ezsearch/jsp/viewLinkController.jsp?agencyID=3600&PIID=36C10F23F0016&modNumber=P00005&idvAgencyID=&idvPIID=GS00F058GA&contractType=AWARD,3/6/2025,0.0,3600,36C10F23F0016,P00005,4732,GS00F058GA,PA0033,03/05/2025,05/02/2023,03/05/2025,03/05/2025,01/24/2023,0.0,86156.46,0.0,86156.46,0.0,86156.46,KD6WCU5JHKW5,"CONCOURSE FEDERAL GROUP, LLC",,5HAY6,13840 BOOKER T WASHINGTON HWY UNIT C3,,MONETA,VA,241216390,USA,UNITED STATES,(703) 945-4208,(410) 267-7406,VIRGINIA 09,B506,SPECIAL STUDIES/ANALYSIS- DATA (OTHER THAN SCIENTIFIC),541611.0,ADMINISTRATIVE MANAGEMENT AND GENERAL MANAGEMENT CONSULTING SERVICES,DC,,USA,DISTRICT OF COLUMBIA,WASHINGTON,,20036,5569.0,,2025-05-03-2033
36C77624N0999,Department of Veterans Affairs,INNOVET HEALTH LLC,1220842.85,EO14042 - CLINICAL DECISION SUPPORT CDS IDIQ,TERMINATED,https://www.fpds.gov/ezsearch/jsp/viewLinkController.jsp?agencyID=3600&PIID=36C77624N0999&modNumber=P00002&idvAgencyID=&idvPIID=36C77620D0023&contractType=AWARD,3/6/2025,0.0,3600,36C77624N0999,P00002,3600,36C77620D0023,P00002,04/28/2025,09/30/2024,02/25/2025,02/25/2025,09/05/2024,-712158.35,508684.5,-712158.35,508684.5,-712158.35,508684.5,KXMMBDFHKAC6,INNOVET HEALTH LLC,,7ZSX4,1908 THOMES AVE,,CHEYENNE,WY,820013527,USA,UNITED STATES,(617) 834-5712,,WYOMING 00,R408,SUPPORT- PROFESSIONAL: PROGRAM MANAGEMENT/SUPPORT,541611.0,ADMINISTRATIVE MANAGEMENT AND GENERAL MANAGEMENT CONSULTING SERVICES,WY,,USA,LARAMIE,CHEYENNE,,82001,3527.0,,2025-05-03-2033
36C10F24N0016,Department of Veterans Affairs,"CONCOURSE FEDERAL GROUP, LLC",57921.92,DUE DILIGENCE TASK ORDER,TERMINATED,https://www.fpds.gov/ezsearch/jsp/viewLinkController.jsp?agencyID=3600&PIID=36C10F24N0016&modNumber=P00001&idvAgencyID=&idvPIID=36C10F23A0007&contractType=AWARD,3/6/2025,0.0,3600,36C10F24N0016,P00001,3600,36C10F23A0007,P00001,03/05/2025,07/31/2024,03/05/2025,03/05/2025,03/07/2024,0.0,57921.92,0.0,57921.92,0.0,57921.92,KD6WCU5JHKW5,"CONCOURSE FEDERAL GROUP, LLC",,5HAY6,13840 BOOKER T WASHINGTON HWY UNIT C3,,MONETA,VA,241216390,USA,UNITED STATES,(703) 945-4208,(410) 267-7406,VIRGINIA 09,R408,SUPPORT- PROFESSIONAL: PROGRAM MANAGEMENT/SUPPORT,541611.0,ADMINISTRATIVE MANAGEMENT AND GENERAL MANAGEMENT CONSULTING SERVICES,VA,,USA,ALEXANDRIA CITY,ALEXANDRIA,,22314,3327.0,,2025-05-03-2033
36C77624N1002,Department of Veterans Affairs,INNOVET HEALTH LLC,4563497.64,EO14042 - CLINICAL DECISION SUPPORT CDS IDIQ,TERMINATED,https://www.fpds.gov/ezsearch/jsp/viewLinkController.jsp?agencyID=3600&PIID=36C77624N1002&modNumber=P00001&idvAgencyID=&idvPIID=36C77620D0023&contractType=AWARD,3/6/2025,2928394.8,3600,36C77624N1002,P00001,3600,36C77620D0023,P00002,03/05/2025,09/30/2024,02/25/2025,02/25/2025,09/05/2024,0.0,1635102.84,0.0,1635102.84,0.0,4563497.64,KXMMBDFHKAC6,INNOVET HEALTH LLC,,7ZSX4,1908 THOMES AVE,,CHEYENNE,WY,820013527,USA,UNITED STATES,(617) 834-5712,,WYOMING 00,R410,SUPPORT- PROFESSIONAL: PROGRAM EVALUATION/REVIEW/DEVELOPMENT,541611.0,ADMINISTRATIVE MANAGEMENT AND GENERAL MANAGEMENT CONSULTING SERVICES,WY,,USA,LARAMIE,CHEYENNE,,82001,3527.0,,2025-05-03-2033
36C77620P0077,Department of Veterans Affairs,"BOOK ZURMAN, INC.",3199463.82,HEALTH INFORMATION GOVERNANCE (HIG) NATIONAL DATA SYSTEMS (NDS),TERMINATED,https://www.fpds.gov/ezsearch/jsp/viewLinkController.jsp?agencyID=3600&PIID=36C77620P0077&modNumber=P00020&idvAgencyID=&idvPIID=&contractType=AWARD,3/6/2025,899952.84,3600,36C77620P0077,P00020,,,,04/04/2025,05/01/2020,03/04/2025,03/04/2025,,-219814.25,2079393.01,-219814.25,2371788.37,-219814.25,2423032.35,E9N2H4LL2BW5,"BOOK ZURMAN, INC.",,64HM5,360 CENTRAL AVE STE 970,,SAINT PETERSBURG,FL,337013857,USA,UNITED STATES,(727) 378-9026,(727) 378-9025,FLORIDA 13,R408,SUPPORT- PROFESSIONAL: PROGRAM MANAGEMENT/SUPPORT,541611.0,ADMINISTRATIVE MANAGEMENT AND GENERAL MANAGEMENT CONSULTING SERVICES,FL,,USA,PINELLAS,SAINT PETERSBURG,,33701,5140.0,,2025-05-03-2033
36C24525P0203,Department of Veterans Affairs,"UNIVERSITY OF MARYLAND, BALTIMORE",394310.52,MEDICAL RESEARCH UMD,TERMINATED,https://www.fpds.gov/ezsearch/jsp/viewLinkController.jsp?agencyID=3600&PIID=36C24525P0203&modNumber=P00002&idvAgencyID=&idvPIID=&contractType=AWARD,3/6/2025,0.0,3600,36C24525P0203,P00002,,,,04/10/2025,12/27/2024,03/05/2025,03/05/2025,12/01/2024,-301532.82,92777.7,-301532.82,92777.7,-301532.82,92777.7,Z9CRZKD42ZT1,"UNIVERSITY OF MARYLAND, BALTIMORE",,1B0S2,220 ARCH ST OFC LEVEL2,,BALTIMORE,MD,212011531,USA,UNITED STATES,(410) 706-1101,,MARYLAND 07,AJ11,GENERAL SCIENCE AND TECHNOLOGY R&D SERVICES; GENERAL SCIENCE AND TECHNOLOGY; BASIC RESEARCH,541611.0,ADMINISTRATIVE MANAGEMENT AND GENERAL MANAGEMENT CONSULTING SERVICES,MD,,USA,BALTIMORE CITY,BALTIMORE,,21202,2600.0,,2025-05-03-2033
36C77620P0102,Department of Veterans Affairs,"STAFFORD CONSULTING COMPANY, INC.",239157.02,ADUSH20-2 ADMIN ASSISTANT FOR PERSONS WITH DISABILITIES,TERMINATED,https://www.fpds.gov/ezsearch/jsp/viewLinkController.jsp?agencyID=3600&PIID=36C77620P0102&modNumber=P00010&idvAgencyID=&idvPIID=&contractType=AWARD,3/6/2025,41547.24,3600,36C77620P0102,P00010,,,,03/05/2025,09/30/2020,03/05/2025,03/05/2025,,0.0,164126.11,0.0,164126.11,0.0,164126.11,GMQFM999K2E5,"STAFFORD CONSULTING COMPANY, INC.",,6JNW1,1765 GREENSBORO STATION PLACE SUITE 900,,MCLEAN,VA,221023470,USA,UNITED STATES,(301) 502-8967,(256) 325-0418,VIRGINIA 11,R699,SUPPORT- ADMINISTRATIVE: OTHER,541611.0,ADMINISTRATIVE MANAGEMENT AND GENERAL MANAGEMENT CONSULTING SERVICES,VA,,USA,FAIRFAX,MCLEAN,,22102,3470.0,,2025-05-03-2033
36C26224N0819,Department of Veterans Affairs,MAXIM HEALTHCARE SERVICES INCORPORATED (0951),430660.0,MEDICAL CODING SERVICES,TERMINATED,https://www.fpds.gov/ezsearch/jsp/viewLinkController.jsp?agencyID=3600&PIID=36C26224N0819&modNumber=P00001&idvAgencyID=&idvPIID=36C10G21A0004&contractType=AWARD,3/6/2025,278219.5,3600,36C26224N0819,P00001,3600,36C10G21A0004,P00005,03/05/2025,07/01/2024,03/04/2025,03/04/2025,06/10/2023,0.0,152440.5,0.0,190444.15,0.0,430660.0,DFUAFDQFV943,MAXIM HEALTHCARE SERVICES INCORPORATED (0951),,1NW03,7080 SAMUEL MORSE DRIVE,,COLUMBIA,MD,210463405,USA,UNITED STATES,,,MARYLAND 03,Q601,MEDICAL CODING AND AUDITING,541611.0,ADMINISTRATIVE MANAGEMENT AND GENERAL MANAGEMENT CONSULTING SERVICES,CA,,USA,LOS ANGELES,LOS ANGELES,,90073,1.0,,2025-05-03-2033
36C25820F0130,Department of Veterans Affairs,"CAMEO CONSULTING GROUP, LLC",4145659.73,1102 CONTRACTOR SUPPORT,TERMINATED,https://www.fpds.gov/ezsearch/jsp/viewLinkController.jsp?agencyID=3600&PIID=36C25820F0130&modNumber=P00015&idvAgencyID=&idvPIID=GS00F280DA&contractType=AWARD,3/6/2025,549048.0,3600,36C25820F0130,P00015,4732,GS00F280DA,PA0031,03/05/2025,09/29/2020,03/04/2025,03/04/2025,09/18/2020,0.0,2938433.09,0.0,2938433.09,0.0,3487481.09,GR37ULLYKLK9,"CAMEO CONSULTING GROUP, LLC",,6UHA6,401 N WASHINGTON ST STE 600,,ROCKVILLE,MD,208501977,USA,UNITED STATES,(480) 330-6650,(540) 595-0891,MARYLAND 08,R499,SUPPORT- PROFESSIONAL: OTHER,541611.0,ADMINISTRATIVE MANAGEMENT AND GENERAL MANAGEMENT CONSULTING SERVICES,AZ,,USA,MARICOPA,PHOENIX,,85012,2790.0,,2025-05-03-2033
36C25020F0826,Department of Veterans Affairs,"BOUNDS ASSOCIATES, LLC",612343.92,FINANCIAL PLANNING SERVCIES,TERMINATED,https://www.fpds.gov/ezsearch/jsp/viewLinkController.jsp?agencyID=3600&PIID=36C25020F0826&modNumber=P00009&idvAgencyID=&idvPIID=GS10F115CA&contractType=AWARD,3/6/2025,36977.81,3600,36C25020F0826,P00009,4732,GS10F115CA,PA0023,03/05/2025,06/15/2020,03/05/2025,03/05/2025,05/26/2020,-27270.01,575366.11,0.0,612343.92,0.0,612343.92,XN32KCNSDJR9,"BOUNDS ASSOCIATES, LLC",,6PWZ6,950 NORTH WASHINGTON STREET,STE 317,ALEXANDRIA,VA,223142371,USA,UNITED STATES,(703) 408-0052,,VIRGINIA 08,R710,SUPPORT- MANAGEMENT: FINANCIAL,541611.0,ADMINISTRATIVE MANAGEMENT AND GENERAL MANAGEMENT CONSULTING SERVICES,OH,,USA,MONTGOMERY,DAYTON,,45428,9000.0,,2025-05-03-2033
36C10D25F0023,Department of Veterans Affairs,GOTHAM GOVERNMENT SERVICES LLC,22833769.4,TRAINING ANALYSIS AND DEVELOPMENT SUPPORT SERVICES,TERMINATED,https://www.fpds.gov/ezsearch/jsp/viewLinkController.jsp?agencyID=3600&PIID=36C10D25F0023&modNumber=P00001&idvAgencyID=&idvPIID=GS10F0212S&contractType=AWARD,3/5/2025,18488904.92,3600,36C10D25F0023,P00001,4730,GS10F0212S,PO0035,03/04/2025,01/08/2025,02/25/2025,02/25/2025,10/25/2024,0.0,4344864.48,0.0,4344864.48,0.0,22833769.4,N8LHLC2J9GJ7,GOTHAM GOVERNMENT SERVICES LLC,,8FZ81,2675 LOGMILL RD,,HAYMARKET,VA,201691215,USA,UNITED STATES,(732) 610-7884,,VIRGINIA 10,R499,SUPPORT- PROFESSIONAL: OTHER,541611.0,ADMINISTRATIVE MANAGEMENT AND GENERAL MANAGEMENT CONSULTING SERVICES,DC,,USA,DISTRICT OF COLUMBIA,WASHINGTON,,20006,1053.0,,2025-05-03-2033
36C10D23F0023,Department of Veterans Affairs,"ARCANUM GROUP, INC., THE",1301599.68,BASE YEAR VECTOR CONTRACT,TERMINATED,https://www.fpds.gov/ezsearch/jsp/viewLinkController.jsp?agencyID=3600&PIID=36C10D23F0023&modNumber=P00005&idvAgencyID=&idvPIID=GS10F0324X&contractType=AWARD,3/5/2025,0.0,3600,36C10D23F0023,P00005,4732,GS10F0324X,PA0037,03/04/2025,08/31/2023,02/25/2025,02/25/2025,06/28/2023,0.0,940638.36,0.0,940638.36,0.0,940638.36,E5ACSBP2KK61,"ARCANUM GROUP, INC., THE",,49H22,4076 E STATE ROAD 44 STE 39,,WILDWOOD,FL,347857486,USA,UNITED STATES,(303) 731-1547,(303) 558-3801,FLORIDA 11,R499,SUPPORT- PROFESSIONAL: OTHER,541611.0,ADMINISTRATIVE MANAGEMENT AND GENERAL MANAGEMENT CONSULTING SERVICES,DC,,USA,DISTRICT OF COLUMBIA,WASHINGTON,,20006,1053.0,,2025-05-03-2033
36C10X23N0057,Department of Veterans Affairs,"APTIVE HTG, LLC",6555019.56,"VHA INTEGRATED HEALTHCARE TRANSFORMATION (IHT) IDIQ CONTRACT- MODIFICATION TO UPDATE CLAUSES, ADMIN DATA, AND TEAMING PARTNERS.",TERMINATED,https://www.fpds.gov/ezsearch/jsp/viewLinkController.jsp?agencyID=3600&PIID=36C10X23N0057&modNumber=P00005&idvAgencyID=&idvPIID=36C10X20D0002&contractType=AWARD,3/5/2025,2848451.95,3600,36C10X23N0057,P00005,3600,36C10X20D0002,0,03/04/2025,03/29/2023,02/25/2025,02/25/2025,02/02/2023,0.0,3706567.61,0.0,3706567.61,0.0,6555019.56,L2LMMGFF12A3,"APTIVE HTG, LLC",,8A9S8,421 KING ST STE 200,,ALEXANDRIA,VA,223143121,USA,UNITED STATES,(703) 598-0697,,VIRGINIA 08,R499,SUPPORT- PROFESSIONAL: OTHER,541611.0,ADMINISTRATIVE MANAGEMENT AND GENERAL MANAGEMENT CONSULTING SERVICES,VA,,USA,ALEXANDRIA CITY,ALEXANDRIA,,22314,3359.0,,2025-05-03-2033
36C10X24N0224,Department of Veterans Affairs,"CLIENT FIRST TECHNOLOGIES, INC",3817810.22,COMMERCIAL PROFESSIONAL SERVICES,TERMINATED,https://www.fpds.gov/ezsearch/jsp/viewLinkController.jsp?agencyID=3600&PIID=36C10X24N0224&modNumber=P00001&idvAgencyID=&idvPIID=36C10X23D0040&contractType=AWARD,3/5/2025,3034553.88,3600,36C10X24N0224,P00001,3600,36C10X23D0040,0,03/04/2025,09/27/2024,03/04/2025,03/04/2025,07/19/2024,0.0,783256.34,0.0,783256.34,0.0,3817810.22,FLG4E9KX6Z86,"CLIENT FIRST TECHNOLOGIES, INC","CLIENT FIRST TECHNOLOGIES, INC",85LB8,4616 DIXIE HILL ROAD,,FAIRFAX,VA,220306112,USA,UNITED STATES,(571) 299-9317,,VIRGINIA 11,R408,SUPPORT- PROFESSIONAL: PROGRAM MANAGEMENT/SUPPORT,541611.0,ADMINISTRATIVE MANAGEMENT AND GENERAL MANAGEMENT CONSULTING SERVICES,VA,,USA,FAIRFAX,FAIRFAX,,22030,6112.0,,2025-05-03-2033
36C10X24N0164,Department of Veterans Affairs,OMNI CONSULTING SOLUTIONS LLC,3488058.34,OFFICE OF ENTERPRISE INTEGRATION PROGRAM MANAGEMENT SUPPORT SERVICES TASK ORDER AGAINST VECTOR CONTRACT.,TERMINATED,https://www.fpds.gov/ezsearch/jsp/viewLinkController.jsp?agencyID=3600&PIID=36C10X24N0164&modNumber=P00001&idvAgencyID=&idvPIID=VA119A17D0147&contractType=AWARD,3/5/2025,2330775.14,3600,36C10X24N0164,P00001,3600,VA119A17D0147,0,03/04/2025,08/23/2024,02/25/2025,02/25/2025,05/07/2024,0.0,1157283.2,0.0,1157283.2,0.0,3488058.34,Y4PCM34SMQV5,OMNI CONSULTING SOLUTIONS LLC,,6L2Y0,620 WHITING ST,,EL SEGUNDO,CA,902452948,USA,UNITED STATES,(323) 207-5791,(310) 322-9218,CALIFORNIA 36,R408,SUPPORT- PROFESSIONAL: PROGRAM MANAGEMENT/SUPPORT,541611.0,ADMINISTRATIVE MANAGEMENT AND GENERAL MANAGEMENT CONSULTING SERVICES,DC,,USA,DISTRICT OF COLUMBIA,WASHINGTON,,20420,1.0,,2025-05-03-2033
36C10X22N0097,Department of Veterans Affairs,RB MANAGEMENT CONSULTANTS LLC,1091627.04,VHA INTEGRATED HEALTHCARE TRANSFORMATION (IHT) IDIQ CONTRACT- TASK ORDER FOR TECHNICAL WRITING SUPPORT SERVICES.,TERMINATED,https://www.fpds.gov/ezsearch/jsp/viewLinkController.jsp?agencyID=3600&PIID=36C10X22N0097&modNumber=P00005&idvAgencyID=&idvPIID=36C10X20D0004&contractType=AWARD,3/5/2025,65719.32,3600,36C10X22N0097,P00005,3600,36C10X20D0004,0,03/04/2025,08/22/2022,08/21/2023,08/21/2026,03/17/2022,0.0,1025907.72,0.0,1025907.72,0.0,1091627.04,HEAKVJCG8MV6,RB MANAGEMENT CONSULTANTS LLC,,7X4V2,2011 CRYSTAL DR STE 400,,ARLINGTON,VA,222023709,USA,UNITED STATES,(240) 444-2511,,VIRGINIA 08,R499,SUPPORT- PROFESSIONAL: OTHER,541611.0,ADMINISTRATIVE MANAGEMENT AND GENERAL MANAGEMENT CONSULTING SERVICES,VA,,USA,ARLINGTON,ARLINGTON,,22209,2281.0,,2025-05-03-2033
36C10X23P0111,Department of Veterans Affairs,"RB CONSULTING, INC.",4868651.04,PROGRAM AND PROJECT MANAGEMENT SUPPORT SERVICES (PPMSS),TERMINATED,https://www.fpds.gov/ezsearch/jsp/viewLinkController.jsp?agencyID=3600&PIID=36C10X23P0111&modNumber=P00002&idvAgencyID=&idvPIID=&contractType=AWARD,3/5/2025,1646508.28,3600,36C10X23P0111,P00002,,,,03/04/2025,09/20/2023,02/25/2025,02/25/2025,09/14/2023,0.0,3222142.76,0.0,3222142.76,0.0,4868651.04,SNZEAMGH7LR8,"RB CONSULTING, INC.",RB CONSULTING INC,4MA15,5100 BUCKEYSTOWN PIKE,STE 250,FREDERICK,MD,217048344,USA,UNITED STATES,(540) 226-4714,(866) 755-3775,MARYLAND 06,R499,SUPPORT- PROFESSIONAL: OTHER,541611.0,ADMINISTRATIVE MANAGEMENT AND GENERAL MANAGEMENT CONSULTING SERVICES,MD,,USA,FREDERICK,FREDERICK,,21704,6681.0,,2025-05-03-2033
36C10X24F0055,Department of Veterans Affairs,WOODSIDE QUALITY LLC,6366024.72,ACQUISITION SUPPORT DIRECTORATE TRANSFORMATION SERVICES - THE CONTRACTOR SHALL ASSIST ASD IN PROVIDING ACQUISITION AND CONTRACT MANAGEMENT SUPPORT TO THE VALOR PMO.,TERMINATED,https://www.fpds.gov/ezsearch/jsp/viewLinkController.jsp?agencyID=3600&PIID=36C10X24F0055&modNumber=P00003&idvAgencyID=&idvPIID=47QRAA21D0055&contractType=AWARD,3/5/2025,4479262.08,3600,36C10X24F0055,P00003,4732,47QRAA21D0055,PA0006,04/18/2025,05/13/2024,02/25/2025,02/25/2025,02/12/2024,-462146.15,1424616.49,-462146.15,1424616.49,-4941408.23,1424616.49,DBUKWXAH4RF8,WOODSIDE QUALITY LLC,,4RX66,20098 ASHBROOK PL,STE 195,ASHBURN,VA,201473394,USA,UNITED STATES,(260) 417-2924,(703) 995-0667,VIRGINIA 10,R499,SUPPORT- PROFESSIONAL: OTHER,541611.0,ADMINISTRATIVE MANAGEMENT AND GENERAL MANAGEMENT CONSULTING SERVICES,VA,,USA,LOUDOUN,ASHBURN,,20147,3394.0,,2025-05-03-2033
36C10X20N0139,Department of Veterans Affairs,"APTIVE HTG, LLC",72940747.03,VHA INTEGRATED HEALTHCARE TRANSFORMATION (IHT) HIGH RELIABILITY ORGANIZATION SUPPORT IDIQ TASK ORDER,TERMINATED,https://www.fpds.gov/ezsearch/jsp/viewLinkController.jsp?agencyID=3600&PIID=36C10X20N0139&modNumber=P00013&idvAgencyID=&idvPIID=36C10X20D0002&contractType=AWARD,3/5/2025,0.0,3600,36C10X20N0139,P00013,3600,36C10X20D0002,0,03/04/2025,09/30/2020,02/25/2025,02/25/2025,08/11/2020,0.0,72940747.03,0.0,72940747.03,0.0,72940747.03,L2LMMGFF12A3,"APTIVE HTG, LLC",,8A9S8,421 KING ST STE 200,,ALEXANDRIA,VA,223143121,USA,UNITED STATES,(703) 598-0697,,VIRGINIA 08,R408,SUPPORT- PROFESSIONAL: PROGRAM MANAGEMENT/SUPPORT,541611.0,ADMINISTRATIVE MANAGEMENT AND GENERAL MANAGEMENT CONSULTING SERVICES,DC,,USA,DISTRICT OF COLUMBIA,WASHINGTON,,20001,4.0,,2025-05-03-2033
36C10X24N0137,Department of Veterans Affairs,"APTIVE HTG, LLC",991675.6,VHA INTEGRATED HEALTHCARE TRANSFORMATION (IHT) IDIQ CONTRACT- MODIFICATION TO INCREASE CONTRACT CEILING.,TERMINATED,https://www.fpds.gov/ezsearch/jsp/viewLinkController.jsp?agencyID=3600&PIID=36C10X24N0137&modNumber=P00003&idvAgencyID=&idvPIID=36C10X20D0002&contractType=AWARD,3/5/2025,492973.64,3600,36C10X24N0137,P00003,3600,36C10X20D0002,0,04/24/2025,05/16/2024,02/25/2025,02/25/2025,04/08/2024,-112210.65,386491.31,-112210.65,386491.31,-605184.29,386491.31,L2LMMGFF12A3,"APTIVE HTG, LLC",,8A9S8,421 KING ST STE 200,,ALEXANDRIA,VA,223143121,USA,UNITED STATES,(703) 598-0697,,VIRGINIA 08,R499,SUPPORT- PROFESSIONAL: OTHER,541611.0,ADMINISTRATIVE MANAGEMENT AND GENERAL MANAGEMENT CONSULTING SERVICES,VA,,USA,ALEXANDRIA CITY,ALEXANDRIA,,22314,3359.0,,2025-05-03-2033
36C10X20N0145,Department of Veterans Affairs,TITAN ALPHA LLC,1726785.45,VHA INTEGRATED HEALTHCARE TRANSFORMATION (IHT) IDIQ CONTRACT - IHT 20 OFFICE OF DEAN COMMUNICATIONS SUPPORT,TERMINATED,https://www.fpds.gov/ezsearch/jsp/viewLinkController.jsp?agencyID=3600&PIID=36C10X20N0145&modNumber=P00010&idvAgencyID=&idvPIID=36C10X20D0006&contractType=AWARD,3/5/2025,0.0,3600,36C10X20N0145,P00010,3600,36C10X20D0006,0,03/04/2025,09/28/2020,02/25/2025,02/25/2025,08/17/2020,0.0,1726785.45,0.0,1726785.45,0.0,1726785.45,EGLRC9AH8XA7,TITAN ALPHA LLC,,80RY6,13846 REMBRANDT WAY,,CHANTILLY,VA,201513255,USA,UNITED STATES,(202) 792-1005,(202) 540-8006,VIRGINIA 11,R426,SUPPORT- PROFESSIONAL: COMMUNICATIONS,541611.0,ADMINISTRATIVE MANAGEMENT AND GENERAL MANAGEMENT CONSULTING SERVICES,DC,,USA,DISTRICT OF COLUMBIA,WASHINGTON,,20420,1.0,,2025-05-03-2033
36C10X24N0068,Department of Veterans Affairs,TITAN ALPHA LLC,969851.93,VHA INTEGRATED HEALTHCARE TRANSFORMATION (IHT) IDIQ CONTRACT-,TERMINATED,https://www.fpds.gov/ezsearch/jsp/viewLinkController.jsp?agencyID=3600&PIID=36C10X24N0068&modNumber=P00003&idvAgencyID=&idvPIID=36C10X20D0006&contractType=AWARD,3/5/2025,0.0,3600,36C10X24N0068,P00003,3600,36C10X20D0006,0,03/04/2025,01/25/2024,02/25/2025,02/25/2025,01/04/2024,0.0,969851.93,0.0,969851.93,0.0,969851.93,EGLRC9AH8XA7,TITAN ALPHA LLC,,80RY6,13846 REMBRANDT WAY,,CHANTILLY,VA,201513255,USA,UNITED STATES,(202) 792-1005,(202) 540-8006,VIRGINIA 11,R408,SUPPORT- PROFESSIONAL: PROGRAM MANAGEMENT/SUPPORT,541611.0,ADMINISTRATIVE MANAGEMENT AND GENERAL MANAGEMENT CONSULTING SERVICES,VA,,USA,FAIRFAX,CHANTILLY,,20151,3933.0,,2025-05-03-2033
36C10X24N0062,Department of Veterans Affairs,RB MANAGEMENT CONSULTANTS LLC,1932138.65,VHA INTEGRATED HEALTHCARE TRANSFORMATION (IHT) IDIQ CONTRACT- TASK ORDER - VALOR,TERMINATED,https://www.fpds.gov/ezsearch/jsp/viewLinkController.jsp?agencyID=3600&PIID=36C10X24N0062&modNumber=P00002&idvAgencyID=&idvPIID=36C10X20D0004&contractType=AWARD,3/5/2025,661285.1,3600,36C10X24N0062,P00002,3600,36C10X20D0004,0,03/04/2025,01/18/2024,02/25/2025,02/25/2025,11/16/2023,0.0,1270853.55,0.0,1270853.55,0.0,1932138.65,HEAKVJCG8MV6,RB MANAGEMENT CONSULTANTS LLC,,7X4V2,2011 CRYSTAL DR STE 400,,ARLINGTON,VA,222023709,USA,UNITED STATES,(240) 444-2511,,VIRGINIA 08,R499,SUPPORT- PROFESSIONAL: OTHER,541611.0,ADMINISTRATIVE MANAGEMENT AND GENERAL MANAGEMENT CONSULTING SERVICES,VA,,USA,FAIRFAX,CHANTILLY,,20151,3933.0,,2025-05-03-2033
36C10D23F0044,Department of Veterans Affairs,OMNI CONSULTING SOLUTIONS LLC,5056682.73,OSSI PROGRAM MANAGEMENT SUPPORT SERVICES,TERMINATED,https://www.fpds.gov/ezsearch/jsp/viewLinkController.jsp?agencyID=3600&PIID=36C10D23F0044&modNumber=P00005&idvAgencyID=&idvPIID=GS00F329GA&contractType=AWARD,3/5/2025,277327.71,3600,36C10D23F0044,P00005,4732,GS00F329GA,PA0012,03/04/2025,09/28/2023,02/25/2025,02/25/2025,08/01/2023,0.0,4779355.02,0.0,4779355.02,0.0,5056682.73,Y4PCM34SMQV5,OMNI CONSULTING SOLUTIONS LLC,,6L2Y0,1730 E HOLLY AVE,STE 330,EL SEGUNDO,CA,902454404,USA,UNITED STATES,(310) 755-5726,(310) 322-9218,CALIFORNIA 36,R499,SUPPORT- PROFESSIONAL: OTHER,541611.0,ADMINISTRATIVE MANAGEMENT AND GENERAL MANAGEMENT CONSULTING SERVICES,DC,,USA,DISTRICT OF COLUMBIA,WASHINGTON,,20420,1.0,,2025-05-03-2033
36C10X22N0144,Department of Veterans Affairs,TITAN ALPHA LLC,6231261.14,"VHA INTEGRATED HEALTHCARE TRANSFORMATION (IHT) IDIQ CONTRACT- MODIFICATION TO UPDATE CLAUSES, ADMIN DATA, AND TEAMING PARTNERS.",TERMINATED,https://www.fpds.gov/ezsearch/jsp/viewLinkController.jsp?agencyID=3600&PIID=36C10X22N0144&modNumber=P00009&idvAgencyID=&idvPIID=36C10X20D0006&contractType=AWARD,3/5/2025,51554.57,3600,36C10X22N0144,P00009,3600,36C10X20D0006,0,03/04/2025,09/12/2022,02/25/2025,02/25/2025,07/07/2022,0.0,6179706.57,0.0,6179706.57,0.0,6231261.14,EGLRC9AH8XA7,TITAN ALPHA LLC,,80RY6,13846 REMBRANDT WAY,,CHANTILLY,VA,201513255,USA,UNITED STATES,(202) 792-1005,(202) 540-8006,VIRGINIA 11,R499,SUPPORT- PROFESSIONAL: OTHER,541611.0,ADMINISTRATIVE MANAGEMENT AND GENERAL MANAGEMENT CONSULTING SERVICES,VA,,USA,FAIRFAX,CHANTILLY,,20151,1680.0,,2025-05-03-2033
36C10X21N0182,Department of Veterans Affairs,"TRILOGY FEDERAL, LLC",1129012.8,VHA INTEGRATED HEALTHCARE TRANSFORMATION (IHT) IDIQ CONTRACT- TASK ORDER 88- GAO OIG ACCOUNTABILITY LIAISON (GOAL) PROGRAM OFFICE TECHNICAL WRITING SUPPORT,TERMINATED,https://www.fpds.gov/ezsearch/jsp/viewLinkController.jsp?agencyID=3600&PIID=36C10X21N0182&modNumber=P00006&idvAgencyID=&idvPIID=36C10X20D0007&contractType=AWARD,3/5/2025,232574.4,3600,36C10X21N0182,P00006,3600,36C10X20D0007,0,03/04/2025,09/30/2021,02/25/2025,02/25/2025,09/22/2021,0.0,896438.4,0.0,896438.4,0.0,1129012.8,QY6ZENEB34D9,"TRILOGY FEDERAL, LLC",,5EQT3,6507 HAYSTACK RD,,ALEXANDRIA,VA,223103309,USA,UNITED STATES,(703) 589-9029,,VIRGINIA 08,R499,SUPPORT- PROFESSIONAL: OTHER,541611.0,ADMINISTRATIVE MANAGEMENT AND GENERAL MANAGEMENT CONSULTING SERVICES,VA,,USA,FAIRFAX,ALEXANDRIA,,22310,3309.0,,2025-05-03-2033
36C10X24C0032,Department of Veterans Affairs,SHOULDER 2 SHOULDER INC,1921433.99,ENTERPRISE PROGRAM MANAGEMENT (EPM)SUPPORT SERVICES,TERMINATED,https://www.fpds.gov/ezsearch/jsp/viewLinkController.jsp?agencyID=3600&PIID=36C10X24C0032&modNumber=P00001&idvAgencyID=&idvPIID=&contractType=AWARD,3/5/2025,941287.55,3600,36C10X24C0032,P00001,,,,03/04/2025,09/09/2024,09/08/2025,09/08/2026,06/12/2024,0.0,980146.44,0.0,980146.44,0.0,1921433.99,PJGRPL17YR21,SHOULDER 2 SHOULDER INC,S2S,6DZX9,23105 PERSIMMON RIDGE RD,,CLARKSBURG,MD,208714400,USA,UNITED STATES,(703) 659-3864,(321) 775-3317,MARYLAND 06,R499,SUPPORT- PROFESSIONAL: OTHER,541611.0,ADMINISTRATIVE MANAGEMENT AND GENERAL MANAGEMENT CONSULTING SERVICES,MD,,USA,FREDERICK,FREDERICK,,21703,2817.0,,2025-05-03-2033
36C10X22N0128,Department of Veterans Affairs,RB MANAGEMENT CONSULTANTS LLC,6908633.31,"VHA INTEGRATED HEALTHCARE TRANSFORMATION (IHT) IDIQ CONTRACT- MODIFICATION TO UPDATE CLAUSES, KEY PERSONNEL, AND ADMINISTRATION DATA INCLUDING NEW PARTNER ADDITIONS.",TERMINATED,https://www.fpds.gov/ezsearch/jsp/viewLinkController.jsp?agencyID=3600&PIID=36C10X22N0128&modNumber=P00005&idvAgencyID=&idvPIID=36C10X20D0004&contractType=AWARD,3/5/2025,20000.0,3600,36C10X22N0128,P00005,3600,36C10X20D0004,0,03/04/2025,09/12/2022,02/25/2025,02/25/2025,07/07/2022,0.0,6888633.31,0.0,6888633.31,0.0,6908633.31,HEAKVJCG8MV6,RB MANAGEMENT CONSULTANTS LLC,,7X4V2,2011 CRYSTAL DR STE 400,,ARLINGTON,VA,222023709,USA,UNITED STATES,(240) 444-2511,,VIRGINIA 08,R499,SUPPORT- PROFESSIONAL: OTHER,541611.0,ADMINISTRATIVE MANAGEMENT AND GENERAL MANAGEMENT CONSULTING SERVICES,VA,,USA,ARLINGTON,ARLINGTON,,22202,3829.0,,2025-05-03-2033
36C10X21N0118,Department of Veterans Affairs,"APTIVE HTG, LLC",3374181.24,TOPR 0055 PTSD CONSULTANT OUTREACH,TERMINATED,https://www.fpds.gov/ezsearch/jsp/viewLinkController.jsp?agencyID=3600&PIID=36C10X21N0118&modNumber=P00011&idvAgencyID=&idvPIID=36C10X20D0002&contractType=AWARD,3/5/2025,568142.68,3600,36C10X21N0118,P00011,3600,36C10X20D0002,0,03/04/2025,09/01/2021,03/04/2025,04/04/2025,05/18/2021,0.0,2806038.56,0.0,2806038.56,0.0,3374181.24,L2LMMGFF12A3,"APTIVE HTG, LLC",,8A9S8,421 KING ST STE 200,,ALEXANDRIA,VA,223143121,USA,UNITED STATES,(703) 598-0697,,VIRGINIA 08,R701,SUPPORT- MANAGEMENT: ADVERTISING,541611.0,ADMINISTRATIVE MANAGEMENT AND GENERAL MANAGEMENT CONSULTING SERVICES,VA,,USA,ALEXANDRIA CITY,ALEXANDRIA,,22314,3359.0,,2025-05-03-2033
36C10X23N0053,Department of Veterans Affairs,"DISTRICT COMMUNICATIONS GROUP, LLC (THE)",4516199.94,DISTRICT COMMUNICATIONS GROUP BEING AWARDED A VECTOR TASK ORDER.,TERMINATED,https://www.fpds.gov/ezsearch/jsp/viewLinkController.jsp?agencyID=3600&PIID=36C10X23N0053&modNumber=P00003&idvAgencyID=&idvPIID=VA119A17D0129&contractType=AWARD,3/5/2025,2884333.07,3600,36C10X23N0053,P00003,3600,VA119A17D0129,0,03/04/2025,03/30/2023,03/04/2025,03/04/2025,12/29/2022,0.0,2262334.28,0.0,2262334.28,0.0,4344372.94,C3X8QMRJVJH5,"DISTRICT COMMUNICATIONS GROUP, LLC (THE)",,65T66,633 E ST SE,,WASHINGTON,DC,200032991,USA,UNITED STATES,(202) 656-0098,(202) 544-8998,DISTRICT OF COLUMBIA 98,R701,SUPPORT- MANAGEMENT: ADVERTISING,541611.0,ADMINISTRATIVE MANAGEMENT AND GENERAL MANAGEMENT CONSULTING SERVICES,DC,,USA,DISTRICT OF COLUMBIA,WASHINGTON,,20003,3061.0,,2025-05-03-2033
36C10X21N0160,Department of Veterans Affairs,"TRILOGY FEDERAL, LLC",38883978.74,VHA INTEGRATED HEALTHCARE TRANSFORMATION (IHT) IDIQ CONTRACT TOPR 72- WORKFORCE MANAGEMENT AND CONSULTING (WMC) HR MODERNIZATION,TERMINATED,https://www.fpds.gov/ezsearch/jsp/viewLinkController.jsp?agencyID=3600&PIID=36C10X21N0160&modNumber=P00019&idvAgencyID=&idvPIID=36C10X20D0007&contractType=AWARD,3/5/2025,8544956.09,3600,36C10X21N0160,P00019,3600,36C10X20D0007,0,03/04/2025,09/30/2021,02/25/2025,02/25/2025,08/16/2021,0.0,30339022.65,0.0,30339022.65,0.0,38883978.74,QY6ZENEB34D9,"TRILOGY FEDERAL, LLC",,5EQT3,6507 HAYSTACK RD,,ALEXANDRIA,VA,223103309,USA,UNITED STATES,(703) 589-9029,,VIRGINIA 08,R408,SUPPORT- PROFESSIONAL: PROGRAM MANAGEMENT/SUPPORT,541611.0,ADMINISTRATIVE MANAGEMENT AND GENERAL MANAGEMENT CONSULTING SERVICES,VA,,USA,FAIRFAX,ALEXANDRIA,,22310,5538.0,,2025-05-03-2033
36C10X22N0162,Department of Veterans Affairs,"APTIVE HTG, LLC",6879175.84,VHA INTEGRATED HEALTHCARE TRANSFORMATION (IHT) IDIQ CONTRACT- TOPR0132 - EMPLOYEE WELL-BEING AND CHIEF WELL-BEING OFFICER BURNOUT MITIGATION SUPPORT,TERMINATED,https://www.fpds.gov/ezsearch/jsp/viewLinkController.jsp?agencyID=3600&PIID=36C10X22N0162&modNumber=P00009&idvAgencyID=&idvPIID=36C10X20D0002&contractType=AWARD,3/5/2025,1390609.48,3600,36C10X22N0162,P00009,3600,36C10X20D0002,0,03/04/2025,09/21/2022,02/25/2025,03/25/2025,08/11/2022,0.0,5488566.36,0.0,5488566.36,0.0,6879175.84,L2LMMGFF12A3,"APTIVE HTG, LLC",,8A9S8,421 KING ST STE 200,,ALEXANDRIA,VA,223143121,USA,UNITED STATES,(703) 598-0697,,VIRGINIA 08,R499,SUPPORT- PROFESSIONAL: OTHER,541611.0,ADMINISTRATIVE MANAGEMENT AND GENERAL MANAGEMENT CONSULTING SERVICES,DC,,USA,DISTRICT OF COLUMBIA,WASHINGTON,,20001,1152.0,,2025-05-03-2033
36C10X22N0195,Department of Veterans Affairs,TITAN ALPHA LLC,1595397.68,VHA INTEGRATED HEALTHCARE TRANSFORMATION (IHT) - TOPR 0138 CLINICAL SERVICES COMMUNICATIONS AND DIGITAL MEDIA SUPPORT.,TERMINATED,https://www.fpds.gov/ezsearch/jsp/viewLinkController.jsp?agencyID=3600&PIID=36C10X22N0195&modNumber=P00008&idvAgencyID=&idvPIID=36C10X20D0006&contractType=AWARD,3/5/2025,680127.76,3600,36C10X22N0195,P00008,3600,36C10X20D0006,0,03/04/2025,09/29/2022,02/25/2025,02/25/2025,08/19/2022,0.0,915269.92,0.0,915269.92,0.0,1595397.68,EGLRC9AH8XA7,TITAN ALPHA LLC,,80RY6,13846 REMBRANDT WAY,,CHANTILLY,VA,201513255,USA,UNITED STATES,(202) 792-1005,(202) 540-8006,VIRGINIA 11,R499,SUPPORT- PROFESSIONAL: OTHER,541611.0,ADMINISTRATIVE MANAGEMENT AND GENERAL MANAGEMENT CONSULTING SERVICES,VA,,USA,FAIRFAX,CHANTILLY,,20151,3255.0,,2025-05-03-2033
36C10X23F0072,Department of Veterans Affairs,COMMISSION ON ACCREDITATION OF REHABILITATION FACILITIES,3453928.45,USPEQ REHABILITATION SURVEYS WITHIN VA MEDICAL AND PSYCHOSOCIAL REHABILITATION PROGRAMS.,TERMINATED,https://www.fpds.gov/ezsearch/jsp/viewLinkController.jsp?agencyID=3600&PIID=36C10X23F0072&modNumber=P00004&idvAgencyID=&idvPIID=GS10F0233W&contractType=AWARD,3/5/2025,2082275.79,3600,36C10X23F0072,P00004,4730,GS10F0233W,PS0023,04/01/2025,08/10/2023,04/01/2025,04/01/2025,08/07/2023,0.0,1371652.66,0.0,1371652.66,0.0,3453928.45,MB1MTV5XA648,COMMISSION ON ACCREDITATION OF REHABILITATION FACILITIES,,4BEK9,6951 E SOUTHPOINT RD,,TUCSON,AZ,857569407,USA,UNITED STATES,(520) 325-1044,(520) 318-1129,ARIZONA 06,R410,SUPPORT- PROFESSIONAL: PROGRAM EVALUATION/REVIEW/DEVELOPMENT,541611.0,ADMINISTRATIVE MANAGEMENT AND GENERAL MANAGEMENT CONSULTING SERVICES,AZ,,USA,PIMA,TUCSON,,85756,5278.0,,2025-05-03-2033
36C10X23N0129,Department of Veterans Affairs,"INFORMATION SCIENCES CONSULTING, INCORPORATED",6729766.21,REVISED LCATS TO MEET GOVERNMENT NEEDS,TERMINATED,https://www.fpds.gov/ezsearch/jsp/viewLinkController.jsp?agencyID=3600&PIID=36C10X23N0129&modNumber=P00006&idvAgencyID=&idvPIID=36C10X18D0011&contractType=AWARD,3/5/2025,1621978.0,3600,36C10X23N0129,P00006,3600,36C10X18D0011,0,03/04/2025,08/27/2023,02/25/2025,02/25/2025,07/13/2023,0.0,5107788.21,0.0,5107788.21,0.0,6729766.21,DMNJHUPKNTA1,"INFORMATION SCIENCES CONSULTING, INCORPORATED",ISCI,1TGA9,10432 BALLS FORD RD STE 300,,MANASSAS,VA,201092517,USA,UNITED STATES,(703) 581-7253,(571) 461-1979,VIRGINIA 10,R499,SUPPORT- PROFESSIONAL: OTHER,541611.0,ADMINISTRATIVE MANAGEMENT AND GENERAL MANAGEMENT CONSULTING SERVICES,VA,,USA,PRINCE WILLIAM,MANASSAS,,20109,2243.0,,2025-05-03-2033
36C10X24N0140,Department of Veterans Affairs,"SIERRA 7, INC.",6759602.5,VHA INTEGRATED HEALTHCARE TRANSFORMATION (IHT) IDIQ CONTRACT- MODIFICATION TO INCREASE CONTRACT CEILING.,TERMINATED,https://www.fpds.gov/ezsearch/jsp/viewLinkController.jsp?agencyID=3600&PIID=36C10X24N0140&modNumber=P00003&idvAgencyID=&idvPIID=36C10X20D0005&contractType=AWARD,3/5/2025,3986318.46,3600,36C10X24N0140,P00003,3600,36C10X20D0005,0,03/04/2025,06/16/2024,03/04/2025,03/04/2025,04/17/2024,0.0,2773284.04,0.0,2773284.04,0.0,6759602.5,NP4TUKF8QCM5,"SIERRA 7, INC.",,5SUJ1,11951 FREEDOM DR STE 1300,,RESTON,VA,201905642,USA,UNITED STATES,(703) 717-1296,(703) 935-1254,VIRGINIA 11,R499,SUPPORT- PROFESSIONAL: OTHER,541611.0,ADMINISTRATIVE MANAGEMENT AND GENERAL MANAGEMENT CONSULTING SERVICES,MD,,USA,FREDERICK,FREDERICK,,21703,2817.0,,2025-05-03-2033
36C10X23N0163,Department of Veterans Affairs,"RB CONSULTING, INC.",3771152.34,REVISED LCATS TO MEET GOVERNMENT NEEDS,TERMINATED,https://www.fpds.gov/ezsearch/jsp/viewLinkController.jsp?agencyID=3600&PIID=36C10X23N0163&modNumber=P00002&idvAgencyID=&idvPIID=VA119A17D0132&contractType=AWARD,3/5/2025,1904157.66,3600,36C10X23N0163,P00002,3600,VA119A17D0132,0,03/04/2025,09/28/2023,03/04/2025,03/04/2025,08/03/2023,0.0,1866994.68,0.0,1866994.68,0.0,3771152.34,SNZEAMGH7LR8,"RB CONSULTING, INC.",RBCI,4MA15,5235 WESTVIEW DR STE 100,,FREDERICK,MD,217038397,USA,UNITED STATES,(866) 755-7224,(866) 755-3775,MARYLAND 06,R499,SUPPORT- PROFESSIONAL: OTHER,541611.0,ADMINISTRATIVE MANAGEMENT AND GENERAL MANAGEMENT CONSULTING SERVICES,MD,,USA,FREDERICK,FREDERICK,,21704,6681.0,,2025-05-03-2033
36C10X21N0150,Department of Veterans Affairs,TITAN ALPHA LLC,1577064.36,VHA INTEGRATED HEALTHCARE TRANSFORMATION (IHT) IDIQ CONTRACT TASK ORDER,TERMINATED,https://www.fpds.gov/ezsearch/jsp/viewLinkController.jsp?agencyID=3600&PIID=36C10X21N0150&modNumber=P00004&idvAgencyID=&idvPIID=36C10X20D0006&contractType=AWARD,3/5/2025,328034.2,3600,36C10X21N0150,P00004,3600,36C10X20D0006,0,03/04/2025,09/28/2021,03/04/2025,03/04/2025,09/01/2021,0.0,1249030.16,0.0,1249030.16,0.0,1577064.36,EGLRC9AH8XA7,TITAN ALPHA LLC,,80RY6,13846 REMBRANDT WAY,,CHANTILLY,VA,201513255,USA,UNITED STATES,(202) 792-1005,(202) 540-8006,VIRGINIA 11,R499,SUPPORT- PROFESSIONAL: OTHER,541611.0,ADMINISTRATIVE MANAGEMENT AND GENERAL MANAGEMENT CONSULTING SERVICES,VA,,USA,FAIRFAX,CHANTILLY,,20151,3255.0,,2025-05-03-2033
36C10X23F0090,Department of Veterans Affairs,RB MANAGEMENT CONSULTANTS LLC,699104.28,VHA INTEGRATED HEALTHCARE TRANSFORMATION (IHT) IDIQ CONTRACT- LMS MANAGEMENT SUPPORT,TERMINATED,https://www.fpds.gov/ezsearch/jsp/viewLinkController.jsp?agencyID=3600&PIID=36C10X23F0090&modNumber=P00002&idvAgencyID=&idvPIID=36C10X20D0004&contractType=AWARD,3/5/2025,400026.24,3600,36C10X23F0090,P00002,3600,36C10X20D0004,0,03/04/2025,09/28/2023,03/04/2025,03/04/2025,09/07/2023,0.0,299078.04,0.0,299078.04,0.0,699104.28,HEAKVJCG8MV6,RB MANAGEMENT CONSULTANTS LLC,,7X4V2,2011 CRYSTAL DR STE 400,,ARLINGTON,VA,222023709,USA,UNITED STATES,(240) 444-2511,,VIRGINIA 08,R408,SUPPORT- PROFESSIONAL: PROGRAM MANAGEMENT/SUPPORT,541611.0,ADMINISTRATIVE MANAGEMENT AND GENERAL MANAGEMENT CONSULTING SERVICES,DC,,USA,DISTRICT OF COLUMBIA,WASHINGTON,,20001,1152.0,,2025-05-03-2033
36C10X22N0172,Department of Veterans Affairs,TITAN ALPHA LLC,976076.88,"VHA INTEGRATED HEALTHCARE TRANSFORMATION (IHT) IDIQ CONTRACT- MODIFICATION TO UPDATE CLAUSES, ADMIN DATA, AND TEAMING PARTNERS.",TERMINATED,https://www.fpds.gov/ezsearch/jsp/viewLinkController.jsp?agencyID=3600&PIID=36C10X22N0172&modNumber=P00010&idvAgencyID=&idvPIID=36C10X20D0006&contractType=AWARD,3/5/2025,352616.7,3600,36C10X22N0172,P00010,3600,36C10X20D0006,0,03/04/2025,09/28/2022,02/25/2025,02/25/2025,09/02/2022,0.0,623460.18,0.0,623460.18,0.0,976076.88,EGLRC9AH8XA7,TITAN ALPHA LLC,,80RY6,13846 REMBRANDT WAY,,CHANTILLY,VA,201513255,USA,UNITED STATES,(202) 792-1005,(202) 540-8006,VIRGINIA 11,R499,SUPPORT- PROFESSIONAL: OTHER,541611.0,ADMINISTRATIVE MANAGEMENT AND GENERAL MANAGEMENT CONSULTING SERVICES,VA,,USA,FAIRFAX,CHANTILLY,,20151,1680.0,,2025-05-03-2033
36C10X23N0047,Department of Veterans Affairs,RB MANAGEMENT CONSULTANTS LLC,3594378.95,VHA INTEGRATED HEALTHCARE TRANSFORMATION (IHT) IDIQ CONTRACT- TOPR 150 TCC IPT SUPPORT,TERMINATED,https://www.fpds.gov/ezsearch/jsp/viewLinkController.jsp?agencyID=3600&PIID=36C10X23N0047&modNumber=P00002&idvAgencyID=&idvPIID=36C10X20D0004&contractType=AWARD,3/5/2025,1225582.26,3600,36C10X23N0047,P00002,3600,36C10X20D0004,0,03/04/2025,02/28/2023,02/25/2025,02/25/2025,12/23/2022,0.0,2368796.69,0.0,2368796.69,0.0,3594378.95,HEAKVJCG8MV6,RB MANAGEMENT CONSULTANTS LLC,,7X4V2,2011 CRYSTAL DR STE 400,,ARLINGTON,VA,222023709,USA,UNITED STATES,(240) 444-2511,,VIRGINIA 08,R499,SUPPORT- PROFESSIONAL: OTHER,541611.0,ADMINISTRATIVE MANAGEMENT AND GENERAL MANAGEMENT CONSULTING SERVICES,VA,,USA,ARLINGTON,ARLINGTON,,22209,2211.0,,2025-05-03-2033
36C10X24N0192,Department of Veterans Affairs,"TRILOGY FEDERAL, LLC",5998348.8,VHA INTEGRATED HEALTHCARE TRANSFORMATION (IHT) IDIQ CONTRACT- TOPR 200 VHA NEUROLOGY CLINICAL ADMINISTRATIVE SUPPORT,TERMINATED,https://www.fpds.gov/ezsearch/jsp/viewLinkController.jsp?agencyID=3600&PIID=36C10X24N0192&modNumber=P00002&idvAgencyID=&idvPIID=36C10X20D0007&contractType=AWARD,3/5/2025,3016531.2,3600,36C10X24N0192,P00002,3600,36C10X20D0007,0,03/04/2025,08/30/2024,02/25/2025,02/25/2025,07/10/2024,0.0,2981817.6,0.0,2981817.6,0.0,5998348.8,QY6ZENEB34D9,"TRILOGY FEDERAL, LLC",,5EQT3,6507 HAYSTACK RD,,ALEXANDRIA,VA,223103309,USA,UNITED STATES,(703) 589-9029,,VIRGINIA 08,R408,SUPPORT- PROFESSIONAL: PROGRAM MANAGEMENT/SUPPORT,541611.0,ADMINISTRATIVE MANAGEMENT AND GENERAL MANAGEMENT CONSULTING SERVICES,VA,,USA,ARLINGTON,ARLINGTON,,22209,2297.0,,2025-05-03-2033
36C10X22N0208,Department of Veterans Affairs,"HRS CONSULTING, INC.",5327754.8,"VHA INTEGRATED HEALTHCARE TRANSFORMATION (IHT) IDIQ CONTRACT-MODIFICATION TO UPDATE CLAUSES, KEY PERSONNEL, ADMINISTRATION DATA TO INCLUDE PARTNER ADDITIONS.",TERMINATED,https://www.fpds.gov/ezsearch/jsp/viewLinkController.jsp?agencyID=3600&PIID=36C10X22N0208&modNumber=P00005&idvAgencyID=&idvPIID=36C10X20D0003&contractType=AWARD,3/5/2025,110000.0,3600,36C10X22N0208,P00005,3600,36C10X20D0003,0,03/04/2025,09/27/2022,02/25/2025,03/04/2025,08/30/2022,0.0,5217754.8,0.0,5217754.8,0.0,5327754.8,PQK6F6BNG6K7,"HRS CONSULTING, INC.",,5XTN2,"2645 EXECUTIVE PARK DR, STE 420",,WESTON,FL,333313624,USA,UNITED STATES,(901) 337-5796,(888) 389-3606,FLORIDA 25,R408,SUPPORT- PROFESSIONAL: PROGRAM MANAGEMENT/SUPPORT,541611.0,ADMINISTRATIVE MANAGEMENT AND GENERAL MANAGEMENT CONSULTING SERVICES,FL,,USA,BROWARD,SOUTHWEST RANCHES,,33331,1810.0,,2025-05-03-2033
36S79724P0017,Department of Veterans Affairs,"SIGMA HEALTH CONSULTING, LLC",3898519.15,SUPPORT SERVICES FOR VACO OFFICE OF INTEGRITY AND COMPLIANCE OVERSIGHT & ACCOUNTABILITY,TERMINATED,https://www.fpds.gov/ezsearch/jsp/viewLinkController.jsp?agencyID=3600&PIID=36S79724P0017&modNumber=P00002&idvAgencyID=&idvPIID=&contractType=AWARD,3/5/2025,0.0,3600,36S79724P0017,P00002,,,,03/04/2025,09/30/2024,03/04/2025,03/04/2025,08/26/2024,0.0,3898519.15,0.0,3898519.15,0.0,3898519.15,E2T5XWDUKEP4,"SIGMA HEALTH CONSULTING, LLC",SIGMA HEALTH CONSULTING LLC,61D81,204 ELDRID DR,,SILVER SPRING,MD,209043509,USA,UNITED STATES,(703) 992-6542,(703) 579-4334,MARYLAND 08,R410,SUPPORT- PROFESSIONAL: PROGRAM EVALUATION/REVIEW/DEVELOPMENT,541611.0,ADMINISTRATIVE MANAGEMENT AND GENERAL MANAGEMENT CONSULTING SERVICES,VA,,USA,SPOTSYLVANIA,FREDERICKSBURG,,22408,2697.0,,2025-05-03-2033
36C10X24N0225,Department of Veterans Affairs,PENBAY TECHNOLOGY GROUP LLC,69733.25,COMMERCIAL PROFESSIONAL SERVICES,TERMINATED,https://www.fpds.gov/ezsearch/jsp/viewLinkController.jsp?agencyID=3600&PIID=36C10X24N0225&modNumber=P00003&idvAgencyID=&idvPIID=36C10X23D0017&contractType=AWARD,3/5/2025,0.0,3600,36C10X24N0225,P00003,3600,36C10X23D0017,0,03/04/2025,09/26/2024,03/04/2025,03/04/2025,09/03/2024,0.0,69733.25,0.0,69733.25,0.0,69733.25,GQ4BD26JWL36,PENBAY TECHNOLOGY GROUP LLC,,3AXL3,302 WINDING WAY,,UNION HALL,VA,241764085,USA,UNITED STATES,(540) 912-0215,,VIRGINIA 09,R499,SUPPORT- PROFESSIONAL: OTHER,541611.0,ADMINISTRATIVE MANAGEMENT AND GENERAL MANAGEMENT CONSULTING SERVICES,VA,,USA,FRANKLIN,UNION HALL,,24176,4085.0,,2025-05-03-2033
36C10X24C0011,Department of Veterans Affairs,"RIOS PARTNERS, LLC",4098231.39,PROFESSIONAL CONSULTING SERVICES,TERMINATED,https://www.fpds.gov/ezsearch/jsp/viewLinkController.jsp?agencyID=3600&PIID=36C10X24C0011&modNumber=P00002&idvAgencyID=&idvPIID=&contractType=AWARD,3/5/2025,62504.47,3600,36C10X24C0011,P00002,,,,03/04/2025,04/12/2024,02/25/2025,02/25/2025,03/21/2024,0.0,4035726.92,0.0,4035726.92,0.0,4098231.39,EP5NXCGQB6K6,"RIOS PARTNERS, LLC","RIOS PARTNERS, LLC",7NR98,3100 CLARENDON BLVD STE 200,,ARLINGTON,VA,222015302,USA,UNITED STATES,(915) 238-6884,,VIRGINIA 08,R408,SUPPORT- PROFESSIONAL: PROGRAM MANAGEMENT/SUPPORT,541611.0,ADMINISTRATIVE MANAGEMENT AND GENERAL MANAGEMENT CONSULTING SERVICES,VA,,USA,ARLINGTON,ARLINGTON,,22209,1800.0,,2025-05-03-2033
36C10X22N0202,Department of Veterans Affairs,RB MANAGEMENT CONSULTANTS LLC,1971916.64,"VHA INTEGRATED HEALTHCARE TRANSFORMATION (IHT) IDIQ CONTRACT- MODIFICATION TO UPDATE CLAUSES, KEY PERSONNEL, AND ADMINISTRATION DATA INCLUDING NEW PARTNER ADDITIONS. TASK ORDER FOR HPO EXECUTIVE ADMIN SUPPORT.",TERMINATED,https://www.fpds.gov/ezsearch/jsp/viewLinkController.jsp?agencyID=3600&PIID=36C10X22N0202&modNumber=P00003&idvAgencyID=&idvPIID=36C10X20D0004&contractType=AWARD,3/5/2025,811952.64,3600,36C10X22N0202,P00003,3600,36C10X20D0004,0,03/04/2025,09/29/2022,03/04/2025,03/04/2025,08/16/2022,0.0,1159964.0,0.0,1159964.0,0.0,1971916.64,HEAKVJCG8MV6,RB MANAGEMENT CONSULTANTS LLC,,7X4V2,2011 CRYSTAL DR STE 400,,ARLINGTON,VA,222023709,USA,UNITED STATES,(240) 444-2511,,VIRGINIA 08,R410,SUPPORT- PROFESSIONAL: PROGRAM EVALUATION/REVIEW/DEVELOPMENT,541611.0,ADMINISTRATIVE MANAGEMENT AND GENERAL MANAGEMENT CONSULTING SERVICES,VA,,USA,ARLINGTON,ARLINGTON,,22209,2281.0,,2025-05-03-2033
36C10X24P0115,Department of Veterans Affairs,"BEN ALLEGRETTI CONSULTING, INC",2355211.16,HUMAN FACTORS SERVICES - HEALTH SYSTEMS OPTIMIZATION,TERMINATED,https://www.fpds.gov/ezsearch/jsp/viewLinkController.jsp?agencyID=3600&PIID=36C10X24P0115&modNumber=P00001&idvAgencyID=&idvPIID=&contractType=AWARD,3/5/2025,0.0,3600,36C10X24P0115,P00001,,,,03/04/2025,09/30/2024,02/25/2025,02/25/2025,09/19/2024,0.0,2355211.16,0.0,2355211.16,0.0,2355211.16,KGVQXEJA4JG4,"BEN ALLEGRETTI CONSULTING, INC",,5WTU1,188 WOODSTREAM BLVD,,STAFFORD,VA,225564629,USA,UNITED STATES,(540) 207-9512,(540) 657-1382,VIRGINIA 07,R425,SUPPORT- PROFESSIONAL: ENGINEERING/TECHNICAL,541611.0,ADMINISTRATIVE MANAGEMENT AND GENERAL MANAGEMENT CONSULTING SERVICES,VA,,USA,STAFFORD,STAFFORD,,22556,4629.0,,2025-05-03-2033
36C10G24N0139,Department of Veterans Affairs,"PATHFINDER CONSULTANTS, LLC",336481.6,THE PURPOSE OF THIS MODIFICATION IS TO EXERCISE OPTIONAL PERIOD ONE (1) EXTENSION OF SERVICES THRU MARCH 2025 FOR ACQUISITION SUPPORT SERVICE FOR SAC AS5 AND AS6.,TERMINATED,https://www.fpds.gov/ezsearch/jsp/viewLinkController.jsp?agencyID=3600&PIID=36C10G24N0139&modNumber=P00001&idvAgencyID=&idvPIID=36C10G22A0005&contractType=AWARD,3/5/2025,0.0,3600,36C10G24N0139,P00001,3600,36C10G22A0005,P00005,03/04/2025,09/30/2024,02/25/2025,02/25/2025,09/13/2024,0.0,336481.6,0.0,336481.6,0.0,336481.6,NE7FN362JCH1,"PATHFINDER CONSULTANTS, LLC",,5ZLG0,1936 E BEECH RD,,STERLING,VA,201641934,USA,UNITED STATES,(202) 737-7284,(202) 618-6234,VIRGINIA 10,R707,SUPPORT- MANAGEMENT: CONTRACT/PROCUREMENT/ACQUISITION SUPPORT,541611.0,ADMINISTRATIVE MANAGEMENT AND GENERAL MANAGEMENT CONSULTING SERVICES,VA,,USA,LOUDOUN,STERLING,,20164,1934.0,,2025-05-03-2033
36C25624P0055,Department of Veterans Affairs,WEST PUBLISHING CORPORATION,19129.3,WEB BASE RECORDS SEARCH INTERFACE,TERMINATED,https://www.fpds.gov/ezsearch/jsp/viewLinkController.jsp?agencyID=3600&PIID=36C25624P0055&modNumber=P00002&idvAgencyID=&idvPIID=&contractType=AWARD,3/5/2025,70.0,3600,36C25624P0055,P00002,,,,03/04/2025,10/30/2023,02/20/2025,02/20/2025,10/16/2023,-9882.6,19059.3,-9882.6,19129.3,-58951.97,19129.3,L997DB4PEJL8,WEST PUBLISHING CORPORATION,"WEST, A THOMSON REUTERS BUSINESS",89101,610 OPPERMAN DR,,EAGAN,MN,551231340,USA,UNITED STATES,(763) 326-4762,,MINNESOTA 02,DA10,IT AND TELECOM - BUSINESS APPLICATION/APPLICATION DEVELOPMENT SOFTWARE AS A SERVICE,519290.0,WEB SEARCH PORTALS AND ALL OTHER INFORMATION SERVICES,TX,,USA,HARRIS,HOUSTON,,77030,1500.0,,2025-05-03-2033
36C10X21F0012,Department of Veterans Affairs,"METRICS, LLC",3106325.52,CLOSEOUT AND OBLIGATION PROCESSING SUPPORT SERVICES.,TERMINATED,https://www.fpds.gov/ezsearch/jsp/viewLinkController.jsp?agencyID=3600&PIID=36C10X21F0012&modNumber=P00005&idvAgencyID=&idvPIID=GS00F309GA&contractType=AWARD,3/5/2025,0.0,3600,36C10X21F0012,P00005,4732,GS00F309GA,PA0004,03/04/2025,01/01/2021,03/04/2025,03/04/2025,11/17/2020,0.0,3106325.52,0.0,3106325.52,0.0,3106325.52,F541XAYTKKN5,"METRICS, LLC",,6RSN0,7819 GINGERBREAD LN,,FAIRFAX STATION,VA,220392201,USA,UNITED STATES,(703) 401-1616,,VIRGINIA 11,R499,SUPPORT- PROFESSIONAL: OTHER,541611.0,ADMINISTRATIVE MANAGEMENT AND GENERAL MANAGEMENT CONSULTING SERVICES,MD,,USA,FREDERICK,FREDERICK,,21703,2817.0,,2025-05-03-2033
36C10X22N0165,Department of Veterans Affairs,"APTIVE HTG, LLC",6711187.23,IHT CHANGE MANAGEMENT TRAINING COURSES,TERMINATED,https://www.fpds.gov/ezsearch/jsp/viewLinkController.jsp?agencyID=3600&PIID=36C10X22N0165&modNumber=P00005&idvAgencyID=&idvPIID=36C10X20D0002&contractType=AWARD,3/5/2025,2287644.38,3600,36C10X22N0165,P00005,3600,36C10X20D0002,0,03/04/2025,09/14/2022,03/04/2025,03/04/2025,07/07/2022,0.0,4423542.85,0.0,4423542.85,0.0,6711187.23,L2LMMGFF12A3,"APTIVE HTG, LLC",,8A9S8,421 KING ST STE 200,,ALEXANDRIA,VA,223143121,USA,UNITED STATES,(703) 598-0697,,VIRGINIA 08,U006,EDUCATION/TRAINING- VOCATIONAL/TECHNICAL,541611.0,ADMINISTRATIVE MANAGEMENT AND GENERAL MANAGEMENT CONSULTING SERVICES,MD,,USA,FREDERICK,FREDERICK,,21701,5213.0,,2025-05-03-2033
36C10X24N0191,Department of Veterans Affairs,"RB CONSULTING, INC.",17977331.78,TASK ORDER FOR OFFICE OF ENTERPRISE INTEGRATION PROGRAM AND PROJECT MANAGEMENT SUPPORT SERVICES,TERMINATED,https://www.fpds.gov/ezsearch/jsp/viewLinkController.jsp?agencyID=3600&PIID=36C10X24N0191&modNumber=P00002&idvAgencyID=&idvPIID=VA119A17D0132&contractType=AWARD,3/5/2025,14210159.5,3600,36C10X24N0191,P00002,3600,VA119A17D0132,0,03/04/2025,09/30/2024,02/25/2025,02/25/2025,07/15/2024,0.0,3767172.28,0.0,3767172.28,0.0,17977331.78,SNZEAMGH7LR8,"RB CONSULTING, INC.",RBCI,4MA15,5235 WESTVIEW DR STE 100,,FREDERICK,MD,217038397,USA,UNITED STATES,(866) 755-7224,(866) 755-3775,MARYLAND 06,R499,SUPPORT- PROFESSIONAL: OTHER,541611.0,ADMINISTRATIVE MANAGEMENT AND GENERAL MANAGEMENT CONSULTING SERVICES,MD,,USA,FREDERICK,FREDERICK,,21704,8344.0,,2025-05-03-2033
36C10X25N0017,Department of Veterans Affairs,"CPS PROFESSIONAL SERVICES, LLC",5875704.6,TRANSITION AND ECONOMIC DEVELOPMENT PROGRAM SUPPORT,TERMINATED,https://www.fpds.gov/ezsearch/jsp/viewLinkController.jsp?agencyID=3600&PIID=36C10X25N0017&modNumber=P00003&idvAgencyID=&idvPIID=36C10X21D0007&contractType=AWARD,3/5/2025,3219886.12,3600,36C10X25N0017,P00003,3600,36C10X21D0007,0,02/25/2025,10/01/2024,02/25/2025,02/25/2025,09/27/2024,0.0,2655818.48,0.0,2655818.48,0.0,5875704.6,H893H8FL41D3,"CPS PROFESSIONAL SERVICES, LLC",,4CUA3,3190 FAIRVIEW PARK DR STE 1050,,FALLS CHURCH,VA,220424559,USA,UNITED STATES,(571) 570-4806,,VIRGINIA 11,R408,SUPPORT- PROFESSIONAL: PROGRAM MANAGEMENT/SUPPORT,541611.0,ADMINISTRATIVE MANAGEMENT AND GENERAL MANAGEMENT CONSULTING SERVICES,VA,,USA,FAIRFAX,MCLEAN,,22101,3605.0,,2025-05-03-2033
36C10X23N0142,Department of Veterans Affairs,"TRILOGY FEDERAL, LLC",3052062.4,VHA INTEGRATED HEALTHCARE TRANSFORMATION (IHT) IDIQ CONTRACT- MODIFICATION TO ADD FREE AGENT PARTNERS AND INCLUDE FAR 52.204-27.,TERMINATED,https://www.fpds.gov/ezsearch/jsp/viewLinkController.jsp?agencyID=3600&PIID=36C10X23N0142&modNumber=P00002&idvAgencyID=&idvPIID=36C10X20D0007&contractType=AWARD,3/5/2025,1843947.52,3600,36C10X23N0142,P00002,3600,36C10X20D0007,0,03/04/2025,09/19/2023,03/04/2025,03/04/2025,07/10/2023,0.0,1208114.88,0.0,1208114.88,0.0,3052062.4,QY6ZENEB34D9,"TRILOGY FEDERAL, LLC",,5EQT3,6507 HAYSTACK RD,,ALEXANDRIA,VA,223103309,USA,UNITED STATES,(703) 589-9029,,VIRGINIA 08,R426,SUPPORT- PROFESSIONAL: COMMUNICATIONS,541611.0,ADMINISTRATIVE MANAGEMENT AND GENERAL MANAGEMENT CONSULTING SERVICES,VA,,USA,ARLINGTON,ARLINGTON,,22209,2278.0,,2025-05-03-2033
36C10X22N0154,Department of Veterans Affairs,RB MANAGEMENT CONSULTANTS LLC,2859292.33,"VHA INTEGRATED HEALTHCARE TRANSFORMATION (IHT) IDIQ CONTRACT- MODIFICATION TO UPDATE CLAUSES, KEY PERSONNEL, AND ADMINISTRATION DATA INCLUDING NEW PARTNER ADDITIONS.",TERMINATED,https://www.fpds.gov/ezsearch/jsp/viewLinkController.jsp?agencyID=3600&PIID=36C10X22N0154&modNumber=P00005&idvAgencyID=&idvPIID=36C10X20D0004&contractType=AWARD,3/5/2025,1224858.02,3600,36C10X22N0154,P00005,3600,36C10X20D0004,0,03/04/2025,09/16/2022,02/25/2025,02/25/2025,07/27/2022,0.0,1634434.31,0.0,2194807.1,0.0,2859292.33,HEAKVJCG8MV6,RB MANAGEMENT CONSULTANTS LLC,,7X4V2,2011 CRYSTAL DR STE 400,,ARLINGTON,VA,222023709,USA,UNITED STATES,(240) 444-2511,,VIRGINIA 08,R426,SUPPORT- PROFESSIONAL: COMMUNICATIONS,541611.0,ADMINISTRATIVE MANAGEMENT AND GENERAL MANAGEMENT CONSULTING SERVICES,VA,,USA,ARLINGTON,ARLINGTON,,22209,2281.0,,2025-05-03-2033
36C10X25N0018,Department of Veterans Affairs,"CPS PROFESSIONAL SERVICES, LLC",6028101.96,TRANSITION AND ECONOMIC DEVELOPMENT PROGRAM SUPPORT,TERMINATED,https://www.fpds.gov/ezsearch/jsp/viewLinkController.jsp?agencyID=3600&PIID=36C10X25N0018&modNumber=P00003&idvAgencyID=&idvPIID=36C10X21D0007&contractType=AWARD,3/5/2025,4235424.07,3600,36C10X25N0018,P00003,3600,36C10X21D0007,0,02/25/2025,10/01/2024,02/25/2025,02/25/2025,09/27/2024,0.0,1792677.89,0.0,1792677.89,0.0,6028101.96,H893H8FL41D3,"CPS PROFESSIONAL SERVICES, LLC",,4CUA3,3190 FAIRVIEW PARK DR STE 1050,,FALLS CHURCH,VA,220424559,USA,UNITED STATES,(571) 570-4806,,VIRGINIA 11,R408,SUPPORT- PROFESSIONAL: PROGRAM MANAGEMENT/SUPPORT,541611.0,ADMINISTRATIVE MANAGEMENT AND GENERAL MANAGEMENT CONSULTING SERVICES,VA,,USA,FAIRFAX,MCLEAN,,22102,3605.0,,2025-05-03-2033
36C10X23P0036,Department of Veterans Affairs,MILITARY SERVICE ALLIANCE INCORPORATED,3070723.98,ACQUISITION LIFECYCLE FRAMEWORK (ALF),TERMINATED,https://www.fpds.gov/ezsearch/jsp/viewLinkController.jsp?agencyID=3600&PIID=36C10X23P0036&modNumber=P00007&idvAgencyID=&idvPIID=&contractType=AWARD,3/5/2025,1000687.2,3600,36C10X23P0036,P00007,,,,03/04/2025,04/01/2023,02/25/2025,02/25/2025,03/21/2023,0.0,2070036.78,0.0,2070036.78,0.0,3070723.98,LNRBEMQ2ECZ7,MILITARY SERVICE ALLIANCE INCORPORATED,MILITARY SERVICE ALLIANCE INC,8KVL4,7926 HOLLINGTON PL,,FAIRFAX STATION,VA,220393161,USA,UNITED STATES,(301) 552-8803,,VIRGINIA 11,R707,SUPPORT- MANAGEMENT: CONTRACT/PROCUREMENT/ACQUISITION SUPPORT,541611.0,ADMINISTRATIVE MANAGEMENT AND GENERAL MANAGEMENT CONSULTING SERVICES,VA,,USA,FAIRFAX,FAIRFAX STATION,,22039,3161.0,,2025-05-03-2033
36C10X23N0152,Department of Veterans Affairs,COLEY & ASSOCIATES INC,982254.52,VETERANS HEALTH ADMINISTRATION PATIENT SAFETY VIRTUAL UNIVERSITY SUPPORT,TERMINATED,https://www.fpds.gov/ezsearch/jsp/viewLinkController.jsp?agencyID=3600&PIID=36C10X23N0152&modNumber=P00002&idvAgencyID=&idvPIID=VA119A17D0165&contractType=AWARD,3/5/2025,0.0,3600,36C10X23N0152,P00002,3600,VA119A17D0165,0,03/04/2025,09/18/2023,02/25/2025,02/25/2025,07/25/2023,0.0,982254.52,0.0,982254.52,0.0,982254.52,MFXCSVWL48J7,COLEY & ASSOCIATES INC,COLEY,1UU13,140 HEIMER STE 400,,SAN ANTONIO,TX,782325032,USA,UNITED STATES,(210) 402-6766,(210) 402-6829,TEXAS 21,R499,SUPPORT- PROFESSIONAL: OTHER,541611.0,ADMINISTRATIVE MANAGEMENT AND GENERAL MANAGEMENT CONSULTING SERVICES,DC,,USA,DISTRICT OF COLUMBIA,WASHINGTON,,20001,1152.0,,2025-05-03-2033
36C10X24N0162,Department of Veterans Affairs,TITAN ALPHA LLC,1162294.9,OFFICE OF CLINICAL SERVICES PPROPS AND CPRP,TERMINATED,https://www.fpds.gov/ezsearch/jsp/viewLinkController.jsp?agencyID=3600&PIID=36C10X24N0162&modNumber=P00002&idvAgencyID=&idvPIID=36C10X20D0006&contractType=AWARD,3/5/2025,815717.18,3600,36C10X24N0162,P00002,3600,36C10X20D0006,0,03/04/2025,07/08/2024,03/04/2025,03/04/2025,06/07/2024,0.0,346577.72,0.0,346577.72,0.0,1162294.9,EGLRC9AH8XA7,TITAN ALPHA LLC,,80RY6,13846 REMBRANDT WAY,,CHANTILLY,VA,201513255,USA,UNITED STATES,(202) 792-1005,(202) 540-8006,VIRGINIA 11,R410,SUPPORT- PROFESSIONAL: PROGRAM EVALUATION/REVIEW/DEVELOPMENT,541611.0,ADMINISTRATIVE MANAGEMENT AND GENERAL MANAGEMENT CONSULTING SERVICES,VA,,USA,FAIRFAX,CHANTILLY,,20151,3255.0,,2025-05-03-2033
36C10X24C0025,Department of Veterans Affairs,"BEN ALLEGRETTI CONSULTING, INC",4350321.2,CIDMO-34 SYSTEMS SAFETY AND INSTRUCTIONS SYSTEMS DESIGN SUPPORT,TERMINATED,https://www.fpds.gov/ezsearch/jsp/viewLinkController.jsp?agencyID=3600&PIID=36C10X24C0025&modNumber=P00001&idvAgencyID=&idvPIID=&contractType=AWARD,3/5/2025,0.0,3600,36C10X24C0025,P00001,,,,03/04/2025,08/08/2024,02/25/2025,02/25/2025,07/26/2024,0.0,4350321.2,0.0,4350321.2,0.0,4350321.2,KGVQXEJA4JG4,"BEN ALLEGRETTI CONSULTING, INC",,5WTU1,188 WOODSTREAM BLVD,,STAFFORD,VA,225564629,USA,UNITED STATES,(540) 207-9512,(540) 657-1382,VIRGINIA 07,R425,SUPPORT- PROFESSIONAL: ENGINEERING/TECHNICAL,541611.0,ADMINISTRATIVE MANAGEMENT AND GENERAL MANAGEMENT CONSULTING SERVICES,VA,,USA,STAFFORD,STAFFORD,,22556,9052.0,,2025-05-03-2033
36C10X24N0193,Department of Veterans Affairs,DELOITTE CONSULTING LLP,6709314.41,OHVP BPA 2023 - 2028,TERMINATED,https://www.fpds.gov/ezsearch/jsp/viewLinkController.jsp?agencyID=3600&PIID=36C10X24N0193&modNumber=P00001&idvAgencyID=&idvPIID=36C10X23A0025&contractType=AWARD,3/5/2025,0.0,3600,36C10X24N0193,P00001,3600,36C10X23A0025,0,03/04/2025,09/29/2024,09/28/2025,09/28/2025,09/17/2024,0.0,6709314.41,0.0,6709314.41,0.0,6709314.41,CKV2L9GZKJK3,DELOITTE CONSULTING LLP,,1TTG5,1919 N LYNN ST,,ARLINGTON,VA,222091742,USA,UNITED STATES,(571) 858-0176,(703) 842-6748,VIRGINIA 08,R702,SUPPORT- MANAGEMENT: DATA COLLECTION,541611.0,ADMINISTRATIVE MANAGEMENT AND GENERAL MANAGEMENT CONSULTING SERVICES,VA,,USA,ARLINGTON,ARLINGTON,,22209,1742.0,,2025-05-03-2033
36C10X24N0223,Department of Veterans Affairs,TITAN ALPHA LLC,2104030.2,SUICIDE PREVENTION CLINICAL INTERVENTIONS PROGRAM SUPPORT SERVICES,TERMINATED,https://www.fpds.gov/ezsearch/jsp/viewLinkController.jsp?agencyID=3600&PIID=36C10X24N0223&modNumber=P00001&idvAgencyID=&idvPIID=36C10X20D0006&contractType=AWARD,3/5/2025,0.0,3600,36C10X24N0223,P00001,3600,36C10X20D0006,0,03/04/2025,09/30/2024,03/04/2025,03/04/2025,09/11/2024,0.0,2104030.2,0.0,2104030.2,0.0,2104030.2,EGLRC9AH8XA7,TITAN ALPHA LLC,,80RY6,13846 REMBRANDT WAY,,CHANTILLY,VA,201513255,USA,UNITED STATES,(202) 792-1005,(202) 540-8006,VIRGINIA 11,R408,SUPPORT- PROFESSIONAL: PROGRAM MANAGEMENT/SUPPORT,541611.0,ADMINISTRATIVE MANAGEMENT AND GENERAL MANAGEMENT CONSULTING SERVICES,VA,,USA,FAIRFAX,CHANTILLY,,20151,3933.0,,2025-05-03-2033
36C10G23N0067,Department of Veterans Affairs,"TRILOGY FEDERAL, LLC",5951430.16,VHA INTEGRATED HEALTHCARE TRANSFORMATION (IHT) IDIQ CONTRACT-,TERMINATED,https://www.fpds.gov/ezsearch/jsp/viewLinkController.jsp?agencyID=3600&PIID=36C10G23N0067&modNumber=P00004&idvAgencyID=&idvPIID=36C10X20D0007&contractType=AWARD,3/5/2025,49974.02,3600,36C10G23N0067,P00004,3600,36C10X20D0007,0,03/04/2025,06/30/2023,02/25/2025,02/25/2025,05/19/2023,0.0,5901456.14,0.0,5901456.14,0.0,5951430.16,QY6ZENEB34D9,"TRILOGY FEDERAL, LLC",,5EQT3,6507 HAYSTACK RD,,ALEXANDRIA,VA,223103309,USA,UNITED STATES,(703) 589-9029,,VIRGINIA 08,R499,SUPPORT- PROFESSIONAL: OTHER,541611.0,ADMINISTRATIVE MANAGEMENT AND GENERAL MANAGEMENT CONSULTING SERVICES,VA,,USA,ARLINGTON,ARLINGTON,,22209,2278.0,,2025-05-03-2033
36C10X22N0112,Department of Veterans Affairs,BRENNSYS TECHNOLOGY LLC,99891.14,GRAPHIC DESIGN ANNUAL REPORT,TERMINATED,https://www.fpds.gov/ezsearch/jsp/viewLinkController.jsp?agencyID=3600&PIID=36C10X22N0112&modNumber=P00003&idvAgencyID=&idvPIID=VA119A17D0157&contractType=AWARD,3/5/2025,43724.76,3600,36C10X22N0112,P00003,3600,VA119A17D0157,0,02/25/2025,09/15/2022,03/04/2025,03/04/2025,06/14/2022,0.0,56166.38,0.0,56166.38,0.0,99891.14,WPH4T2F5XXU7,BRENNSYS TECHNOLOGY LLC,,7LPG7,41737 MCMONAGLE SQ,,ALDIE,VA,201056028,USA,UNITED STATES,(412) 638-1543,,VIRGINIA 14,7610,BOOKS AND PAMPHLETS,541611.0,ADMINISTRATIVE MANAGEMENT AND GENERAL MANAGEMENT CONSULTING SERVICES,VA,,USA,LOUDOUN,ALDIE,,20105,2784.0,,2025-05-03-2033
36C10X21N0164,Department of Veterans Affairs,TITAN ALPHA LLC,4835678.69,VHA INTEGRATED HEALTHCARE TRANSFORMATION (IHT) IDIQ TOPR 0079 FOR OFFICE OF HEALTHCARE TRANSFORMATION STAKEHOLDER ENGAGEMENT,TERMINATED,https://www.fpds.gov/ezsearch/jsp/viewLinkController.jsp?agencyID=3600&PIID=36C10X21N0164&modNumber=P00007&idvAgencyID=&idvPIID=36C10X20D0006&contractType=AWARD,3/5/2025,0.0,3600,36C10X21N0164,P00007,3600,36C10X20D0006,0,03/04/2025,09/22/2021,03/04/2025,03/04/2025,08/17/2021,0.0,4835678.69,0.0,4835678.69,0.0,4835678.69,EGLRC9AH8XA7,TITAN ALPHA LLC,,80RY6,13846 REMBRANDT WAY,,CHANTILLY,VA,201513255,USA,UNITED STATES,(202) 792-1005,(202) 540-8006,VIRGINIA 11,R499,SUPPORT- PROFESSIONAL: OTHER,541611.0,ADMINISTRATIVE MANAGEMENT AND GENERAL MANAGEMENT CONSULTING SERVICES,DC,,USA,DISTRICT OF COLUMBIA,WASHINGTON,,20001,1152.0,,2025-05-03-2033
36C10X23N0146,Department of Veterans Affairs,"WORLDWIDE COUNTER THREAT SOLUTIONS, LLC",16284790.65,REVISED LCATS TO MEET GOVERNMENT NEEDS,TERMINATED,https://www.fpds.gov/ezsearch/jsp/viewLinkController.jsp?agencyID=3600&PIID=36C10X23N0146&modNumber=P00006&idvAgencyID=&idvPIID=VA119A17D0101&contractType=AWARD,3/5/2025,12600450.4,3600,36C10X23N0146,P00006,3600,VA119A17D0101,0,03/04/2025,09/29/2023,03/04/2025,03/04/2025,08/16/2023,0.0,3684340.25,0.0,3684340.25,0.0,16284790.65,L2NXZG3KANK3,"WORLDWIDE COUNTER THREAT SOLUTIONS, LLC",,48ZG3,1235 CENTRAL PARK BLVD,,FREDERICKSBURG,VA,224014912,USA,UNITED STATES,(703) 412-9394,(571) 431-6864,VIRGINIA 07,R499,SUPPORT- PROFESSIONAL: OTHER,541611.0,ADMINISTRATIVE MANAGEMENT AND GENERAL MANAGEMENT CONSULTING SERVICES,VA,,USA,FREDERICKSBURG CITY,FREDERICKSBURG,,22401,4912.0,,2025-05-03-2033
36C10X24N0153,Department of Veterans Affairs,"RB CONSULTING, INC.",6907592.11,VECTOR-0143: OSDBU EXECUTIVE LEADERSHIP INTERDISCIPLINARY TACTICAL EXCELLENCE (ELITE) SUPPORT SERVICE,TERMINATED,https://www.fpds.gov/ezsearch/jsp/viewLinkController.jsp?agencyID=3600&PIID=36C10X24N0153&modNumber=P00001&idvAgencyID=&idvPIID=VA119A17D0132&contractType=AWARD,3/5/2025,5865088.63,3600,36C10X24N0153,P00001,3600,VA119A17D0132,0,02/19/2025,07/26/2024,02/19/2025,02/19/2025,02/20/2024,0.0,1042503.48,0.0,6907592.11,0.0,6907592.11,SNZEAMGH7LR8,"RB CONSULTING, INC.",RBCI,4MA15,5235 WESTVIEW DR STE 100,,FREDERICK,MD,217038397,USA,UNITED STATES,(866) 755-7224,(866) 755-3775,MARYLAND 06,R408,SUPPORT- PROFESSIONAL: PROGRAM MANAGEMENT/SUPPORT,541611.0,ADMINISTRATIVE MANAGEMENT AND GENERAL MANAGEMENT CONSULTING SERVICES,MD,,USA,FREDERICK,FREDERICK,,21703,8397.0,,2025-05-03-2033
36C10G23F0018,Department of Veterans Affairs,REEFPOINT GROUP LLC,3494140.4,DATA ANALYTICS,TERMINATED,https://www.fpds.gov/ezsearch/jsp/viewLinkController.jsp?agencyID=3600&PIID=36C10G23F0018&modNumber=P00003&idvAgencyID=&idvPIID=GS10F011BA&contractType=AWARD,3/5/2025,124999.6,3600,36C10G23F0018,P00003,4732,GS10F011BA,PA0022,03/04/2025,09/06/2023,02/25/2025,02/25/2025,07/19/2023,0.0,3369140.8,0.0,3444140.8,0.0,3494140.4,SJ7DG9KSK4U5,REEFPOINT GROUP LLC,,51D82,2 COMPROMISE ST,,ANNAPOLIS,MD,214011819,USA,UNITED STATES,(443) 871-9191,(443) 458-0180,MARYLAND 03,R499,SUPPORT- PROFESSIONAL: OTHER,541611.0,ADMINISTRATIVE MANAGEMENT AND GENERAL MANAGEMENT CONSULTING SERVICES,MD,,USA,ANNE ARUNDEL,ANNAPOLIS,,21403,3897.0,,2025-05-03-2033
36C10X25N0037,Department of Veterans Affairs,"CPS PROFESSIONAL SERVICES, LLC",926895.48,TRANSITION AND ECONOMIC DEVELOPMENT PROGRAM SUPPORT,TERMINATED,https://www.fpds.gov/ezsearch/jsp/viewLinkController.jsp?agencyID=3600&PIID=36C10X25N0037&modNumber=P00003&idvAgencyID=&idvPIID=36C10X21D0007&contractType=AWARD,3/5/2025,651198.5,3600,36C10X25N0037,P00003,3600,36C10X21D0007,0,02/25/2025,10/14/2024,02/25/2025,03/25/2025,10/09/2024,0.0,275696.98,0.0,275696.98,0.0,926895.48,H893H8FL41D3,"CPS PROFESSIONAL SERVICES, LLC",,4CUA3,3190 FAIRVIEW PARK DR STE 1050,,FALLS CHURCH,VA,220424559,USA,UNITED STATES,(571) 570-4806,,VIRGINIA 11,R408,SUPPORT- PROFESSIONAL: PROGRAM MANAGEMENT/SUPPORT,541611.0,ADMINISTRATIVE MANAGEMENT AND GENERAL MANAGEMENT CONSULTING SERVICES,VA,,USA,FAIRFAX,MCLEAN,,22101,3605.0,,2025-05-03-2033
36C10X25N0128,Department of Veterans Affairs,"SPREZZATURA MANAGEMENT CONSULTING, LLC",1000987.2,NEW TASK ORDER FOR 1VA+ BUSINESS MODERNIZATION SERVICES,TERMINATED,https://www.fpds.gov/ezsearch/jsp/viewLinkController.jsp?agencyID=3600&PIID=36C10X25N0128&modNumber=P00001&idvAgencyID=&idvPIID=VA119A17D0144&contractType=AWARD,3/5/2025,0.0,3600,36C10X25N0128,P00001,3600,VA119A17D0144,0,02/25/2025,01/31/2025,02/25/2025,02/25/2025,09/30/2024,0.0,1000987.2,0.0,1000987.2,0.0,1000987.2,YQAFFMK4GGU1,"SPREZZATURA MANAGEMENT CONSULTING, LLC",,5K1R8,4908 S CHESTERFIELD ROAD,,ARLINGTON,VA,222061019,USA,UNITED STATES,(888) 529-8965,(888) 647-0542,VIRGINIA 08,R410,SUPPORT- PROFESSIONAL: PROGRAM EVALUATION/REVIEW/DEVELOPMENT,541611.0,ADMINISTRATIVE MANAGEMENT AND GENERAL MANAGEMENT CONSULTING SERVICES,DC,,USA,DISTRICT OF COLUMBIA,WASHINGTON,,20420,1.0,,2025-05-03-2033
36C10G24N0135,Department of Veterans Affairs,"TRILOGY FEDERAL, LLC",5652649.6,VHA INTEGRATED HEALTHCARE TRANSFORMATION (IHT) IDIQ CONTRACT- MODIFICATION TO EXTEND ORDERING PERIOD (NO CEILING CHANGE).,TERMINATED,https://www.fpds.gov/ezsearch/jsp/viewLinkController.jsp?agencyID=3600&PIID=36C10G24N0135&modNumber=P00001&idvAgencyID=&idvPIID=36C10X20D0007&contractType=AWARD,3/5/2025,2840156.8,3600,36C10G24N0135,P00001,3600,36C10X20D0007,0,03/04/2025,09/23/2024,02/25/2025,02/25/2025,08/09/2024,0.0,2812492.8,0.0,2812492.8,0.0,5652649.6,QY6ZENEB34D9,"TRILOGY FEDERAL, LLC",,5EQT3,6507 HAYSTACK RD,,ALEXANDRIA,VA,223103309,USA,UNITED STATES,(703) 589-9029,,VIRGINIA 08,R499,SUPPORT- PROFESSIONAL: OTHER,541611.0,ADMINISTRATIVE MANAGEMENT AND GENERAL MANAGEMENT CONSULTING SERVICES,VA,,USA,ARLINGTON,ARLINGTON,,22209,2297.0,,2025-05-03-2033
36C10X24F0081,Department of Veterans Affairs,"CPS PROFESSIONAL SERVICES, LLC",3953089.96,EXECUTIVE COACHING PROGRAM,TERMINATED,https://www.fpds.gov/ezsearch/jsp/viewLinkController.jsp?agencyID=3600&PIID=36C10X24F0081&modNumber=P00002&idvAgencyID=&idvPIID=36C10X24A0010&contractType=AWARD,3/5/2025,1504332.0,3600,36C10X24F0081,P00002,3600,36C10X24A0010,P00001,02/19/2025,07/12/2024,02/19/2025,02/19/2025,07/01/2024,0.0,2448757.96,0.0,3953089.96,0.0,3953089.96,H893H8FL41D3,"CPS PROFESSIONAL SERVICES, LLC",,4CUA3,8300 GREENSBORO DR # 720,,MC LEAN,VA,221023605,USA,UNITED STATES,(571) 570-4823,,VIRGINIA 11,U009,EDUCATION/TRAINING- GENERAL,541611.0,ADMINISTRATIVE MANAGEMENT AND GENERAL MANAGEMENT CONSULTING SERVICES,MD,,USA,FREDERICK,FREDERICK,,21703,2817.0,,2025-05-03-2033
36C10X20C0065,Department of Veterans Affairs,"DYNAMIC INTEGRATED SERVICES, LLC",2774460.52,OFFICE OF RISK MANAGEMENT COMMUNICATION SUPPORT.,TERMINATED,https://www.fpds.gov/ezsearch/jsp/viewLinkController.jsp?agencyID=3600&PIID=36C10X20C0065&modNumber=P00011&idvAgencyID=&idvPIID=&contractType=AWARD,3/5/2025,509572.35,3600,36C10X20C0065,P00011,,,,03/04/2025,09/16/2020,02/25/2025,02/25/2025,09/10/2020,0.0,2264888.17,0.0,2264888.17,0.0,2774460.52,LULHX8RK9JC8,"DYNAMIC INTEGRATED SERVICES, LLC",,6B4P8,3 W GARDEN ST STE 610,,PENSACOLA,FL,325025634,USA,UNITED STATES,(202) 615-2049,(850) 361-3489,FLORIDA 01,R426,SUPPORT- PROFESSIONAL: COMMUNICATIONS,541611.0,ADMINISTRATIVE MANAGEMENT AND GENERAL MANAGEMENT CONSULTING SERVICES,DC,,USA,DISTRICT OF COLUMBIA,WASHINGTON,,20420,1.0,,2025-05-03-2033
36C10X20F0040,Department of Veterans Affairs,"GENTECH ASSOCIATES, INC.",4534170.87,"PAYMENT AND PAYMENT RESOLUTION SERVICES IN SUPPORT OF FINANCIAL SERVICES CENTER (FSC) WACO, TX.",TERMINATED,https://www.fpds.gov/ezsearch/jsp/viewLinkController.jsp?agencyID=3600&PIID=36C10X20F0040&modNumber=P00011&idvAgencyID=&idvPIID=GS23F053AA&contractType=AWARD,3/5/2025,0.0,3600,36C10X20F0040,P00011,4732,GS23F053AA,PA0046,02/25/2025,06/01/2020,02/25/2025,02/25/2025,03/09/2020,0.0,4723616.55,0.0,4723616.55,0.0,4723616.55,VHWFFFZFWSQ1,"GENTECH ASSOCIATES, INC.",,4GRB5,11644 N MICHIGAN RD,,ZIONSVILLE,IN,460779324,USA,UNITED STATES,(866) 432-1040,(866) 432-1040,INDIANA 04,R703,SUPPORT- MANAGEMENT: ACCOUNTING,541611.0,ADMINISTRATIVE MANAGEMENT AND GENERAL MANAGEMENT CONSULTING SERVICES,IN,,USA,MARION,INDIANAPOLIS,,46268,1194.0,,2025-05-03-2033
36C10X22N0215,Department of Veterans Affairs,TITAN ALPHA LLC,2015942.33,"VHA INTEGRATED HEALTHCARE TRANSFORMATION (IHT) IDIQ CONTRACT- MODIFICATION TO UPDATE CLAUSES, KEY PERSONNEL, AND ADMINISTRATION DATA INCLUDING NEW PARTNER ADDITIONS.",TERMINATED,https://www.fpds.gov/ezsearch/jsp/viewLinkController.jsp?agencyID=3600&PIID=36C10X22N0215&modNumber=P00004&idvAgencyID=&idvPIID=36C10X20D0006&contractType=AWARD,3/5/2025,0.0,3600,36C10X22N0215,P00004,3600,36C10X20D0006,0,04/23/2025,09/28/2022,03/04/2025,03/04/2025,08/12/2022,-264521.87,1751420.46,-264521.87,1751420.46,-264521.87,1751420.46,EGLRC9AH8XA7,TITAN ALPHA LLC,,80RY6,13846 REMBRANDT WAY,,CHANTILLY,VA,201513255,USA,UNITED STATES,(202) 792-1005,(202) 540-8006,VIRGINIA 11,Q999,MEDICAL- OTHER,541611.0,ADMINISTRATIVE MANAGEMENT AND GENERAL MANAGEMENT CONSULTING SERVICES,DC,,USA,DISTRICT OF COLUMBIA,WASHINGTON,,20420,1.0,,2025-05-03-2033
36C24521F0046,Department of Veterans Affairs,"DYNAMIC INTEGRATED SERVICES, LLC",392247.67,GRAPHIC DESIGN SERVICES FOR VHA CENTER FOR HEALTH PROMOTION AND DISEASE PREVENTION,TERMINATED,https://www.fpds.gov/ezsearch/jsp/viewLinkController.jsp?agencyID=3600&PIID=36C24521F0046&modNumber=P00015&idvAgencyID=&idvPIID=47QRAA18D007Y&contractType=AWARD,3/5/2025,0.0,3600,36C24521F0046,P00015,4732,47QRAA18D007Y,PA0016,04/21/2025,11/01/2020,03/04/2025,03/04/2025,09/01/2020,11670.81,403918.48,11670.81,403918.48,11670.81,403918.48,LULHX8RK9JC8,"DYNAMIC INTEGRATED SERVICES, LLC",,6B4P8,16 W STRONG ST,,PENSACOLA,FL,325013138,USA,UNITED STATES,(202) 615-2049,(850) 361-3489,FLORIDA 01,T001,PHOTO/MAP/PRINT/PUBLICATION- ARTS/GRAPHICS,541611.0,ADMINISTRATIVE MANAGEMENT AND GENERAL MANAGEMENT CONSULTING SERVICES,FL,,USA,ESCAMBIA,PENSACOLA,,32502,5634.0,,2025-05-03-2033
36C10G23N0065,Department of Veterans Affairs,"APTIVE HTG, LLC",1728270.64,VHA INTEGRATED HEALTHCARE TRANSFORMATION (IHT) IDIQ CONTRACT- ORDER FOR CONGRESSIONAL MANDATED REPORTING (CMR),TERMINATED,https://www.fpds.gov/ezsearch/jsp/viewLinkController.jsp?agencyID=3600&PIID=36C10G23N0065&modNumber=P00006&idvAgencyID=&idvPIID=36C10X20D0002&contractType=AWARD,3/5/2025,592845.64,3600,36C10G23N0065,P00006,3600,36C10X20D0002,0,03/04/2025,07/01/2023,02/25/2025,02/25/2025,05/19/2023,0.0,1135425.0,0.0,1142925.2,0.0,1728270.64,L2LMMGFF12A3,"APTIVE HTG, LLC",,8A9S8,421 KING ST STE 200,,ALEXANDRIA,VA,223143121,USA,UNITED STATES,(703) 598-0697,,VIRGINIA 08,R499,SUPPORT- PROFESSIONAL: OTHER,541611.0,ADMINISTRATIVE MANAGEMENT AND GENERAL MANAGEMENT CONSULTING SERVICES,VA,,USA,ALEXANDRIA CITY,ALEXANDRIA,,22314,3359.0,,2025-05-03-2033
36C10X24N0117,Department of Veterans Affairs,"TEKFIVE, INC.",69255.4,HELP DESK SERVICES FOR VA,TERMINATED,https://www.fpds.gov/ezsearch/jsp/viewLinkController.jsp?agencyID=3600&PIID=36C10X24N0117&modNumber=P00001&idvAgencyID=&idvPIID=36C10X21A0018&contractType=AWARD,3/5/2025,0.0,3600,36C10X24N0117,P00001,3600,36C10X21A0018,0,02/25/2025,04/22/2024,02/25/2025,02/25/2025,04/19/2024,0.0,69255.4,0.0,69255.4,0.0,69255.4,MMA4JSE35553,"TEKFIVE, INC.",TEKFIVE,4WTW2,3001 9TH AVE SW STE 104,,HUNTSVILLE,AL,358054021,USA,UNITED STATES,(256) 655-2565,,ALABAMA 05,R499,SUPPORT- PROFESSIONAL: OTHER,541611.0,ADMINISTRATIVE MANAGEMENT AND GENERAL MANAGEMENT CONSULTING SERVICES,AL,,USA,MADISON,HUNTSVILLE,,35805,4021.0,,2025-05-03-2033
36C10X24F0062,Department of Veterans Affairs,WOODSIDE QUALITY LLC,14619936.0,THE SCOPE OF THIS PERFORMANCE WORK STATEMENT (PWS) INCLUDES HIGHLY COMPLEX HEALTHCARE AND/OR SUPPLY CHAIN EXPERTISE REQUIREMENTS WHICH INCLUDE THE INVOLVEMENT OF MULTIPLE FUNCTIONAL CATEGORIES AND SEVERAL PROGRAM OFFICES AND/OR DEPARTMENTS.,TERMINATED,https://www.fpds.gov/ezsearch/jsp/viewLinkController.jsp?agencyID=3600&PIID=36C10X24F0062&modNumber=P00001&idvAgencyID=&idvPIID=47QRAA21D0055&contractType=AWARD,3/5/2025,9842841.6,3600,36C10X24F0062,P00001,4732,47QRAA21D0055,PA0006,03/04/2025,06/18/2024,02/25/2025,02/25/2025,03/21/2024,0.0,4777094.4,0.0,4777094.4,0.0,14619936.0,DBUKWXAH4RF8,WOODSIDE QUALITY LLC,,4RX66,20098 ASHBROOK PL,STE 195,ASHBURN,VA,201473394,USA,UNITED STATES,(260) 417-2924,(703) 995-0667,VIRGINIA 10,R499,SUPPORT- PROFESSIONAL: OTHER,541611.0,ADMINISTRATIVE MANAGEMENT AND GENERAL MANAGEMENT CONSULTING SERVICES,VA,,USA,LOUDOUN,ASHBURN,,20147,3876.0,,2025-05-03-2033
36C10X24N0067,Department of Veterans Affairs,"WORLDWIDE COUNTER THREAT SOLUTIONS, LLC",1440959.45,TMS 2.0 TRAINING,TERMINATED,https://www.fpds.gov/ezsearch/jsp/viewLinkController.jsp?agencyID=3600&PIID=36C10X24N0067&modNumber=P00002&idvAgencyID=&idvPIID=VA119A17D0101&contractType=AWARD,3/5/2025,491919.45,3600,36C10X24N0067,P00002,3600,VA119A17D0101,0,02/25/2025,01/23/2024,02/25/2025,02/25/2025,11/16/2023,0.0,949040.0,0.0,949040.0,0.0,1440959.45,L2NXZG3KANK3,"WORLDWIDE COUNTER THREAT SOLUTIONS, LLC",,48ZG3,1235 CENTRAL PARK BLVD,,FREDERICKSBURG,VA,224014912,USA,UNITED STATES,(703) 412-9394,(571) 431-6864,VIRGINIA 07,U009,EDUCATION/TRAINING- GENERAL,541611.0,ADMINISTRATIVE MANAGEMENT AND GENERAL MANAGEMENT CONSULTING SERVICES,MD,,USA,FREDERICK,FREDERICK,,21703,6977.0,,2025-05-03-2033
36C10X23N0103,Department of Veterans Affairs,"RB CONSULTING, INC.",4271833.1,REVISED LCATS TO MEET GOVERNMENT NEEDS,TERMINATED,https://www.fpds.gov/ezsearch/jsp/viewLinkController.jsp?agencyID=3600&PIID=36C10X23N0103&modNumber=P00003&idvAgencyID=&idvPIID=VA119A17D0132&contractType=AWARD,3/5/2025,2588567.1,3600,36C10X23N0103,P00003,3600,VA119A17D0132,0,03/04/2025,07/03/2023,03/04/2025,03/04/2025,05/25/2023,0.0,1683266.0,0.0,1683266.0,0.0,4271833.1,SNZEAMGH7LR8,"RB CONSULTING, INC.",RBCI,4MA15,5235 WESTVIEW DR STE 100,,FREDERICK,MD,217038397,USA,UNITED STATES,(866) 755-7224,(866) 755-3775,MARYLAND 06,R408,SUPPORT- PROFESSIONAL: PROGRAM MANAGEMENT/SUPPORT,541611.0,ADMINISTRATIVE MANAGEMENT AND GENERAL MANAGEMENT CONSULTING SERVICES,DC,,USA,DISTRICT OF COLUMBIA,WASHINGTON,,20001,1152.0,,2025-05-03-2033
36C10X20N0146,Department of Veterans Affairs,"APTIVE HTG, LLC",15108991.32,VHA INTEGRATED HEALTHCARE TRANSFORMATION (IHT) IDIQ CONTRACTOVAC SUPPORT SERVICES - TOPR 0017,TERMINATED,https://www.fpds.gov/ezsearch/jsp/viewLinkController.jsp?agencyID=3600&PIID=36C10X20N0146&modNumber=P00013&idvAgencyID=&idvPIID=36C10X20D0002&contractType=AWARD,3/5/2025,8549688.33,3600,36C10X20N0146,P00013,3600,36C10X20D0002,0,03/04/2025,09/25/2020,02/25/2025,02/25/2025,08/21/2020,0.0,6559302.99,0.0,12265752.27,0.0,15108991.32,L2LMMGFF12A3,"APTIVE HTG, LLC",,8A9S8,421 KING ST STE 200,,ALEXANDRIA,VA,223143121,USA,UNITED STATES,(703) 598-0697,,VIRGINIA 08,R408,SUPPORT- PROFESSIONAL: PROGRAM MANAGEMENT/SUPPORT,541611.0,ADMINISTRATIVE MANAGEMENT AND GENERAL MANAGEMENT CONSULTING SERVICES,DC,,USA,DISTRICT OF COLUMBIA,WASHINGTON,,20005,501.0,,2025-05-03-2033
36C10X24F0020,Department of Veterans Affairs,ECHO FIVE GROUP LLC,10535712.62,PPSO SERVICE SUPPORT,TERMINATED,https://www.fpds.gov/ezsearch/jsp/viewLinkController.jsp?agencyID=3600&PIID=36C10X24F0020&modNumber=P00004&idvAgencyID=&idvPIID=47QRAA22D00CC&contractType=AWARD,3/5/2025,6711164.36,3600,36C10X24F0020,P00004,4732,47QRAA22D00CC,0,03/04/2025,01/04/2024,03/04/2025,03/04/2025,12/10/2023,0.0,3824548.26,0.0,5373921.28,0.0,10535712.62,ENHCU8RFJ1S3,ECHO FIVE GROUP LLC,,7UT18,5636 WILLIAMSBURG BLVD,,ARLINGTON,VA,222071819,USA,UNITED STATES,(202) 486-1304,,VIRGINIA 08,R401,SUPPORT- PROFESSIONAL: PERSONAL CARE (NON-MEDICAL),541611.0,ADMINISTRATIVE MANAGEMENT AND GENERAL MANAGEMENT CONSULTING SERVICES,DC,,USA,DISTRICT OF COLUMBIA,WASHINGTON,,20001,1.0,,2025-05-03-2033
36C10X20N0105,Department of Veterans Affairs,"DISTRICT COMMUNICATIONS GROUP, LLC (THE)",5532531.13,VECTOR 0057,TERMINATED,https://www.fpds.gov/ezsearch/jsp/viewLinkController.jsp?agencyID=3600&PIID=36C10X20N0105&modNumber=P00009&idvAgencyID=&idvPIID=VA119A17D0129&contractType=AWARD,3/5/2025,0.0,3600,36C10X20N0105,P00009,3600,VA119A17D0129,0,02/25/2025,07/20/2020,02/25/2025,02/25/2025,07/09/2020,0.0,5532531.13,0.0,5532531.13,0.0,5532531.13,C3X8QMRJVJH5,"DISTRICT COMMUNICATIONS GROUP, LLC (THE)",,65T66,633 E ST SE,,WASHINGTON,DC,200032991,USA,UNITED STATES,(202) 656-0098,(202) 544-8998,DISTRICT OF COLUMBIA 98,R426,SUPPORT- PROFESSIONAL: COMMUNICATIONS,541611.0,ADMINISTRATIVE MANAGEMENT AND GENERAL MANAGEMENT CONSULTING SERVICES,DC,,USA,DISTRICT OF COLUMBIA,WASHINGTON,,20001,4.0,,2025-05-03-2033
36C10X25P0003,Department of Veterans Affairs,BLUE PHOENIX SOLUTIONS LLC,4995122.4,BUSINESS ADVISORY SUPPORT SERVICES.,TERMINATED,https://www.fpds.gov/ezsearch/jsp/viewLinkController.jsp?agencyID=3600&PIID=36C10X25P0003&modNumber=P00002&idvAgencyID=&idvPIID=&contractType=AWARD,3/5/2025,0.0,3600,36C10X25P0003,P00002,,,,03/04/2025,01/06/2025,01/05/2026,01/05/2026,10/18/2024,0.0,4995122.4,0.0,4995122.4,0.0,4995122.4,EE9FJ7MXJ5Z7,BLUE PHOENIX SOLUTIONS LLC,BLUE PHOENIX SOLUTIONS LLC,9KLT9,3033 WILSON BLVD STE 700,,ARLINGTON,VA,222013868,USA,UNITED STATES,(714) 328-7822,,VIRGINIA 08,R499,SUPPORT- PROFESSIONAL: OTHER,541611.0,ADMINISTRATIVE MANAGEMENT AND GENERAL MANAGEMENT CONSULTING SERVICES,VA,,USA,ARLINGTON,ARLINGTON,,22201,3868.0,,2025-05-03-2033
36C10X23F0054,Department of Veterans Affairs,"CONCOURSE FEDERAL GROUP, LLC",7761121.69,"PROCUREMENT POLICY, SYSTEMS, AND OVERSIGHT (PPSO) SUPPORT",TERMINATED,https://www.fpds.gov/ezsearch/jsp/viewLinkController.jsp?agencyID=3600&PIID=36C10X23F0054&modNumber=P00002&idvAgencyID=&idvPIID=GS00F058GA&contractType=AWARD,3/5/2025,4771125.49,3600,36C10X23F0054,P00002,4732,GS00F058GA,PA0033,03/04/2025,08/15/2023,03/04/2025,03/04/2025,03/30/2023,0.0,2989996.2,0.0,2989996.2,0.0,7761121.69,KD6WCU5JHKW5,"CONCOURSE FEDERAL GROUP, LLC",,5HAY6,13840 BOOKER T WASHINGTON HWY UNIT C3,,MONETA,VA,241216390,USA,UNITED STATES,(703) 945-4208,(410) 267-7406,VIRGINIA 09,R406,SUPPORT- PROFESSIONAL: POLICY REVIEW/DEVELOPMENT,541611.0,ADMINISTRATIVE MANAGEMENT AND GENERAL MANAGEMENT CONSULTING SERVICES,VA,,USA,FRANKLIN,MONETA,,24121,6390.0,,2025-05-03-2033
36C10X21N0153,Department of Veterans Affairs,RB MANAGEMENT CONSULTANTS LLC,3687075.73,VHA INTEGRATED HEALTHCARE TRANSFORMATION (IHT) IDIQ CONTRACT,TERMINATED,https://www.fpds.gov/ezsearch/jsp/viewLinkController.jsp?agencyID=3600&PIID=36C10X21N0153&modNumber=P00008&idvAgencyID=&idvPIID=36C10X20D0004&contractType=AWARD,3/5/2025,179192.2,3600,36C10X21N0153,P00008,3600,36C10X20D0004,0,03/04/2025,09/20/2021,03/04/2025,03/04/2025,07/22/2021,0.0,3507883.53,0.0,3507883.53,0.0,3687075.73,HEAKVJCG8MV6,RB MANAGEMENT CONSULTANTS LLC,,7X4V2,2011 CRYSTAL DR STE 400,,ARLINGTON,VA,222023709,USA,UNITED STATES,(240) 444-2511,,VIRGINIA 08,DA01,IT AND TELECOM - BUSINESS APPLICATION/APPLICATION DEVELOPMENT SUPPORT SERVICES (LABOR),541611.0,ADMINISTRATIVE MANAGEMENT AND GENERAL MANAGEMENT CONSULTING SERVICES,VA,,USA,ARLINGTON,ARLINGTON,,22202,3709.0,,2025-05-03-2033
36C10X25N0048,Department of Veterans Affairs,"METRICS, LLC",3153529.59,PROGRAM MANAGEMENT SUPPORT SERVICES.,TERMINATED,https://www.fpds.gov/ezsearch/jsp/viewLinkController.jsp?agencyID=3600&PIID=36C10X25N0048&modNumber=P00002&idvAgencyID=&idvPIID=36C10X22A0001&contractType=AWARD,3/5/2025,0.0,3600,36C10X25N0048,P00002,3600,36C10X22A0001,P00004,03/04/2025,11/09/2024,11/08/2025,11/08/2025,10/30/2024,0.0,3153529.59,0.0,3153529.59,0.0,3153529.59,F541XAYTKKN5,"METRICS, LLC",,6RSN0,7819 GINGERBREAD LN,,FAIRFAX STATION,VA,220392201,USA,UNITED STATES,(703) 401-1616,,VIRGINIA 11,R408,SUPPORT- PROFESSIONAL: PROGRAM MANAGEMENT/SUPPORT,541611.0,ADMINISTRATIVE MANAGEMENT AND GENERAL MANAGEMENT CONSULTING SERVICES,VA,,USA,FAIRFAX,FAIRFAX STATION,,22039,2201.0,,2025-05-03-2033
36C10X24N0208,Department of Veterans Affairs,COGENT SOLUTIONS INC,988134.85,TASK ORDER FOR DATA ANALYST.,TERMINATED,https://www.fpds.gov/ezsearch/jsp/viewLinkController.jsp?agencyID=3600&PIID=36C10X24N0208&modNumber=P00001&idvAgencyID=&idvPIID=VA119A17D0166&contractType=AWARD,3/5/2025,811190.08,3600,36C10X24N0208,P00001,3600,VA119A17D0166,0,03/04/2025,09/25/2024,02/25/2025,02/25/2025,07/25/2024,0.0,176944.77,0.0,176944.77,0.0,988134.85,L4LHN6923621,COGENT SOLUTIONS INC,,1SJL7,12225 AMOS LN STE 303,,FREDERICKSBURG,VA,224077108,USA,UNITED STATES,(540) 372-7707,(866) 251-5079,VIRGINIA 07,R405,SUPPORT- PROFESSIONAL: OPERATIONS RESEARCH/QUANTITATIVE ANALYSIS,541611.0,ADMINISTRATIVE MANAGEMENT AND GENERAL MANAGEMENT CONSULTING SERVICES,VA,,USA,SPOTSYLVANIA,FREDERICKSBURG,,22407,7108.0,,2025-05-03-2033
36C10X23N0155,Department of Veterans Affairs,"RB CONSULTING, INC.",20925377.07,MEDICAL DISABILITY EXAMINATION (MDE) CUSTOMER SERVICE SURVEYS,TERMINATED,https://www.fpds.gov/ezsearch/jsp/viewLinkController.jsp?agencyID=3600&PIID=36C10X23N0155&modNumber=P00004&idvAgencyID=&idvPIID=VA119A17D0132&contractType=AWARD,3/5/2025,13596532.9,3600,36C10X23N0155,P00004,3600,VA119A17D0132,0,03/04/2025,09/28/2023,02/25/2025,02/25/2025,08/02/2023,0.0,7328844.17,0.0,7328844.17,0.0,20925377.07,SNZEAMGH7LR8,"RB CONSULTING, INC.",RBCI,4MA15,5235 WESTVIEW DR STE 100,,FREDERICK,MD,217038397,USA,UNITED STATES,(866) 755-7224,(866) 755-3775,MARYLAND 06,R499,SUPPORT- PROFESSIONAL: OTHER,541611.0,ADMINISTRATIVE MANAGEMENT AND GENERAL MANAGEMENT CONSULTING SERVICES,MD,,USA,FREDERICK,FREDERICK,,21704,8344.0,,2025-05-03-2033
36C77624N0576,Department of Veterans Affairs,"THE CRADDOCK GROUP, LLC",3526549.78,TASK ORDER FOR FY2026 NON-IT BUSINESS CASE APPLICATIONS SUPPORT.,TERMINATED,https://www.fpds.gov/ezsearch/jsp/viewLinkController.jsp?agencyID=3600&PIID=36C77624N0576&modNumber=P00001&idvAgencyID=&idvPIID=36C77624D0004&contractType=AWARD,3/5/2025,0.0,3600,36C77624N0576,P00001,3600,36C77624D0004,0,03/04/2025,07/31/2024,03/04/2025,03/04/2025,07/08/2024,0.0,3526549.78,0.0,3526549.78,0.0,3526549.78,DVFKRULPER77,"THE CRADDOCK GROUP, LLC",,5VKS1,3033 WILSON BLVD STE 700,,ARLINGTON,VA,222013868,USA,UNITED STATES,(703) 472-1620,(888) 426-6534,VIRGINIA 08,R799,SUPPORT- MANAGEMENT: OTHER,541611.0,ADMINISTRATIVE MANAGEMENT AND GENERAL MANAGEMENT CONSULTING SERVICES,VA,,USA,ARLINGTON,ARLINGTON,,22201,3868.0,,2025-05-03-2033
36C10X23F0027,Department of Veterans Affairs,"CPS PROFESSIONAL SERVICES, LLC",6671529.6,ORDER 2| BPA FOR INDEPENDENT VERIFICATION AND VALIDATION SERVICES (IV&V) FOR THE MEDICAL DISABILITYEXAMINATION PROGRAM,TERMINATED,https://www.fpds.gov/ezsearch/jsp/viewLinkController.jsp?agencyID=3600&PIID=36C10X23F0027&modNumber=P00002&idvAgencyID=&idvPIID=36C10X22A0003&contractType=AWARD,3/5/2025,5052816.0,3600,36C10X23F0027,P00002,3600,36C10X22A0003,P00004,03/04/2025,03/08/2023,02/25/2025,02/25/2025,02/22/2023,0.0,1618713.6,0.0,1618713.6,0.0,6671529.6,H893H8FL41D3,"CPS PROFESSIONAL SERVICES, LLC",,4CUA3,8300 GREENSBORO DR # 720,,MC LEAN,VA,221023605,USA,UNITED STATES,(571) 570-4823,,VIRGINIA 11,R799,SUPPORT- MANAGEMENT: OTHER,541611.0,ADMINISTRATIVE MANAGEMENT AND GENERAL MANAGEMENT CONSULTING SERVICES,VA,,USA,FAIRFAX,FALLS CHURCH,,22042,4559.0,,2025-05-03-2033
36C77623N0066,Department of Veterans Affairs,"CRADDOCK GROUP, LLC, THE",1278818.62,THIS TASK ORDER PROVIDES AND OPPORTUNITY TO ACQUIRE STRATEGIC CAPITAL INVESTMENT PLANNING PROCESS SUPPORT.,TERMINATED,https://www.fpds.gov/ezsearch/jsp/viewLinkController.jsp?agencyID=3600&PIID=36C77623N0066&modNumber=P00002&idvAgencyID=&idvPIID=36E77620D0003&contractType=AWARD,3/5/2025,0.0,3600,36C77623N0066,P00002,3600,36E77620D0003,0,02/25/2025,12/07/2022,02/25/2025,02/25/2025,10/19/2022,0.0,1278818.62,0.0,1278818.62,0.0,1278818.62,DVFKRULPER77,"CRADDOCK GROUP, LLC, THE",,5VKS1,3033 WILSON BLVD STE 700,,ARLINGTON,VA,222013868,USA,UNITED STATES,(757) 903-6710,(888) 426-6534,VIRGINIA 08,R799,SUPPORT- MANAGEMENT: OTHER,541611.0,ADMINISTRATIVE MANAGEMENT AND GENERAL MANAGEMENT CONSULTING SERVICES,VA,,USA,ARLINGTON,ARLINGTON,,22201,3868.0,,2025-05-03-2033
36C10G24C0007,Department of Veterans Affairs,"AGILE SIX APPLICATIONS, INC",4808171.5,DIGITAL HEALTH OFFICE STAFFING SERVICES,TERMINATED,https://www.fpds.gov/ezsearch/jsp/viewLinkController.jsp?agencyID=3600&PIID=36C10G24C0007&modNumber=P00002&idvAgencyID=&idvPIID=&contractType=AWARD,3/5/2025,0.0,3600,36C10G24C0007,P00002,,,,03/04/2025,07/22/2024,02/25/2025,02/25/2025,06/27/2024,0.0,3524141.9,0.0,3524141.9,0.0,4808171.5,UP4JHKJQ9MQ7,"AGILE SIX APPLICATIONS, INC",,79H77,12830 VINEYARD CREST PL,,LAKESIDE,CA,920401660,USA,UNITED STATES,(619) 395-1422,,CALIFORNIA 48,R408,SUPPORT- PROFESSIONAL: PROGRAM MANAGEMENT/SUPPORT,541611.0,ADMINISTRATIVE MANAGEMENT AND GENERAL MANAGEMENT CONSULTING SERVICES,CA,,USA,SAN DIEGO,LAKESIDE,,92040,1660.0,,2025-05-03-2033
36C10X23N0158,Department of Veterans Affairs,"TRILOGY FEDERAL, LLC",19126598.11,VHA INTEGRATED HEALTHCARE TRANSFORMATION (IHT) IDIQ CONTRACT- MODIFICATION TO ADD FREE AGENT PARTNERS AND INCLUDE FAR 52.204-27.,TERMINATED,https://www.fpds.gov/ezsearch/jsp/viewLinkController.jsp?agencyID=3600&PIID=36C10X23N0158&modNumber=P00003&idvAgencyID=&idvPIID=36C10X20D0007&contractType=AWARD,3/5/2025,11649022.91,3600,36C10X23N0158,P00003,3600,36C10X20D0007,0,03/04/2025,09/29/2023,02/25/2025,02/25/2025,08/30/2023,0.0,7477575.2,0.0,11172861.59,0.0,19126598.11,QY6ZENEB34D9,"TRILOGY FEDERAL, LLC",,5EQT3,6507 HAYSTACK RD,,ALEXANDRIA,VA,223103309,USA,UNITED STATES,(703) 589-9029,,VIRGINIA 08,R408,SUPPORT- PROFESSIONAL: PROGRAM MANAGEMENT/SUPPORT,541611.0,ADMINISTRATIVE MANAGEMENT AND GENERAL MANAGEMENT CONSULTING SERVICES,VA,,USA,ARLINGTON,ARLINGTON,,22209,2297.0,,2025-05-03-2033
36C10G24C0010,Department of Veterans Affairs,OLYMPUS ALPHA LLC,4978400.52,TRUSTWORTHY ARTIFICIAL INTELLIGENCE PROGRAM SUPPORT,TERMINATED,https://www.fpds.gov/ezsearch/jsp/viewLinkController.jsp?agencyID=3600&PIID=36C10G24C0010&modNumber=P00001&idvAgencyID=&idvPIID=&contractType=AWARD,3/5/2025,2507606.28,3600,36C10G24C0010,P00001,,,,03/04/2025,09/30/2024,02/25/2025,02/25/2025,09/20/2024,0.0,2470794.24,0.0,2470794.24,0.0,4978400.52,ZKV1D83JNZ25,OLYMPUS ALPHA LLC,,90NG1,1100 N GLEBE RD STE 1010,,ARLINGTON,VA,222015786,USA,UNITED STATES,(202) 276-4554,,VIRGINIA 08,R408,SUPPORT- PROFESSIONAL: PROGRAM MANAGEMENT/SUPPORT,541611.0,ADMINISTRATIVE MANAGEMENT AND GENERAL MANAGEMENT CONSULTING SERVICES,DC,,USA,DISTRICT OF COLUMBIA,WASHINGTON,,20001,1152.0,,2025-05-03-2033
36C10X22N0067,Department of Veterans Affairs,"APTIVE HTG, LLC",749556.12,"VHA INTEGRATED HEALTHCARE TRANSFORMATION (IHT) IDIQ CONTRACT- MODIFICATION TO UPDATE CLAUSES, ADMIN DATA, AND TEAMING PARTNERS.",TERMINATED,https://www.fpds.gov/ezsearch/jsp/viewLinkController.jsp?agencyID=3600&PIID=36C10X22N0067&modNumber=P00005&idvAgencyID=&idvPIID=36C10X20D0002&contractType=AWARD,3/5/2025,0.0,3600,36C10X22N0067,P00005,3600,36C10X20D0002,0,03/04/2025,04/25/2022,02/25/2025,02/25/2025,03/22/2022,0.0,749556.12,0.0,749556.12,0.0,749556.12,L2LMMGFF12A3,"APTIVE HTG, LLC",,8A9S8,421 KING ST STE 200,,ALEXANDRIA,VA,223143121,USA,UNITED STATES,(703) 598-0697,,VIRGINIA 08,R499,SUPPORT- PROFESSIONAL: OTHER,541611.0,ADMINISTRATIVE MANAGEMENT AND GENERAL MANAGEMENT CONSULTING SERVICES,VA,,USA,ALEXANDRIA CITY,ALEXANDRIA,,22314,3359.0,,2025-05-03-2033
36C10X22N0186,Department of Veterans Affairs,"TRILOGY FEDERAL, LLC",4888940.22,"VHA INTEGRATED HEALTHCARE TRANSFORMATION (IHT) IDIQ CONTRACT- MODIFICATION TO UPDATE CLAUSES, KEY PERSONNEL, AND ADMINISTRATION DATA INCLUDING NEW PARTNER ADDITIONS.",TERMINATED,https://www.fpds.gov/ezsearch/jsp/viewLinkController.jsp?agencyID=3600&PIID=36C10X22N0186&modNumber=P00003&idvAgencyID=&idvPIID=36C10X20D0007&contractType=AWARD,3/5/2025,0.0,3600,36C10X22N0186,P00003,3600,36C10X20D0007,0,03/04/2025,09/29/2022,02/25/2025,02/25/2025,08/15/2022,0.0,4888940.22,0.0,4888940.22,0.0,4888940.22,QY6ZENEB34D9,"TRILOGY FEDERAL, LLC",,5EQT3,6507 HAYSTACK RD,,ALEXANDRIA,VA,223103309,USA,UNITED STATES,(703) 589-9029,,VIRGINIA 08,R499,SUPPORT- PROFESSIONAL: OTHER,541611.0,ADMINISTRATIVE MANAGEMENT AND GENERAL MANAGEMENT CONSULTING SERVICES,VA,,USA,FAIRFAX,ALEXANDRIA,,22310,5538.0,,2025-05-03-2033
36C10X20P0038,Department of Veterans Affairs,"640 ACRES, LLC",1366290.72,VA ACQUISITION ACADEMY ACQUISITION INTERN PROGRAM OPERATIONAL SUPPORT SERVICES,TERMINATED,https://www.fpds.gov/ezsearch/jsp/viewLinkController.jsp?agencyID=3600&PIID=36C10X20P0038&modNumber=P00008&idvAgencyID=&idvPIID=&contractType=AWARD,3/5/2025,0.0,3600,36C10X20P0038,P00008,,,,02/25/2025,03/25/2020,02/25/2025,02/25/2025,,0.0,1366290.72,0.0,1366290.72,0.0,1366290.72,VZ9ECP5M2VM7,"640 ACRES, LLC",,7YAX4,3302 HARBORVIEW DR STE A,,GIG HARBOR,WA,983322193,USA,UNITED STATES,(253) 509-2013,,WASHINGTON 06,R408,SUPPORT- PROFESSIONAL: PROGRAM MANAGEMENT/SUPPORT,541611.0,ADMINISTRATIVE MANAGEMENT AND GENERAL MANAGEMENT CONSULTING SERVICES,MD,,USA,FREDERICK,FREDERICK,,21703,2817.0,,2025-05-03-2033
36C10X23F0036,Department of Veterans Affairs,"CPS PROFESSIONAL SERVICES, LLC",2241911.04,SINGLE-AWARD BLANKET PURCHASE AGREEMENT FOR INDEPENDENT VERIFICATION AND VALIDATION SERVICES (IV&V) FOR THE MEDICAL DISABILITYEXAMINATION PROGRAM,TERMINATED,https://www.fpds.gov/ezsearch/jsp/viewLinkController.jsp?agencyID=3600&PIID=36C10X23F0036&modNumber=P00001&idvAgencyID=&idvPIID=36C10X22A0003&contractType=AWARD,3/5/2025,1697969.28,3600,36C10X23F0036,P00001,3600,36C10X22A0003,P00004,03/04/2025,04/01/2023,02/25/2025,02/25/2025,03/24/2023,0.0,543941.76,0.0,543941.76,0.0,2241911.04,H893H8FL41D3,"CPS PROFESSIONAL SERVICES, LLC",,4CUA3,8300 GREENSBORO DR # 720,,MC LEAN,VA,221023605,USA,UNITED STATES,(571) 570-4823,,VIRGINIA 11,R799,SUPPORT- MANAGEMENT: OTHER,541611.0,ADMINISTRATIVE MANAGEMENT AND GENERAL MANAGEMENT CONSULTING SERVICES,DC,,USA,DISTRICT OF COLUMBIA,WASHINGTON,,20006,9996.0,,2025-05-03-2033
36C10G24C0011,Department of Veterans Affairs,PROMETHEUS FEDERAL SERVICES LLC,4999934.67,DIGITAL HEALTH OFFICE- OFFICE WIDE PROGRAM SUPPORT SERVICES.,TERMINATED,https://www.fpds.gov/ezsearch/jsp/viewLinkController.jsp?agencyID=3600&PIID=36C10G24C0011&modNumber=P00001&idvAgencyID=&idvPIID=&contractType=AWARD,3/5/2025,0.0,3600,36C10G24C0011,P00001,,,,03/04/2025,09/30/2024,02/25/2025,02/25/2025,09/20/2024,0.0,4999934.67,0.0,4999934.67,0.0,4999934.67,G6Y7CGJ7JLU6,PROMETHEUS FEDERAL SERVICES LLC,PROMETHEUS FEDERAL SERVICES LLC,7Q144,13846 REMBRANDT WAY,,CHANTILLY,VA,201513255,USA,UNITED STATES,(202) 792-1005,,VIRGINIA 11,R499,SUPPORT- PROFESSIONAL: OTHER,541611.0,ADMINISTRATIVE MANAGEMENT AND GENERAL MANAGEMENT CONSULTING SERVICES,DC,,USA,DISTRICT OF COLUMBIA,WASHINGTON,,20001,1152.0,,2025-05-03-2033
36C10X24F0042,Department of Veterans Affairs,"CPS PROFESSIONAL SERVICES, LLC",2171188.21,SINGLE-AWARD BLANKET PURCHASE AGREEMENT FOR IV&V FOR THE MEDICAL DISABILITY EXAMINATION PROGRAM TO COMBINING TO 23F0027 & 23F0036.,TERMINATED,https://www.fpds.gov/ezsearch/jsp/viewLinkController.jsp?agencyID=3600&PIID=36C10X24F0042&modNumber=P00004&idvAgencyID=&idvPIID=36C10X22A0003&contractType=AWARD,3/5/2025,0.0,3600,36C10X24F0042,P00004,3600,36C10X22A0003,P00004,03/04/2025,03/08/2024,02/25/2025,02/25/2025,03/06/2024,0.0,2171188.21,0.0,2171188.21,0.0,2171188.21,H893H8FL41D3,"CPS PROFESSIONAL SERVICES, LLC",,4CUA3,8300 GREENSBORO DR # 720,,MC LEAN,VA,221023605,USA,UNITED STATES,(571) 570-4823,,VIRGINIA 11,R799,SUPPORT- MANAGEMENT: OTHER,541611.0,ADMINISTRATIVE MANAGEMENT AND GENERAL MANAGEMENT CONSULTING SERVICES,VA,,USA,FAIRFAX,MCLEAN,,22102,3605.0,,2025-05-03-2033
36C10X23N0094,Department of Veterans Affairs,TITAN ALPHA LLC,5605865.15,VHA INTEGRATED HEALTHCARE TRANSFORMATION (IHT) IDIQ CONTRACT- MODIFICATION TO INCREASE CONTRACT CEILING.,TERMINATED,https://www.fpds.gov/ezsearch/jsp/viewLinkController.jsp?agencyID=3600&PIID=36C10X23N0094&modNumber=P00004&idvAgencyID=&idvPIID=36C10X20D0006&contractType=AWARD,3/5/2025,0.0,3600,36C10X23N0094,P00004,3600,36C10X20D0006,0,03/04/2025,07/24/2023,02/25/2025,02/25/2025,05/03/2023,0.0,5449960.31,0.0,5449960.31,0.0,5449960.31,EGLRC9AH8XA7,TITAN ALPHA LLC,,80RY6,13846 REMBRANDT WAY,,CHANTILLY,VA,201513255,USA,UNITED STATES,(202) 792-1005,(202) 540-8006,VIRGINIA 11,R410,SUPPORT- PROFESSIONAL: PROGRAM EVALUATION/REVIEW/DEVELOPMENT,541611.0,ADMINISTRATIVE MANAGEMENT AND GENERAL MANAGEMENT CONSULTING SERVICES,VA,,USA,FAIRFAX,CHANTILLY,,20151,3255.0,,2025-05-03-2033
36C10X25N0115,Department of Veterans Affairs,"CPS PROFESSIONAL SERVICES, LLC",2010929.05,VECTOR TASK ORDER #0187 - VAAA SCMS PROGRAM AND ACADEMIC SUPPORT,TERMINATED,https://www.fpds.gov/ezsearch/jsp/viewLinkController.jsp?agencyID=3600&PIID=36C10X25N0115&modNumber=P00001&idvAgencyID=&idvPIID=VA119A17D0093&contractType=AWARD,3/5/2025,695939.28,3600,36C10X25N0115,P00001,3600,VA119A17D0093,0,02/25/2025,01/01/2025,02/25/2025,02/25/2025,11/13/2024,0.0,1314989.77,0.0,1314989.77,0.0,2010929.05,H893H8FL41D3,"CPS PROFESSIONAL SERVICES, LLC",,4CUA3,3190 FAIRVIEW PARK DR STE 1050,,FALLS CHURCH,VA,220424530,USA,UNITED STATES,(571) 327-2014,(571) 282-4936,VIRGINIA 11,U009,EDUCATION/TRAINING- GENERAL,541611.0,ADMINISTRATIVE MANAGEMENT AND GENERAL MANAGEMENT CONSULTING SERVICES,MD,,USA,FREDERICK,FREDERICK,,21703,2817.0,,2025-05-03-2033
36C10X21P0013,Department of Veterans Affairs,DUTY FIRST CONSULTING LLC,3549981.52,ENTERPRISE MAIL MANAGEMENT PROGRAM SUPPORT SERVICES,TERMINATED,https://www.fpds.gov/ezsearch/jsp/viewLinkController.jsp?agencyID=3600&PIID=36C10X21P0013&modNumber=P00007&idvAgencyID=&idvPIID=&contractType=AWARD,3/5/2025,1.18,3600,36C10X21P0013,P00007,,,,03/04/2025,11/23/2020,03/04/2025,03/04/2025,11/20/2020,0.0,3549980.34,0.0,3549980.52,0.0,3549981.52,Q9LAZK8AELW8,DUTY FIRST CONSULTING LLC,,4SJK4,2650 PARK TOWER DR STE 100,,VIENNA,VA,221807306,USA,UNITED STATES,(703) 462-1430,(703) 462-1401,VIRGINIA 11,R408,SUPPORT- PROFESSIONAL: PROGRAM MANAGEMENT/SUPPORT,541611.0,ADMINISTRATIVE MANAGEMENT AND GENERAL MANAGEMENT CONSULTING SERVICES,DC,,USA,DISTRICT OF COLUMBIA,WASHINGTON,,20420,1.0,,2025-05-03-2033
36C77623N0981,Department of Veterans Affairs,"CRADDOCK GROUP, LLC, THE",195286.59,"CAPITAL ASSET INITIATIVES, WHICH INCLUDE THE ENHANCED-USE LEASE EUL PROGRAM AND THE STRATEGIC CAPITAL INVESTMENT PLANNING PROCESS ARE COORDINATED TO ENSURE CAPITAL INVESTMENTS ARE BASED ON SOUND BUSINESS PRACTICES AND PRINCIPLES",TERMINATED,https://www.fpds.gov/ezsearch/jsp/viewLinkController.jsp?agencyID=3600&PIID=36C77623N0981&modNumber=P00001&idvAgencyID=&idvPIID=36E77620D0003&contractType=AWARD,3/5/2025,0.0,3600,36C77623N0981,P00001,3600,36E77620D0003,0,02/25/2025,09/08/2023,02/25/2025,02/25/2025,08/03/2023,0.0,195286.59,0.0,195286.59,0.0,195286.59,DVFKRULPER77,"CRADDOCK GROUP, LLC, THE",,5VKS1,3033 WILSON BLVD STE 700,,ARLINGTON,VA,222013868,USA,UNITED STATES,(757) 903-6710,(888) 426-6534,VIRGINIA 08,R799,SUPPORT- MANAGEMENT: OTHER,541611.0,ADMINISTRATIVE MANAGEMENT AND GENERAL MANAGEMENT CONSULTING SERVICES,VA,,USA,ARLINGTON,ARLINGTON,,22201,3868.0,,2025-05-03-2033
36C10X23N0040,Department of Veterans Affairs,"APTIVE HTG, LLC",63510917.49,VHA INTEGRATED HEALTHCARE TRANSFORMATION (IHT) IDIQ CONTRACT- EHRM RAPID SUPPORT,TERMINATED,https://www.fpds.gov/ezsearch/jsp/viewLinkController.jsp?agencyID=3600&PIID=36C10X23N0040&modNumber=P00010&idvAgencyID=&idvPIID=36C10X20D0002&contractType=AWARD,3/5/2025,1000000.0,3600,36C10X23N0040,P00010,3600,36C10X20D0002,0,03/04/2025,02/28/2023,02/25/2025,02/25/2025,12/21/2022,0.0,62510917.49,0.0,62510917.49,0.0,63510917.49,L2LMMGFF12A3,"APTIVE HTG, LLC",,8A9S8,421 KING ST STE 200,,ALEXANDRIA,VA,223143121,USA,UNITED STATES,(703) 598-0697,,VIRGINIA 08,R499,SUPPORT- PROFESSIONAL: OTHER,541611.0,ADMINISTRATIVE MANAGEMENT AND GENERAL MANAGEMENT CONSULTING SERVICES,VA,,USA,ALEXANDRIA CITY,ALEXANDRIA,,22314,3121.0,,2025-05-03-2033
36C10X24N0059,Department of Veterans Affairs,"GREEN-GATE TECHNOLOGY, INC",5855240.68,DEPARTMENT OF VETERANS AFFAIRS (VA)VETERANS BENEFITS ADMINISTRATION (VBA)MEDICAL DISABILITY EXAMINATION OFFICE (MDEOINSTRUCTIONAL SYSTEMS DESIGN (ISD),TERMINATED,https://www.fpds.gov/ezsearch/jsp/viewLinkController.jsp?agencyID=3600&PIID=36C10X24N0059&modNumber=P00002&idvAgencyID=&idvPIID=VA119A17D0128&contractType=AWARD,3/5/2025,3571049.23,3600,36C10X24N0059,P00002,3600,VA119A17D0128,0,03/04/2025,01/26/2024,02/25/2025,02/25/2025,09/07/2023,0.0,2284191.45,0.0,2284191.45,0.0,5855240.68,XMS7U6498UJ1,"GREEN-GATE TECHNOLOGY, INC",,799R8,"309 YOAKUM PARKWAY, #1618",,ALEXANDRIA,VA,223043909,USA,UNITED STATES,(703) 967-9697,,VIRGINIA 02,U008,EDUCATION/TRAINING- TRAINING/CURRICULUM DEVELOPMENT,541611.0,ADMINISTRATIVE MANAGEMENT AND GENERAL MANAGEMENT CONSULTING SERVICES,VA,,USA,ALEXANDRIA CITY,ALEXANDRIA,,22304,3909.0,,2025-05-03-2033
36C10X23N0154,Department of Veterans Affairs,"APTIVE HTG, LLC",2994741.66,VHA INTEGRATED HEALTHCARE TRANSFORMATION (IHT) IDIQ CONTRACT- MODIFICATION TO INCREASE CONTRACT CEILING.,TERMINATED,https://www.fpds.gov/ezsearch/jsp/viewLinkController.jsp?agencyID=3600&PIID=36C10X23N0154&modNumber=P00002&idvAgencyID=&idvPIID=36C10X20D0002&contractType=AWARD,3/5/2025,1027888.92,3600,36C10X23N0154,P00002,3600,36C10X20D0002,0,03/04/2025,09/20/2023,02/25/2025,02/25/2025,08/02/2023,0.0,1966852.74,0.0,1966852.74,0.0,2994741.66,L2LMMGFF12A3,"APTIVE HTG, LLC",,8A9S8,421 KING ST STE 200,,ALEXANDRIA,VA,223143121,USA,UNITED STATES,(703) 598-0697,,VIRGINIA 08,R499,SUPPORT- PROFESSIONAL: OTHER,541611.0,ADMINISTRATIVE MANAGEMENT AND GENERAL MANAGEMENT CONSULTING SERVICES,VA,,USA,ALEXANDRIA CITY,ALEXANDRIA,,22314,3121.0,,2025-05-03-2033
36C10X24F0047,Department of Veterans Affairs,"CPS PROFESSIONAL SERVICES, LLC",35748439.42,FINANCIAL AUDIT FOR MDE,TERMINATED,https://www.fpds.gov/ezsearch/jsp/viewLinkController.jsp?agencyID=3600&PIID=36C10X24F0047&modNumber=P00001&idvAgencyID=&idvPIID=VA119A17D0093&contractType=AWARD,3/5/2025,30792338.42,3600,36C10X24F0047,P00001,3600,VA119A17D0093,0,02/25/2025,04/12/2024,02/25/2025,02/25/2025,02/22/2024,0.0,4956101.0,0.0,6844553.0,0.0,35748439.42,H893H8FL41D3,"CPS PROFESSIONAL SERVICES, LLC",,4CUA3,3190 FAIRVIEW PARK DR STE 1050,,FALLS CHURCH,VA,220424530,USA,UNITED STATES,(571) 327-2014,(571) 282-4936,VIRGINIA 11,R704,SUPPORT- MANAGEMENT: AUDITING,541611.0,ADMINISTRATIVE MANAGEMENT AND GENERAL MANAGEMENT CONSULTING SERVICES,VA,,USA,FAIRFAX,FALLS CHURCH,,22042,4530.0,,2025-05-03-2033
36C77622P0084,Department of Veterans Affairs,"CRADDOCK GROUP, LLC, THE",229083.3,MAINTENANCE OF AND EXPORT OF DATA FROM THE EXCEL-BASED LEASE BUDGET MODEL THAT TAKES INPUT FROM CURRENT PORTFOLIO OF LEASES,TERMINATED,https://www.fpds.gov/ezsearch/jsp/viewLinkController.jsp?agencyID=3600&PIID=36C77622P0084&modNumber=P00002&idvAgencyID=&idvPIID=&contractType=AWARD,3/5/2025,0.0,3600,36C77622P0084,P00002,,,,02/25/2025,05/05/2022,02/25/2025,02/25/2025,02/28/2022,0.0,229083.3,0.0,229083.3,0.0,229083.3,DVFKRULPER77,"CRADDOCK GROUP, LLC, THE",,5VKS1,3033 WILSON BLVD STE 700,,ARLINGTON,VA,222013868,USA,UNITED STATES,(757) 903-6710,(888) 426-6534,VIRGINIA 08,R799,SUPPORT- MANAGEMENT: OTHER,541611.0,ADMINISTRATIVE MANAGEMENT AND GENERAL MANAGEMENT CONSULTING SERVICES,VA,,USA,ARLINGTON,ARLINGTON,,22201,3868.0,,2025-05-03-2033
36C10X23N0125,Department of Veterans Affairs,TITAN ALPHA LLC,7612449.48,VHA INTEGRATED HEALTHCARE TRANSFORMATION (IHT) IDIQ CONTRACT- MODIFICATION TO ADD FAR CLAUSE 52.204-27.,TERMINATED,https://www.fpds.gov/ezsearch/jsp/viewLinkController.jsp?agencyID=3600&PIID=36C10X23N0125&modNumber=P00002&idvAgencyID=&idvPIID=36C10X20D0006&contractType=AWARD,3/5/2025,5589585.64,3600,36C10X23N0125,P00002,3600,36C10X20D0006,0,03/04/2025,09/28/2023,02/25/2025,02/25/2025,07/17/2023,0.0,2022863.84,0.0,2022863.84,0.0,7612449.48,EGLRC9AH8XA7,TITAN ALPHA LLC,,80RY6,13846 REMBRANDT WAY,,CHANTILLY,VA,201513255,USA,UNITED STATES,(202) 792-1005,(202) 540-8006,VIRGINIA 11,R499,SUPPORT- PROFESSIONAL: OTHER,541611.0,ADMINISTRATIVE MANAGEMENT AND GENERAL MANAGEMENT CONSULTING SERVICES,VA,,USA,FAIRFAX,CHANTILLY,,20151,3933.0,,2025-05-03-2033
36C10X20N0151,Department of Veterans Affairs,BRENNSYS TECHNOLOGY LLC,2696380.04,ABOUTFACE WEB DESIGN FOR VHA NATIONAL CENTER FOR PTSD.,TERMINATED,https://www.fpds.gov/ezsearch/jsp/viewLinkController.jsp?agencyID=3600&PIID=36C10X20N0151&modNumber=P00017&idvAgencyID=&idvPIID=VA119A17D0157&contractType=AWARD,3/5/2025,1057261.08,3600,36C10X20N0151,P00017,3600,VA119A17D0157,0,02/25/2025,09/28/2020,02/25/2025,02/25/2025,08/04/2020,0.0,1639118.96,0.0,1639118.96,0.0,2696380.04,WPH4T2F5XXU7,BRENNSYS TECHNOLOGY LLC,,7LPG7,41737 MCMONAGLE SQ,,ALDIE,VA,201056028,USA,UNITED STATES,(412) 638-1543,,VIRGINIA 14,R499,SUPPORT- PROFESSIONAL: OTHER,541611.0,ADMINISTRATIVE MANAGEMENT AND GENERAL MANAGEMENT CONSULTING SERVICES,VA,,USA,LOUDOUN,ALDIE,,20105,4012.0,,2025-05-03-2033
36C10X24C0031,Department of Veterans Affairs,"BEN ALLEGRETTI CONSULTING, INC",3667494.6,INTEGRATED HEALTH PRACTICES SUPPORT SERVICES,TERMINATED,https://www.fpds.gov/ezsearch/jsp/viewLinkController.jsp?agencyID=3600&PIID=36C10X24C0031&modNumber=P00001&idvAgencyID=&idvPIID=&contractType=AWARD,3/5/2025,0.0,3600,36C10X24C0031,P00001,,,,03/04/2025,09/16/2024,03/04/2025,03/04/2025,08/22/2024,0.0,3667494.6,0.0,3667494.6,0.0,3667494.6,KGVQXEJA4JG4,"BEN ALLEGRETTI CONSULTING, INC",,5WTU1,188 WOODSTREAM BLVD,,STAFFORD,VA,225564629,USA,UNITED STATES,(540) 207-9512,(540) 657-1382,VIRGINIA 07,R425,SUPPORT- PROFESSIONAL: ENGINEERING/TECHNICAL,541611.0,ADMINISTRATIVE MANAGEMENT AND GENERAL MANAGEMENT CONSULTING SERVICES,VA,,USA,STAFFORD,STAFFORD,,22556,4629.0,,2025-05-03-2033
36C10X23N0161,Department of Veterans Affairs,"METRICS, LLC",6440006.93,REVISED LCATS TO MEET GOVERNMENT NEEDS,TERMINATED,https://www.fpds.gov/ezsearch/jsp/viewLinkController.jsp?agencyID=3600&PIID=36C10X23N0161&modNumber=P00003&idvAgencyID=&idvPIID=VA119A17D0148&contractType=AWARD,3/5/2025,3279372.38,3600,36C10X23N0161,P00003,3600,VA119A17D0148,0,03/04/2025,09/29/2023,02/25/2025,02/25/2025,08/15/2023,0.0,3160634.55,0.0,3160634.55,0.0,6440006.93,F541XAYTKKN5,"METRICS, LLC",,6RSN0,7105 HUNDSFORD LN,,SPRINGFIELD,VA,221531264,USA,UNITED STATES,(703) 401-1616,,VIRGINIA 11,R499,SUPPORT- PROFESSIONAL: OTHER,541611.0,ADMINISTRATIVE MANAGEMENT AND GENERAL MANAGEMENT CONSULTING SERVICES,VA,,USA,FAIRFAX,FAIRFAX STATION,,22039,2201.0,,2025-05-03-2033
36C10X24F0101,Department of Veterans Affairs,MERAKI COMMUNICATIONS GROUP LLC,635245.44,COMMERCIAL PROFESSIONAL SERVICES,TERMINATED,https://www.fpds.gov/ezsearch/jsp/viewLinkController.jsp?agencyID=3600&PIID=36C10X24F0101&modNumber=P00002&idvAgencyID=&idvPIID=36C10X23D0016&contractType=AWARD,3/5/2025,396772.44,3600,36C10X24F0101,P00002,3600,36C10X23D0016,0,02/25/2025,09/23/2024,02/25/2025,02/25/2025,07/29/2024,0.0,238473.0,0.0,238473.0,0.0,635245.44,PUNNRG8Y1Y25,MERAKI COMMUNICATIONS GROUP LLC,,8EP85,6722 W WAKEFIELD DR,APT C1,ALEXANDRIA,VA,223076756,USA,UNITED STATES,(571) 217-9323,,VIRGINIA 11,R499,SUPPORT- PROFESSIONAL: OTHER,541611.0,ADMINISTRATIVE MANAGEMENT AND GENERAL MANAGEMENT CONSULTING SERVICES,VA,,USA,FAIRFAX,ALEXANDRIA,,22307,6756.0,,2025-05-03-2033
36C10X24C0039,Department of Veterans Affairs,"SNOWBIRD AGILITY, INC.",4957234.93,LEAN-AGILE COACHING AND IMPLEMENTATION PROGRAM,TERMINATED,https://www.fpds.gov/ezsearch/jsp/viewLinkController.jsp?agencyID=3600&PIID=36C10X24C0039&modNumber=P00002&idvAgencyID=&idvPIID=&contractType=AWARD,3/5/2025,1153604.52,3600,36C10X24C0039,P00002,,,,03/04/2025,09/30/2024,02/25/2025,02/25/2025,08/12/2024,0.0,3803630.41,0.0,3803630.41,0.0,4957234.93,PRDBBZ21S313,"SNOWBIRD AGILITY, INC.",,8LP06,104 TECH PARK DR STE 028,,CAMBRIDGE,MD,216133594,USA,UNITED STATES,(951) 805-8229,,MARYLAND 01,R408,SUPPORT- PROFESSIONAL: PROGRAM MANAGEMENT/SUPPORT,541611.0,ADMINISTRATIVE MANAGEMENT AND GENERAL MANAGEMENT CONSULTING SERVICES,MD,,USA,DORCHESTER,CAMBRIDGE,,21613,2257.0,,2025-05-03-2033
36C10X20P0073,Department of Veterans Affairs,"GREEN-GATE TECHNOLOGY, INC",4927986.73,VAAA PROGRAM MANAGEMENT SCHOOL AND FACILITIES MANAGEMENT SCHOOL CURRICULUM DEVELOPMENT AND ASSESSMENT.,TERMINATED,https://www.fpds.gov/ezsearch/jsp/viewLinkController.jsp?agencyID=3600&PIID=36C10X20P0073&modNumber=P00012&idvAgencyID=&idvPIID=&contractType=AWARD,3/5/2025,1082430.5,3600,36C10X20P0073,P00012,,,,02/25/2025,06/08/2020,02/25/2025,02/25/2025,05/26/2020,0.0,3845556.23,0.0,3846806.23,0.0,4927986.73,XMS7U6498UJ1,"GREEN-GATE TECHNOLOGY, INC",,799R8,"309 YOAKUM PARKWAY, #1618",,ALEXANDRIA,VA,223043909,USA,UNITED STATES,(703) 967-9697,,VIRGINIA 02,U008,EDUCATION/TRAINING- TRAINING/CURRICULUM DEVELOPMENT,541611.0,ADMINISTRATIVE MANAGEMENT AND GENERAL MANAGEMENT CONSULTING SERVICES,MD,,USA,FREDERICK,FREDERICK,,21703,1300.0,,2025-05-03-2033
36C10X22N0176,Department of Veterans Affairs,OMNI CONSULTING SOLUTIONS LLC,2236590.56,NATIONAL CEMETERY ADMINISTRATION BUSINESS TRANSFORMATION AND REQUIREMENTS SERVICEPROGRAM SUPPORT SERVICES.,TERMINATED,https://www.fpds.gov/ezsearch/jsp/viewLinkController.jsp?agencyID=3600&PIID=36C10X22N0176&modNumber=P00009&idvAgencyID=&idvPIID=VA119A17D0147&contractType=AWARD,3/5/2025,942385.14,3600,36C10X22N0176,P00009,3600,VA119A17D0147,0,03/04/2025,09/23/2022,02/25/2025,02/25/2025,08/19/2022,0.0,1294205.42,0.0,1294205.42,0.0,2236590.56,Y4PCM34SMQV5,OMNI CONSULTING SOLUTIONS LLC,,6L2Y0,620 WHITING ST,,EL SEGUNDO,CA,902452948,USA,UNITED STATES,(323) 207-5791,(310) 322-9218,CALIFORNIA 36,R499,SUPPORT- PROFESSIONAL: OTHER,541611.0,ADMINISTRATIVE MANAGEMENT AND GENERAL MANAGEMENT CONSULTING SERVICES,CA,,USA,LOS ANGELES,EL SEGUNDO,,90245,2948.0,,2025-05-03-2033
36C10X24N0201,Department of Veterans Affairs,DYNAMIC INTEGRATED SERVICES LLC,5052580.47,VHA NATIONAL CENTER FOR POSTTRAUMATIC STRESS DISORDER (NCPTSD)OUTREACH AND MARKETING,TERMINATED,https://www.fpds.gov/ezsearch/jsp/viewLinkController.jsp?agencyID=3600&PIID=36C10X24N0201&modNumber=P00001&idvAgencyID=&idvPIID=36C10X23D0015&contractType=AWARD,3/5/2025,4141242.58,3600,36C10X24N0201,P00001,3600,36C10X23D0015,0,02/25/2025,09/26/2024,02/25/2025,02/25/2025,07/17/2024,0.0,911337.89,0.0,911337.89,0.0,5052580.47,LULHX8RK9JC8,DYNAMIC INTEGRATED SERVICES LLC,,6B4P8,3 W GARDEN ST,STE 610,PENSACOLA,FL,325025634,USA,UNITED STATES,(202) 615-2049,(850) 361-3489,FLORIDA 01,R499,SUPPORT- PROFESSIONAL: OTHER,541611.0,ADMINISTRATIVE MANAGEMENT AND GENERAL MANAGEMENT CONSULTING SERVICES,FL,,USA,ESCAMBIA,PENSACOLA,,32502,5641.0,,2025-05-03-2033
36C10X24C0037,Department of Veterans Affairs,"BLUE WATER THINKING,LLC",4826982.01,SUPPLY CHAIN SYSTEMS SUPPORT,TERMINATED,https://www.fpds.gov/ezsearch/jsp/viewLinkController.jsp?agencyID=3600&PIID=36C10X24C0037&modNumber=P00001&idvAgencyID=&idvPIID=&contractType=AWARD,3/5/2025,74524.97,3600,36C10X24C0037,P00001,,,,03/04/2025,09/18/2024,03/04/2025,03/04/2025,08/09/2024,0.0,4752457.04,0.0,4752457.04,0.0,4826982.01,NKCBT3KN6EF3,"BLUE WATER THINKING,LLC","BLUE WATER THINKING, LLC",87RA8,3939 BAYSIDE DR,,EDGEWATER,MD,210374435,USA,UNITED STATES,(703) 472-2152,,MARYLAND 05,R408,SUPPORT- PROFESSIONAL: PROGRAM MANAGEMENT/SUPPORT,541611.0,ADMINISTRATIVE MANAGEMENT AND GENERAL MANAGEMENT CONSULTING SERVICES,DC,,USA,DISTRICT OF COLUMBIA,WASHINGTON,,20420,1.0,,2025-05-03-2033
36C10X24N0236,Department of Veterans Affairs,DYNAMIC INTEGRATED SERVICES LLC,3050629.4,VETERANS HEALTH ADMINISTRATION (VHA)NATIONAL CENTER FOR HEALTHCARE ADVANCEMENT AND PARTNERSHIPSSTRATEGIC COMMUNICATIONS,TERMINATED,https://www.fpds.gov/ezsearch/jsp/viewLinkController.jsp?agencyID=3600&PIID=36C10X24N0236&modNumber=P00001&idvAgencyID=&idvPIID=36C10X23D0015&contractType=AWARD,3/5/2025,2530678.75,3600,36C10X24N0236,P00001,3600,36C10X23D0015,0,03/04/2025,09/30/2024,03/04/2025,03/04/2025,09/09/2024,0.0,519950.65,0.0,519950.65,0.0,3050629.4,LULHX8RK9JC8,DYNAMIC INTEGRATED SERVICES LLC,,6B4P8,3 W GARDEN ST,STE 610,PENSACOLA,FL,325025634,USA,UNITED STATES,(202) 615-2049,(850) 361-3489,FLORIDA 01,R708,SUPPORT- MANAGEMENT: PUBLIC RELATIONS,541611.0,ADMINISTRATIVE MANAGEMENT AND GENERAL MANAGEMENT CONSULTING SERVICES,FL,,USA,ESCAMBIA,PENSACOLA,,32501,2334.0,,2025-05-03-2033
36C10X24N0177,Department of Veterans Affairs,"DURABANTE, LLC",18494910.37,REVISED LCATS TO MEET GOVERNMENT NEEDS (ADMINISTRATIVE MANAGEMENT AND GENERAL MANAGEMENT CONSULTING SERVICES),TERMINATED,https://www.fpds.gov/ezsearch/jsp/viewLinkController.jsp?agencyID=3600&PIID=36C10X24N0177&modNumber=P00005&idvAgencyID=&idvPIID=36C10X18D0008&contractType=AWARD,3/5/2025,15271110.37,3600,36C10X24N0177,P00005,3600,36C10X18D0008,0,03/04/2025,09/16/2024,03/04/2025,03/04/2025,07/02/2024,0.0,3223800.0,0.0,3223800.0,0.0,18494910.37,H4GJM11ML995,"DURABANTE, LLC",,54RA1,913 RIDGE BROOK STE 220,,SPARKS,MD,211529467,USA,UNITED STATES,(888) 678-2694,(443) 498-6024,MARYLAND 01,U008,EDUCATION/TRAINING- TRAINING/CURRICULUM DEVELOPMENT,541611.0,ADMINISTRATIVE MANAGEMENT AND GENERAL MANAGEMENT CONSULTING SERVICES,DC,,USA,DISTRICT OF COLUMBIA,WASHINGTON,,20001,1.0,,2025-05-03-2033
36C10X23N0076,Department of Veterans Affairs,RB MANAGEMENT CONSULTANTS LLC,5098982.13,VHA INTEGRATED HEALTHCARE TRANSFORMATION (IHT) IDIQ CONTRACT- (TOPR) 159 FOLLOW-ON FOLLOW-ON SUPPORT - IMPLEMENTATION OF CLELAND DOLE ACT SECTION 401,TERMINATED,https://www.fpds.gov/ezsearch/jsp/viewLinkController.jsp?agencyID=3600&PIID=36C10X23N0076&modNumber=P00007&idvAgencyID=&idvPIID=36C10X20D0004&contractType=AWARD,3/5/2025,2500000.0,3600,36C10X23N0076,P00007,3600,36C10X20D0004,0,03/04/2025,05/10/2023,03/04/2025,03/04/2025,04/18/2023,0.0,2598982.13,0.0,2598982.13,0.0,5098982.13,HEAKVJCG8MV6,RB MANAGEMENT CONSULTANTS LLC,,7X4V2,2011 CRYSTAL DR STE 400,,ARLINGTON,VA,222023709,USA,UNITED STATES,(240) 444-2511,,VIRGINIA 08,R408,SUPPORT- PROFESSIONAL: PROGRAM MANAGEMENT/SUPPORT,541611.0,ADMINISTRATIVE MANAGEMENT AND GENERAL MANAGEMENT CONSULTING SERVICES,VA,,USA,ARLINGTON,ARLINGTON,,22202,3829.0,,2025-05-03-2033
36C10D22F0018,Department of Veterans Affairs,LE'FANT LLC,119743400.86,VBA OBI MILITARY RECORDS RESEARCH CENTER SUPPORT SERVICES PURCHASE.,TERMINATED,https://www.fpds.gov/ezsearch/jsp/viewLinkController.jsp?agencyID=3600&PIID=36C10D22F0018&modNumber=P00004&idvAgencyID=&idvPIID=47QRAA19D00CK&contractType=AWARD,3/4/2025,108404775.56,3600,36C10D22F0018,P00004,4732,47QRAA19D00CK,PA0005,03/03/2025,09/30/2022,02/25/2025,02/25/2025,08/30/2022,0.0,11008025.41,0.0,11008025.41,0.0,119412800.97,DQEBERL4YHT6,LE'FANT LLC,,7F1A2,18027 DUMFRIES SHOPPING PLZ,STE 1,DUMFRIES,VA,220262685,USA,UNITED STATES,(703) 798-0122,,VIRGINIA 07,R499,SUPPORT- PROFESSIONAL: OTHER,541611.0,ADMINISTRATIVE MANAGEMENT AND GENERAL MANAGEMENT CONSULTING SERVICES,DC,,USA,DISTRICT OF COLUMBIA,WASHINGTON,,20006,1053.0,,2025-05-03-2033
36C10D24F0030,Department of Veterans Affairs,SAG CORPORATION,34370443.68,LGY MISSION SUPPORT SERVICES,TERMINATED,https://www.fpds.gov/ezsearch/jsp/viewLinkController.jsp?agencyID=3600&PIID=36C10D24F0030&modNumber=P00001&idvAgencyID=&idvPIID=47QRAA20D008D&contractType=AWARD,3/4/2025,28266214.86,3600,36C10D24F0030,P00001,4732,47QRAA20D008D,PA0010,02/25/2025,03/21/2024,02/25/2025,02/25/2025,01/02/2024,0.0,6043868.0,0.0,6043868.0,0.0,34310082.86,WEPCNMBW2RW4,SAG CORPORATION,,1BU87,2461 EISENHOWER AVE UNIT 350,,ALEXANDRIA,VA,223144684,USA,UNITED STATES,(703) 864-1911,(703) 916-8343,VIRGINIA 08,R408,SUPPORT- PROFESSIONAL: PROGRAM MANAGEMENT/SUPPORT,541611.0,ADMINISTRATIVE MANAGEMENT AND GENERAL MANAGEMENT CONSULTING SERVICES,DC,,USA,DISTRICT OF COLUMBIA,WASHINGTON,,20060,4.0,,2025-05-03-2033
36C10E20P0271,Department of Veterans Affairs,"GI4, LLC",5244960.41,VBA LGY REGULATORY DRAFTING&IMPACT ANALYSIS SERVICES PURCHASE.,TERMINATED,https://www.fpds.gov/ezsearch/jsp/viewLinkController.jsp?agencyID=3600&PIID=36C10E20P0271&modNumber=P00011&idvAgencyID=&idvPIID=&contractType=AWARD,3/4/2025,0.0,3600,36C10E20P0271,P00011,,,,02/25/2025,09/30/2020,02/25/2025,02/25/2025,08/05/2020,0.0,5244960.41,0.0,5244960.41,0.0,5244960.41,DV8PNH7LGKA8,"GI4, LLC",,7E9Y9,880 HARRISON ST SE STE 020,,LEESBURG,VA,201754032,USA,UNITED STATES,(678) 458-9841,,VIRGINIA 10,R499,SUPPORT- PROFESSIONAL: OTHER,541611.0,ADMINISTRATIVE MANAGEMENT AND GENERAL MANAGEMENT CONSULTING SERVICES,DC,,USA,DISTRICT OF COLUMBIA,WASHINGTON,,20006,1004.0,,2025-05-03-2033
36C10D22F0019,Department of Veterans Affairs,"DYNAMIC INTEGRATED SERVICES, LLC",8722228.51,LGY STAFFING SUPPORT SERVICES,TERMINATED,https://www.fpds.gov/ezsearch/jsp/viewLinkController.jsp?agencyID=3600&PIID=36C10D22F0019&modNumber=P00006&idvAgencyID=&idvPIID=47QRAA18D007Y&contractType=AWARD,3/4/2025,2880804.94,3600,36C10D22F0019,P00006,4732,47QRAA18D007Y,PA0016,02/25/2025,09/30/2022,02/25/2025,02/25/2025,08/19/2022,0.0,5841423.57,0.0,5841423.57,0.0,8722228.51,LULHX8RK9JC8,"DYNAMIC INTEGRATED SERVICES, LLC",,6B4P8,16 W STRONG ST,,PENSACOLA,FL,325013138,USA,UNITED STATES,(202) 615-2049,(850) 361-3489,FLORIDA 01,R699,SUPPORT- ADMINISTRATIVE: OTHER,541611.0,ADMINISTRATIVE MANAGEMENT AND GENERAL MANAGEMENT CONSULTING SERVICES,FL,,USA,ESCAMBIA,PENSACOLA,,32502,4141.0,,2025-05-03-2033
36C10B24F0132,Department of Veterans Affairs,"PATHFINDER CONSULTANTS, LLC",161445.4,FOIA SUPPORT SERVICES,TERMINATED,https://www.fpds.gov/ezsearch/jsp/viewLinkController.jsp?agencyID=3600&PIID=36C10B24F0132&modNumber=P00004&idvAgencyID=&idvPIID=GS10F238AA&contractType=AWARD,2/28/2025,0.0,3600,36C10B24F0132,P00004,4732,GS10F238AA,PW0011,02/27/2025,05/03/2024,02/28/2025,02/28/2025,04/12/2024,-201054.52,161445.4,-201054.52,161445.4,-1823510.64,161445.4,NE7FN362JCH1,"PATHFINDER CONSULTANTS, LLC",,5ZLG0,1936 E BEECH RD,,STERLING,VA,201641934,USA,UNITED STATES,(202) 737-7284,(202) 618-6234,VIRGINIA 10,R499,SUPPORT- PROFESSIONAL: OTHER,541611.0,ADMINISTRATIVE MANAGEMENT AND GENERAL MANAGEMENT CONSULTING SERVICES,DC,,USA,DISTRICT OF COLUMBIA,WASHINGTON,,20420,1.0,,2025-05-03-2033
36C25623C0040,Department of Veterans Affairs,PRESS GANEY ASSOCIATES LLC,103522.39,NATIONAL DATABASE FOR NURSING QUALITY INDICATORS (NDNQI) SUBSCRIPTION(INCLUDES RN SURVEY MAGNET MODULE),TERMINATED,https://www.fpds.gov/ezsearch/jsp/viewLinkController.jsp?agencyID=3600&PIID=36C25623C0040&modNumber=P00003&idvAgencyID=&idvPIID=&contractType=AWARD,2/28/2025,45057.17,3600,36C25623C0040,P00003,,,,02/25/2025,02/17/2023,02/28/2025,02/28/2025,02/10/2023,0.0,58465.22,0.0,58465.22,0.0,103522.39,PTAKRVGUJE53,PRESS GANEY ASSOCIATES LLC,,3DFC7,1173 IGNITION DR,,SOUTH BEND,IN,466012901,USA,UNITED STATES,(800) 232-8032,,INDIANA 02,R401,SUPPORT- PROFESSIONAL: PERSONAL CARE (NON-MEDICAL),541611.0,ADMINISTRATIVE MANAGEMENT AND GENERAL MANAGEMENT CONSULTING SERVICES,TX,,USA,HARRIS,HOUSTON,,77030,1500.0,,2025-05-03-2033
36C10X23N0005,Department of Veterans Affairs,"APTIVE HTG, LLC",144879476.67,"VHA INTEGRATED HEALTHCARE TRANSFORMATION (IHT) IDIQ CONTRACT- TASK ORDER W/ BASE AND 4 OPTION YEARS FOR SUPPORT TO POLICY, REGULATION, APPEALS, AND FORM BUSINESS LINES IN THE VHA OFFICE OF REGULATIONS, APPEALS, AND POLICY.",SUPPLEMENTAL AGREEMENT FOR WORK WITHIN SCOPE,https://www.fpds.gov/ezsearch/jsp/viewLinkController.jsp?agencyID=3600&PIID=36C10X23N0005&modNumber=P00005&idvAgencyID=&idvPIID=36C10X20D0002&contractType=AWARD,2/27/2025,131289705.36,3600,36C10X23N0005,P00005,3600,36C10X20D0002,0,01/21/2025,11/30/2022,11/29/2024,11/29/2027,07/13/2022,-120.99,13589771.31,-120.99,13589771.31,-120.99,144879476.67,L2LMMGFF12A3,"APTIVE HTG, LLC",,8A9S8,421 KING ST STE 200,,ALEXANDRIA,VA,223143121,USA,UNITED STATES,(703) 598-0697,,VIRGINIA 08,R406,SUPPORT- PROFESSIONAL: POLICY REVIEW/DEVELOPMENT,541611.0,ADMINISTRATIVE MANAGEMENT AND GENERAL MANAGEMENT CONSULTING SERVICES,VA,,USA,ALEXANDRIA CITY,ALEXANDRIA,,22314,3121.0,,2025-05-03-2033
36C10X20F0033,Department of Veterans Affairs,"ENTERPRISE RESOURCE PERFORMANCE, INC.",84868936.83,MULTI-CHANNEL TECHNOLOGIES (MCT) PROGRAM MANAGEMENT SUPPORT SERVICES (PMSS),TERMINATED,https://www.fpds.gov/ezsearch/jsp/viewLinkController.jsp?agencyID=3600&PIID=36C10X20F0033&modNumber=P00012&idvAgencyID=&idvPIID=47QRAA19D0073&contractType=AWARD,2/27/2025,638787.52,3600,36C10X20F0033,P00012,4732,47QRAA19D0073,PA0009,03/04/2025,07/01/2020,03/04/2025,03/04/2025,03/05/2020,0.0,84230149.31,0.0,84230149.31,0.0,84868936.83,N5FAKJH4DHA4,"ENTERPRISE RESOURCE PERFORMANCE, INC.",,1XSQ8,2751 PROSPERITY AVE STE 410,,FAIRFAX,VA,220314370,USA,UNITED STATES,(301) 535-2400,(703) 712-8712,VIRGINIA 11,R408,SUPPORT- PROFESSIONAL: PROGRAM MANAGEMENT/SUPPORT,541611.0,ADMINISTRATIVE MANAGEMENT AND GENERAL MANAGEMENT CONSULTING SERVICES,DC,,USA,DISTRICT OF COLUMBIA,WASHINGTON,,20001,4.0,,2025-05-03-2033
36C77624N0540,Department of Veterans Affairs,"THE CRADDOCK GROUP, LLC",1904234.99,CAPITAL INVESTMENT OPTIONS IDIQ INDIANAPOLIS FEASIBILITY STUDY TASK ORDER,TERMINATED,https://www.fpds.gov/ezsearch/jsp/viewLinkController.jsp?agencyID=3600&PIID=36C77624N0540&modNumber=P00001&idvAgencyID=&idvPIID=36C77624D0004&contractType=AWARD,2/27/2025,0.0,3600,36C77624N0540,P00001,3600,36C77624D0004,0,02/25/2025,05/23/2024,02/25/2025,02/25/2025,03/29/2024,0.0,1904234.99,0.0,1904234.99,0.0,1904234.99,DVFKRULPER77,"THE CRADDOCK GROUP, LLC",,5VKS1,3033 WILSON BLVD STE 700,,ARLINGTON,VA,222013868,USA,UNITED STATES,(703) 472-1620,(888) 426-6534,VIRGINIA 08,R799,SUPPORT- MANAGEMENT: OTHER,541611.0,ADMINISTRATIVE MANAGEMENT AND GENERAL MANAGEMENT CONSULTING SERVICES,VA,,USA,ARLINGTON,ARLINGTON,,22201,3868.0,,2025-05-03-2033
36E77620C0061,Department of Veterans Affairs,FORT HILL COMPANIES LLC,140060.0,"IMPLEMENT THE VA EXTENDED USE LEASE PROGRAM TO ENABLE THE DEPARTMENT TO FORMULATE, EVALUATE, AND EXECUTE AN EUL PROJECT AT THE VA MEDICAL CENTER IN WACO TX.",TERMINATED,https://www.fpds.gov/ezsearch/jsp/viewLinkController.jsp?agencyID=3600&PIID=36E77620C0061&modNumber=P00002&idvAgencyID=&idvPIID=&contractType=AWARD,2/27/2025,0.0,3600,36E77620C0061,P00002,,,,04/15/2025,06/10/2020,02/25/2025,02/25/2025,,-42865.0,97195.0,0.0,140060.0,0.0,140060.0,YJ1XAAM7JMF6,FORT HILL COMPANIES LLC,,5CZG9,248 COPELAND ST,,QUINCY,MA,021694005,USA,UNITED STATES,(877) 305-4163,(877) 233-9719,MASSACHUSETTS 03,R799,SUPPORT- MANAGEMENT: OTHER,541611.0,ADMINISTRATIVE MANAGEMENT AND GENERAL MANAGEMENT CONSULTING SERVICES,MA,,USA,NORFOLK,QUINCY,,02169,4005.0,,2025-05-03-2033
36C10F23F0036,Department of Veterans Affairs,REEFPOINT GROUP LLC,41295152.54,"PROGRAM MANAGEMENT SUPPORT SERVICES FOR OCFM 425 I STREET, NW WASHINGTON, DC.",TERMINATED,https://www.fpds.gov/ezsearch/jsp/viewLinkController.jsp?agencyID=3600&PIID=36C10F23F0036&modNumber=P00006&idvAgencyID=&idvPIID=GS10F011BA&contractType=AWARD,2/26/2025,25630156.36,3600,36C10F23F0036,P00006,4732,GS10F011BA,PA0027,02/25/2025,10/07/2023,02/25/2025,02/25/2025,08/22/2023,0.0,15664996.18,0.0,15664996.18,0.0,41295152.54,SJ7DG9KSK4U5,REEFPOINT GROUP LLC,,51D82,2 COMPROMISE ST,,ANNAPOLIS,MD,214011819,USA,UNITED STATES,(443) 871-9191,(443) 458-0180,MARYLAND 03,R408,SUPPORT- PROFESSIONAL: PROGRAM MANAGEMENT/SUPPORT,541611.0,ADMINISTRATIVE MANAGEMENT AND GENERAL MANAGEMENT CONSULTING SERVICES,DC,,USA,DISTRICT OF COLUMBIA,WASHINGTON,,20001,2924.0,,2025-05-03-2033
36C10D24F0089,Department of Veterans Affairs,BLAKE WILLSON GROUP LLC,10623912.94,VBA LGY MORTGAGE MARKET DATA SERVICES PURCHASE,TERMINATED,https://www.fpds.gov/ezsearch/jsp/viewLinkController.jsp?agencyID=3600&PIID=36C10D24F0089&modNumber=P00001&idvAgencyID=&idvPIID=47QRAA18D0063&contractType=AWARD,2/26/2025,8207197.0,3600,36C10D24F0089,P00001,4732,47QRAA18D0063,PA0026,02/25/2025,09/30/2024,02/25/2025,02/25/2025,09/04/2024,0.0,844164.94,0.0,844164.94,0.0,9051361.94,XXF1YX4AQXS5,BLAKE WILLSON GROUP LLC,,6XKS4,2311 WILSON BLVD,STE 620,ARLINGTON,VA,222015417,USA,UNITED STATES,(571) 467-0176,(703) 852-3527,VIRGINIA 08,R702,SUPPORT- MANAGEMENT: DATA COLLECTION,541611.0,ADMINISTRATIVE MANAGEMENT AND GENERAL MANAGEMENT CONSULTING SERVICES,DC,,USA,DISTRICT OF COLUMBIA,WASHINGTON,,20006,1053.0,,2025-05-03-2033
36C10X24N0194,Department of Veterans Affairs,DYNAMIC INTEGRATED SERVICES LLC,6394564.27,COMMERCIAL PROFESSIONAL SERVICES STRATEGIC COMMUNICATION PLAN TOPR 0153,TERMINATED,https://www.fpds.gov/ezsearch/jsp/viewLinkController.jsp?agencyID=3600&PIID=36C10X24N0194&modNumber=P00001&idvAgencyID=&idvPIID=36C10X23D0015&contractType=AWARD,2/26/2025,4292369.2,3600,36C10X24N0194,P00001,3600,36C10X23D0015,0,02/25/2025,09/16/2024,02/25/2025,02/25/2025,06/04/2024,0.0,2102195.07,0.0,2102195.07,0.0,6394564.27,LULHX8RK9JC8,DYNAMIC INTEGRATED SERVICES LLC,,6B4P8,3 W GARDEN ST,STE 610,PENSACOLA,FL,325025634,USA,UNITED STATES,(202) 615-2049,(850) 361-3489,FLORIDA 01,R422,SUPPORT- PROFESSIONAL: MARKET RESEARCH/PUBLIC OPINION,541611.0,ADMINISTRATIVE MANAGEMENT AND GENERAL MANAGEMENT CONSULTING SERVICES,FL,,USA,ESCAMBIA,PENSACOLA,,32502,5634.0,,2025-05-03-2033
36C10X23N0143,Department of Veterans Affairs,"ADVANCED MANAGEMENT STRATEGIES GROUP, INC.",4962040.89,THE PURPOSE OF THIS TASK ORDER IS TO PROVIDE SUPPORT TO ILEAD EFFORTS TO FULLY ACHIEVE THE THREE IDENTIFIED OUTCOME GOALS CONTAINED WITHIN THE TRAINING ACTION PLAN IN ORDER TO FULLY MEET GAO CRITERIA FOR REMOVAL FROM THE GAO HIGH RISK LIST,TERMINATED,https://www.fpds.gov/ezsearch/jsp/viewLinkController.jsp?agencyID=3600&PIID=36C10X23N0143&modNumber=P00004&idvAgencyID=&idvPIID=VA119A17D0146&contractType=AWARD,2/26/2025,2591173.4,3600,36C10X23N0143,P00004,3600,VA119A17D0146,0,02/25/2025,09/28/2023,02/25/2025,02/25/2025,08/25/2023,0.0,2370867.49,0.0,2370867.49,0.0,4962040.89,D72GB943Q923,"ADVANCED MANAGEMENT STRATEGIES GROUP, INC.",AMSG,551W8,3800 FETTLER PARK DR STE 103,,DUMFRIES,VA,220252043,USA,UNITED STATES,(571) 931-0435,(866) 882-2297,VIRGINIA 07,U009,EDUCATION/TRAINING- GENERAL,541611.0,ADMINISTRATIVE MANAGEMENT AND GENERAL MANAGEMENT CONSULTING SERVICES,DC,,USA,DISTRICT OF COLUMBIA,WASHINGTON,,20001,1.0,,2025-05-03-2033
36C77624N0371,Department of Veterans Affairs,RILEY MCGUIRE PARTNERS LLC,2299727.67,INITIAL TASK ORDER PROVIDING POST TRANSACTION SUPPORT FOR THIS IDIQ,TERMINATED,https://www.fpds.gov/ezsearch/jsp/viewLinkController.jsp?agencyID=3600&PIID=36C77624N0371&modNumber=P00001&idvAgencyID=&idvPIID=36C77624D0003&contractType=AWARD,2/26/2025,0.0,3600,36C77624N0371,P00001,3600,36C77624D0003,0,02/25/2025,04/17/2024,02/25/2025,02/25/2025,01/31/2024,0.0,2299727.67,0.0,2299727.67,0.0,2299727.67,LQGBKZTF81H3,RILEY MCGUIRE PARTNERS LLC,,7QNY4,2707 TUCKER RD,STE 102,LOUISVILLE,KY,402992952,USA,UNITED STATES,(502) 230-9986,,KENTUCKY 03,R799,SUPPORT- MANAGEMENT: OTHER,541611.0,ADMINISTRATIVE MANAGEMENT AND GENERAL MANAGEMENT CONSULTING SERVICES,KY,,USA,JEFFERSON,LOUISVILLE,,40299,2952.0,,2025-05-03-2033
36C77624N0837,Department of Veterans Affairs,TAURIAN CONSULTING LLC,1115087.74,"INDEFINITE DELIVER INDEFINITE QUANTITY ENERGY, ENVIRONMENT, AND FLEET PROGRAM SERVICE",TERMINATED,https://www.fpds.gov/ezsearch/jsp/viewLinkController.jsp?agencyID=3600&PIID=36C77624N0837&modNumber=P00001&idvAgencyID=&idvPIID=36C77622D0027&contractType=AWARD,2/26/2025,0.0,3600,36C77624N0837,P00001,3600,36C77622D0027,0,02/25/2025,09/25/2024,02/25/2025,02/25/2025,08/22/2024,0.0,1115087.74,0.0,1115087.74,0.0,1115087.74,C3NWEVDNHTA5,TAURIAN CONSULTING LLC,,8ZPN4,612 THIRD ST STE 3A,,ANNAPOLIS,MD,214033246,USA,UNITED STATES,(202) 262-5706,,MARYLAND 03,R799,SUPPORT- MANAGEMENT: OTHER,541611.0,ADMINISTRATIVE MANAGEMENT AND GENERAL MANAGEMENT CONSULTING SERVICES,MD,,USA,ANNE ARUNDEL,ANNAPOLIS,,21403,3246.0,,2025-05-03-2033
36C77624N0781,Department of Veterans Affairs,"KILDA GROUP, LLC",971968.79,INDEFINITE DELIVERY INDEFINITE QUANTITY MANAGEMENT OF ENTERPRISE-WIDE LEASE PORTFOLIO OF GSA DELEGATION PROCESS,TERMINATED,https://www.fpds.gov/ezsearch/jsp/viewLinkController.jsp?agencyID=3600&PIID=36C77624N0781&modNumber=P00001&idvAgencyID=&idvPIID=36C77623D0006&contractType=AWARD,2/26/2025,0.0,3600,36C77624N0781,P00001,3600,36C77623D0006,0,02/25/2025,08/30/2024,02/25/2025,02/25/2025,08/16/2024,0.0,971968.79,0.0,971968.79,0.0,971968.79,LDB4MTDVB8K6,"KILDA GROUP, LLC",KILDA GROUP LLC,1YZS6,479 JUMPERS HOLE RD,STE 204,SEVERNA PARK,MD,211461729,USA,UNITED STATES,(410) 320-0078,(410) 263-0256,MARYLAND 03,R799,SUPPORT- MANAGEMENT: OTHER,541611.0,ADMINISTRATIVE MANAGEMENT AND GENERAL MANAGEMENT CONSULTING SERVICES,MD,,USA,ANNE ARUNDEL,SEVERNA PARK,,21146,1729.0,,2025-05-03-2033
36C10X23N0141,Department of Veterans Affairs,RB MANAGEMENT CONSULTANTS LLC,836150.41,VHA INTEGRATED HEALTHCARE TRANSFORMATION (IHT) IDIQ CONTRACT- MODIFICATION TO ADD FAR CLAUSE 52.204-27.,TERMINATED,https://www.fpds.gov/ezsearch/jsp/viewLinkController.jsp?agencyID=3600&PIID=36C10X23N0141&modNumber=P00002&idvAgencyID=&idvPIID=36C10X20D0004&contractType=AWARD,2/26/2025,494319.3,3600,36C10X23N0141,P00002,3600,36C10X20D0004,0,02/25/2025,09/22/2023,02/25/2025,02/25/2025,07/28/2023,0.0,341831.11,0.0,341831.11,0.0,836150.41,HEAKVJCG8MV6,RB MANAGEMENT CONSULTANTS LLC,,7X4V2,2011 CRYSTAL DR STE 400,,ARLINGTON,VA,222023709,USA,UNITED STATES,(240) 444-2511,,VIRGINIA 08,R408,SUPPORT- PROFESSIONAL: PROGRAM MANAGEMENT/SUPPORT,541611.0,ADMINISTRATIVE MANAGEMENT AND GENERAL MANAGEMENT CONSULTING SERVICES,VA,,USA,ARLINGTON,ARLINGTON,,22209,3709.0,,2025-05-03-2033
36C77625P0008,Department of Veterans Affairs,"THE CRADDOCK GROUP, LLC",699991.36,SUPPORT EUL PROGRAM BY PROVIDING REAL PROPERTY MARKET AND FINANCIAL ANALYSIS THROUGH EXPERTISE IN STRATEGIC TECHNICAL SUPPORT IMPLEMENTATION MANAGEMENT,TERMINATED,https://www.fpds.gov/ezsearch/jsp/viewLinkController.jsp?agencyID=3600&PIID=36C77625P0008&modNumber=P00001&idvAgencyID=&idvPIID=&contractType=AWARD,2/26/2025,0.0,3600,36C77625P0008,P00001,,,,02/25/2025,11/19/2024,02/25/2025,02/25/2025,08/28/2024,0.0,699991.36,0.0,699991.36,0.0,699991.36,DVFKRULPER77,"THE CRADDOCK GROUP, LLC","THE CRADDOCK GROUP, LLC",5VKS1,3033 WILSON BLVD STE 700,,ARLINGTON,VA,222013868,USA,UNITED STATES,(703) 472-1620,(888) 426-6534,VIRGINIA 08,R799,SUPPORT- MANAGEMENT: OTHER,541611.0,ADMINISTRATIVE MANAGEMENT AND GENERAL MANAGEMENT CONSULTING SERVICES,VA,,USA,ARLINGTON,ARLINGTON,,22201,3868.0,,2025-05-03-2033
36C77624N0823,Department of Veterans Affairs,TAURIAN CONSULTING LLC,319657.8,"INDEFINITE DELIVER INDEFINITE QUANTITY ENERGY, ENVIRONMENT, AND FLEET PROGRAM SERVICE",TERMINATED,https://www.fpds.gov/ezsearch/jsp/viewLinkController.jsp?agencyID=3600&PIID=36C77624N0823&modNumber=P00001&idvAgencyID=&idvPIID=36C77622D0027&contractType=AWARD,2/26/2025,0.0,3600,36C77624N0823,P00001,3600,36C77622D0027,0,02/25/2025,09/25/2024,02/25/2025,02/25/2025,08/15/2024,0.0,319657.8,0.0,319657.8,0.0,319657.8,C3NWEVDNHTA5,TAURIAN CONSULTING LLC,,8ZPN4,612 THIRD ST STE 3A,,ANNAPOLIS,MD,214033246,USA,UNITED STATES,(202) 262-5706,,MARYLAND 03,R799,SUPPORT- MANAGEMENT: OTHER,541611.0,ADMINISTRATIVE MANAGEMENT AND GENERAL MANAGEMENT CONSULTING SERVICES,MD,,USA,ANNE ARUNDEL,ANNAPOLIS,,21403,3246.0,,2025-05-03-2033
36C77625P0003,Department of Veterans Affairs,"AWEN SOLUTIONS GROUP, LLC",272033.02,PROVIDE DUE DILIGENCE PROJECT SUPPORT FOR STOCKTON EXTENDED USE LEASE.,TERMINATED,https://www.fpds.gov/ezsearch/jsp/viewLinkController.jsp?agencyID=3600&PIID=36C77625P0003&modNumber=P00001&idvAgencyID=&idvPIID=&contractType=AWARD,2/26/2025,0.0,3600,36C77625P0003,P00001,,,,02/25/2025,10/30/2024,02/25/2025,02/25/2025,07/29/2024,0.0,272033.02,0.0,272033.02,0.0,272033.02,GQ11FK9GNNN1,"AWEN SOLUTIONS GROUP, LLC","AWEN SOLUTIONS GROUP, LLC",85SR0,4196 MERCHANT PLZ STE 711,,WOODBRIDGE,VA,221925085,USA,UNITED STATES,(571) 969-7041,,VIRGINIA 07,R799,SUPPORT- MANAGEMENT: OTHER,541611.0,ADMINISTRATIVE MANAGEMENT AND GENERAL MANAGEMENT CONSULTING SERVICES,VA,,USA,PRINCE WILLIAM,WOODBRIDGE,,22192,5085.0,,2025-05-03-2033
36C77624N0294,Department of Veterans Affairs,TAURIAN CONSULTING LLC,248943.38,"DEVELOP A HANDBOOK TO SUPPORT IMPLEMENTATION OF DIRECTIVE 0055, VA ENERGY AND WATER MANAGEMENT PROGRAM",TERMINATED,https://www.fpds.gov/ezsearch/jsp/viewLinkController.jsp?agencyID=3600&PIID=36C77624N0294&modNumber=P00002&idvAgencyID=&idvPIID=36C77622D0027&contractType=AWARD,2/26/2025,0.0,3600,36C77624N0294,P00002,3600,36C77622D0027,0,04/22/2025,03/13/2024,02/25/2025,02/25/2025,02/15/2024,0.0,248943.38,0.0,248943.38,0.0,248943.38,C3NWEVDNHTA5,TAURIAN CONSULTING LLC,,8ZPN4,612 THIRD ST STE 3A,,ANNAPOLIS,MD,214033246,USA,UNITED STATES,(202) 262-5706,,MARYLAND 03,R799,SUPPORT- MANAGEMENT: OTHER,541611.0,ADMINISTRATIVE MANAGEMENT AND GENERAL MANAGEMENT CONSULTING SERVICES,MD,,USA,ANNE ARUNDEL,ANNAPOLIS,,21403,3246.0,,2025-05-03-2033
36C77624P0068,Department of Veterans Affairs,"MABBETT & ASSOCIATES, INC.",178250.01,EXTENDED USE LEASE DEVELOPMENT SUPPORT AT PERRY POINT,TERMINATED,https://www.fpds.gov/ezsearch/jsp/viewLinkController.jsp?agencyID=3600&PIID=36C77624P0068&modNumber=P00001&idvAgencyID=&idvPIID=&contractType=AWARD,2/26/2025,0.0,3600,36C77624P0068,P00001,,,,02/25/2025,07/19/2024,02/25/2025,02/25/2025,05/17/2024,0.0,178250.01,0.0,178250.01,0.0,178250.01,JACMATCH87S5,"MABBETT & ASSOCIATES, INC.",MABBETT & ASSOCIATES INC,361J7,105 CENTRAL ST,STE 4100,STONEHAM,MA,021801260,USA,UNITED STATES,(781) 275-6050,(781) 275-3137,MASSACHUSETTS 05,R799,SUPPORT- MANAGEMENT: OTHER,541611.0,ADMINISTRATIVE MANAGEMENT AND GENERAL MANAGEMENT CONSULTING SERVICES,MA,,USA,MIDDLESEX,STONEHAM,,02180,1260.0,,2025-05-03-2033
36C77625N0046,Department of Veterans Affairs,"KILDA GROUP, LLC",150620.4,INDEFINITE DELIVERY INDEFINITE QUANTITY TASK ORDER TO PROVIDE A DATA QUALITY PLAN.,TERMINATED,https://www.fpds.gov/ezsearch/jsp/viewLinkController.jsp?agencyID=3600&PIID=36C77625N0046&modNumber=P00001&idvAgencyID=&idvPIID=36C77623D0006&contractType=AWARD,2/26/2025,0.0,3600,36C77625N0046,P00001,3600,36C77623D0006,0,02/25/2025,11/25/2024,02/25/2025,02/25/2025,10/31/2024,0.0,150620.4,0.0,150620.4,0.0,150620.4,LDB4MTDVB8K6,"KILDA GROUP, LLC",KILDA GROUP LLC,1YZS6,479 JUMPERS HOLE RD,STE 204,SEVERNA PARK,MD,211461729,USA,UNITED STATES,(410) 320-0078,(410) 263-0256,MARYLAND 03,R799,SUPPORT- MANAGEMENT: OTHER,541611.0,ADMINISTRATIVE MANAGEMENT AND GENERAL MANAGEMENT CONSULTING SERVICES,MD,,USA,ANNE ARUNDEL,SEVERNA PARK,,21146,1729.0,,2025-05-03-2033
36C77624N0410,Department of Veterans Affairs,TAURIAN CONSULTING LLC,134717.04,ENABLE VA PLANNING AND ENGINEERING STAFF TO EVALUATE VARIOUS APPROACHES AND TECHNOLOGIES TO FLEET ELECTRIFICATION,TERMINATED,https://www.fpds.gov/ezsearch/jsp/viewLinkController.jsp?agencyID=3600&PIID=36C77624N0410&modNumber=P00001&idvAgencyID=&idvPIID=36C77622D0027&contractType=AWARD,2/26/2025,0.0,3600,36C77624N0410,P00001,3600,36C77622D0027,0,02/25/2025,05/06/2024,02/25/2025,02/25/2025,04/01/2024,0.0,134717.04,0.0,134717.04,0.0,134717.04,C3NWEVDNHTA5,TAURIAN CONSULTING LLC,,8ZPN4,612 THIRD ST STE 3A,,ANNAPOLIS,MD,214033246,USA,UNITED STATES,(202) 262-5706,,MARYLAND 03,R799,SUPPORT- MANAGEMENT: OTHER,541611.0,ADMINISTRATIVE MANAGEMENT AND GENERAL MANAGEMENT CONSULTING SERVICES,MD,,USA,ANNE ARUNDEL,ANNAPOLIS,,21403,3246.0,,2025-05-03-2033
36C10D24F0070,Department of Veterans Affairs,"DYNAMIC INTEGRATED SERVICES, LLC",37513899.52,STRATEGIC COMMUNICATION & CHANGE MANAGEMENT SERVICES,TERMINATED,https://www.fpds.gov/ezsearch/jsp/viewLinkController.jsp?agencyID=3600&PIID=36C10D24F0070&modNumber=P00001&idvAgencyID=&idvPIID=47QRAA18D007Y&contractType=AWARD,2/21/2025,30339278.18,3600,36C10D24F0070,P00001,4732,47QRAA18D007Y,PA0016,02/20/2025,09/30/2024,02/20/2025,02/20/2025,06/27/2024,0.0,7174621.34,0.0,7174621.34,0.0,37513899.52,LULHX8RK9JC8,"DYNAMIC INTEGRATED SERVICES, LLC",,6B4P8,16 W STRONG ST,,PENSACOLA,FL,325013138,USA,UNITED STATES,(202) 615-2049,(850) 361-3489,FLORIDA 01,R499,SUPPORT- PROFESSIONAL: OTHER,541611.0,ADMINISTRATIVE MANAGEMENT AND GENERAL MANAGEMENT CONSULTING SERVICES,DC,,USA,DISTRICT OF COLUMBIA,WASHINGTON,,20006,1053.0,,2025-05-03-2033
36C10D23F0030,Department of Veterans Affairs,"SPREZZATURA MANAGEMENT CONSULTING, LLC",18626583.28,DIGITAL MODERNIZATION ANALYTICAL SUPPORT SERVICES TO,TERMINATED,https://www.fpds.gov/ezsearch/jsp/viewLinkController.jsp?agencyID=3600&PIID=36C10D23F0030&modNumber=P00003&idvAgencyID=&idvPIID=47QRAA19D0008&contractType=AWARD,2/21/2025,11516972.28,3600,36C10D23F0030,P00003,4732,47QRAA19D0008,PA0019,02/20/2025,09/28/2023,02/20/2025,02/20/2025,07/21/2023,0.0,4979543.35,0.0,4979543.35,0.0,4979543.35,YQAFFMK4GGU1,"SPREZZATURA MANAGEMENT CONSULTING, LLC",,5K1R8,6224 NELWAY DR,,MC LEAN,VA,221013140,USA,UNITED STATES,(202) 841-0644,(888) 647-0542,VIRGINIA 08,R408,SUPPORT- PROFESSIONAL: PROGRAM MANAGEMENT/SUPPORT,541611.0,ADMINISTRATIVE MANAGEMENT AND GENERAL MANAGEMENT CONSULTING SERVICES,DC,,USA,DISTRICT OF COLUMBIA,WASHINGTON,,20006,1053.0,,2025-05-03-2033
36C10X24F0106,Department of Veterans Affairs,PROMETHEUS FEDERAL SERVICES LLC,425298.81,IDEA PROGRAM SUPPORT,TERMINATED,https://www.fpds.gov/ezsearch/jsp/viewLinkController.jsp?agencyID=3600&PIID=36C10X24F0106&modNumber=P00001&idvAgencyID=&idvPIID=47QRAA19D0013&contractType=AWARD,2/20/2025,0.0,3600,36C10X24F0106,P00001,4732,47QRAA19D0013,0,02/18/2025,09/30/2024,01/23/2025,01/23/2025,08/06/2024,-1325627.62,425298.81,-1325627.62,425298.81,-8777632.0,425298.81,G6Y7CGJ7JLU6,PROMETHEUS FEDERAL SERVICES LLC,,7Q144,13846 REMBRANDT WAY,,CHANTILLY,VA,201513255,USA,UNITED STATES,(202) 792-1005,,VIRGINIA 11,R408,SUPPORT- PROFESSIONAL: PROGRAM MANAGEMENT/SUPPORT,541611.0,ADMINISTRATIVE MANAGEMENT AND GENERAL MANAGEMENT CONSULTING SERVICES,VA,,USA,FAIRFAX,CHANTILLY,,20151,3255.0,,2025-05-03-2033
36C10X24F0031,Department of Veterans Affairs,COGNOSANTE LLC,17328040.61,VHA HIGH RELIABILITY ORGANIZATION (HRO) SUPPORT SERVICES BLANKET PURCHASE AGREEMENT: CALL 6 FOR HRO LEADERSHIP TRAINING/COACHING SUPPORT.,TERMINATED,https://www.fpds.gov/ezsearch/jsp/viewLinkController.jsp?agencyID=3600&PIID=36C10X24F0031&modNumber=P00005&idvAgencyID=&idvPIID=36C10X19A0027&contractType=AWARD,2/18/2025,136671.61,3600,36C10X24F0031,P00005,3600,36C10X19A0027,P00008,02/13/2025,09/29/2024,02/13/2025,02/13/2025,02/01/2024,0.0,17191369.0,0.0,17191369.61,0.0,17328040.61,DKP2F2S75GG5,COGNOSANTE LLC,,3G7K2,3110 FAIRVIEW PARK DR STE 800,,FALLS CHURCH,VA,220424552,USA,UNITED STATES,(480) 481-5914,(480) 423-8108,VIRGINIA 08,R410,SUPPORT- PROFESSIONAL: PROGRAM EVALUATION/REVIEW/DEVELOPMENT,541611.0,ADMINISTRATIVE MANAGEMENT AND GENERAL MANAGEMENT CONSULTING SERVICES,VA,,USA,FAIRFAX,FALLS CHURCH,,22042,2730.0,,2025-05-03-2033
36C10X23N0126,Department of Veterans Affairs,"MANAGEMENT SUPPORT TECHNOLOGY, INCORPORATED",10222790.4,PROFESSIONAL PROGRAM MANAGEMENT AND BUSINESS PROCESS ANALYSIS SUPPORT RELATED SERVICES,TERMINATED,https://www.fpds.gov/ezsearch/jsp/viewLinkController.jsp?agencyID=3600&PIID=36C10X23N0126&modNumber=P00006&idvAgencyID=&idvPIID=VA119A17D0121&contractType=AWARD,2/18/2025,7047284.4,3600,36C10X23N0126,P00006,3600,VA119A17D0121,0,02/13/2025,08/14/2023,02/13/2025,02/13/2026,07/05/2023,0.0,3175506.0,0.0,6512820.08,0.0,10222790.4,DJPFLNM698S6,"MANAGEMENT SUPPORT TECHNOLOGY, INCORPORATED",M S T I,02FD2,3701 PENDER DR STE 505,,FAIRFAX,VA,220307471,USA,UNITED STATES,(703) 385-5841,(703) 385-5843,VIRGINIA 11,R410,SUPPORT- PROFESSIONAL: PROGRAM EVALUATION/REVIEW/DEVELOPMENT,541611.0,ADMINISTRATIVE MANAGEMENT AND GENERAL MANAGEMENT CONSULTING SERVICES,MD,,USA,FREDERICK,FREDERICK,,21702,6440.0,,2025-05-03-2033
36C10B25F0054,Department of Veterans Affairs,"CENTEVA, LLC",8241753.93,OPAL TIER 1 ACQUISITION SYSTEMS SUPPORT,TERMINATED,https://www.fpds.gov/ezsearch/jsp/viewLinkController.jsp?agencyID=3600&PIID=36C10B25F0054&modNumber=P00001&idvAgencyID=&idvPIID=GS00F132DA&contractType=AWARD,2/18/2025,8172389.99,3600,36C10B25F0054,P00001,4732,GS00F132DA,PA0023,01/24/2025,01/01/2025,01/24/2025,01/24/2025,09/06/2024,-745662.29,69363.94,-745662.29,69363.94,-8172389.99,69363.94,VFPKHHHDDBR2,"CENTEVA, LLC",,50ZF1,155 CHURCH ST STE 210,,LOGAN,UT,843214644,USA,UNITED STATES,(801) 597-0717,(866) 596-7639,UTAH 01,DA01,IT AND TELECOM - BUSINESS APPLICATION/APPLICATION DEVELOPMENT SUPPORT SERVICES (LABOR),541611.0,ADMINISTRATIVE MANAGEMENT AND GENERAL MANAGEMENT CONSULTING SERVICES,UT,,USA,CACHE,LOGAN,,84321,4794.0,,2025-05-03-2033
36C26123F0486,Department of Veterans Affairs,"DYNAMIC INTEGRATED SERVICES, LLC",298021.56,Women's Clinic Equity Boost San Francisco VA Medical Center,Expired,https://www.fpds.gov/ezsearch/jsp/viewLinkController.jsp?agencyID=3600&PIID=36C26123F0486&modNumber=P00004&idvAgencyID=&idvPIID=47QRAA18D007Y&contractType=AWARD,1/29/2025,122880.0,3600,36C26123F0486,P00004,4732,47QRAA18D007Y,PA0016,01/28/2025,09/01/2023,01/28/2025,01/28/2025,07/12/2023,0.0,122880.0,0.0,298021.56,0.0,298021.56,LULHX8RK9JC8,"DYNAMIC INTEGRATED SERVICES, LLC",,6B4P8,16 W STRONG ST,,PENSACOLA,FL,325013138,USA,UNITED STATES,(202) 615-2049,(850) 361-3489,FLORIDA 01,T001,PHOTO/MAP/PRINT/PUBLICATION- ARTS/GRAPHICS,541611.0,ADMINISTRATIVE MANAGEMENT AND GENERAL MANAGEMENT CONSULTING SERVICES,CA,,USA,SAN FRANCISCO,SAN FRANCISCO,,94121,1563.0,,2025-05-03-2033
36C26224P1551,Department of Veterans Affairs,WAHLBANGERS DRUM CIRCLE,120000.0,DRUM CIRCLE MUSIC THERAPY SERVICES,TERMINATED,https://www.fpds.gov/ezsearch/jsp/viewLinkController.jsp?agencyID=3600&PIID=36C26224P1551&modNumber=P00001&idvAgencyID=&idvPIID=&contractType=AWARD,5/9/2025,98400.0,3600,36C26224P1551,P00001,,,,05/05/2025,06/13/2024,04/18/2025,04/18/2025,05/07/2024,0.0,21600.0,0.0,21600.0,0.0,120000.0,NM71WX61TPL3,WAHLBANGERS DRUM CIRCLE,,95TL4,11533 OTSEGO ST,,NORTH HOLLYWOOD,CA,916013626,USA,UNITED STATES,(951) 212-1358,,CALIFORNIA 29,G004,SOCIAL- SOCIAL REHABILITATION,624190.0,OTHER INDIVIDUAL AND FAMILY SERVICES,CA,,USA,LOS ANGELES,LOS ANGELES,,90073,1003.0,,2025-05-12-0233
36C26023P0690,Department of Veterans Affairs,CARAHSOFT TECHNOLOGY CORP,40183.67,ONLINE NURSING RECRUITMENT SERVICE,TERMINATED,https://www.fpds.gov/ezsearch/jsp/viewLinkController.jsp?agencyID=3600&PIID=36C26023P0690&modNumber=P00003&idvAgencyID=&idvPIID=&contractType=AWARD,5/9/2025,0.0,3600,36C26023P0690,P00003,,,,04/21/2025,07/15/2023,03/27/2025,03/27/2025,05/29/2023,-7451.69,40183.67,-7451.69,40183.67,-7451.69,40183.67,DT8KJHZXVJH5,CARAHSOFT TECHNOLOGY CORP,,1P3C5,11493 SUNSET HILLS RD,STE 100,RESTON,VA,201905230,USA,UNITED STATES,(703) 871-8500,(703) 871-8505,VIRGINIA 11,DA10,IT AND TELECOM - BUSINESS APPLICATION/APPLICATION DEVELOPMENT SOFTWARE AS A SERVICE,541810.0,ADVERTISING AGENCIES,OR,,USA,MULTNOMAH,PORTLAND,,97239,2964.0,,2025-05-12-0233
36C26323P0907,Department of Veterans Affairs,"MASSACHUSETTS GENERAL HOSPITAL, THE",14975.0,ADMINISTRATIVE MANAGEMENT AND GENERAL MANAGEMENT CONSULTING SERVICES: SCHWARTZ CENTER MEMBERSHIP,TERMINATED,https://www.fpds.gov/ezsearch/jsp/viewLinkController.jsp?agencyID=3600&PIID=36C26323P0907&modNumber=P00003&idvAgencyID=&idvPIID=&contractType=AWARD,5/8/2025,8985.0,3600,36C26323P0907,P00003,,,,05/06/2025,09/01/2023,04/10/2025,04/10/2025,,0.0,5990.0,0.0,5990.0,0.0,14975.0,XLZSLKFKYUL9,"MASSACHUSETTS GENERAL HOSPITAL, THE","SCHWARTZ CENTER FOR COMPASSIONATE HEALTHCARE, THE",7L3S2,100 CAMBRIDGE ST STE 2100,,BOSTON,MA,021142509,USA,UNITED STATES,(617) 726-0127,,MASSACHUSETTS 08,U005,EDUCATION/TRAINING- TUITION/REGISTRATION/MEMBERSHIP FEES,541611.0,ADMINISTRATIVE MANAGEMENT AND GENERAL MANAGEMENT CONSULTING SERVICES,MA,,USA,SUFFOLK,BOSTON,,02114,2509.0,,2025-05-12-0233
36C24E25P0013,Department of Veterans Affairs,SIPE JEAN,139466.0,PEER REVIEW STUDIES,TERMINATED,https://www.fpds.gov/ezsearch/jsp/viewLinkController.jsp?agencyID=3600&PIID=36C24E25P0013&modNumber=P00001&idvAgencyID=&idvPIID=&contractType=AWARD,5/6/2025,134866.0,3600,36C24E25P0013,P00001,,,,04/30/2025,11/21/2024,03/06/2025,03/06/2025,11/11/2024,-21673.0,4600.0,-21673.0,4600.0,0.0,139466.0,HCB5J1TKLTL9,SIPE JEAN,JEAN DOW SIPE SCIENTIST & PEER REVIEW CONSULTANT,6XZL1,121 PORTLAND ST UNIT 403,,BOSTON,MA,021142041,USA,UNITED STATES,(301) 502-1388,,MASSACHUSETTS 08,R410,SUPPORT- PROFESSIONAL: PROGRAM EVALUATION/REVIEW/DEVELOPMENT,541690.0,OTHER SCIENTIFIC AND TECHNICAL CONSULTING SERVICES,MA,,USA,SUFFOLK,BOSTON,,02114,1.0,,2025-05-12-0233
36C10X21F0083,Department of Veterans Affairs,"INFORMATION FIRST, INC.",121702.69,CLIENT INFORMATION AND REGISTRATION TRACKING SYSTEM MAINTENANCE SUPPORT AND UPGRADE,TERMINATED,https://www.fpds.gov/ezsearch/jsp/viewLinkController.jsp?agencyID=3600&PIID=36C10X21F0083&modNumber=P00004&idvAgencyID=&idvPIID=47QTCA19D0097&contractType=AWARD,5/6/2025,0.0,3600,36C10X21F0083,P00004,4732,47QTCA19D0097,PO0031,04/22/2025,08/16/2021,02/25/2025,02/25/2025,,-26174.56,121702.69,-26174.56,121702.69,-67399.46,121702.69,L4YRB111WR81,"INFORMATION FIRST, INC.",,3C5L1,22 MONTAUK LN,,PALM COAST,FL,321644273,USA,UNITED STATES,(703) 626-5464,,FLORIDA 06,R499,SUPPORT- PROFESSIONAL: OTHER,541519.0,OTHER COMPUTER RELATED SERVICES,KS,,USA,SHAWNEE,TOPEKA,,66604,2786.0,,2025-05-12-0233
36C10D21F0002,Department of Veterans Affairs,"BEST VALUE TECHNOLOGY, INC.",39773201.78,Quality Assessment and Monitoring (QA&M) for the VBA Office of Business Integration.,SUPPLEMENTAL AGREEMENT FOR WORK WITHIN SCOPE,https://www.fpds.gov/ezsearch/jsp/viewLinkController.jsp?agencyID=3600&PIID=36C10D21F0002&modNumber=P00019&idvAgencyID=&idvPIID=GS10F227AA&contractType=AWARD,3/12/2025,21011308.0,3600,36C10D21F0002,P00019,4732,GS10F227AA,PA0019,05/01/2025,11/29/2020,11/28/2025,11/28/2025,09/01/2020,-580537.18,21919479.69,-580537.18,25699150.48,-580537.18,38537607.24,NVBULU4RNZ97,"BEST VALUE TECHNOLOGY, INC.",,1YL61,1417 LILY ESTATES DR,,RALEIGH,NC,276146003,USA,UNITED STATES,(703) 229-4200,(703) 229-4229,NORTH CAROLINA 02,R499,SUPPORT- PROFESSIONAL: OTHER,541611.0,ADMINISTRATIVE MANAGEMENT AND GENERAL MANAGEMENT CONSULTING SERVICES,VA,,USA,PRINCE WILLIAM,HAYMARKET,,20169,1667.0,,2025-05-12-0233
36C77624N1002,Department of Veterans Affairs,INNOVET HEALTH LLC,4563497.64,EO14042 - CLINICAL DECISION SUPPORT CDS IDIQ,TERMINATED,https://www.fpds.gov/ezsearch/jsp/viewLinkController.jsp?agencyID=3600&PIID=36C77624N1002&modNumber=P00002&idvAgencyID=&idvPIID=36C77620D0023&contractType=AWARD,3/6/2025,2928394.8,3600,36C77624N1002,P00002,3600,36C77620D0023,P00002,05/08/2025,09/30/2024,02/25/2025,02/25/2025,09/05/2024,-949456.9,685645.94,-949456.9,685645.94,-3877851.7,685645.94,KXMMBDFHKAC6,INNOVET HEALTH LLC,,7ZSX4,1908 THOMES AVE,,CHEYENNE,WY,820013527,USA,UNITED STATES,(617) 834-5712,,WYOMING 00,R410,SUPPORT- PROFESSIONAL: PROGRAM EVALUATION/REVIEW/DEVELOPMENT,541611.0,ADMINISTRATIVE MANAGEMENT AND GENERAL MANAGEMENT CONSULTING SERVICES,WY,,USA,LARAMIE,CHEYENNE,,82001,3527.0,,2025-05-12-0233
36C10X24N0068,Department of Veterans Affairs,TITAN ALPHA LLC,969851.93,VHA INTEGRATED HEALTHCARE TRANSFORMATION (IHT) IDIQ CONTRACT-,TERMINATED,https://www.fpds.gov/ezsearch/jsp/viewLinkController.jsp?agencyID=3600&PIID=36C10X24N0068&modNumber=P00004&idvAgencyID=&idvPIID=36C10X20D0006&contractType=AWARD,3/5/2025,0.0,3600,36C10X24N0068,P00004,3600,36C10X20D0006,0,05/07/2025,01/25/2024,02/25/2025,02/25/2025,01/04/2024,-269447.08,700404.85,-269447.08,700404.85,-269447.08,700404.85,EGLRC9AH8XA7,TITAN ALPHA LLC,,80RY6,13846 REMBRANDT WAY,,CHANTILLY,VA,201513255,USA,UNITED STATES,(202) 792-1005,(202) 540-8006,VIRGINIA 11,R408,SUPPORT- PROFESSIONAL: PROGRAM MANAGEMENT/SUPPORT,541611.0,ADMINISTRATIVE MANAGEMENT AND GENERAL MANAGEMENT CONSULTING SERVICES,VA,,USA,FAIRFAX,CHANTILLY,,20151,3933.0,,2025-05-12-0233
36E77620C0033,Department of Veterans Affairs,ALARES LLC,159000.0,MENLO PARK ENHANCED USE LEASE EUL,TERMINATED,https://www.fpds.gov/ezsearch/jsp/viewLinkController.jsp?agencyID=3600&PIID=36E77620C0033&modNumber=P00002&idvAgencyID=&idvPIID=&contractType=AWARD,3/5/2025,0.0,3600,36E77620C0033,P00002,,,,05/02/2025,02/27/2020,02/25/2025,02/25/2025,,-24670.0,134330.0,0.0,159000.0,0.0,159000.0,LNBMVMPS1JA4,ALARES LLC,,4X3Q1,248 COPELAND ST,,QUINCY,MA,021694005,USA,UNITED STATES,(617) 481-6390,(617) 687-5555,MASSACHUSETTS 08,R799,SUPPORT- MANAGEMENT: OTHER,541611.0,ADMINISTRATIVE MANAGEMENT AND GENERAL MANAGEMENT CONSULTING SERVICES,MA,,USA,NORFOLK,QUINCY,,02169,4005.0,,2025-05-12-0233
36C24723P0334,Department of Veterans Affairs,HEADS-UP PERFORMANCE INC,592702.35,COMMITMENT MANAGMENT CULTURE CHANGE TRAINING SERVICE,TERMINATED,https://www.fpds.gov/ezsearch/jsp/viewLinkController.jsp?agencyID=3600&PIID=36C24723P0334&modNumber=P00004&idvAgencyID=&idvPIID=&contractType=AWARD,5/23/2025,40000.0,3600,36C24723P0334,P00004,,,,05/21/2025,02/01/2023,02/25/2025,02/25/2025,12/12/2022,-67228.68,552702.35,-67228.68,592702.35,-67228.68,592702.35,PRHMKMNAU8B8,HEADS-UP PERFORMANCE INC,,397C5,5026 BARROWE DR,,TAMPA,FL,336242593,USA,UNITED STATES,(813) 389-9810,,FLORIDA 15,U009,EDUCATION/TRAINING- GENERAL,541611.0,ADMINISTRATIVE MANAGEMENT AND GENERAL MANAGEMENT CONSULTING SERVICES,GA,,USA,DEKALB,DECATUR,,30033,6137.0,,2025-05-26-1733
36C10B23F0182,Department of Veterans Affairs,TECHANAX LLC,186212627.28,INFORMATION TECHNOLOGY AND TELECOMMUNICATIONS PROVISIONING SERVICES FOR VETERANS ADMINISTRATION ENDPOINT DEVICES,TERMINATED,https://www.fpds.gov/ezsearch/jsp/viewLinkController.jsp?agencyID=3600&PIID=36C10B23F0182&modNumber=P00011&idvAgencyID=&idvPIID=NNG15SD24B&contractType=AWARD,5/22/2025,180580054.39,3600,36C10B23F0182,P00011,8000,NNG15SD24B,9,05/20/2025,07/07/2023,05/11/2025,05/11/2025,08/10/2022,0.0,5632572.89,0.0,5632572.89,0.0,186212627.28,DJJ8LJTNK156,TECHANAX LLC,,6SM10,14000 CROWN COURT SUITE 206,,WOODBRIDGE,VA,221931471,USA,UNITED STATES,(703) 864-9259,(888) 919-9785,VIRGINIA 07,DE10,"IT and Telecom - End User as a Service: Help Desk;Tier 1-2,Workspace,Print,Output,Productivity Tools",541519.0,OTHER COMPUTER RELATED SERVICES,FL,,USA,VOLUSIA,PORT ORANGE,,32128,8318.0,,2025-05-26-1733
36C77624P0088,Department of Veterans Affairs,"THE CRADDOCK GROUP, LLC",964116.37,ADMINISTRATIVE MANAGEMENT - ACTIVATION PROGRAM SUPPORT SERVICES,TERMINATED,https://www.fpds.gov/ezsearch/jsp/viewLinkController.jsp?agencyID=3600&PIID=36C77624P0088&modNumber=P00001&idvAgencyID=&idvPIID=&contractType=AWARD,5/21/2025,881385.0,3600,36C77624P0088,P00001,,,,05/19/2025,09/25/2024,03/05/2025,03/05/2025,08/12/2024,-121537.35,82730.92,-121537.35,82730.92,-121537.35,964116.37,DVFKRULPER77,"THE CRADDOCK GROUP, LLC","THE CRADDOCK GROUP, LLC",5VKS1,3033 WILSON BLVD STE 700,,ARLINGTON,VA,222013868,USA,UNITED STATES,(703) 472-1620,(888) 426-6534,VIRGINIA 08,R408,SUPPORT- PROFESSIONAL: PROGRAM MANAGEMENT/SUPPORT,541611.0,ADMINISTRATIVE MANAGEMENT AND GENERAL MANAGEMENT CONSULTING SERVICES,OK,,USA,MUSKOGEE,MUSKOGEE,,74401,4171.0,,2025-05-26-1733
36C10F24C50013,Department of Veterans Affairs,FFE ENVIRONMENTAL SERVICES INC,756091.32,ARCHITECTURAL AND ENGINEERING SERVICES: 10 FACILITIES ACCESSIBILITY SURVEY,TERMINATED,https://www.fpds.gov/ezsearch/jsp/viewLinkController.jsp?agencyID=3600&PIID=36C10F24C50013&modNumber=P00001&idvAgencyID=&idvPIID=&contractType=AWARD,5/21/2025,0.0,3600,36C10F24C50013,P00001,,,,01/30/2025,08/14/2024,06/10/2025,06/10/2025,04/05/2024,0.0,756091.32,0.0,756091.32,0.0,756091.32,PJHFMJBBY1N8,FFE ENVIRONMENTAL SERVICES INC,,42QD9,4445 LAKE FOREST DR,SUITE 600,BLUE ASH,OH,452423744,USA,UNITED STATES,(513) 519-5999,(513) 564-9735,OHIO 01,C219,ARCHITECT AND ENGINEERING- GENERAL: OTHER,541330.0,ENGINEERING SERVICES,TX,,USA,DALLAS,DALLAS,,75216,7167.0,,2025-05-26-1733
36C24725P0609,Department of Veterans Affairs,VETERAN TECHNOLOGY PARTNERS LLC,30455.0,BISCOM SOFTWARE FOR LEXMARK EQUIPMENT,TERMINATED,https://www.fpds.gov/ezsearch/jsp/viewLinkController.jsp?agencyID=3600&PIID=36C24725P0609&modNumber=P00001&idvAgencyID=&idvPIID=&contractType=AWARD,5/21/2025,0.0,3600,36C24725P0609,P00001,,,,04/30/2025,04/15/2025,04/16/2025,04/16/2025,03/24/2025,0.0,30455.0,0.0,30455.0,0.0,30455.0,KDLED2J72983,VETERAN TECHNOLOGY PARTNERS LLC,,7Q6Q6,340 HOWARD AVE.,,DES PLAINES,IL,600181908,USA,UNITED STATES,(847) 952-6989,(847) 952-6901,ILLINOIS 03,R799,SUPPORT- MANAGEMENT: OTHER,517121.0,TELECOMMUNICATIONS RESELLERS,AL,,USA,JEFFERSON,BIRMINGHAM,,35233,1121.0,,2025-05-26-1733
36C10X23F0069,Department of Veterans Affairs,"EMPLOYMENT LEARNING INNOVATIONS, INC.",60729.61,PROFESSIONAL AND MANAGEMENT DEVELOPMENT TRAINING: PARTICIPANTS KITS FOR LEADERS AND EMPLOYEES,TERMINATED,https://www.fpds.gov/ezsearch/jsp/viewLinkController.jsp?agencyID=3600&PIID=36C10X23F0069&modNumber=P00002&idvAgencyID=&idvPIID=GS02F0048X&contractType=AWARD,5/19/2025,0.0,3600,36C10X23F0069,P00002,4732,GS02F0048X,PA0028,04/07/2025,09/01/2023,02/27/2025,02/27/2025,08/02/2023,-245270.39,60729.61,-245270.39,60729.61,-704270.39,60729.61,M9QCVFLQB637,"EMPLOYMENT LEARNING INNOVATIONS, INC.",,3NRZ1,2675 PACES FERRY RD SE,,ATLANTA,GA,303394052,USA,UNITED STATES,(770) 437-2456,(770) 319-7905,GEORGIA 11,R408,SUPPORT- PROFESSIONAL: PROGRAM MANAGEMENT/SUPPORT,611430.0,PROFESSIONAL AND MANAGEMENT DEVELOPMENT TRAINING,GA,,USA,COBB,ATLANTA,,30339,4052.0,,2025-05-26-1733
36C25821P0210,Department of Veterans Affairs,"AMERICAN NATIONAL STANDARDS INSTITUTE, INCORPORATED",31220.0,"HEALTHCARE RESEARCH/ADMINISTRATIVE MANAGEMENT AND GENERAL MANAGEMENT CONSULTING SERVICES: INTERNATIONAL ORGANIZATION FOR STANDARDIZATION (ISO) 9000:2015, 9001:2015, AND 20387:2018 LICENSING, NEW MEXICO VETERANS AFFAIRS HEALTH CARE SYSTEM",TERMINATED,https://www.fpds.gov/ezsearch/jsp/viewLinkController.jsp?agencyID=3600&PIID=36C25821P0210&modNumber=P00005&idvAgencyID=&idvPIID=&contractType=AWARD,5/19/2025,13380.0,3600,36C25821P0210,P00005,,,,05/15/2025,07/07/2021,03/05/2025,03/05/2025,,0.0,17840.0,0.0,17840.0,0.0,31220.0,KLL1BBSP8MX4,"AMERICAN NATIONAL STANDARDS INSTITUTE, INCORPORATED",A N S I,80204,1899 L ST NW 11TH FLOOR,,WASHINGTON,DC,200363804,USA,UNITED STATES,(212) 642-4902,(212) 398-0023,DISTRICT OF COLUMBIA 98,AN11,HEALTH R&D SERVICES; HEALTH CARE SERVICES; BASIC RESEARCH,541611.0,ADMINISTRATIVE MANAGEMENT AND GENERAL MANAGEMENT CONSULTING SERVICES,NM,,USA,BERNALILLO,ALBUQUERQUE,,87108,5153.0,,2025-05-26-1733
36C26223P2365,Department of Veterans Affairs,"BUILD CLINICAL, LLC",18756.0,"ADVERTISEMENT MANAGEMENT SUPPORT: RECRUITMENT, HEALTH INSURANCE PORTABILITY AND ACCOUNTABILITY ACT (HIPAA) COMPLIANT DIGITAL RESEARCH STUDY",TERMINATED,https://www.fpds.gov/ezsearch/jsp/viewLinkController.jsp?agencyID=3600&PIID=36C26223P2365&modNumber=P00002&idvAgencyID=&idvPIID=&contractType=AWARD,5/19/2025,0.0,3600,36C26223P2365,P00002,,,,03/21/2025,09/15/2023,03/03/2025,03/03/2025,08/01/2023,0.0,18756.0,0.0,18756.0,0.0,18756.0,CAG3L9FLHWS3,"BUILD CLINICAL, LLC",,8VN73,308 E 79TH STREET,STE 13EF,NEW YORK,NY,100750998,USA,UNITED STATES,(914) 954-1816,,NEW YORK 12,R701,SUPPORT- MANAGEMENT: ADVERTISING,541810.0,ADVERTISING AGENCIES,CA,,USA,SAN DIEGO,SAN DIEGO,,92161,1.0,,2025-05-26-1733
36C24E24N0216,Department of Veterans Affairs,"PATHFINDER CONSULTANTS, LLC",530688.13,Professional Acquisition Support Services,TERMINATED,https://www.fpds.gov/ezsearch/jsp/viewLinkController.jsp?agencyID=3600&PIID=36C24E24N0216&modNumber=P00001&idvAgencyID=&idvPIID=36C24E22A0003&contractType=AWARD,5/19/2025,0.0,3600,36C24E24N0216,P00001,3600,36C24E22A0003,P00004,05/15/2025,09/21/2024,03/05/2025,03/05/2025,09/11/2024,-469271.87,530688.13,-469271.87,530688.13,-469271.87,530688.13,NE7FN362JCH1,"PATHFINDER CONSULTANTS, LLC",,5ZLG0,1936 E BEECH RD,,STERLING,VA,201641934,USA,UNITED STATES,(202) 737-7284,(202) 618-6234,VIRGINIA 10,R707,SUPPORT- MANAGEMENT: CONTRACT/PROCUREMENT/ACQUISITION SUPPORT,541611.0,ADMINISTRATIVE MANAGEMENT AND GENERAL MANAGEMENT CONSULTING SERVICES,MD,,USA,ANNE ARUNDEL,LINTHICUM HEIGHTS,,21090,2700.0,,2025-05-26-1733
36C24E24N0219,Department of Veterans Affairs,"PATHFINDER CONSULTANTS, LLC",509868.94,Professional Acquisition Support Services,TERMINATED,https://www.fpds.gov/ezsearch/jsp/viewLinkController.jsp?agencyID=3600&PIID=36C24E24N0219&modNumber=P00001&idvAgencyID=&idvPIID=36C24E22A0003&contractType=AWARD,5/19/2025,0.0,3600,36C24E24N0219,P00001,3600,36C24E22A0003,P00004,05/15/2025,09/21/2024,03/05/2025,03/05/2025,09/11/2024,-348547.06,509868.94,-348547.06,509868.94,-348547.06,509868.94,NE7FN362JCH1,"PATHFINDER CONSULTANTS, LLC",,5ZLG0,1936 E BEECH RD,,STERLING,VA,201641934,USA,UNITED STATES,(202) 737-7284,(202) 618-6234,VIRGINIA 10,R707,SUPPORT- MANAGEMENT: CONTRACT/PROCUREMENT/ACQUISITION SUPPORT,541611.0,ADMINISTRATIVE MANAGEMENT AND GENERAL MANAGEMENT CONSULTING SERVICES,PA,,USA,ALLEGHENY,ASPINWALL,,15215,1625.0,,2025-05-26-1733
36C24E24N0217,Department of Veterans Affairs,"PATHFINDER CONSULTANTS, LLC",454553.16,Professional Acquisition Support Services,TERMINATED,https://www.fpds.gov/ezsearch/jsp/viewLinkController.jsp?agencyID=3600&PIID=36C24E24N0217&modNumber=P00002&idvAgencyID=&idvPIID=36C24E22A0003&contractType=AWARD,5/19/2025,0.0,3600,36C24E24N0217,P00002,3600,36C24E22A0003,P00004,05/15/2025,09/21/2024,03/05/2025,03/05/2025,09/11/2024,-503386.34,454553.16,-503386.34,454553.16,-503386.34,454553.16,NE7FN362JCH1,"PATHFINDER CONSULTANTS, LLC",,5ZLG0,1936 E BEECH RD,,STERLING,VA,201641934,USA,UNITED STATES,(202) 737-7284,(202) 618-6234,VIRGINIA 10,R707,SUPPORT- MANAGEMENT: CONTRACT/PROCUREMENT/ACQUISITION SUPPORT,541611.0,ADMINISTRATIVE MANAGEMENT AND GENERAL MANAGEMENT CONSULTING SERVICES,NC,,USA,DURHAM,DURHAM,,27707,7001.0,,2025-05-26-1733
36C24E24N0215,Department of Veterans Affairs,"PATHFINDER CONSULTANTS, LLC",326979.84,Professional Acquisition Support Services,TERMINATED,https://www.fpds.gov/ezsearch/jsp/viewLinkController.jsp?agencyID=3600&PIID=36C24E24N0215&modNumber=P00001&idvAgencyID=&idvPIID=36C24E22A0003&contractType=AWARD,5/19/2025,0.0,3600,36C24E24N0215,P00001,3600,36C24E22A0003,P00004,05/15/2025,09/21/2024,03/05/2025,03/05/2025,09/11/2024,-155476.16,326979.84,-155476.16,326979.84,-155476.16,326979.84,NE7FN362JCH1,"PATHFINDER CONSULTANTS, LLC",,5ZLG0,1936 E BEECH RD,,STERLING,VA,201641934,USA,UNITED STATES,(202) 737-7284,(202) 618-6234,VIRGINIA 10,R707,SUPPORT- MANAGEMENT: CONTRACT/PROCUREMENT/ACQUISITION SUPPORT,541611.0,ADMINISTRATIVE MANAGEMENT AND GENERAL MANAGEMENT CONSULTING SERVICES,PA,,USA,ALLEGHENY,ASPINWALL,,15215,1625.0,,2025-05-26-1733
36C24E24N0218,Department of Veterans Affairs,"PATHFINDER CONSULTANTS, LLC",316268.84,Professional Acquisition Support Services,TERMINATED,https://www.fpds.gov/ezsearch/jsp/viewLinkController.jsp?agencyID=3600&PIID=36C24E24N0218&modNumber=P00002&idvAgencyID=&idvPIID=36C24E22A0003&contractType=AWARD,5/19/2025,0.0,3600,36C24E24N0218,P00002,3600,36C24E22A0003,P00004,05/15/2025,09/21/2024,03/05/2025,03/05/2025,09/11/2024,-173883.16,316268.84,-173883.16,316268.84,-173883.16,316268.84,NE7FN362JCH1,"PATHFINDER CONSULTANTS, LLC",,5ZLG0,1936 E BEECH RD,,STERLING,VA,201641934,USA,UNITED STATES,(202) 737-7284,(202) 618-6234,VIRGINIA 10,R707,SUPPORT- MANAGEMENT: CONTRACT/PROCUREMENT/ACQUISITION SUPPORT,541611.0,ADMINISTRATIVE MANAGEMENT AND GENERAL MANAGEMENT CONSULTING SERVICES,FL,,USA,HILLSBOROUGH,TAMPA,,33612,7099.0,,2025-05-26-1733
36C24E24N0214,Department of Veterans Affairs,"PATHFINDER CONSULTANTS, LLC",307066.28,Professional Acquisition Support Services,TERMINATED,https://www.fpds.gov/ezsearch/jsp/viewLinkController.jsp?agencyID=3600&PIID=36C24E24N0214&modNumber=P00002&idvAgencyID=&idvPIID=36C24E22A0003&contractType=AWARD,5/19/2025,0.0,3600,36C24E24N0214,P00002,3600,36C24E22A0003,P00004,05/15/2025,09/21/2024,03/05/2025,03/05/2025,09/11/2024,-485413.72,307066.28,-485413.72,307066.28,-485413.72,307066.28,NE7FN362JCH1,"PATHFINDER CONSULTANTS, LLC",,5ZLG0,1936 E BEECH RD,,STERLING,VA,201641934,USA,UNITED STATES,(202) 737-7284,(202) 618-6234,VIRGINIA 10,R707,SUPPORT- MANAGEMENT: CONTRACT/PROCUREMENT/ACQUISITION SUPPORT,541611.0,ADMINISTRATIVE MANAGEMENT AND GENERAL MANAGEMENT CONSULTING SERVICES,NY,,USA,WESTCHESTER,TARRYTOWN,,10591,2.0,,2025-05-26-1733
36C24524N0093,Department of Veterans Affairs,THE ARBINGER COMPANY,1020523.2,High Reliability Organization Training,TERMINATED,https://www.fpds.gov/ezsearch/jsp/viewLinkController.jsp?agencyID=3600&PIID=36C24524N0093&modNumber=P00004&idvAgencyID=&idvPIID=36C24523D0131&contractType=AWARD,5/16/2025,0.0,3600,36C24524N0093,P00004,3600,36C24523D0131,0,01/29/2025,11/10/2023,01/28/2025,01/28/2025,08/15/2023,0.0,1020523.2,0.0,1020523.2,0.0,1020523.2,XDJYKQ4BVTJ3,THE ARBINGER COMPANY,ARBINGER TRAINING AND CONSULTING,1UMN6,686 N ARBINGER WAY,STE 200,FARMINGTON,UT,840253067,USA,UNITED STATES,(619) 243-6896,(801) 447-9376,UTAH 02,L069,TECHNICAL REPRESENTATIVE- TRAINING AIDS AND DEVICES,611430.0,PROFESSIONAL AND MANAGEMENT DEVELOPMENT TRAINING,DC,,USA,DISTRICT OF COLUMBIA,WASHINGTON,,20422,3.0,,2025-05-26-1733
36C26220P0683,Department of Veterans Affairs,REC SOLAR COMMERCIAL CORPORATION,816147.76,SOLAR PANEL INVERTER SERVICES,TERMINATED,https://www.fpds.gov/ezsearch/jsp/viewLinkController.jsp?agencyID=3600&PIID=36C26220P0683&modNumber=P00010&idvAgencyID=&idvPIID=&contractType=AWARD,5/16/2025,0.0,3600,36C26220P0683,P00010,,,,03/28/2025,04/01/2020,03/27/2025,03/27/2025,03/09/2020,0.0,816147.76,0.0,816147.76,0.0,816147.76,YBZKL9JJ45J3,REC SOLAR COMMERCIAL CORPORATION,REC SOLAR,71FL8,3450 BROAD ST STE 105,,SAN LUIS OBISPO,CA,934017214,USA,UNITED STATES,(909) 576-5338,,CALIFORNIA 24,Z1MG,MAINTENANCE OF EPG FACILITIES - SOLAR,221114.0,SOLAR ELECTRIC POWER GENERATION,CA,,USA,SAN LUIS OBISPO,SAN LUIS OBISPO,,93401,1205.0,,2025-05-26-1733
36C25624F0069,Department of Veterans Affairs,PERFORMAX 3 INCORPORATED,665778.45,GUIDANCE TO MANAGERS/SUPERVISORS ON ISSUES RELATED TO FEDERAL CASES HUMAN RESOURCE AND WORKFORCE DEVELOPMENT ISSUES.,TERMINATED,https://www.fpds.gov/ezsearch/jsp/viewLinkController.jsp?agencyID=3600&PIID=36C25624F0069&modNumber=P00002&idvAgencyID=&idvPIID=GS35F0077R&contractType=AWARD,5/16/2025,467314.0,3600,36C25624F0069,P00002,4730,GS35F0077R,0,02/21/2025,11/30/2023,02/21/2025,02/21/2025,09/28/2023,-113078.55,198464.25,-113078.55,198464.25,-113078.55,665778.45,ZVFNKCNK5UV3,PERFORMAX 3 INCORPORATED,,1MM88,2555 ENTERPRISE RD STE 8,,CLEARWATER,FL,337633110,USA,UNITED STATES,,,FLORIDA 13,DE01,"IT and Telecom - End User: Help Desk; Tier 1-2, Workspace, Print, Output, Productivity Tools (Labor)",611420.0,COMPUTER TRAINING,LA,,USA,CADDO,SHREVEPORT,,71101,4642.0,,2025-05-26-1733
36C25725C0004,Department of Veterans Affairs,ACUTE RESPONSE INC,8088762.6,Medical courier services for VA facilities,TERMINATED,https://www.fpds.gov/ezsearch/jsp/viewLinkController.jsp?agencyID=3600&PIID=36C25725C0004&modNumber=P00001&idvAgencyID=&idvPIID=&contractType=AWARD,5/15/2025,8088762.6,3600,36C25725C0004,P00001,,,,03/17/2025,01/07/2025,03/17/2025,03/17/2025,05/06/2024,-1617752.52,0.0,-1617752.52,0.0,-8088762.6,0.0,J5EMFNCL2N67,ACUTE RESPONSE INC,,90AY1,2299 ROCK VIEW GLN,,ESCONDIDO,CA,920265030,USA,UNITED STATES,(619) 254-0547,,CALIFORNIA 48,R602,SUPPORT- ADMINISTRATIVE: COURIER/MESSENGER,492110.0,COURIERS AND EXPRESS DELIVERY SERVICES,TX,,USA,BEXAR,SAN ANTONIO,,78229,4404.0,,2025-05-26-1733
36C10F24C0005,Department of Veterans Affairs,BRAVO COMMUNICATIONS SERVICES LLC,8394740.0,Telecommunication Infrastructure Contract by Bravo Communications,TERMINATED,https://www.fpds.gov/ezsearch/jsp/viewLinkController.jsp?agencyID=3600&PIID=36C10F24C0005&modNumber=P00001&idvAgencyID=&idvPIID=&contractType=AWARD,5/15/2025,7878462.0,3600,36C10F24C0005,P00001,,,,04/02/2025,10/01/2024,04/02/2025,04/02/2025,06/28/2024,-1103202.76,516277.24,-1103202.76,516277.24,-1103202.76,7291537.24,C2P7M1SK6VM3,BRAVO COMMUNICATIONS SERVICES LLC,,9J4Z4,6320 KARMICH ST,,FAIRFAX STATION,VA,220391621,USA,UNITED STATES,(703) 789-4481,(703) 543-2319,VIRGINIA 10,Z2AA,REPAIR OR ALTERATION OF OFFICE BUILDINGS,238210.0,ELECTRICAL CONTRACTORS AND OTHER WIRING INSTALLATION CONTRACTORS,DC,,USA,DISTRICT OF COLUMBIA,WASHINGTON,,20001,4.0,,2025-05-26-1733
36C25025C0033,Department of Veterans Affairs,THE SEVERSON GROUP LLC,4448125.68,Indianapolis Domiciliary Food Service Contract,TERMINATED,https://www.fpds.gov/ezsearch/jsp/viewLinkController.jsp?agencyID=3600&PIID=36C25025C0033&modNumber=P00001&idvAgencyID=&idvPIID=&contractType=AWARD,5/15/2025,4448125.0,3600,36C25025C0033,P00001,,,,03/14/2025,12/16/2024,03/14/2025,03/14/2025,10/29/2024,-852793.2,0.0,-852793.2,0.0,-4448125.68,0.0,L568Q8BV2N23,THE SEVERSON GROUP LLC,,33NC3,950 BOARDWALK STE 202,,SAN MARCOS,CA,920782600,USA,UNITED STATES,(760) 855-9254,(760) 400-8353,CALIFORNIA 50,S203,HOUSEKEEPING- FOOD,722310.0,FOOD SERVICE CONTRACTORS,IN,,USA,MARION,INDIANAPOLIS,,46202,2884.0,,2025-05-26-1733
36A79722N0054,Department of Veterans Affairs,GE PRECISION HEALTHCARE LLC,2183952.0,"XR MRI equipment for VAMC Everett, GE Healthcare",TERMINATED,https://www.fpds.gov/ezsearch/jsp/viewLinkController.jsp?agencyID=3600&PIID=36A79722N0054&modNumber=P00004&idvAgencyID=&idvPIID=VA797H17D0024&contractType=AWARD,5/15/2025,1942142.0,3600,36A79722N0054,P00004,3600,VA797H17D0024,P00060,02/06/2025,01/06/2022,02/06/2025,02/06/2025,06/28/2021,-1942142.0,0.0,-1942142.0,0.0,-1942142.0,0.0,JJURYE5M19G1,GE PRECISION HEALTHCARE LLC,,9CB48,3000 NORTH GRANDVIEW BOULEVARD,,WAUKESHA,WI,531881615,USA,UNITED STATES,(610) 731-1527,,WISCONSIN 05,6525,"IMAGING EQUIPMENT AND SUPPLIES: MEDICAL, DENTAL, VETERINARY",334517.0,IRRADIATION APPARATUS MANUFACTURING,WI,,USA,WAUKESHA,WAUKESHA,,53188,1615.0,,2025-05-26-1733
36C77623C0020,Department of Veterans Affairs,AWEN SOLUTIONS GROUP LLC,4272513.0,Pittsburgh EHRM Infrastructure Upgrades Engineering Services,SUPPLEMENTAL AGREEMENT FOR WORK WITHIN SCOPE,https://www.fpds.gov/ezsearch/jsp/viewLinkController.jsp?agencyID=3600&PIID=36C77623C0020&modNumber=P00005&idvAgencyID=&idvPIID=&contractType=AWARD,5/15/2025,1018381.0,3600,36C77623C0020,P00005,,,,02/14/2025,03/27/2023,03/10/2025,03/10/2026,11/30/2022,0.0,3254132.0,0.0,3254132.0,0.0,4272513.0,GQ11FK9GNNN1,AWEN SOLUTIONS GROUP LLC,,85SR0,4196 MERCHANT PLZ,STE 711,WOODBRIDGE,VA,221925085,USA,UNITED STATES,(571) 969-7041,,VIRGINIA 07,C1DA,ARCHITECT AND ENGINEERING- CONSTRUCTION: HOSPITALS AND INFIRMARIES,541330.0,ENGINEERING SERVICES,VA,,USA,PRINCE WILLIAM,WOODBRIDGE,,22192,5085.0,,2025-05-26-1733
36C26225C0125,Department of Veterans Affairs,STRATEGIC SAFETY CONCEPTS LLC,903420.0,"Active Threat Response Training for VA Staff, LA",TERMINATED,https://www.fpds.gov/ezsearch/jsp/viewLinkController.jsp?agencyID=3600&PIID=36C26225C0125&modNumber=P00001&idvAgencyID=&idvPIID=&contractType=AWARD,5/15/2025,903420.0,3600,36C26225C0125,P00001,,,,04/14/2025,03/01/2025,02/28/2025,02/28/2026,12/11/2024,-903420.0,0.0,-903420.0,0.0,-903420.0,0.0,CRWSNM35VUF5,STRATEGIC SAFETY CONCEPTS LLC,SSC PREPAREDNESS,9TW63,4459 W US HIGHWAY 82,,BONHAM,TX,754188046,USA,UNITED STATES,(323) 868-4471,(323) 544-6175,TEXAS 04,U006,EDUCATION/TRAINING- VOCATIONAL/TECHNICAL,611519.0,OTHER TECHNICAL AND TRADE SCHOOLS,CA,,USA,LOS ANGELES,LOS ANGELES,,90073,1000.0,,2025-05-26-1733
36C25625F0194,Department of Veterans Affairs,"SIEMENS MEDICAL SOLUTIONS USA, INC.",988328.55,MRI service plan for Houston VA medical center,BASE AWARD,https://www.fpds.gov/ezsearch/jsp/viewLinkController.jsp?agencyID=3600&PIID=36C25625F0194&modNumber=0&idvAgencyID=&idvPIID=SPE2D117D0023&contractType=AWARD,5/15/2025,790663.0,3600,36C25625F0194,0,9700,SPE2D117D0023,0,04/17/2025,04/01/2025,04/01/2025,03/31/2026,04/01/2025,197665.71,,197665.71,,988328.55,,KFMJVLKNLZ75,"SIEMENS MEDICAL SOLUTIONS USA, INC.",,0E2E6,40 LIBERTY BLVD,,MALVERN,PA,19355,USA,UNITED STATES,(484) 319-7911,, ,J065,"MAINT/REPAIR/REBUILD OF EQUIPMENT- MEDICAL, DENTAL, AND VETERINARY EQUIPMENT AND SUPPLIES",334517.0,IRRADIATION APPARATUS MANUFACTURING,TX,,USA,HARRIS,HOUSTON,,77030,1500.0,,2025-05-26-1733
36C77623C0044,Department of Veterans Affairs,AWEN SOLUTIONS GROUP LLC,3019335.0,Engineering services for EHRM at Pittsburgh Heinz,SUPPLEMENTAL AGREEMENT FOR WORK WITHIN SCOPE,https://www.fpds.gov/ezsearch/jsp/viewLinkController.jsp?agencyID=3600&PIID=36C77623C0044&modNumber=P00004&idvAgencyID=&idvPIID=&contractType=AWARD,5/15/2025,705190.0,3600,36C77623C0044,P00004,,,,02/14/2025,04/26/2023,03/28/2025,03/28/2026,03/20/2023,0.0,2314145.0,0.0,2314145.0,0.0,3019335.0,GQ11FK9GNNN1,AWEN SOLUTIONS GROUP LLC,,85SR0,4196 MERCHANT PLZ,STE 711,WOODBRIDGE,VA,221925085,USA,UNITED STATES,(571) 969-7041,,VIRGINIA 07,C1DA,ARCHITECT AND ENGINEERING- CONSTRUCTION: HOSPITALS AND INFIRMARIES,541330.0,ENGINEERING SERVICES,VA,,USA,PRINCE WILLIAM,WOODBRIDGE,,22192,5085.0,,2025-05-26-1733
36C25722P0830,Department of Veterans Affairs,PRESS GANEY ASSOCIATES LLC,1029568.4,Patient satisfaction survey services for VA healthcare systems,TERMINATED,https://www.fpds.gov/ezsearch/jsp/viewLinkController.jsp?agencyID=3600&PIID=36C25722P0830&modNumber=P00005&idvAgencyID=&idvPIID=&contractType=AWARD,5/15/2025,531944.0,3600,36C25722P0830,P00005,,,,03/24/2025,09/30/2022,03/05/2025,03/05/2025,08/12/2022,-120116.3,497624.77,-120116.3,497624.77,-120116.3,909452.1,PTAKRVGUJE53,PRESS GANEY ASSOCIATES LLC,,3DFC7,404 COLUMBIA PL,,SOUTH BEND,IN,466012315,USA,UNITED STATES,(800) 232-8032,,INDIANA 02,R499,SUPPORT- PROFESSIONAL: OTHER,541990.0,"ALL OTHER PROFESSIONAL, SCIENTIFIC, AND TECHNICAL SERVICES",IN,,USA,ST JOSEPH,SOUTH BEND,,46601,1533.0,,2025-05-26-1733
36C10X22N0222,Department of Veterans Affairs,"CUSTOMER VALUE PARTNERS, INC.",2803206.24,Immersive Technology Training for Sexual Harassment Prevention,TERMINATED,https://www.fpds.gov/ezsearch/jsp/viewLinkController.jsp?agencyID=3600&PIID=36C10X22N0222&modNumber=P00006&idvAgencyID=&idvPIID=36C10X22D0015&contractType=AWARD,5/15/2025,518571.0,3600,36C10X22N0222,P00006,3600,36C10X22D0015,0,03/27/2025,09/30/2022,03/27/2025,03/27/2025,05/16/2022,0.0,2284635.24,0.0,2284635.24,0.0,2803206.24,L6R3M86AFBB5,"CUSTOMER VALUE PARTNERS, INC.",,3EU68,3701 PENDER DR STE 200,,FAIRFAX,VA,220306044,USA,UNITED STATES,(256) 457-9273,(703) 991-5639,VIRGINIA 98,AN13,HEALTH R&D SERVICES; HEALTH CARE SERVICES; EXPERIMENTAL DEVELOPMENT,541715.0,"RESEARCH AND DEVELOPMENT IN THE PHYSICAL, ENGINEERING, AND LIFE SCIENCES (EXCEPT NANOTECHNOLOGY AND BIOTECHNOLOGY)",VA,,USA,FAIRFAX,FAIRFAX,,22030,6044.0,,2025-05-26-1733
36C10A25N0004,Department of Veterans Affairs,DOCUMENT STORAGE SYSTEMS INC,491233.66,Dialysis EHR Software Solution by Document Storage Systems,TERMINATED,https://www.fpds.gov/ezsearch/jsp/viewLinkController.jsp?agencyID=3600&PIID=36C10A25N0004&modNumber=P00001&idvAgencyID=&idvPIID=36C10A22D0003&contractType=AWARD,5/15/2025,491233.0,3600,36C10A25N0004,P00001,3600,36C10A22D0003,0,03/28/2025,04/01/2025,04/01/2025,04/01/2025,12/19/2024,-255199.15,0.0,-255199.15,0.0,-491233.66,0.0,EJL2XFJ1BZJ1,DOCUMENT STORAGE SYSTEMS INC,DSS,1GLJ5,12575 US HIGHWAY 1,STE 200,JUNO BEACH,FL,334082478,USA,UNITED STATES,(561) 284-7000,(561) 227-0208,FLORIDA 21,DA01,IT AND TELECOM - BUSINESS APPLICATION/APPLICATION DEVELOPMENT SUPPORT SERVICES (LABOR),541512.0,COMPUTER SYSTEMS DESIGN SERVICES,IL,,USA,COOK,CHICAGO,,60612,1374.0,,2025-05-26-1733
36C26324N0412,Department of Veterans Affairs,"ANDERSON ENGINEERING OF MINNESOTA, LLC",693674.69,A/E Design Services for SPS Equipment Site Prep,EXERCISE AN OPTION,https://www.fpds.gov/ezsearch/jsp/viewLinkController.jsp?agencyID=3600&PIID=36C26324N0412&modNumber=P00005&idvAgencyID=&idvPIID=36C26319D0021&contractType=AWARD,5/15/2025,411766.0,3600,36C26324N0412,P00005,3600,36C26319D0021,0,05/20/2025,03/11/2024,11/11/2026,11/11/2026,11/28/2023,98172.48,380080.63,98172.48,595502.21,0.0,693674.69,N3WLAAEHKYN8,"ANDERSON ENGINEERING OF MINNESOTA, LLC",,4E2C2,13605 1ST AVE N STE 100,,MINNEAPOLIS,MN,554415463,USA,UNITED STATES,(763) 412-4000,(763) 412-4090,MINNESOTA 03,C1DA,ARCHITECT AND ENGINEERING- CONSTRUCTION: HOSPITALS AND INFIRMARIES,541310.0,ARCHITECTURAL SERVICES,MN,,USA,HENNEPIN,MINNEAPOLIS,,55441,5463.0,,2025-05-26-1733
36C77622C0130,Department of Veterans Affairs,"BLUE TRIDENT, LLC",2084532.7,Engineering services for data center at Grand Junction,SUPPLEMENTAL AGREEMENT FOR WORK WITHIN SCOPE,https://www.fpds.gov/ezsearch/jsp/viewLinkController.jsp?agencyID=3600&PIID=36C77622C0130&modNumber=P00005&idvAgencyID=&idvPIID=&contractType=AWARD,5/15/2025,399570.0,3600,36C77622C0130,P00005,,,,04/01/2025,09/14/2022,04/11/2025,04/11/2026,08/04/2022,8000.95,1684962.42,8000.95,1684962.42,8000.95,2084532.7,X1LHPG94JKA9,"BLUE TRIDENT, LLC",,5LKU6,7829 NE ESPERIONE LN,,BAINBRIDGE ISLAND,WA,981102650,USA,UNITED STATES,(206) 972-0645,(206) 451-4323,WASHINGTON 06,C1BG,ARCHITECT AND ENGINEERING- CONSTRUCTION: ELECTRONIC AND COMMUNICATIONS FACILITIES,541330.0,ENGINEERING SERVICES,TX,,USA,MCLENNAN,WACO,,76711,1921.0,,2025-05-26-1733
36C24123C0111,Department of Veterans Affairs,WBRC INC.,904398.82,Renovate Building 6 for Acute Mental Health Services,SUPPLEMENTAL AGREEMENT FOR WORK WITHIN SCOPE,https://www.fpds.gov/ezsearch/jsp/viewLinkController.jsp?agencyID=3600&PIID=36C24123C0111&modNumber=P00003&idvAgencyID=&idvPIID=&contractType=AWARD,5/15/2025,292200.0,3600,36C24123C0111,P00003,,,,03/20/2025,09/29/2023,05/01/2025,08/28/2027,09/11/2023,19078.16,612198.23,19078.16,612198.23,19078.16,904398.82,K8RHGGF73FH1,WBRC INC.,,9EZ85,701 FOREST AVENUE,STE 306,PORTLAND,ME,041034121,USA,UNITED STATES,(207) 947-4511,,MAINE 01,C1DA,ARCHITECT AND ENGINEERING- CONSTRUCTION: HOSPITALS AND INFIRMARIES,541330.0,ENGINEERING SERVICES,MA,,USA,HAMPSHIRE,LEEDS,,01053,9778.0,,2025-05-26-1733
36C25225P0440,Department of Veterans Affairs,"SAMPLES PROFESSIONAL HEALTHCARE CONSULTING, LLC",349994.36,Online Drug Information Resource subscription for VISN 12,BASE AWARD,https://www.fpds.gov/ezsearch/jsp/viewLinkController.jsp?agencyID=3600&PIID=36C25225P0440&modNumber=0&idvAgencyID=&idvPIID=&contractType=AWARD,5/15/2025,285376.0,3600,36C25225P0440,0,,,,04/01/2025,03/31/2025,04/01/2025,03/31/2030,03/17/2025,64618.32,,64618.32,,349994.36,,NU5LAFXT2J45,"SAMPLES PROFESSIONAL HEALTHCARE CONSULTING, LLC","PC MEDICAL EQUIPMENT AND SUPPLIES (PCMES), LLC",7UGC2,831 HENRY COVE RD,,HILLSBORO,TN,373423238,USA,UNITED STATES,(417) 597-8441,,TENNESSEE 04,DH10,"IT AND TELECOM - PLATFORM AS A SERVICE: DATABASE, MAINFRAME, MIDDLEWARE",513199.0,ALL OTHER PUBLISHERS,WI,,USA,MILWAUKEE,MILWAUKEE,,53295,4.0,,2025-05-26-1733
36C24823C0106,Department of Veterans Affairs,"RGD CONSULTING ENGINEERS ORLANDO, LLC",1206968.42,Kitchen renovation and equipment replacement at VA facility,SUPPLEMENTAL AGREEMENT FOR WORK WITHIN SCOPE,https://www.fpds.gov/ezsearch/jsp/viewLinkController.jsp?agencyID=3600&PIID=36C24823C0106&modNumber=P00004&idvAgencyID=&idvPIID=&contractType=AWARD,5/15/2025,271168.0,3600,36C24823C0106,P00004,,,,02/21/2025,10/15/2023,03/30/2025,09/30/2026,07/28/2023,0.0,935800.59,0.0,935800.59,0.0,1206968.42,R25JGNHCPTB6,"RGD CONSULTING ENGINEERS ORLANDO, LLC",RGD CONSULTING ENGINEERS ORLANDO LLC,8G5W7,121 S ORANGE AVE,STE 1230,ORLANDO,FL,328013239,USA,UNITED STATES,(561) 743-0165,,FLORIDA 10,C1EZ,ARCHITECT AND ENGINEERING- CONSTRUCTION: OTHER INDUSTRIAL BUILDINGS,541330.0,ENGINEERING SERVICES,FL,,USA,ORANGE,ORLANDO,,32801,3239.0,,2025-05-26-1733
36C24123P0792,Department of Veterans Affairs,TALON VETERAN SERVICES INCORPORATED,231313.5,Inpatient Pharmacy Maintenance and Equipment Services,TERMINATED,https://www.fpds.gov/ezsearch/jsp/viewLinkController.jsp?agencyID=3600&PIID=36C24123P0792&modNumber=P00002&idvAgencyID=&idvPIID=&contractType=AWARD,5/15/2025,207460.0,3600,36C24123P0792,P00002,,,,03/25/2025,07/14/2023,01/31/2025,01/31/2025,04/25/2023,-59130.5,23853.5,-59130.5,23853.5,-59130.5,231313.5,DDK2FHL99516,TALON VETERAN SERVICES INCORPORATED,FAR GROUP,5NAZ4,3516 BELT BLVD,,RICHMOND,VA,232341521,USA,UNITED STATES,(571) 552-0502,(571) 552-0502,VIRGINIA 07,J046,MAINT/REPAIR/REBUILD OF EQUIPMENT- WATER PURIFICATION AND SEWAGE TREATMENT EQUIPMENT,238220.0,"PLUMBING, HEATING, AND AIR-CONDITIONING CONTRACTORS",CT,,USA,NEW HAVEN,WEST HAVEN,,06516,2770.0,,2025-05-26-1733
36C24525F0190,Department of Veterans Affairs,"HOLBROOK LEASING CO., LLC",255000.0,Community Nursing Home Services by Holbrook Leasing,BASE AWARD,https://www.fpds.gov/ezsearch/jsp/viewLinkController.jsp?agencyID=3600&PIID=36C24525F0190&modNumber=0&idvAgencyID=&idvPIID=36C24520D0048&contractType=AWARD,5/15/2025,255000.0,3600,36C24525F0190,0,3600,36C24520D0048,0,01/28/2025,02/01/2025,04/30/2025,07/31/2025,01/15/2025,0.0,,0.0,,255000.0,,YLU3PB33EMZ8,"HOLBROOK LEASING CO., LLC",HOLBROOK HEALTHCARE CENTER,33KT6,346 S FLORIDA ST,,BUCKHANNON,WV,262012452,USA,UNITED STATES,(614) 357-3466,,WEST VIRGINIA 02,Q402,"NURSING HOME, LONG-TERM & ADULT DAY CARE SERVICES",623110.0,NURSING CARE FACILITIES (SKILLED NURSING FACILITIES),WV,,USA,UPSHUR,BUCKHANNON,,26201,2452.0,,2025-05-26-1733
36C24824N1159,Department of Veterans Affairs,"VALOR CONSTRUCTION MANAGEMENT, LLC",233600.89,Construction for Community Living Center roof replacement,Expired,https://www.fpds.gov/ezsearch/jsp/viewLinkController.jsp?agencyID=3600&PIID=36C24824N1159&modNumber=P00002&idvAgencyID=&idvPIID=36C24823D0036&contractType=AWARD,5/15/2025,233600.0,3600,36C24824N1159,P00002,3600,36C24823D0036,0,01/27/2025,10/21/2024,03/22/2025,05/20/2025,08/05/2024,0.0,0.0,0.0,233600.89,0.0,233600.89,JN1MS1MVSNT1,"VALOR CONSTRUCTION MANAGEMENT, LLC",SDV ELECTRIC,5AFY7,137 E MAIN ST,,PAHOKEE,FL,334761805,USA,UNITED STATES,(561) 924-2559,(561) 924-2561,FLORIDA 20,Z1DZ,MAINTENANCE OF OTHER HOSPITAL BUILDINGS,236220.0,COMMERCIAL AND INSTITUTIONAL BUILDING CONSTRUCTION,FL,,USA,MIAMI-DADE,MIAMI,,33125,1624.0,,2025-05-26-1733
36C25022C0187,Department of Veterans Affairs,INDEPENDENT ELEVATOR LLC,242340.0,Elevator commissioning services for VA hospital upgrade,TERMINATED,https://www.fpds.gov/ezsearch/jsp/viewLinkController.jsp?agencyID=3600&PIID=36C25022C0187&modNumber=P00001&idvAgencyID=&idvPIID=&contractType=AWARD,5/15/2025,229320.0,3600,36C25022C0187,P00001,,,,01/21/2025,09/19/2022,01/21/2025,01/21/2025,06/23/2022,-229320.0,13020.0,-229320.0,13020.0,-229320.0,13020.0,SMNYMN1CLJJ8,INDEPENDENT ELEVATOR LLC,INDEPENDENT ELEVATOR CONSULTING SERVICES,5ZYP7,6300 BLUEBIRD TRL,,NASHVILLE,IN,474487306,USA,UNITED STATES,(812) 988-1527,(812) 988-1562,INDIANA 09,C1DA,ARCHITECT AND ENGINEERING- CONSTRUCTION: HOSPITALS AND INFIRMARIES,541330.0,ENGINEERING SERVICES,IN,,USA,MARION,INDIANAPOLIS,,46202,2375.0,,2025-05-26-1733
36C24E24N0176,Department of Veterans Affairs,SOCIETY OF GENERAL INTERNAL MEDICINE,400000.0,Research symposium support and training for VA researchers,TERMINATED,https://www.fpds.gov/ezsearch/jsp/viewLinkController.jsp?agencyID=3600&PIID=36C24E24N0176&modNumber=P00001&idvAgencyID=&idvPIID=36C24E24D0017&contractType=AWARD,5/15/2025,200000.0,3600,36C24E24N0176,P00001,3600,36C24E24D0017,0,04/03/2025,09/27/2024,03/17/2025,03/17/2025,08/19/2024,0.0,200000.0,200000.0,400000.0,200000.0,400000.0,FM7WH75N9HK3,SOCIETY OF GENERAL INTERNAL MEDICINE,,4G9B2,1500 KING ST STE 303,,ALEXANDRIA,VA,223142730,USA,UNITED STATES,(202) 887-5150,(202) 887-5405,VIRGINIA 08,R499,SUPPORT- PROFESSIONAL: OTHER,541618.0,OTHER MANAGEMENT CONSULTING SERVICES,MA,,USA,SUFFOLK,JAMAICA PLAIN,,02130,4893.0,,2025-05-26-1733
36C24723P0466,Department of Veterans Affairs,CATALYST LEARNING COMPANY,218565.0,NCharge Nurse Leadership Training by Catalyst Learning Company,TERMINATED,https://www.fpds.gov/ezsearch/jsp/viewLinkController.jsp?agencyID=3600&PIID=36C24723P0466&modNumber=P00002&idvAgencyID=&idvPIID=&contractType=AWARD,5/15/2025,174852.0,3600,36C24723P0466,P00002,,,,03/14/2025,02/27/2023,02/20/2025,02/20/2025,02/15/2023,-43713.0,43713.0,-43713.0,43713.0,-174852.0,43713.0,R56JDLXDESM4,CATALYST LEARNING COMPANY,,46TV4,401 S 4TH ST,,LOUISVILLE,KY,402023426,USA,UNITED STATES,(502) 584-7337,,KENTUCKY 03,U099,EDUCATION/TRAINING- OTHER,611710.0,EDUCATIONAL SUPPORT SERVICES,GA,,USA,DEKALB,DECATUR,,30033,1005.0,,2025-05-26-1733
36C25923N0304,Department of Veterans Affairs,"GEO. BANCROFT ENGINEERING, LLC",220815.83,Expand Electrical Capacity at VA Hospital,TERMINATED,https://www.fpds.gov/ezsearch/jsp/viewLinkController.jsp?agencyID=3600&PIID=36C25923N0304&modNumber=P00001&idvAgencyID=&idvPIID=36C25922D0006&contractType=AWARD,5/15/2025,162809.0,3600,36C25923N0304,P00001,3600,36C25922D0006,0,03/31/2025,09/20/2023,02/07/2025,02/07/2025,10/13/2022,-162809.47,58006.36,-162809.47,58006.36,-162809.47,58006.36,NJKWE98PSFB7,"GEO. BANCROFT ENGINEERING, LLC",BANCROFT ARCHITECTS + ENGINEERS,5VDL7,3300 DUNDEE RD,,NORTHBROOK,IL,600622303,USA,UNITED STATES,(847) 952-9362,(847) 952-9403,ILLINOIS 05,C1DA,ARCHITECT AND ENGINEERING- CONSTRUCTION: HOSPITALS AND INFIRMARIES,541330.0,ENGINEERING SERVICES,CO,,USA,MESA,GRAND JUNCTION,,81501,8925.0,,2025-05-26-1733
36C24623P1567,Department of Veterans Affairs,"BARRIER FREE LIFTS, INC.",182556.23,Barrier lift maintenance at VA medical centers,TERMINATED,https://www.fpds.gov/ezsearch/jsp/viewLinkController.jsp?agencyID=3600&PIID=36C24623P1567&modNumber=P00002&idvAgencyID=&idvPIID=&contractType=AWARD,5/15/2025,148171.0,3600,36C24623P1567,P00002,,,,05/06/2025,09/01/2023,05/05/2025,05/05/2025,07/24/2023,-35416.55,34385.0,-35416.55,34385.0,-148171.23,34385.0,SSXRVWE34MM5,"BARRIER FREE LIFTS, INC.",BARRIER FREE LIFTS,30SD0,1620 SW 17TH ST,,OCALA,FL,344711244,USA,UNITED STATES,(352) 351-4500,(352) 351-5600,FLORIDA 03,J065,"MAINT/REPAIR/REBUILD OF EQUIPMENT- MEDICAL, DENTAL, AND VETERINARY EQUIPMENT AND SUPPLIES",811210.0,ELECTRONIC AND PRECISION EQUIPMENT REPAIR AND MAINTENANCE,NC,,USA,ROWAN,SALISBURY,,28144,4168.0,,2025-05-26-1733
36C24124C0070,Department of Veterans Affairs,"ENCORUS GROUP ENGINEERING, P.C.",460373.84,Upgrade Dietetics Phase 2 Engineering Services,OTHER ADMINISTRATIVE ACTION,https://www.fpds.gov/ezsearch/jsp/viewLinkController.jsp?agencyID=3600&PIID=36C24124C0070&modNumber=P00001&idvAgencyID=&idvPIID=&contractType=AWARD,5/15/2025,143054.0,3600,36C24124C0070,P00001,,,,05/07/2025,05/13/2024,02/05/2025,02/05/2027,02/15/2024,0.0,317319.32,0.0,317409.32,0.0,460373.84,WJMGN4NTYF25,"ENCORUS GROUP ENGINEERING, P.C.",ENCORUS GROUP ENGINEERING PC,1ZCT1,23 MECHANIC ST,,SPRINGVILLE,NY,141411309,USA,UNITED STATES,(716) 592-3980,(716) 592-4216,NEW YORK 23,C1DZ,ARCHITECT AND ENGINEERING- CONSTRUCTION: OTHER HOSPITAL BUILDINGS,541330.0,ENGINEERING SERVICES,CT,,USA,NEW HAVEN,WEST HAVEN,,06516,2770.0,,2025-05-26-1733
36C26122P1576,Department of Veterans Affairs,"ARBOR ENVIRONMENTAL, LLC",166250.2,Respirator Training and Fit Testing Services,TERMINATED,https://www.fpds.gov/ezsearch/jsp/viewLinkController.jsp?agencyID=3600&PIID=36C26122P1576&modNumber=P00004&idvAgencyID=&idvPIID=&contractType=AWARD,5/15/2025,133501.0,3600,36C26122P1576,P00004,,,,03/06/2025,09/01/2022,03/04/2025,03/04/2025,07/07/2022,-31724.55,10282.63,-31724.55,10282.63,-105026.15,10282.63,U41AN55AVHN7,"ARBOR ENVIRONMENTAL, LLC",,6DCW5,27424 SUNNYRIDGE RD,,PALOS VERDES PENINSULA,CA,902744039,USA,UNITED STATES,(800) 927-8503,(866) 636-4970,CALIFORNIA 36,R428,SUPPORT- PROFESSIONAL: INDUSTRIAL HYGIENICS,541690.0,OTHER SCIENTIFIC AND TECHNICAL CONSULTING SERVICES,CA,,USA,SACRAMENTO,MATHER,,95655,4200.0,,2025-05-26-1733
36C24224P0978,Department of Veterans Affairs,MAINTENANCE MATRIX LLC,184053.32,Axiom Artis service maintenance at Buffalo VAMC,TERMINATED,https://www.fpds.gov/ezsearch/jsp/viewLinkController.jsp?agencyID=3600&PIID=36C24224P0978&modNumber=P00001&idvAgencyID=&idvPIID=&contractType=AWARD,5/15/2025,116053.0,3600,36C24224P0978,P00001,,,,01/30/2025,05/01/2024,01/31/2025,01/31/2025,03/20/2024,-22666.56,68000.1,-22666.56,68000.1,-116053.22,68000.1,FFUBE25GPMH2,MAINTENANCE MATRIX LLC,MAINTENANCE MATRIX LLC,6KJ37,210 W RITTENHOUSE SQ APT 2806,,PHILADELPHIA,PA,191035777,USA,UNITED STATES,(484) 840-3864,,PENNSYLVANIA 03,J065,"MAINT/REPAIR/REBUILD OF EQUIPMENT- MEDICAL, DENTAL, AND VETERINARY EQUIPMENT AND SUPPLIES",811210.0,ELECTRONIC AND PRECISION EQUIPMENT REPAIR AND MAINTENANCE,NY,,USA,ERIE,BUFFALO,,14215,1129.0,,2025-05-26-1733
36C25220C0210,Department of Veterans Affairs,"PENN CONSTRUCTION GROUP, INCORPORATED",253426.05,Commissioning services for Jesse Brown VA Women's Health Clinic,SUPPLEMENTAL AGREEMENT FOR WORK WITHIN SCOPE,https://www.fpds.gov/ezsearch/jsp/viewLinkController.jsp?agencyID=3600&PIID=36C25220C0210&modNumber=P00004&idvAgencyID=&idvPIID=&contractType=AWARD,5/15/2025,115058.0,3600,36C25220C0210,P00004,,,,02/04/2025,09/30/2020,02/19/2025,02/19/2027,07/13/2020,1160.05,138368.05,1160.05,138368.05,1160.05,253426.05,KKRFJ2317KG4,"PENN CONSTRUCTION GROUP, INCORPORATED",PCG,5YD93,11549 CLARA BARTON DRIVE,,FAIRFAX STATION,VA,220391336,USA,UNITED STATES,(703) 989-4364,(703) 782-1611,VIRGINIA 11,C1DA,ARCHITECT AND ENGINEERING- CONSTRUCTION: HOSPITALS AND INFIRMARIES,541330.0,ENGINEERING SERVICES,IL,,USA,COOK,CHICAGO,,60612,2266.0,,2025-05-26-1733
36C24822N0865,Department of Veterans Affairs,"AESUS DESIGN GROUP, LLC",517571.16,Engineering services for corridor upgrade at James A. Haley,SUPPLEMENTAL AGREEMENT FOR WORK WITHIN SCOPE,https://www.fpds.gov/ezsearch/jsp/viewLinkController.jsp?agencyID=3600&PIID=36C24822N0865&modNumber=P00003&idvAgencyID=&idvPIID=36C24819D0022&contractType=AWARD,5/15/2025,110564.0,3600,36C24822N0865,P00003,3600,36C24819D0022,0,02/13/2025,09/15/2022,03/28/2025,09/30/2025,08/18/2022,0.0,407007.0,0.0,407007.0,0.0,517571.16,JRH5B399U5W5,"AESUS DESIGN GROUP, LLC",,734P4,1050 E SOUTHERN AVE STE 5,,TEMPE,AZ,852825483,USA,UNITED STATES,(480) 454-2861,,ARIZONA 04,C1DA,ARCHITECT AND ENGINEERING- CONSTRUCTION: HOSPITALS AND INFIRMARIES,541330.0,ENGINEERING SERVICES,FL,,USA,HILLSBOROUGH,TAMPA,,33612,4745.0,,2025-05-26-1733
36C25024N0436,Department of Veterans Affairs,"DECANUS MANAGEMENT, LLC",450224.0,Patient lodging services by Decanus Management,FUNDING ONLY ACTION,https://www.fpds.gov/ezsearch/jsp/viewLinkController.jsp?agencyID=3600&PIID=36C25024N0436&modNumber=P00002&idvAgencyID=&idvPIID=36C25022D0040&contractType=AWARD,5/15/2025,102184.0,3600,36C25024N0436,P00002,3600,36C25022D0040,0,03/26/2025,04/01/2024,03/31/2025,03/31/2027,03/01/2024,-98536.0,446576.0,-94888.0,450224.0,-94888.0,450224.0,N5H8EMXYF1S8,"DECANUS MANAGEMENT, LLC",,94KK0,1305 HOUCHIN DR,,FRANKLIN,TN,370645584,USA,UNITED STATES,(629) 235-3065,,TENNESSEE 05,V231,"TRANSPORTATION/TRAVEL/RELOCATION- TRAVEL/LODGING/RECRUITMENT: LODGING, HOTEL/MOTEL",721110.0,HOTELS (EXCEPT CASINO HOTELS) AND MOTELS,MI,,USA,WASHTENAW,ANN ARBOR,,48105,9482.0,,2025-05-26-1733
36C25922C0051,Department of Veterans Affairs,"RALLYPOINT NETWORKS, INC.",249649.99,Marketing Campaign for VISN 19 by RallyPoint Networks,TERMINATED,https://www.fpds.gov/ezsearch/jsp/viewLinkController.jsp?agencyID=3600&PIID=36C25922C0051&modNumber=P00004&idvAgencyID=&idvPIID=&contractType=AWARD,5/15/2025,99860.0,3600,36C25922C0051,P00004,,,,03/06/2025,08/18/2022,03/03/2025,03/03/2025,07/01/2022,0.0,149789.99,0.0,149789.99,0.0,249649.99,PTZJFK829JY8,"RALLYPOINT NETWORKS, INC.",RALLYPOINT,76LX7,35 VILLAGE RD STE 100,,MIDDLETON,MA,019491238,USA,UNITED STATES,(617) 833-2114,,MASSACHUSETTS 06,R426,SUPPORT- PROFESSIONAL: COMMUNICATIONS,541810.0,ADVERTISING AGENCIES,UT,,USA,SALT LAKE,SALT LAKE CITY,,84148,1.0,,2025-05-26-1733
36C25924P0734,Department of Veterans Affairs,FREEMAN ROLAND,107520.37,Catholic Chaplain Services for VA Locations,TERMINATED,https://www.fpds.gov/ezsearch/jsp/viewLinkController.jsp?agencyID=3600&PIID=36C25924P0734&modNumber=P00001&idvAgencyID=&idvPIID=&contractType=AWARD,5/15/2025,98700.0,3600,36C25924P0734,P00001,,,,05/08/2025,05/10/2024,01/30/2025,01/30/2025,04/01/2024,-10330.0,8820.0,-98700.37,8820.0,-98700.37,8820.0,HYLKLN2YPRB3,FREEMAN ROLAND,FATHER ROLAND FREEMAN,6MLH3,3101 W HILLSIDE PL,,DENVER,CO,802195821,USA,UNITED STATES,(303) 934-1999,(303) 935-7795,COLORADO 01,R799,SUPPORT- MANAGEMENT: OTHER,813110.0,RELIGIOUS ORGANIZATIONS,CO,,USA,ADAMS,AURORA,,80045,7603.0,,2025-05-26-1733
36C24525F0189,Department of Veterans Affairs,"HOSPITAL LEASING CO., LLC",95000.0,Community Nursing Home Services by Hospital Leasing Co.,BASE AWARD,https://www.fpds.gov/ezsearch/jsp/viewLinkController.jsp?agencyID=3600&PIID=36C24525F0189&modNumber=0&idvAgencyID=&idvPIID=36C24520D0047&contractType=AWARD,5/15/2025,95000.0,3600,36C24525F0189,0,3600,36C24520D0047,P00002,01/28/2025,02/01/2025,04/30/2025,07/31/2025,01/15/2025,0.0,,0.0,,95000.0,,GSKHXXLSSN55,"HOSPITAL LEASING CO., LLC",TAYLOR HEALTHCARE CENTER,82YT5,2 HOSPITAL PLZ,,GRAFTON,WV,263541283,USA,UNITED STATES,(513) 469-5275,(513) 530-1349,WEST VIRGINIA 02,Q402,"NURSING HOME, LONG-TERM & ADULT DAY CARE SERVICES",623110.0,NURSING CARE FACILITIES (SKILLED NURSING FACILITIES),WV,,USA,TAYLOR,GRAFTON,,26354,1.0,,2025-05-26-1733
36C26324N0492,Department of Veterans Affairs,"ANDERSON ENGINEERING OF MINNESOTA, LLC",424039.54,Site preparation for SPS equipment at Fargo VAHCS,SUPPLEMENTAL AGREEMENT FOR WORK WITHIN SCOPE,https://www.fpds.gov/ezsearch/jsp/viewLinkController.jsp?agencyID=3600&PIID=36C26324N0492&modNumber=P00002&idvAgencyID=&idvPIID=36C26319D0043&contractType=AWARD,5/15/2025,83473.0,,,,,,,,,,,,,,,,,,,,,,,,,,,,,,,,,,,,,,,,,,,,,2025-05-26-1733
36C25623P1326,Department of Veterans Affairs,"SENTINEL SERVICES, LLC",82173.75,"Preventive maintenance for autoclave in Fayetteville, AR",TERMINATED,https://www.fpds.gov/ezsearch/jsp/viewLinkController.jsp?agencyID=3600&PIID=36C25623P1326&modNumber=P00003&idvAgencyID=&idvPIID=&contractType=AWARD,5/15/2025,72506.0,3600,36C25623P1326,P00003,,,,05/07/2025,08/01/2023,05/07/2025,05/07/2025,07/12/2023,-14501.25,24168.75,-14501.25,24168.75,-14501.25,82173.75,C1NZB7KDTEK3,"SENTINEL SERVICES, LLC",,8UXB1,2073 N CENTER ST STE E,,ELKINS,AR,727272901,USA,UNITED STATES,(479) 935-5236,,ARKANSAS 03,J065,"MAINT/REPAIR/REBUILD OF EQUIPMENT- MEDICAL, DENTAL, AND VETERINARY EQUIPMENT AND SUPPLIES",622110.0,GENERAL MEDICAL AND SURGICAL HOSPITALS,AR,,USA,WASHINGTON,FAYETTEVILLE,,72703,6210.0,,2025-05-26-1733
36C26324N0465,Department of Veterans Affairs,"FOURFRONT DESIGN, INC.",256067.96,Replace Fire Alarm System at Fargo VA Health Care,SUPPLEMENTAL AGREEMENT FOR WORK WITHIN SCOPE,https://www.fpds.gov/ezsearch/jsp/viewLinkController.jsp?agencyID=3600&PIID=36C26324N0465&modNumber=P00002&idvAgencyID=&idvPIID=36C26319D0045&contractType=AWARD,5/15/2025,69827.0,3600,36C26324N0465,P00002,3600,36C26319D0045,0,03/10/2025,02/06/2024,05/01/2025,09/30/2025,12/07/2023,0.0,186240.64,0.0,186240.64,0.0,256067.96,PPMKJ7QSUL76,"FOURFRONT DESIGN, INC.",4 FRONT,025M3,517 7TH ST,,RAPID CITY,SD,577012646,USA,UNITED STATES,(605) 342-9470,(605) 342-2377,SOUTH DAKOTA 00,C1DA,ARCHITECT AND ENGINEERING- CONSTRUCTION: HOSPITALS AND INFIRMARIES,541330.0,ENGINEERING SERVICES,ND,,USA,CASS,FARGO,,58102,2570.0,,2025-05-26-1733
36C77623C0172,Department of Veterans Affairs,S & B CHRIST CONSULTING LLC,316209.72,Engineering services for EHRM TASS in Montgomery,SUPPLEMENTAL AGREEMENT FOR WORK WITHIN SCOPE,https://www.fpds.gov/ezsearch/jsp/viewLinkController.jsp?agencyID=3600&PIID=36C77623C0172&modNumber=P00003&idvAgencyID=&idvPIID=&contractType=AWARD,5/15/2025,69145.0,3600,36C77623C0172,P00003,,,,03/05/2025,09/27/2023,04/19/2025,04/19/2026,06/02/2023,0.0,247064.26,0.0,247064.26,0.0,316209.72,SX3XNLA4CCP3,S & B CHRIST CONSULTING LLC,,5H9C0,9555 HILLWOOD DRIVE,STE 160,LAS VEGAS,NV,891340580,USA,UNITED STATES,(702) 202-6004,(702) 202-6004,NEVADA 03,C1DZ,ARCHITECT AND ENGINEERING- CONSTRUCTION: OTHER HOSPITAL BUILDINGS,541330.0,ENGINEERING SERVICES,NV,,USA,CLARK,LAS VEGAS,,89134,5302.0,,2025-05-26-1733
36C24622P0381,Department of Veterans Affairs,"BARRIER FREE LIFTS, INC",185251.44,Preventive maintenance for C2 Uni-Lift and Horcher PRO,TERMINATED,https://www.fpds.gov/ezsearch/jsp/viewLinkController.jsp?agencyID=3600&PIID=36C24622P0381&modNumber=P00005&idvAgencyID=&idvPIID=&contractType=AWARD,5/15/2025,66289.0,3600,36C24622P0381,P00005,,,,03/11/2025,12/21/2021,03/11/2025,03/11/2025,,-55897.92,174860.16,-55897.92,174860.16,-55897.92,174860.16,SSXRVWE34MM5,"BARRIER FREE LIFTS, INC",,30SD0,1620 SW 17TH ST,,OCALA,FL,344711244,USA,UNITED STATES,(918) 629-2043,(352) 351-5600,FLORIDA 03,J065,"MAINT/REPAIR/REBUILD OF EQUIPMENT- MEDICAL, DENTAL, AND VETERINARY EQUIPMENT AND SUPPLIES",811219.0,OTHER ELECTRONIC AND PRECISION EQUIPMENT REPAIR AND MAINTENANCE,NC,,USA,DURHAM,DURHAM,,27705,3875.0,,2025-05-26-1733
36C24425N0338,Department of Veterans Affairs,MARATHON MEDICAL CORPORATION,63554.29,B.Braun Machines Maintenance Agreement with On-Site Support,TERMINATED,https://www.fpds.gov/ezsearch/jsp/viewLinkController.jsp?agencyID=3600&PIID=36C24425N0338&modNumber=P00001&idvAgencyID=&idvPIID=36C10G22D0013&contractType=AWARD,5/15/2025,63554.0,3600,36C24425N0338,P00001,3600,36C10G22D0013,0,01/29/2025,01/03/2025,01/29/2025,01/29/2025,12/06/2024,-63554.29,0.0,-63554.29,0.0,-63554.29,0.0,YNGKKQWQLKC9,MARATHON MEDICAL CORPORATION,,4KU99,3251 LEWISTON AV,,AURORA,CO,800111530,USA,UNITED STATES,(303) 339-4305,(303) 339-4309,COLORADO 06,J065,"MAINT/REPAIR/REBUILD OF EQUIPMENT- MEDICAL, DENTAL, AND VETERINARY EQUIPMENT AND SUPPLIES",333318.0,OTHER COMMERCIAL AND SERVICE INDUSTRY MACHINERY MANUFACTURING,PA,,USA,PHILADELPHIA,PHILADELPHIA,,19104,4551.0,,2025-05-26-1733
36C26220C0132,Department of Veterans Affairs,"PRECEPT ENVIRONMENTAL, INC.",119812.0,Cooling tower cleaning and sanitizing services,TERMINATED,https://www.fpds.gov/ezsearch/jsp/viewLinkController.jsp?agencyID=3600&PIID=36C26220C0132&modNumber=P00006&idvAgencyID=&idvPIID=&contractType=AWARD,5/15/2025,45480.0,3600,36C26220C0132,P00006,,,,03/20/2025,05/01/2020,03/20/2025,03/20/2025,04/08/2020,0.0,74332.0,0.0,119812.0,0.0,119812.0,GR1KES1MUSL4,"PRECEPT ENVIRONMENTAL, INC.",,4YNV1,26439 RANCHO PARKWAY SOUTH UNIT 165,,LAKE FOREST,CA,926308347,USA,UNITED STATES,(888) 822-3337,(916) 333-4686,CALIFORNIA 40,J046,MAINT/REPAIR/REBUILD OF EQUIPMENT- WATER PURIFICATION AND SEWAGE TREATMENT EQUIPMENT,541620.0,ENVIRONMENTAL CONSULTING SERVICES,CA,,USA,ORANGE,LAKE FOREST,,92630,8347.0,,2025-05-26-1733
36C25525P0100,Department of Veterans Affairs,"ADVANTECH, INC",42628.18,Vehicle Key Kiosk Software and Hardware Support,TERMINATED,https://www.fpds.gov/ezsearch/jsp/viewLinkController.jsp?agencyID=3600&PIID=36C25525P0100&modNumber=P00001&idvAgencyID=&idvPIID=&contractType=AWARD,5/15/2025,42628.0,3600,36C25525P0100,P00001,,,,03/26/2025,01/18/2025,03/12/2025,03/12/2025,12/13/2024,-8000.0,0.0,-8000.0,0.0,-42628.18,0.0,NFBLY2FN3WD6,"ADVANTECH, INC",,1J3C7,2661 RIVA RDSTE 1050,,ANNAPOLIS,MD,21401,USA,UNITED STATES,(877) 284-2821,(410) 630-5014, ,DA10,IT AND TELECOM - BUSINESS APPLICATION/APPLICATION DEVELOPMENT SOFTWARE AS A SERVICE,541511.0,CUSTOM COMPUTER PROGRAMMING SERVICES,KS,,USA,LEAVENWORTH,LEAVENWORTH,,66048,5014.0,,2025-05-26-1733
36C24E23P0111,Department of Veterans Affairs,WAVE STRATEGY LLC,69000.0,APT Center Market Assessment Services for VA,TERMINATED,https://www.fpds.gov/ezsearch/jsp/viewLinkController.jsp?agencyID=3600&PIID=36C24E23P0111&modNumber=P00003&idvAgencyID=&idvPIID=&contractType=AWARD,5/15/2025,42000.0,3600,36C24E23P0111,P00003,,,,03/07/2025,07/10/2023,03/06/2025,03/06/2025,06/01/2023,0.0,63000.0,0.0,69000.0,0.0,69000.0,LP6SN9JVHXL8,WAVE STRATEGY LLC,,8SWW1,6001 EUCLID AVE STE 300,,CLEVELAND,OH,441033719,USA,UNITED STATES,(216) 870-0924,,OHIO 11,AN11,HEALTH R&D SERVICES; HEALTH CARE SERVICES; BASIC RESEARCH,541611.0,ADMINISTRATIVE MANAGEMENT AND GENERAL MANAGEMENT CONSULTING SERVICES,OH,,USA,CUYAHOGA,CLEVELAND,,44103,3719.0,,2025-05-26-1733
36C24622F0023,Department of Veterans Affairs,"BARRIER FREE LIFTS, INC.",60680.0,Maintenance for Horcher patient lifts at Fayetteville VAMC,TERMINATED,https://www.fpds.gov/ezsearch/jsp/viewLinkController.jsp?agencyID=3600&PIID=36C24622F0023&modNumber=P00009&idvAgencyID=&idvPIID=V797P4491B&contractType=AWARD,5/15/2025,40460.0,3600,36C24622F0023,P00009,3600,V797P4491B,P00003,02/23/2025,10/09/2021,02/23/2025,02/23/2025,,-20220.0,40440.0,-20220.0,40440.0,-20220.0,60680.0,SSXRVWE34MM5,"BARRIER FREE LIFTS, INC.",,30SD0,1620 SW 17TH ST,,OCALA,FL,344711244,USA,UNITED STATES,(352) 351-4500,(352) 351-5600,FLORIDA 03,J065,"MAINT/REPAIR/REBUILD OF EQUIPMENT- MEDICAL, DENTAL, AND VETERINARY EQUIPMENT AND SUPPLIES",339113.0,SURGICAL APPLIANCE AND SUPPLIES MANUFACTURING,NC,,USA,CUMBERLAND,FAYETTEVILLE,,28302,4913.0,,2025-05-26-1733
36C24424N1190,Department of Veterans Affairs,"PROAIM AMERICAS, LLC.",40046.0,ZEISS Eye Equipment and Medical Device Maintenance,TERMINATED,https://www.fpds.gov/ezsearch/jsp/viewLinkController.jsp?agencyID=3600&PIID=36C24424N1190&modNumber=P00001&idvAgencyID=&idvPIID=36C24424A0029&contractType=AWARD,5/15/2025,40046.0,3600,36C24424N1190,P00001,3600,36C24424A0029,0,01/28/2025,09/27/2024,01/28/2025,01/28/2025,06/18/2024,-40046.6,0.0,-40046.6,0.0,-40046.6,0.0,KECHQ6LN3HN7,"PROAIM AMERICAS, LLC.",PROAIM MEDICAL,60B94,16024 MANCHESTER RD STE 200,,ELLISVILLE,MO,630112195,USA,UNITED STATES,(844) 467-7624,(844) 467-7625,MISSOURI 02,J065,"MAINT/REPAIR/REBUILD OF EQUIPMENT- MEDICAL, DENTAL, AND VETERINARY EQUIPMENT AND SUPPLIES",811210.0,ELECTRONIC AND PRECISION EQUIPMENT REPAIR AND MAINTENANCE,PA,,USA,LEBANON,LEBANON,,17042,7529.0,,2025-05-26-1733
36C25625P0555,Department of Veterans Affairs,"TASK FORCE CONTRACTORS, LLC",43460.48,Temporary Fencing for New Orleans VAMC,BASE AWARD,https://www.fpds.gov/ezsearch/jsp/viewLinkController.jsp?agencyID=3600&PIID=36C25625P0555&modNumber=0&idvAgencyID=&idvPIID=&contractType=AWARD,5/15/2025,35275.0,3600,36C25625P0555,0,,,,02/06/2025,02/05/2025,03/06/2025,03/08/2029,01/07/2025,8185.98,,8185.98,,43460.48,,HVY5UKX7SGW9,"TASK FORCE CONTRACTORS, LLC",TASK FORCE LABOR,9NQ28,11504 CARROLLWOOD DR,,TAMPA,FL,336183712,USA,UNITED STATES,(850) 591-4944,,FLORIDA 15,J056,MAINT/REPAIR/REBUILD OF EQUIPMENT- CONSTRUCTION AND BUILDING MATERIALS,561790.0,OTHER SERVICES TO BUILDINGS AND DWELLINGS,LA,,USA,ORLEANS,NEW ORLEANS,,70119,6535.0,,2025-05-26-1733
36C25025C0010,Department of Veterans Affairs,LIFE TECHNOLOGIES CORPORATION,35880.0,GENEXUS ION maintenance by Life Technologies Corporation,TERMINATED,https://www.fpds.gov/ezsearch/jsp/viewLinkController.jsp?agencyID=3600&PIID=36C25025C0010&modNumber=P00001&idvAgencyID=&idvPIID=&contractType=AWARD,5/15/2025,32890.0,3600,36C25025C0010,P00001,,,,03/27/2025,10/01/2024,03/27/2025,03/27/2025,08/21/2024,-32890.0,2990.0,-32890.0,2990.0,-32890.0,2990.0,EB8QTC6575E7,LIFE TECHNOLOGIES CORPORATION,,1F3R7,5781 VAN ALLEN WAY,,CARLSBAD,CA,920087321,USA,UNITED STATES,(301) 332-9357,,CALIFORNIA 49,J065,"MAINT/REPAIR/REBUILD OF EQUIPMENT- MEDICAL, DENTAL, AND VETERINARY EQUIPMENT AND SUPPLIES",811210.0,ELECTRONIC AND PRECISION EQUIPMENT REPAIR AND MAINTENANCE,IN,,USA,MARION,INDIANAPOLIS,,46202,2375.0,,2025-05-26-1733
36C24E24P0083,Department of Veterans Affairs,ROBERT GALLOP,33250.0,Biostatistical Consultation Services for Research Support,TERMINATED,https://www.fpds.gov/ezsearch/jsp/viewLinkController.jsp?agencyID=3600&PIID=36C24E24P0083&modNumber=P00001&idvAgencyID=&idvPIID=&contractType=AWARD,5/15/2025,32680.0,3600,36C24E24P0083,P00001,,,,04/10/2025,09/27/2024,03/07/2025,03/07/2025,07/28/2024,-380.0,570.0,-380.0,570.0,-32680.0,570.0,T6UYPBJ3L335,ROBERT GALLOP,ROBERT GALLOP,03Y95,517 RADEK CT,,WEST CHESTER,PA,19382-4309,USA,UNITED STATES,,,PENNSYLVANIA 06,AN21,HEALTH R&D SERVICES; HEALTH RESEARCH AND TRAINING; BASIC RESEARCH,541690.0,OTHER SCIENTIFIC AND TECHNICAL CONSULTING SERVICES,WA,,USA,KING,SEATTLE,,98108,1532.0,,2025-05-26-1733
36C25025P0370,Department of Veterans Affairs,"EASIER COMMUNICATIONS, LLC.",31500.0,Tele-town hall meetings for VA Northeast Ohio,TERMINATED,https://www.fpds.gov/ezsearch/jsp/viewLinkController.jsp?agencyID=3600&PIID=36C25025P0370&modNumber=P00001&idvAgencyID=&idvPIID=&contractType=AWARD,5/15/2025,29750.0,3600,36C25025P0370,P00001,,,,03/05/2025,12/12/2024,03/04/2025,03/04/2025,11/12/2024,0.0,1750.0,0.0,1750.0,0.0,1750.0,ZRBBVLR56JD5,"EASIER COMMUNICATIONS, LLC.",EASIER COMMUNICATIONS LLC,7UQ77,355 S TELLER ST,STE 200,LAKEWOOD,CO,802267391,USA,UNITED STATES,(720) 547-3433,,COLORADO 07,DG11,IT and Telecom - Network: Satellite Communications and Telecom Access Services,541618.0,OTHER MANAGEMENT CONSULTING SERVICES,OH,,USA,CUYAHOGA,CLEVELAND,,44106,1702.0,,2025-05-26-1733
36C24525F0188,Department of Veterans Affairs,100 PARKWAY LEASING CO LLC,27000.0,Community Nursing Home Services by 100 Parkway Leasing Co,BASE AWARD,https://www.fpds.gov/ezsearch/jsp/viewLinkController.jsp?agencyID=3600&PIID=36C24525F0188&modNumber=0&idvAgencyID=&idvPIID=36C24520D0046&contractType=AWARD,5/15/2025,27000.0,3600,36C24525F0188,0,3600,36C24520D0046,P00003,01/28/2025,02/01/2025,04/30/2025,07/31/2025,01/15/2025,0.0,,0.0,,27000.0,,QYG8NVNRMWW5,100 PARKWAY LEASING CO LLC,,7GAV1,4700 ASHWOOD DR,STE 200,BLUE ASH,OH,452412424,USA,UNITED STATES,(513) 582-1270,,OHIO 02,Q402,"NURSING HOME, LONG-TERM & ADULT DAY CARE SERVICES",623110.0,NURSING CARE FACILITIES (SKILLED NURSING FACILITIES),WV,,USA,HARRISON,CLARKSBURG,,26301,4357.0,,2025-05-26-1733
36C10X23P0038,Department of Veterans Affairs,FRONTLINE ENTERPRISES LLC,56550.96,Interior Plant Maintenance Services by Frontline Enterprises,TERMINATED,https://www.fpds.gov/ezsearch/jsp/viewLinkController.jsp?agencyID=3600&PIID=36C10X23P0038&modNumber=P00003&idvAgencyID=&idvPIID=&contractType=AWARD,5/15/2025,23181.0,3600,36C10X23P0038,P00003,,,,03/06/2025,04/01/2023,03/06/2025,03/06/2025,03/08/2023,0.0,33369.96,0.0,33369.96,0.0,56550.96,N6MMPN1BBZL7,FRONTLINE ENTERPRISES LLC,FRONTLINE ENTERPRISES LLC,3YRZ9,2805 GUNARETTE WAY,,SILVER SPRING,MD,209061865,USA,UNITED STATES,(301) 942-2602,(202) 543-5398,MARYLAND 08,S217,HOUSEKEEPING- INTERIOR PLANTSCAPING,561790.0,OTHER SERVICES TO BUILDINGS AND DWELLINGS,DC,,USA,DISTRICT OF COLUMBIA,WASHINGTON,,20420,1.0,,2025-05-26-1733
36C25525P0112,Department of Veterans Affairs,PROFESSIONAL INVENTORY CONTROL SYSTEMS,25500.0,Annual Pharmacy Inventory Services at Columbia VAMC,BASE AWARD,https://www.fpds.gov/ezsearch/jsp/viewLinkController.jsp?agencyID=3600&PIID=36C25525P0112&modNumber=0&idvAgencyID=&idvPIID=&contractType=AWARD,5/15/2025,20500.0,3600,36C25525P0112,0,,,,02/07/2025,02/17/2025,02/28/2025,02/28/2029,01/14/2025,5000.0,,5000.0,,25500.0,,SMVBR1TNR8Z1,PROFESSIONAL INVENTORY CONTROL SYSTEMS,PICS INVENTORY,1FRC3,1803 WOODRAIL DR,,MILLERSVILLE,MD,211082219,USA,UNITED STATES,(301) 254-0931,(240) 399-1357,MARYLAND 03,R499,SUPPORT- PROFESSIONAL: OTHER,561990.0,ALL OTHER SUPPORT SERVICES,MO,,USA,BOONE,COLUMBIA,,65201,5275.0,,2025-05-26-1733
36C25921C0010,Department of Veterans Affairs,BANNING CONTRACTING SERVICES INC,64776.0,Annual generator maintenance and repair services,TERMINATED,https://www.fpds.gov/ezsearch/jsp/viewLinkController.jsp?agencyID=3600&PIID=36C25921C0010&modNumber=P00009&idvAgencyID=&idvPIID=&contractType=AWARD,5/15/2025,18380.0,3600,36C25921C0010,P00009,,,,04/11/2025,10/09/2020,04/04/2025,04/04/2025,,-18380.0,64776.0,-18380.0,64776.0,-18380.0,64776.0,LGP1T5CSZNR7,BANNING CONTRACTING SERVICES INC,,72WD5,10 S IROQUOIS AVE,,TULSA,OK,741200100,USA,UNITED STATES,(918) 394-4450,(918) 956-1022,OKLAHOMA 01,J099,MAINT/REPAIR/REBUILD OF EQUIPMENT- MISCELLANEOUS,335312.0,MOTOR AND GENERATOR MANUFACTURING,MT,,USA,LEWIS AND CLARK,FORT HARRISON,,59636,9700.0,,2025-05-26-1733
36C24E24N0115,Department of Veterans Affairs,BROWN UNIVERSITY IN PROVIDENCE IN THE STATE OF RHODE ISLAND AND PROVIDENCE PLANTATIONS,22241.25,Veterinary services for Providence VAMC researchers,TERMINATED,https://www.fpds.gov/ezsearch/jsp/viewLinkController.jsp?agencyID=3600&PIID=36C24E24N0115&modNumber=P00002&idvAgencyID=&idvPIID=36C24E21D0021&contractType=AWARD,5/15/2025,16908.0,3600,36C24E24N0115,P00002,3600,36C24E21D0021,0,04/11/2025,05/10/2024,04/04/2025,04/04/2025,05/03/2024,-16908.75,22241.25,-16908.75,22241.25,-16908.75,22241.25,E3FDXZ6TBHW3,BROWN UNIVERSITY IN PROVIDENCE IN THE STATE OF RHODE ISLAND AND PROVIDENCE PLANTATIONS,BROWN UNIVERSITY,23242,1 PROSPECT ST,,PROVIDENCE,RI,029129100,USA,UNITED STATES,(401) 863-2777,(401) 863-7292,RHODE ISLAND 01,R416,SUPPORT- PROFESSIONAL: VETERINARY/ANIMAL CARE,611310.0,"COLLEGES, UNIVERSITIES, AND PROFESSIONAL SCHOOLS",RI,,USA,PROVIDENCE,PROVIDENCE,,02912,9100.0,,2025-05-26-1733
36C24824N0654,Department of Veterans Affairs,NOVOCURE INC.,49748.73,Optune Plus Transducers Rental by Novocure Inc.,Expired,https://www.fpds.gov/ezsearch/jsp/viewLinkController.jsp?agencyID=3600&PIID=36C24824N0654&modNumber=P00001&idvAgencyID=&idvPIID=36F79723D0016&contractType=AWARD,5/15/2025,16582.0,3600,36C24824N0654,P00001,3600,36F79723D0016,0,04/16/2025,04/12/2024,04/16/2025,05/16/2025,04/12/2024,-16582.91,33165.82,-16582.91,33165.82,-16582.91,33165.82,P3S3GK3DTUA8,NOVOCURE INC.,,81PZ6,195 COMMERCE WAY,,PORTSMOUTH,NH,038013251,USA,UNITED STATES,(603) 436-2809,,NEW HAMPSHIRE 01,6515,"MEDICAL AND SURGICAL INSTRUMENTS, EQUIPMENT, AND SUPPLIES",334510.0,ELECTROMEDICAL AND ELECTROTHERAPEUTIC APPARATUS MANUFACTURING,TX,,USA,TARRANT,FORT WORTH,,76109,2521.0,,2025-05-26-1733
36C25623P0113,Department of Veterans Affairs,"LEGAL WINGS, INC.",20800.0,"Legal courier services by Legal Wings, Inc.",TERMINATED,https://www.fpds.gov/ezsearch/jsp/viewLinkController.jsp?agencyID=3600&PIID=36C25623P0113&modNumber=P00006&idvAgencyID=&idvPIID=&contractType=AWARD,5/15/2025,15575.0,3600,36C25623P0113,P00006,,,,04/22/2025,11/01/2022,04/22/2025,04/22/2025,09/29/2022,-4400.0,10800.0,-4400.0,10800.0,-4400.0,20800.0,KFEBG7FB6VT3,"LEGAL WINGS, INC.",,96PK4,829 BARONNE ST,,NEW ORLEANS,LA,701131102,USA,UNITED STATES,(504) 484-7996,,LOUISIANA 02,R602,SUPPORT- ADMINISTRATIVE: COURIER/MESSENGER,492110.0,COURIERS AND EXPRESS DELIVERY SERVICES,LA,,USA,ORLEANS,NEW ORLEANS,,70119,4558.0,,2025-05-26-1733
36C10E23P0065,Department of Veterans Affairs,365 FACILITATORS INC,281913.79,Unarmed Guard Services for VA Facilities,TERMINATED,https://www.fpds.gov/ezsearch/jsp/viewLinkController.jsp?agencyID=3600&PIID=36C10E23P0065&modNumber=P00005&idvAgencyID=&idvPIID=&contractType=AWARD,5/15/2025,14551.0,3600,36C10E23P0065,P00005,,,,04/09/2025,04/03/2023,03/03/2025,03/03/2025,02/10/2023,-14551.21,281913.79,-14551.21,281913.79,-14551.21,281913.79,M68YLCU7NJL5,365 FACILITATORS INC,365 SECURITY SERVICES,8TVJ4,7600 CHEVY CHASE DR. STE 2-323,,AUSTIN,TX,787521581,USA,UNITED STATES,(877) 365-3228,,TEXAS 37,S206,HOUSEKEEPING- GUARD,561612.0,SECURITY GUARDS AND PATROL SERVICES,AZ,,USA,MARICOPA,PHOENIX,,85012,1087.0,,2025-05-26-1733
36C24723P0936,Department of Veterans Affairs,UNIVERSITY OF ALABAMA AT BIRMINGHAM,1571.25,Lease of Rotometer and Animal Testing Equipment,TERMINATED,https://www.fpds.gov/ezsearch/jsp/viewLinkController.jsp?agencyID=3600&PIID=36C24723P0936&modNumber=P00003&idvAgencyID=&idvPIID=&contractType=AWARD,5/15/2025,14400.0,3600,36C24723P0936,P00003,,,,05/06/2025,06/13/2023,03/31/2025,03/31/2025,06/07/2023,-4800.0,1571.25,-4800.0,1571.25,-14400.0,1571.25,YND4PLMC9AN7,UNIVERSITY OF ALABAMA AT BIRMINGHAM,U A B,0DV74,701 S 20TH ST,,BIRMINGHAM,AL,352940001,USA,UNITED STATES,(205) 996-6120,(205) 975-5977,ALABAMA 07,AN21,HEALTH R&D SERVICES; HEALTH RESEARCH AND TRAINING; BASIC RESEARCH,532490.0,OTHER COMMERCIAL AND INDUSTRIAL MACHINERY AND EQUIPMENT RENTAL AND LEASING,AL,,USA,JEFFERSON,BIRMINGHAM,,35233,1121.0,,2025-05-26-1733
36C24824P1627,Department of Veterans Affairs,101 MOBILITY LLC,13645.0,Elite Curve Straight Lift by 101 Mobility LLC,Expired,https://www.fpds.gov/ezsearch/jsp/viewLinkController.jsp?agencyID=3600&PIID=36C24824P1627&modNumber=P00001&idvAgencyID=&idvPIID=&contractType=AWARD,5/15/2025,13645.0,3600,36C24824P1627,P00001,,,,04/15/2025,05/30/2024,04/15/2025,05/15/2025,,-13645.0,0.0,-13645.0,0.0,-13645.0,0.0,JBPBLDUK4NV7,101 MOBILITY LLC,,51GU4,5221 OLEANDER DR,,WILMINGTON,NC,284037071,USA,UNITED STATES,(910) 350-2755,(910) 350-8032,NORTH CAROLINA 07,6515,"MEDICAL AND SURGICAL INSTRUMENTS, EQUIPMENT, AND SUPPLIES",339113.0,SURGICAL APPLIANCE AND SUPPLIES MANUFACTURING,FL,,USA,PASCO,TRINITY,,34655,5361.0,,2025-05-26-1733
36C10D24P0125,Department of Veterans Affairs,365 FACILITATORS INC,63299.2,Unarmed Security Guard Services by 365 Facilitators Inc,TERMINATED,https://www.fpds.gov/ezsearch/jsp/viewLinkController.jsp?agencyID=3600&PIID=36C10D24P0125&modNumber=P00006&idvAgencyID=&idvPIID=&contractType=AWARD,5/15/2025,12156.0,3600,36C10D24P0125,P00006,,,,04/09/2025,07/24/2024,03/03/2025,03/03/2025,07/09/2024,-12156.8,63299.2,-12156.8,63299.2,-12156.8,63299.2,M68YLCU7NJL5,365 FACILITATORS INC,365 SECURITY SERVICES,8TVJ4,7600 CHEVY CHASE DR. STE 2-323,,AUSTIN,TX,787521581,USA,UNITED STATES,(512) 648-0627,,TEXAS 37,S206,HOUSEKEEPING- GUARD,561612.0,SECURITY GUARDS AND PATROL SERVICES,AZ,,USA,MARICOPA,PHOENIX,,85012,1087.0,,2025-05-26-1733
36C25923P0814,Department of Veterans Affairs,"HANGER PROSTHETICS & ORTHOTICS, INC.",11273.0,Prosthetic limb supplies and equipment for VA,SUPPLEMENTAL AGREEMENT FOR WORK WITHIN SCOPE,https://www.fpds.gov/ezsearch/jsp/viewLinkController.jsp?agencyID=3600&PIID=36C25923P0814&modNumber=P00001&idvAgencyID=&idvPIID=&contractType=AWARD,5/15/2025,11273.0,3600,36C25923P0814,P00001,,,,04/03/2025,05/10/2023,05/03/2025,06/30/2025,,-11273.36,0.0,-11273.36,0.0,-11273.36,0.0,LSAGLWAKLJF7,"HANGER PROSTHETICS & ORTHOTICS, INC.",HANGER CLINIC,7JFB0,175 S UNION BLVD STE 320,,COLORADO SPRINGS,CO,809103126,USA,UNITED STATES,(512) 777-3800,,COLORADO 05,6515,"MEDICAL AND SURGICAL INSTRUMENTS, EQUIPMENT, AND SUPPLIES",339113.0,SURGICAL APPLIANCE AND SUPPLIES MANUFACTURING,CO,,USA,EL PASO,COLORADO SPRINGS,,80910,3126.0,,2025-05-26-1733
36C24824P1007,Department of Veterans Affairs,ALL MOBILITY PUERTO RICO INC,10999.0,Passenger Side Link Seat from All Mobility Puerto Rico,SUPPLEMENTAL AGREEMENT FOR WORK WITHIN SCOPE,https://www.fpds.gov/ezsearch/jsp/viewLinkController.jsp?agencyID=3600&PIID=36C24824P1007&modNumber=P00001&idvAgencyID=&idvPIID=&contractType=AWARD,5/15/2025,10999.0,3600,36C24824P1007,P00001,,,,05/01/2025,03/05/2024,05/01/2025,06/01/2025,,-10999.0,0.0,-10999.0,0.0,-10999.0,0.0,Z18XK3YC4E26,ALL MOBILITY PUERTO RICO INC,,7UYM0,CARR 838 KM 1 HM 8 INT,SECTOR MELIA LEON,GUAYNABO,PR,00969,USA,UNITED STATES,(787) 717-5333,, ,6515,"MEDICAL AND SURGICAL INSTRUMENTS, EQUIPMENT, AND SUPPLIES",339113.0,SURGICAL APPLIANCE AND SUPPLIES MANUFACTURING,FL,,USA,PASCO,TRINITY,,34655,5361.0,,2025-05-26-1733
36C25622P0150,Department of Veterans Affairs,"GREEN OAK GARDEN CENTER, LLC",22545.48,Office plant maintenance services for VA facility,TERMINATED,https://www.fpds.gov/ezsearch/jsp/viewLinkController.jsp?agencyID=3600&PIID=36C25622P0150&modNumber=P00009&idvAgencyID=&idvPIID=&contractType=AWARD,5/15/2025,10147.0,3600,36C25622P0150,P00009,,,,03/11/2025,11/01/2021,03/07/2025,03/07/2025,,-1500.0,13898.28,-1500.0,13898.28,-1500.0,22545.48,SM3QN3J6VG33,"GREEN OAK GARDEN CENTER, LLC",GREEN OAK GARDEN CENTER,6M0E7,5009 OLD CANTON RD,,JACKSON,MS,392110000,USA,UNITED STATES,(601) 956-5034,(601) 956-1048, ,S217,HOUSEKEEPING- INTERIOR PLANTSCAPING,561730.0,LANDSCAPING SERVICES,MS,,USA,MADISON,RIDGELAND,,39157,4196.0,,2025-05-26-1733
36C24724P0930,Department of Veterans Affairs,JOHNSON CONTROLS SECURITY SOLUTIONS LLC,10000.0,Emergency chiller repair at Carl Vinson VA Medical Center,FUNDING ONLY ACTION,https://www.fpds.gov/ezsearch/jsp/viewLinkController.jsp?agencyID=3600&PIID=36C24724P0930&modNumber=P00002&idvAgencyID=&idvPIID=&contractType=AWARD,5/15/2025,10000.0,3600,36C24724P0930,P00002,,,,02/12/2025,06/05/2024,02/16/2025,02/16/2030,06/05/2024,-10000.0,10000.0,-10000.0,10000.0,-10000.0,10000.0,YV2MG1WKYEQ3,JOHNSON CONTROLS SECURITY SOLUTIONS LLC,,8B951,3601 EISENHOWER AVE STE 300,,ALEXANDRIA,VA,223046425,USA,UNITED STATES,(703) 317-4319,(703) 317-4411,VIRGINIA 08,J045,"MAINT/REPAIR/REBUILD OF EQUIPMENT- PLUMBING, HEATING, AND WASTE DISPOSAL EQUIPMENT",238220.0,"PLUMBING, HEATING, AND AIR-CONDITIONING CONTRACTORS",GA,,USA,LAURENS,DUBLIN,,31021,1.0,,2025-05-26-1733
36C24424N0074,Department of Veterans Affairs,BRW CONSULTING LLC,111630.0,Elevator maintenance services for VA facilities,SUPPLEMENTAL AGREEMENT FOR WORK WITHIN SCOPE,https://www.fpds.gov/ezsearch/jsp/viewLinkController.jsp?agencyID=3600&PIID=36C24424N0074&modNumber=P00001&idvAgencyID=&idvPIID=36C24424D0021&contractType=AWARD,5/15/2025,8370.0,3600,36C24424N0074,P00001,3600,36C24424D0021,0,03/11/2025,01/01/2024,04/30/2025,05/31/2025,09/20/2023,-8370.04,111630.0,-8370.04,111630.0,-8370.04,111630.0,NCL5DLYG15H8,BRW CONSULTING LLC,,989U1,9100 AVENUE A,,BALTIMORE,MD,212192406,USA,UNITED STATES,(302) 270-6927,,MARYLAND 07,J035,MAINT/REPAIR/REBUILD OF EQUIPMENT- SERVICE AND TRADE EQUIPMENT,238290.0,OTHER BUILDING EQUIPMENT CONTRACTORS,PA,,USA,BLAIR,ALTOONA,,16602,4305.0,,2025-05-26-1733
36C24W23P0016,Department of Veterans Affairs,VETERAN ELECTRIC LLC,199998.88,EHRM Electrical Upgrades for VA Leased Facilities,TERMINATED,https://www.fpds.gov/ezsearch/jsp/viewLinkController.jsp?agencyID=3600&PIID=36C24W23P0016&modNumber=P00002&idvAgencyID=&idvPIID=&contractType=AWARD,5/15/2025,6526.0,3600,36C24W23P0016,P00002,,,,02/10/2025,09/19/2023,02/10/2025,03/10/2025,07/12/2023,-3263.28,196735.6,0.0,199998.88,0.0,199998.88,F4LHUXL2QB75,VETERAN ELECTRIC LLC,,53H44,25770 S MORGAN RD,,ESTACADA,OR,970239468,USA,UNITED STATES,(503) 657-8387,,OREGON 01,X1DZ,LEASE/RENTAL OF OTHER HOSPITAL BUILDINGS,238210.0,ELECTRICAL CONTRACTORS AND OTHER WIRING INSTALLATION CONTRACTORS,ID,,USA,ADA,BOISE,,83702,6136.0,,2025-05-26-1733
36L79724P0005,Department of Veterans Affairs,"HURTVET SUBCONTRACTING, LLC",1055469.0,Fayetteville AR Laundry Procurement Contract,SUPPLEMENTAL AGREEMENT FOR WORK WITHIN SCOPE,https://www.fpds.gov/ezsearch/jsp/viewLinkController.jsp?agencyID=3600&PIID=36L79724P0005&modNumber=P00001&idvAgencyID=&idvPIID=&contractType=AWARD,5/15/2025,6000.0,3600,36L79724P0005,P00001,,,,02/21/2025,02/09/2024,04/07/2025,07/07/2025,12/18/2023,-6000.0,1055469.0,-6000.0,1055469.0,-6000.0,1055469.0,LJLDFKJ2VKP5,"HURTVET SUBCONTRACTING, LLC","HURTVET SUBCONTRACTING, LLC",5MB43,1389 CENTER DRIVE,SUITE 200,PARK CITY,UT,840987660,USA,UNITED STATES,(435) 731-9525,(737) 400-4587,UTAH 01,3695,MISCELLANEOUS SPECIAL INDUSTRY MACHINERY,333310.0,COMMERCIAL AND SERVICE INDUSTRY MACHINERY MANUFACTURING,AR,,USA,WASHINGTON,FAYETTEVILLE,,72703,1944.0,,2025-05-26-1733
36C78623N0583,Department of Veterans Affairs,"WORRELL CONTRACTING CO., INC",324807.55,Cemetery maintenance and headstone services,FUNDING ONLY ACTION,https://www.fpds.gov/ezsearch/jsp/viewLinkController.jsp?agencyID=3600&PIID=36C78623N0583&modNumber=P00002&idvAgencyID=&idvPIID=36C78621D0072&contractType=AWARD,5/15/2025,5884.0,3600,36C78623N0583,P00002,3600,36C78621D0072,0,02/06/2025,04/21/2023,03/31/2025,03/31/2026,04/01/2023,-5884.36,324807.55,-5884.36,324807.55,-5884.36,324807.55,FF7SELFFUG81,"WORRELL CONTRACTING CO., INC",,1PKN0,201 N CENTER ST,,GOLDSBORO,NC,275303622,USA,UNITED STATES,(919) 288-1405,(919) 288-1446,NORTH CAROLINA 13,Z1PZ,MAINTENANCE OF OTHER NON-BUILDING FACILITIES,812220.0,CEMETERIES AND CREMATORIES,IL,,USA,WILL,ELWOOD,,60421,9309.0,,2025-05-26-1733
36C24823C0023,Department of Veterans Affairs,"TL SERVICES, INC.",634632.1,Renovate Room A180 for DEXA System,SUPPLEMENTAL AGREEMENT FOR WORK WITHIN SCOPE,https://www.fpds.gov/ezsearch/jsp/viewLinkController.jsp?agencyID=3600&PIID=36C24823C0023&modNumber=P00002&idvAgencyID=&idvPIID=&contractType=AWARD,5/15/2025,2000.0,3600,36C24823C0023,P00002,,,,02/06/2025,03/10/2023,03/15/2025,08/15/2025,10/27/2022,-2000.0,634632.1,-2000.0,634632.1,-2000.0,634632.1,PKY8AMMMHL38,"TL SERVICES, INC.",,1M8V9,1101 1ST ST SW,,RUSKIN,FL,335705344,USA,UNITED STATES,(813) 641-2730,,FLORIDA 16,Y1DA,CONSTRUCTION OF HOSPITALS AND INFIRMARIES,236220.0,COMMERCIAL AND INSTITUTIONAL BUILDING CONSTRUCTION,FL,,USA,HILLSBOROUGH,RUSKIN,,33570,5344.0,,2025-05-26-1733
36C24925F0106,Department of Veterans Affairs,AMYLIOR USA LLC,10444.03,Alltrack Power Wheelchair for Prosthetic Veteran,SUPPLEMENTAL AGREEMENT FOR WORK WITHIN SCOPE,https://www.fpds.gov/ezsearch/jsp/viewLinkController.jsp?agencyID=3600&PIID=36C24925F0106&modNumber=P00001&idvAgencyID=&idvPIID=36F79725D0023&contractType=AWARD,5/15/2025,452.0,3600,36C24925F0106,P00001,3600,36F79725D0023,0,02/05/2025,01/28/2025,04/30/2025,05/30/2025,01/14/2025,-452.16,10444.03,-452.16,10444.03,-452.16,10444.03,ZQXWHDEHANH9,AMYLIOR USA LLC,,9XBA0,1375 E 9TH ST FL 29,,CLEVELAND,OH,441141797,USA,UNITED STATES,(888) 453-0311,(877) 501-8458,OHIO 11,6530,"HOSPITAL FURNITURE, EQUIPMENT, UTENSILS, AND SUPPLIES",339113.0,SURGICAL APPLIANCE AND SUPPLIES MANUFACTURING,NY,,USA,CLINTON,CHAMPLAIN,,12919,5249.0,,2025-05-26-1733
36C25025N0444,Department of Veterans Affairs,"WRIGHT & FILIPPIS, INC.",14351.06,"Below-Knee Prosthetics Supply, VISN 10",Expired,https://www.fpds.gov/ezsearch/jsp/viewLinkController.jsp?agencyID=3600&PIID=36C25025N0444&modNumber=P00001&idvAgencyID=&idvPIID=36C77622A0010&contractType=AWARD,5/15/2025,286.0,3600,36C25025N0444,P00001,3600,36C77622A0010,0,02/18/2025,02/18/2025,03/18/2025,05/19/2025,02/17/2025,-286.3,14351.06,-286.3,14351.06,-286.3,14351.06,N9S1QMBX5GN5,"WRIGHT & FILIPPIS, INC.",,0TXE0,2845 CROOKS RD,,ROCHESTER HILLS,MI,483093661,USA,UNITED STATES,(248) 829-8253,(248) 829-8393,MICHIGAN 10,6515,"MEDICAL AND SURGICAL INSTRUMENTS, EQUIPMENT, AND SUPPLIES",339113.0,SURGICAL APPLIANCE AND SUPPLIES MANUFACTURING,MI,,USA,OAKLAND,ROCHESTER HILLS,,48309,3661.0,,2025-05-26-1733
36C25025P0757,Department of Veterans Affairs,SUNRISE MEDICAL (US) LLC,11119.5,"Power Wheelchairs and Accessories, Fresno",Expired,https://www.fpds.gov/ezsearch/jsp/viewLinkController.jsp?agencyID=3600&PIID=36C25025P0757&modNumber=P00001&idvAgencyID=&idvPIID=&contractType=AWARD,5/15/2025,26.0,3600,36C25025P0757,P00001,,,,02/21/2025,02/21/2025,03/21/2025,05/21/2025,02/11/2025,-26.51,11119.5,-26.51,11119.5,-26.51,11119.5,FQV3LSJFJ637,SUNRISE MEDICAL (US) LLC,,632N4,2842 N BUSINESS PARK AVE STE 200,,FRESNO,CA,937271328,USA,UNITED STATES,(832) 217-6625,,CALIFORNIA 20,6515,"MEDICAL AND SURGICAL INSTRUMENTS, EQUIPMENT, AND SUPPLIES",339113.0,SURGICAL APPLIANCE AND SUPPLIES MANUFACTURING,CA,,USA,FRESNO,FRESNO,,93727,1328.0,,2025-05-26-1733
36C24624P1525,Department of Veterans Affairs,CITIZEN CONTRACTING GROUP LLC,289800.0,"INSPECTION, TESTING, MAINTENANCE AND REPAIR OF FIRE ALARM SYSTEM, INSPECTION OF SPRINKLER AND FIRE SUPPRESSION SYSTEMS",TERMINATED,https://www.fpds.gov/ezsearch/jsp/viewLinkController.jsp?agencyID=3600&PIID=36C24624P1525&modNumber=P00001&idvAgencyID=&idvPIID=&contractType=AWARD,5/15/2025,119900.0,3600,36C24624P1525,P00001,,,,04/17/2025,07/22/2024,04/14/2025,04/14/2025,06/20/2024,0.0,169900.0,0.0,169900.0,0.0,289800.0,R7CYRNQZBSH3,CITIZEN CONTRACTING GROUP LLC,CITIZEN CONTRACTING GROUP LLC,94V39,7991 S 266TH EAST AVE,,BROKEN ARROW,OK,740146183,USA,UNITED STATES,(918) 537-1080,,OKLAHOMA 01,L042,TECHNICAL REP- FIRE FIGHTING/RESCUE/SAFETY EQUIPMENT; ENVIRON PROTECT EQUIPMENT/MATLS,541990.0,"ALL OTHER PROFESSIONAL, SCIENTIFIC, AND TECHNICAL SERVICES",NC,,USA,CUMBERLAND,FAYETTEVILLE,,28301,5494.0,,2025-05-26-1733
36C10F24F0011,Department of Veterans Affairs,"ANDERSON ENGINEERING OF MINNESOTA, LLC",219548.69,ENGINEERING SERVICES: KEOKUK ENVIRONMENTAL STUDIES,TERMINATED,https://www.fpds.gov/ezsearch/jsp/viewLinkController.jsp?agencyID=3600&PIID=36C10F24F0011&modNumber=P00002&idvAgencyID=&idvPIID=47QRAA18D006J&contractType=AWARD,5/15/2025,150449.0,3600,36C10F24F0011,P00002,4732,47QRAA18D006J,0,04/17/2025,06/10/2024,03/04/2025,03/04/2025,02/13/2024,-9133.1,69098.52,-9133.1,69098.52,-9133.1,219548.69,N3WLAAEHKYN8,"ANDERSON ENGINEERING OF MINNESOTA, LLC",,4E2C2,13605 1ST AVE N STE 100,,MINNEAPOLIS,MN,554415463,USA,UNITED STATES,(763) 412-4000,(763) 412-4090,MINNESOTA 03,R499,SUPPORT- PROFESSIONAL: OTHER,541330.0,ENGINEERING SERVICES,IA,,USA,LEE,KEOKUK,,52632,4451.0,,2025-05-26-1733
36C24722C0081,Department of Veterans Affairs,UNIVERSITY OF SOUTH CAROLINA,203075.9,TECHNICAL CONSULTING SERVICES: RESEARCH SCIENTIST,TERMINATED,https://www.fpds.gov/ezsearch/jsp/viewLinkController.jsp?agencyID=3600&PIID=36C24722C0081&modNumber=P00007&idvAgencyID=&idvPIID=&contractType=AWARD,5/15/2025,55992.0,3600,36C24722C0081,P00007,,,,05/13/2025,02/28/2022,02/27/2026,02/27/2027,,-54636.0,147082.9,-54636.0,147082.9,-54636.0,203075.9,J22LNTMEDP73,UNIVERSITY OF SOUTH CAROLINA,,4B489,1600 HAMPTON ST # 414,,COLUMBIA,SC,292083403,USA,UNITED STATES,(803) 777-8749,(803) 777-4136,SOUTH CAROLINA 06,AH53,NATURAL RESOURCES AND ENVIRONMENT R&D SERVICES; OTHER NATURAL RESOURCES; EXPERIMENTAL DEVELOPMENT,541690.0,OTHER SCIENTIFIC AND TECHNICAL CONSULTING SERVICES,SC,,USA,RICHLAND,COLUMBIA,,29209,2110.0,,2025-05-26-1733
36C10D23F0043,Department of Veterans Affairs,INTERNATIONAL BUSINESS MACHINES CORPORATION,23746685.73,CLAIMS COMPUTER SYSTEMS DESIGN SERVICES,TERMINATED,https://www.fpds.gov/ezsearch/jsp/viewLinkController.jsp?agencyID=3600&PIID=36C10D23F0043&modNumber=P00006&idvAgencyID=&idvPIID=47QTCK18D0014&contractType=AWARD,5/14/2025,13074337.0,3600,36C10D23F0043,P00006,4732,47QTCK18D0014,0,04/03/2025,09/29/2023,04/30/2025,04/30/2025,08/17/2023,0.0,10672347.63,0.0,10672347.63,0.0,23746685.73,VV9KH3L99VE3,INTERNATIONAL BUSINESS MACHINES CORPORATION,,3BXY7,6710 ROCKLEDGE DRIVE,,BETHESDA,MD,208171834,USA,UNITED STATES,(800) 333-6705,(888) 520-0533,MARYLAND 08,R499,SUPPORT- PROFESSIONAL: OTHER,541512.0,COMPUTER SYSTEMS DESIGN SERVICES,MD,,USA,MONTGOMERY,BETHESDA,,20817,1801.0,,2025-05-26-1733
36C26223N0949,Department of Veterans Affairs,THE ARBINGER COMPANY,1316741.6,OUTWARD MINDSET TRAINING SERVICES,TERMINATED,https://www.fpds.gov/ezsearch/jsp/viewLinkController.jsp?agencyID=3600&PIID=36C26223N0949&modNumber=P00005&idvAgencyID=&idvPIID=36C26223D0152&contractType=AWARD,5/13/2025,0.0,3600,36C26223N0949,P00005,3600,36C26223D0152,0,05/07/2025,09/28/2023,04/18/2025,04/18/2025,08/31/2023,-329585.03,1316741.6,-329585.03,1316741.6,-329585.03,1316741.6,XDJYKQ4BVTJ3,THE ARBINGER COMPANY,,1UMN6,686 N ARBINGER WAY,STE 200,FARMINGTON,UT,840253067,USA,UNITED STATES,(619) 243-6896,(801) 447-9376,UTAH 02,U008,EDUCATION/TRAINING- TRAINING/CURRICULUM DEVELOPMENT,611430.0,PROFESSIONAL AND MANAGEMENT DEVELOPMENT TRAINING,CA,,USA,SAN BERNARDINO,LOMA LINDA,,92357,1000.0,,2025-05-26-1733
36C25023C0010,Department of Veterans Affairs,HYPERION BIOTECHNOLOGY INC,120112.76,OTHER MANAGEMENT CONSULTING SERVICES; LEGIONELLA WATER,TERMINATED,https://www.fpds.gov/ezsearch/jsp/viewLinkController.jsp?agencyID=3600&PIID=36C25023C0010&modNumber=P00005&idvAgencyID=&idvPIID=&contractType=AWARD,3/31/2025,54415.0,3600,36C25023C0010,P00005,,,,03/04/2025,10/01/2022,03/04/2025,03/04/2025,08/01/2022,0.0,39481.48,0.0,65697.76,0.0,120112.76,PNW3QK1KV3M3,HYPERION BIOTECHNOLOGY INC,,1NYJ0,13302 LANGTRY ST,,SAN ANTONIO,TX,782481232,USA,UNITED STATES,(210) 493-7452,(210) 342-2005,TEXAS 21,L046,TECHNICAL REPRESENTATIVE- WATER PURIFICATION AND SEWAGE TREATMENT EQUIPMENT,541618.0,OTHER MANAGEMENT CONSULTING SERVICES,OH,,USA,CUYAHOGA,CLEVELAND,,44106,2369.0,,2025-05-26-1733
36C26323C0054,Department of Veterans Affairs,STEWART CONSULTING,204000.0,"VA IOWA CITY IOWA, RESEARCH CONTRACT",TERMINATED,https://www.fpds.gov/ezsearch/jsp/viewLinkController.jsp?agencyID=3600&PIID=36C26323C0054&modNumber=P00002&idvAgencyID=&idvPIID=&contractType=AWARD,3/19/2025,116800.0,3600,36C26323C0054,P00002,,,,03/18/2025,09/16/2023,03/05/2025,03/05/2025,06/30/2023,-29600.0,87200.0,-29600.0,87200.0,-29600.0,204000.0,KTUHN6MLLL27,STEWART CONSULTING,,642M0,3485 G RICHARD CIR SW,,IOWA CITY,IA,522408501,USA,UNITED STATES,(319) 541-3355,,IOWA 01,AN12,HEALTH R&D SERVICES; HEALTH CARE SERVICES; APPLIED RESEARCH,541611.0,ADMINISTRATIVE MANAGEMENT AND GENERAL MANAGEMENT CONSULTING SERVICES,IA,,USA,JOHNSON,IOWA CITY,,52240,8501.0,,2025-05-26-1733
36C24424N0644,Department of Veterans Affairs,CRITICAL MANAGEMENT SOLUTIONS,68150.0,VISN 04 ACCREDITATION READINESS REVIEWS,TERMINATED,https://www.fpds.gov/ezsearch/jsp/viewLinkController.jsp?agencyID=3600&PIID=36C24424N0644&modNumber=P00003&idvAgencyID=&idvPIID=36C24419D0088&contractType=AWARD,3/17/2025,0.0,3600,36C24424N0644,P00003,3600,36C24419D0088,0,03/14/2025,05/24/2024,03/10/2025,03/10/2025,07/12/2019,-97900.0,68150.0,-97900.0,68150.0,-97900.0,68150.0,C8AUJ5WJK5G3,CRITICAL MANAGEMENT SOLUTIONS,,48FK4,2313 N GRANT AVE,,WILMINGTON,DE,198062005,USA,UNITED STATES,(302) 547-0293,(302) 427-2320,DELAWARE 00,R410,SUPPORT- PROFESSIONAL: PROGRAM EVALUATION/REVIEW/DEVELOPMENT,541611.0,ADMINISTRATIVE MANAGEMENT AND GENERAL MANAGEMENT CONSULTING SERVICES,DE,,USA,NEW CASTLE,WILMINGTON,,19806,2005.0,,2025-05-26-1733
36C77624N0300,Department of Veterans Affairs,CONCORDANT LLC,6667737.0,Acquisition Utilization Specialists (1101s),Expired,https://www.fpds.gov/ezsearch/jsp/viewLinkController.jsp?agencyID=3600&PIID=36C77624N0300&modNumber=0&idvAgencyID=&idvPIID=36C77623D0003&contractType=AWARD,3/12/2025,3197457.0,3600,36C77624N0300,0,3600,36C77623D0003,0,02/29/2024,03/01/2024,02/28/2025,02/28/2025,02/28/2024,3470280.0,,6667737.0,,6667737.0,,L47XLX9LJLH5,CONCORDANT LLC,,67JG8,208 E GARFIELD ST,STE 200,LARAMIE,WY,820703666,USA,UNITED STATES,(307) 413-3841,(703) 536-0902,WYOMING 00,R707,SUPPORT- MANAGEMENT: CONTRACT/PROCUREMENT/ACQUISITION SUPPORT,541611.0,ADMINISTRATIVE MANAGEMENT AND GENERAL MANAGEMENT CONSULTING SERVICES,OH,,USA,CUYAHOGA,INDEPENDENCE,,44131,6969.0,,2025-05-26-1733
36C10X23P0107,Department of Veterans Affairs,"TECHNICAL ASSENT, LLC",4965771.32,VEO EX support services,Expired,https://www.fpds.gov/ezsearch/jsp/viewLinkController.jsp?agencyID=3600&PIID=36C10X23P0107&modNumber=P00001&idvAgencyID=&idvPIID=&contractType=AWARD,3/12/2025,0.0,3600,36C10X23P0107,P00001,,,,11/30/2023,09/15/2023,02/14/2025,02/14/2025,09/13/2023,3474001.76,4965771.32,3474001.76,4965771.32,0.0,4965771.32,TQL1KP1SVQZ5,"TECHNICAL ASSENT, LLC",TECHNICAL ASSENT LLC,6HZQ1,3100 CLARENDON BLVD,STE 200,ARLINGTON,VA,222015302,USA,UNITED STATES,(202) 299-4550,,VIRGINIA 08,R410,SUPPORT- PROFESSIONAL: PROGRAM EVALUATION/REVIEW/DEVELOPMENT,541611.0,ADMINISTRATIVE MANAGEMENT AND GENERAL MANAGEMENT CONSULTING SERVICES,VA,,USA,ARLINGTON,ARLINGTON,,22201,5302.0,,2025-05-26-1733
36C10X23F0086,Department of Veterans Affairs,GENTECH ASSOCIATES INC,2436213.18,Independent and objective healthcare operational audits and advisory services that add value and improve VHA's operations,BASE AWARD,https://www.fpds.gov/ezsearch/jsp/viewLinkController.jsp?agencyID=3600&PIID=36C10X23F0086&modNumber=0&idvAgencyID=&idvPIID=GS23F053AA&contractType=AWARD,3/12/2025,1511131.0,3600,36C10X23F0086,0,4732,GS23F053AA,PA0035,09/26/2023,09/29/2023,09/28/2024,09/28/2026,08/17/2023,925081.7,,925081.7,,2436213.18,,VHWFFFZFWSQ1,"GENTECH ASSOCIATES, INC.",,4GRB5,9100 PURDUE RD,STE 200,INDIANAPOLIS,IN,462683165,USA,UNITED STATES,(866) 432-1040,(866) 432-1040,INDIANA 07,R704,SUPPORT- MANAGEMENT: AUDITING,541611.0,ADMINISTRATIVE MANAGEMENT AND GENERAL MANAGEMENT CONSULTING SERVICES,IN,,USA,MARION,INDIANAPOLIS,,46268,6811.0,,2025-05-26-1733
36C24E24N0213,Department of Veterans Affairs,"PATHFINDER CONSULTANTS, LLC",1738672.0,Supporting the delivery of supplies and services to VHA hospitals and clinics providing healthcare to Veterans.,TERMINATED,https://www.fpds.gov/ezsearch/jsp/viewLinkController.jsp?agencyID=3600&PIID=36C24E24N0213&modNumber=P00001&idvAgencyID=&idvPIID=36C24E22A0003&contractType=AWARD,3/12/2025,0.0,3600,36C24E24N0213,P00001,3600,36C24E22A0003,P00004,05/15/2025,09/21/2024,03/05/2025,03/05/2025,09/11/2024,-920298.66,818373.34,-920298.66,818373.34,-920298.66,818373.34,NE7FN362JCH1,"PATHFINDER CONSULTANTS, LLC",,5ZLG0,1936 E BEECH RD,,STERLING,VA,201641934,USA,UNITED STATES,(202) 737-7284,(202) 618-6234,VIRGINIA 10,R707,SUPPORT- MANAGEMENT: CONTRACT/PROCUREMENT/ACQUISITION SUPPORT,541611.0,ADMINISTRATIVE MANAGEMENT AND GENERAL MANAGEMENT CONSULTING SERVICES,MA,,USA,MIDDLESEX,BEDFORD,,01730,1488.0,,2025-05-26-1733
36C77624F0030,Department of Veterans Affairs,"MABBETT & ASSOCIATES, INC.",299007.33,Minor Construction project for Fisher House Site Survey,TERMINATED,https://www.fpds.gov/ezsearch/jsp/viewLinkController.jsp?agencyID=3600&PIID=36C77624F0030&modNumber=P00002&idvAgencyID=&idvPIID=GS10F0120T&contractType=AWARD,3/12/2025,0.0,3600,36C77624F0030,P00002,4730,GS10F0120T,PA0037,03/04/2025,09/26/2024,03/04/2025,03/04/2025,08/28/2024,0.0,299007.33,0.0,299007.33,0.0,299007.33,JACMATCH87S5,MABBETT AND ASSOCIATES INCORPORATED,,361J7,105 CENTRAL ST,STE 4100,STONEHAM,MA,021801260,USA,UNITED STATES,(781) 275-6050,(781) 275-3137,MASSACHUSETTS 05,C219,ARCHITECT AND ENGINEERING- GENERAL: OTHER,541620.0,ENVIRONMENTAL CONSULTING SERVICES,IA,,USA,JOHNSON,IOWA CITY,,52246,8685.0,,2025-05-26-1733
36C10D23N0008,Department of Veterans Affairs,DELOITTE CONSULTING LLP,653646.47,"COMPUTING INFRASTRUCTURE PROVIDERS, DATA PROCESSING, WEB HOSTING, AND RELATED SERVICES",TERMINATED,https://www.fpds.gov/ezsearch/jsp/viewLinkController.jsp?agencyID=3600&PIID=36C10D23N0008&modNumber=P00001&idvAgencyID=&idvPIID=36C10E19D0016&contractType=AWARD,3/11/2025,0.0,3600,36C10D23N0008,P00001,3600,36C10E19D0016,0,09/19/2023,05/01/2023,10/31/2023,10/31/2027,01/15/2023,-4773215.75,653646.47,-4773215.75,653646.47,-28668968.28,653646.47,CKV2L9GZKJK3,DELOITTE CONSULTING LLP,DELOITTE,1TTG5,1919 N LYNN ST,,ARLINGTON,VA,222091742,USA,UNITED STATES,(571) 858-0176,(703) 842-6748,VIRGINIA 08,R499,SUPPORT- PROFESSIONAL: OTHER,518210.0,"COMPUTING INFRASTRUCTURE PROVIDERS, DATA PROCESSING, WEB HOSTING, AND RELATED SERVICES",DC,,USA,DISTRICT OF COLUMBIA,WASHINGTON,,20006,1053.0,,2025-05-26-1733
36C26224N0649,Department of Veterans Affairs,HOUSING INNOVATIONS LLC,8000.0,ADMINISTRATIVE MANAGEMENT AND GENERAL MANAGEMENT CONSULTING SERVICES,TERMINATED,https://www.fpds.gov/ezsearch/jsp/viewLinkController.jsp?agencyID=3600&PIID=36C26224N0649&modNumber=P00002&idvAgencyID=&idvPIID=36C26221D0028&contractType=AWARD,3/6/2025,0.0,3600,36C26224N0649,P00002,3600,36C26221D0028,0,03/05/2025,05/10/2024,03/04/2025,03/04/2025,04/19/2024,0.0,8000.0,0.0,8000.0,0.0,8000.0,EWUHTLZ7P1K7,HOUSING INNOVATIONS LLC,,5RUQ6,235 WALNUT ROAD,,LAKE PEEKSKILL,NY,105371103,USA,UNITED STATES,(917) 612-5469,,NEW YORK 17,R499,SUPPORT- PROFESSIONAL: OTHER,541611.0,ADMINISTRATIVE MANAGEMENT AND GENERAL MANAGEMENT CONSULTING SERVICES,CA,,USA,LOS ANGELES,LOS ANGELES,,90073,1075.0,,2025-05-26-1733
36C10X23N0057,Department of Veterans Affairs,"APTIVE HTG, LLC",6555019.56,"VHA INTEGRATED HEALTHCARE TRANSFORMATION (IHT) IDIQ CONTRACT- MODIFICATION TO UPDATE CLAUSES, ADMIN DATA, AND TEAMING PARTNERS.",TERMINATED,https://www.fpds.gov/ezsearch/jsp/viewLinkController.jsp?agencyID=3600&PIID=36C10X23N0057&modNumber=P00006&idvAgencyID=&idvPIID=36C10X20D0002&contractType=AWARD,3/5/2025,2848451.95,3600,36C10X23N0057,P00006,3600,36C10X20D0002,0,05/20/2025,03/29/2023,02/25/2025,02/25/2025,02/02/2023,-180063.77,3526503.84,-180063.77,3526503.84,-180063.77,6374955.79,L2LMMGFF12A3,"APTIVE HTG, LLC",,8A9S8,421 KING ST STE 200,,ALEXANDRIA,VA,223143121,USA,UNITED STATES,(703) 598-0697,,VIRGINIA 08,R499,SUPPORT- PROFESSIONAL: OTHER,541611.0,ADMINISTRATIVE MANAGEMENT AND GENERAL MANAGEMENT CONSULTING SERVICES,VA,,USA,ALEXANDRIA CITY,ALEXANDRIA,,22314,3359.0,,2025-05-26-1733
36C10X20N0139,Department of Veterans Affairs,"APTIVE HTG, LLC",72940747.03,VHA INTEGRATED HEALTHCARE TRANSFORMATION (IHT) HIGH RELIABILITY ORGANIZATION SUPPORT,TERMINATED,https://www.fpds.gov/ezsearch/jsp/viewLinkController.jsp?agencyID=3600&PIID=36C10X20N0139&modNumber=P00013&idvAgencyID=&idvPIID=36C10X20D0002&contractType=AWARD,3/5/2025,0.0,3600,36C10X20N0139,P00013,3600,36C10X20D0002,0,03/04/2025,09/30/2020,02/25/2025,02/25/2025,08/11/2020,0.0,72940747.03,0.0,72940747.03,0.0,72940747.03,L2LMMGFF12A3,"APTIVE HTG, LLC",,8A9S8,421 KING ST STE 200,,ALEXANDRIA,VA,223143121,USA,UNITED STATES,(703) 598-0697,,VIRGINIA 08,R408,SUPPORT- PROFESSIONAL: PROGRAM MANAGEMENT/SUPPORT,541611.0,ADMINISTRATIVE MANAGEMENT AND GENERAL MANAGEMENT CONSULTING SERVICES,DC,,USA,DISTRICT OF COLUMBIA,WASHINGTON,,20001,4.0,,2025-05-26-1733
36C10X24N0137,Department of Veterans Affairs,"APTIVE HTG, LLC",991675.6,VHA INTEGRATED HEALTHCARE TRANSFORMATION (IHT) IDIQ CONTRACT,TERMINATED,https://www.fpds.gov/ezsearch/jsp/viewLinkController.jsp?agencyID=3600&PIID=36C10X24N0137&modNumber=P00003&idvAgencyID=&idvPIID=36C10X20D0002&contractType=AWARD,3/5/2025,492973.64,3600,36C10X24N0137,P00003,3600,36C10X20D0002,0,04/24/2025,05/16/2024,02/25/2025,02/25/2025,04/08/2024,-112210.65,386491.31,-112210.65,386491.31,-605184.29,386491.31,L2LMMGFF12A3,"APTIVE HTG, LLC",,8A9S8,421 KING ST STE 200,,ALEXANDRIA,VA,223143121,USA,UNITED STATES,(703) 598-0697,,VIRGINIA 08,R499,SUPPORT- PROFESSIONAL: OTHER,541611.0,ADMINISTRATIVE MANAGEMENT AND GENERAL MANAGEMENT CONSULTING SERVICES,VA,,USA,ALEXANDRIA CITY,ALEXANDRIA,,22314,3359.0,,2025-05-26-1733
36C10X24N0062,Department of Veterans Affairs,RB MANAGEMENT CONSULTANTS LLC,1932138.65,VHA INTEGRATED HEALTHCARE TRANSFORMATION (IHT) IDIQ CONTRACT,TERMINATED,https://www.fpds.gov/ezsearch/jsp/viewLinkController.jsp?agencyID=3600&PIID=36C10X24N0062&modNumber=P00002&idvAgencyID=&idvPIID=36C10X20D0004&contractType=AWARD,3/5/2025,661285.1,3600,36C10X24N0062,P00002,3600,36C10X20D0004,0,03/04/2025,01/18/2024,02/25/2025,02/25/2025,11/16/2023,0.0,1270853.55,0.0,1270853.55,0.0,1932138.65,HEAKVJCG8MV6,RB MANAGEMENT CONSULTANTS LLC,,7X4V2,2011 CRYSTAL DR STE 400,,ARLINGTON,VA,222023709,USA,UNITED STATES,(240) 444-2511,,VIRGINIA 08,R499,SUPPORT- PROFESSIONAL: OTHER,541611.0,ADMINISTRATIVE MANAGEMENT AND GENERAL MANAGEMENT CONSULTING SERVICES,VA,,USA,FAIRFAX,CHANTILLY,,20151,3933.0,,2025-05-26-1733
36C10X23N0129,Department of Veterans Affairs,"INFORMATION SCIENCES CONSULTING, INCORPORATED",6729766.21,REVISED LCATS TO MEET GOVERNMENT NEEDS,TERMINATED,https://www.fpds.gov/ezsearch/jsp/viewLinkController.jsp?agencyID=3600&PIID=36C10X23N0129&modNumber=P00007&idvAgencyID=&idvPIID=36C10X18D0011&contractType=AWARD,3/5/2025,1621978.0,3600,36C10X23N0129,P00007,3600,36C10X18D0011,0,05/15/2025,08/27/2023,02/25/2025,02/25/2025,07/13/2023,-1883574.64,3224213.57,-1883574.64,3224213.57,-1883574.64,4846191.57,DMNJHUPKNTA1,"INFORMATION SCIENCES CONSULTING, INCORPORATED",ISCI,1TGA9,10432 BALLS FORD RD STE 300,,MANASSAS,VA,201092517,USA,UNITED STATES,(703) 581-7253,(571) 461-1979,VIRGINIA 10,R499,SUPPORT- PROFESSIONAL: OTHER,541611.0,ADMINISTRATIVE MANAGEMENT AND GENERAL MANAGEMENT CONSULTING SERVICES,VA,,USA,PRINCE WILLIAM,MANASSAS,,20109,2243.0,,2025-05-26-1733
36C10X24N0140,Department of Veterans Affairs,"SIERRA 7, INC.",6759602.5,VHA INTEGRATED HEALTHCARE TRANSFORMATION (IHT) IDIQ CONTRACT,TERMINATED,https://www.fpds.gov/ezsearch/jsp/viewLinkController.jsp?agencyID=3600&PIID=36C10X24N0140&modNumber=P00003&idvAgencyID=&idvPIID=36C10X20D0005&contractType=AWARD,3/5/2025,3986318.46,3600,36C10X24N0140,P00003,3600,36C10X20D0005,0,03/04/2025,06/16/2024,03/04/2025,03/04/2025,04/17/2024,0.0,2773284.04,0.0,2773284.04,0.0,6759602.5,NP4TUKF8QCM5,"SIERRA 7, INC.",,5SUJ1,11951 FREEDOM DR STE 1300,,RESTON,VA,201905642,USA,UNITED STATES,(703) 717-1296,(703) 935-1254,VIRGINIA 11,R499,SUPPORT- PROFESSIONAL: OTHER,541611.0,ADMINISTRATIVE MANAGEMENT AND GENERAL MANAGEMENT CONSULTING SERVICES,MD,,USA,FREDERICK,FREDERICK,,21703,2817.0,,2025-05-26-1733
36C10X21N0150,Department of Veterans Affairs,TITAN ALPHA LLC,1577064.36,VHA INTEGRATED HEALTHCARE TRANSFORMATION (IHT) IDIQ CONTRACT,TERMINATED,https://www.fpds.gov/ezsearch/jsp/viewLinkController.jsp?agencyID=3600&PIID=36C10X21N0150&modNumber=P00004&idvAgencyID=&idvPIID=36C10X20D0006&contractType=AWARD,3/5/2025,328034.2,3600,36C10X21N0150,P00004,3600,36C10X20D0006,0,03/04/2025,09/28/2021,03/04/2025,03/04/2025,09/01/2021,0.0,1249030.16,0.0,1249030.16,0.0,1577064.36,EGLRC9AH8XA7,TITAN ALPHA LLC,,80RY6,13846 REMBRANDT WAY,,CHANTILLY,VA,201513255,USA,UNITED STATES,(202) 792-1005,(202) 540-8006,VIRGINIA 11,R499,SUPPORT- PROFESSIONAL: OTHER,541611.0,ADMINISTRATIVE MANAGEMENT AND GENERAL MANAGEMENT CONSULTING SERVICES,VA,,USA,FAIRFAX,CHANTILLY,,20151,3255.0,,2025-05-26-1733
36C10X24N0183,Department of Veterans Affairs,"CLIENT FIRST TECHNOLOGIES, INC",3817500.0,STRATEGIC ACQUISITION MANAGEMENT INITIATIVES/(SAMI) ACQUISITION MANAGEMENT PROGRAM (AMP) MODERNIZATION,TERMINATED,https://www.fpds.gov/ezsearch/jsp/viewLinkController.jsp?agencyID=3600&PIID=36C10X24N0183&modNumber=P00002&idvAgencyID=&idvPIID=36C10X23D0040&contractType=AWARD,3/5/2025,0.0,3600,36C10X24N0183,P00002,3600,36C10X23D0040,0,05/13/2025,09/30/2024,02/25/2025,02/25/2025,05/29/2024,-2149044.8,1668455.2,-2149044.8,1668455.2,-2149044.8,1668455.2,FLG4E9KX6Z86,"CLIENT FIRST TECHNOLOGIES, INC","CLIENT FIRST TECHNOLOGIES, INC",85LB8,4616 DIXIE HILL ROAD,,FAIRFAX,VA,220306112,USA,UNITED STATES,(571) 299-9317,,VIRGINIA 11,R499,SUPPORT- PROFESSIONAL: OTHER,541611.0,ADMINISTRATIVE MANAGEMENT AND GENERAL MANAGEMENT CONSULTING SERVICES,VA,,USA,FAIRFAX,FAIRFAX,,22030,6112.0,,2025-05-26-1733
36C10G24N0139,Department of Veterans Affairs,"PATHFINDER CONSULTANTS, LLC",336481.6,ACQUISITION SUPPORT SERVICE FOR SAC AS5 AND AS6.,TERMINATED,https://www.fpds.gov/ezsearch/jsp/viewLinkController.jsp?agencyID=3600&PIID=36C10G24N0139&modNumber=P00001&idvAgencyID=&idvPIID=36C10G22A0005&contractType=AWARD,3/5/2025,0.0,3600,36C10G24N0139,P00001,3600,36C10G22A0005,P00005,03/04/2025,09/30/2024,02/25/2025,02/25/2025,09/13/2024,0.0,336481.6,0.0,336481.6,0.0,336481.6,NE7FN362JCH1,"PATHFINDER CONSULTANTS, LLC",,5ZLG0,1936 E BEECH RD,,STERLING,VA,201641934,USA,UNITED STATES,(202) 737-7284,(202) 618-6234,VIRGINIA 10,R707,SUPPORT- MANAGEMENT: CONTRACT/PROCUREMENT/ACQUISITION SUPPORT,541611.0,ADMINISTRATIVE MANAGEMENT AND GENERAL MANAGEMENT CONSULTING SERVICES,VA,,USA,LOUDOUN,STERLING,,20164,1934.0,,2025-05-26-1733
36C10X23N0142,Department of Veterans Affairs,"TRILOGY FEDERAL, LLC",3052062.4,VHA INTEGRATED HEALTHCARE TRANSFORMATION (IHT) IDIQ CONTRACT,TERMINATED,https://www.fpds.gov/ezsearch/jsp/viewLinkController.jsp?agencyID=3600&PIID=36C10X23N0142&modNumber=P00002&idvAgencyID=&idvPIID=36C10X20D0007&contractType=AWARD,3/5/2025,1843947.52,3600,36C10X23N0142,P00002,3600,36C10X20D0007,0,03/04/2025,09/19/2023,03/04/2025,03/04/2025,07/10/2023,0.0,1208114.88,0.0,1208114.88,0.0,3052062.4,QY6ZENEB34D9,"TRILOGY FEDERAL, LLC",,5EQT3,6507 HAYSTACK RD,,ALEXANDRIA,VA,223103309,USA,UNITED STATES,(703) 589-9029,,VIRGINIA 08,R426,SUPPORT- PROFESSIONAL: COMMUNICATIONS,541611.0,ADMINISTRATIVE MANAGEMENT AND GENERAL MANAGEMENT CONSULTING SERVICES,VA,,USA,ARLINGTON,ARLINGTON,,22209,2278.0,,2025-05-26-1733
36C10X25N0128,Department of Veterans Affairs,"SPREZZATURA MANAGEMENT CONSULTING, LLC",1000987.2,1VA+ BUSINESS MODERNIZATION SERVICES,TERMINATED,https://www.fpds.gov/ezsearch/jsp/viewLinkController.jsp?agencyID=3600&PIID=36C10X25N0128&modNumber=P00001&idvAgencyID=&idvPIID=VA119A17D0144&contractType=AWARD,3/5/2025,0.0,3600,36C10X25N0128,P00001,3600,VA119A17D0144,0,02/25/2025,01/31/2025,02/25/2025,02/25/2025,09/30/2024,0.0,1000987.2,0.0,1000987.2,0.0,1000987.2,YQAFFMK4GGU1,"SPREZZATURA MANAGEMENT CONSULTING, LLC",,5K1R8,4908 S CHESTERFIELD ROAD,,ARLINGTON,VA,222061019,USA,UNITED STATES,(888) 529-8965,(888) 647-0542,VIRGINIA 08,R410,SUPPORT- PROFESSIONAL: PROGRAM EVALUATION/REVIEW/DEVELOPMENT,541611.0,ADMINISTRATIVE MANAGEMENT AND GENERAL MANAGEMENT CONSULTING SERVICES,DC,,USA,DISTRICT OF COLUMBIA,WASHINGTON,,20420,1.0,,2025-05-26-1733
36C10G24N0135,Department of Veterans Affairs,"TRILOGY FEDERAL, LLC",5652649.6,VHA INTEGRATED HEALTHCARE TRANSFORMATION (IHT) IDIQ CONTRACT,TERMINATED,https://www.fpds.gov/ezsearch/jsp/viewLinkController.jsp?agencyID=3600&PIID=36C10G24N0135&modNumber=P00001&idvAgencyID=&idvPIID=36C10X20D0007&contractType=AWARD,3/5/2025,2840156.8,3600,36C10G24N0135,P00001,3600,36C10X20D0007,0,03/04/2025,09/23/2024,02/25/2025,02/25/2025,08/09/2024,0.0,2812492.8,0.0,2812492.8,0.0,5652649.6,QY6ZENEB34D9,"TRILOGY FEDERAL, LLC",,5EQT3,6507 HAYSTACK RD,,ALEXANDRIA,VA,223103309,USA,UNITED STATES,(703) 589-9029,,VIRGINIA 08,R499,SUPPORT- PROFESSIONAL: OTHER,541611.0,ADMINISTRATIVE MANAGEMENT AND GENERAL MANAGEMENT CONSULTING SERVICES,VA,,USA,ARLINGTON,ARLINGTON,,22209,2297.0,,2025-05-26-1733
36C10X24F0100,Department of Veterans Affairs,"KAUFFMAN & ASSOCIATES, INC.",191555.0,TRIBAL CONSULTATION SERVICES,TERMINATED,https://www.fpds.gov/ezsearch/jsp/viewLinkController.jsp?agencyID=3600&PIID=36C10X24F0100&modNumber=P00002&idvAgencyID=&idvPIID=36C10X19A0031&contractType=AWARD,3/5/2025,0.0,3600,36C10X24F0100,P00002,3600,36C10X19A0031,P00007,05/09/2025,09/10/2024,02/25/2025,02/25/2025,08/20/2024,-145725.26,45829.74,-145725.26,45829.74,-145725.26,45829.74,RSALNLGDVE29,"KAUFFMAN & ASSOCIATES, INC.",,1XVZ0,421 W RIVERSIDE AVE STE 450,,SPOKANE,WA,992010410,USA,UNITED STATES,(509) 747-4994,(509) 747-5030,WASHINGTON 05,R499,SUPPORT- PROFESSIONAL: OTHER,541611.0,ADMINISTRATIVE MANAGEMENT AND GENERAL MANAGEMENT CONSULTING SERVICES,OK,,USA,BRYAN,DURANT,,74701,252.0,,2025-05-26-1733
36C10X24F0062,Department of Veterans Affairs,WOODSIDE QUALITY LLC,14619936.0,HIGHLY COMPLEX HEALTHCARE AND/OR SUPPLY CHAIN EXPERTISE REQUIREMENTS WHICH INCLUDE THE INVOLVEMENT OF MULTIPLE FUNCTIONAL CATEGORIES AND SEVERAL PROGRAM OFFICES AND/OR DEPARTMENTS.,TERMINATED,https://www.fpds.gov/ezsearch/jsp/viewLinkController.jsp?agencyID=3600&PIID=36C10X24F0062&modNumber=P00001&idvAgencyID=&idvPIID=47QRAA21D0055&contractType=AWARD,3/5/2025,9842841.6,3600,36C10X24F0062,P00001,4732,47QRAA21D0055,PA0006,03/04/2025,06/18/2024,02/25/2025,02/25/2025,03/21/2024,0.0,4777094.4,0.0,4777094.4,0.0,14619936.0,DBUKWXAH4RF8,WOODSIDE QUALITY LLC,,4RX66,20098 ASHBROOK PL,STE 195,ASHBURN,VA,201473394,USA,UNITED STATES,(260) 417-2924,(703) 995-0667,VIRGINIA 10,R499,SUPPORT- PROFESSIONAL: OTHER,541611.0,ADMINISTRATIVE MANAGEMENT AND GENERAL MANAGEMENT CONSULTING SERVICES,VA,,USA,LOUDOUN,ASHBURN,,20147,3876.0,,2025-05-26-1733
36C10X25N0048,Department of Veterans Affairs,"METRICS, LLC",3153529.59,PROGRAM MANAGEMENT SUPPORT SERVICES,TERMINATED,https://www.fpds.gov/ezsearch/jsp/viewLinkController.jsp?agencyID=3600&PIID=36C10X25N0048&modNumber=P00002&idvAgencyID=&idvPIID=36C10X22A0001&contractType=AWARD,3/5/2025,0.0,3600,36C10X25N0048,P00002,3600,36C10X22A0001,P00004,03/04/2025,11/09/2024,11/08/2025,11/08/2025,10/30/2024,0.0,3153529.59,0.0,3153529.59,0.0,3153529.59,F541XAYTKKN5,"METRICS, LLC",,6RSN0,7819 GINGERBREAD LN,,FAIRFAX STATION,VA,220392201,USA,UNITED STATES,(703) 401-1616,,VIRGINIA 11,R408,SUPPORT- PROFESSIONAL: PROGRAM MANAGEMENT/SUPPORT,541611.0,ADMINISTRATIVE MANAGEMENT AND GENERAL MANAGEMENT CONSULTING SERVICES,VA,,USA,FAIRFAX,FAIRFAX STATION,,22039,2201.0,,2025-05-26-1733
36C10X24N0208,Department of Veterans Affairs,COGENT SOLUTIONS INC,988134.85,DATA ANALYST,TERMINATED,https://www.fpds.gov/ezsearch/jsp/viewLinkController.jsp?agencyID=3600&PIID=36C10X24N0208&modNumber=P00001&idvAgencyID=&idvPIID=VA119A17D0166&contractType=AWARD,3/5/2025,811190.08,3600,36C10X24N0208,P00001,3600,VA119A17D0166,0,03/04/2025,09/25/2024,02/25/2025,02/25/2025,07/25/2024,0.0,176944.77,0.0,176944.77,0.0,988134.85,L4LHN6923621,COGENT SOLUTIONS INC,,1SJL7,12225 AMOS LN STE 303,,FREDERICKSBURG,VA,224077108,USA,UNITED STATES,(540) 372-7707,(866) 251-5079,VIRGINIA 07,R405,SUPPORT- PROFESSIONAL: OPERATIONS RESEARCH/QUANTITATIVE ANALYSIS,541611.0,ADMINISTRATIVE MANAGEMENT AND GENERAL MANAGEMENT CONSULTING SERVICES,VA,,USA,SPOTSYLVANIA,FREDERICKSBURG,,22407,7108.0,,2025-05-26-1733
36C77624N0576,Department of Veterans Affairs,"THE CRADDOCK GROUP, LLC",3526549.78,FY2026 NON-IT BUSINESS CASE APPLICATIONS SUPPORT.,TERMINATED,https://www.fpds.gov/ezsearch/jsp/viewLinkController.jsp?agencyID=3600&PIID=36C77624N0576&modNumber=P00001&idvAgencyID=&idvPIID=36C77624D0004&contractType=AWARD,3/5/2025,0.0,3600,36C77624N0576,P00001,3600,36C77624D0004,0,03/04/2025,07/31/2024,03/04/2025,03/04/2025,07/08/2024,0.0,3526549.78,0.0,3526549.78,0.0,3526549.78,DVFKRULPER77,"THE CRADDOCK GROUP, LLC",,5VKS1,3033 WILSON BLVD STE 700,,ARLINGTON,VA,222013868,USA,UNITED STATES,(703) 472-1620,(888) 426-6534,VIRGINIA 08,R799,SUPPORT- MANAGEMENT: OTHER,541611.0,ADMINISTRATIVE MANAGEMENT AND GENERAL MANAGEMENT CONSULTING SERVICES,VA,,USA,ARLINGTON,ARLINGTON,,22201,3868.0,,2025-05-26-1733
36C10X23F0027,Department of Veterans Affairs,"CPS PROFESSIONAL SERVICES, LLC",6671529.6,INDEPENDENT VERIFICATION AND VALIDATION SERVICES (IV&V) FOR THE MEDICAL DISABILITYEXAMINATION PROGRAM,TERMINATED,https://www.fpds.gov/ezsearch/jsp/viewLinkController.jsp?agencyID=3600&PIID=36C10X23F0027&modNumber=P00002&idvAgencyID=&idvPIID=36C10X22A0003&contractType=AWARD,3/5/2025,5052816.0,3600,36C10X23F0027,P00002,3600,36C10X22A0003,P00004,03/04/2025,03/08/2023,02/25/2025,02/25/2025,02/22/2023,0.0,1618713.6,0.0,1618713.6,0.0,6671529.6,H893H8FL41D3,"CPS PROFESSIONAL SERVICES, LLC",,4CUA3,8300 GREENSBORO DR # 720,,MC LEAN,VA,221023605,USA,UNITED STATES,(571) 570-4823,,VIRGINIA 11,R799,SUPPORT- MANAGEMENT: OTHER,541611.0,ADMINISTRATIVE MANAGEMENT AND GENERAL MANAGEMENT CONSULTING SERVICES,VA,,USA,FAIRFAX,FALLS CHURCH,,22042,4559.0,,2025-05-26-1733
36C77623N0066,Department of Veterans Affairs,"CRADDOCK GROUP, LLC, THE",1278818.62,ACQUIRE STRATEGIC CAPITAL INVESTMENT PLANNING PROCESS SUPPORT.,TERMINATED,https://www.fpds.gov/ezsearch/jsp/viewLinkController.jsp?agencyID=3600&PIID=36C77623N0066&modNumber=P00002&idvAgencyID=&idvPIID=36E77620D0003&contractType=AWARD,3/5/2025,0.0,3600,36C77623N0066,P00002,3600,36E77620D0003,0,02/25/2025,12/07/2022,02/25/2025,02/25/2025,10/19/2022,0.0,1278818.62,0.0,1278818.62,0.0,1278818.62,DVFKRULPER77,"CRADDOCK GROUP, LLC, THE",,5VKS1,3033 WILSON BLVD STE 700,,ARLINGTON,VA,222013868,USA,UNITED STATES,(757) 903-6710,(888) 426-6534,VIRGINIA 08,R799,SUPPORT- MANAGEMENT: OTHER,541611.0,ADMINISTRATIVE MANAGEMENT AND GENERAL MANAGEMENT CONSULTING SERVICES,VA,,USA,ARLINGTON,ARLINGTON,,22201,3868.0,,2025-05-26-1733
36C10X24F0103,Department of Veterans Affairs,DATIX (USA) INC.,239425.0,MISSION ACT: CREDENTIALS VERIFICATION ORGANIZATION FOR NON-COMMUNITY CARE NETWORK (CCN) PROVIDERS,TERMINATED,https://www.fpds.gov/ezsearch/jsp/viewLinkController.jsp?agencyID=3600&PIID=36C10X24F0103&modNumber=P00001&idvAgencyID=&idvPIID=36C10X22D0004&contractType=AWARD,3/5/2025,0.0,3600,36C10X24F0103,P00001,3600,36C10X22D0004,0,02/25/2025,09/16/2024,02/25/2025,02/25/2025,09/10/2024,0.0,239425.0,0.0,239425.0,0.0,239425.0,QK5YGNPWLAJ1,DATIX (USA) INC.,,6LPS9,311 S WACKER DR STE 4900,,CHICAGO,IL,606066627,USA,UNITED STATES,(949) 524-0082,,ILLINOIS 07,R699,SUPPORT- ADMINISTRATIVE: OTHER,541611.0,ADMINISTRATIVE MANAGEMENT AND GENERAL MANAGEMENT CONSULTING SERVICES,IL,,USA,COOK,CHICAGO,,60606,5165.0,,2025-05-26-1733
36C10X23N0158,Department of Veterans Affairs,"TRILOGY FEDERAL, LLC",19126598.11,VHA INTEGRATED HEALTHCARE TRANSFORMATION (IHT) IDIQ CONTRACT,TERMINATED,https://www.fpds.gov/ezsearch/jsp/viewLinkController.jsp?agencyID=3600&PIID=36C10X23N0158&modNumber=P00003&idvAgencyID=&idvPIID=36C10X20D0007&contractType=AWARD,3/5/2025,11649022.91,3600,36C10X23N0158,P00003,3600,36C10X20D0007,0,03/04/2025,09/29/2023,02/25/2025,02/25/2025,08/30/2023,0.0,7477575.2,0.0,11172861.59,0.0,19126598.11,QY6ZENEB34D9,"TRILOGY FEDERAL, LLC",,5EQT3,6507 HAYSTACK RD,,ALEXANDRIA,VA,223103309,USA,UNITED STATES,(703) 589-9029,,VIRGINIA 08,R408,SUPPORT- PROFESSIONAL: PROGRAM MANAGEMENT/SUPPORT,541611.0,ADMINISTRATIVE MANAGEMENT AND GENERAL MANAGEMENT CONSULTING SERVICES,VA,,USA,ARLINGTON,ARLINGTON,,22209,2297.0,,2025-05-26-1733
36C10X24F0089,Department of Veterans Affairs,"STAFFORD CONSULTING COMPANY, INC.",179630.0,VAAA ACQUISITION WORKFORCE TRAINING,TERMINATED,https://www.fpds.gov/ezsearch/jsp/viewLinkController.jsp?agencyID=3600&PIID=36C10X24F0089&modNumber=P00002&idvAgencyID=&idvPIID=36C10X23A0012&contractType=AWARD,3/5/2025,0.0,3600,36C10X24F0089,P00002,3600,36C10X23A0012,P00001,02/25/2025,09/28/2024,02/25/2025,02/25/2025,06/06/2024,0.0,179630.0,0.0,179630.0,0.0,179630.0,GMQFM999K2E5,"STAFFORD CONSULTING COMPANY, INC.",,6JNW1,1765 GREENSBORO STATION PL,STE 900,MC LEAN,VA,221023470,USA,UNITED STATES,(301) 502-8967,(256) 325-0418,VIRGINIA 11,U008,EDUCATION/TRAINING- TRAINING/CURRICULUM DEVELOPMENT,541611.0,ADMINISTRATIVE MANAGEMENT AND GENERAL MANAGEMENT CONSULTING SERVICES,MD,,USA,FREDERICK,FREDERICK,,21703,2817.0,,2025-05-26-1733
36C10X20P0038,Department of Veterans Affairs,"640 ACRES, LLC",1366290.72,VA ACQUISITION ACADEMY ACQUISITION INTERN PROGRAM OPERATIONAL SUPPORT SERVICES,TERMINATED,https://www.fpds.gov/ezsearch/jsp/viewLinkController.jsp?agencyID=3600&PIID=36C10X20P0038&modNumber=P00009&idvAgencyID=&idvPIID=&contractType=AWARD,3/5/2025,0.0,3600,36C10X20P0038,P00009,,,,05/19/2025,03/25/2020,02/25/2025,02/25/2025,,-27220.94,1339069.78,-27220.94,1339069.78,-27220.94,1339069.78,VZ9ECP5M2VM7,"640 ACRES, LLC",,7YAX4,3302 HARBORVIEW DR STE A,,GIG HARBOR,WA,983322193,USA,UNITED STATES,(253) 509-2013,,WASHINGTON 06,R408,SUPPORT- PROFESSIONAL: PROGRAM MANAGEMENT/SUPPORT,541611.0,ADMINISTRATIVE MANAGEMENT AND GENERAL MANAGEMENT CONSULTING SERVICES,MD,,USA,FREDERICK,FREDERICK,,21703,2817.0,,2025-05-26-1733
36C10X23N0094,Department of Veterans Affairs,TITAN ALPHA LLC,5605865.15,VHA INTEGRATED HEALTHCARE TRANSFORMATION (IHT) IDIQ CONTRACT,TERMINATED,https://www.fpds.gov/ezsearch/jsp/viewLinkController.jsp?agencyID=3600&PIID=36C10X23N0094&modNumber=P00004&idvAgencyID=&idvPIID=36C10X20D0006&contractType=AWARD,3/5/2025,0.0,3600,36C10X23N0094,P00004,3600,36C10X20D0006,0,03/04/2025,07/24/2023,02/25/2025,02/25/2025,05/03/2023,0.0,5449960.31,0.0,5449960.31,0.0,5449960.31,EGLRC9AH8XA7,TITAN ALPHA LLC,,80RY6,13846 REMBRANDT WAY,,CHANTILLY,VA,201513255,USA,UNITED STATES,(202) 792-1005,(202) 540-8006,VIRGINIA 11,R410,SUPPORT- PROFESSIONAL: PROGRAM EVALUATION/REVIEW/DEVELOPMENT,541611.0,ADMINISTRATIVE MANAGEMENT AND GENERAL MANAGEMENT CONSULTING SERVICES,VA,,USA,FAIRFAX,CHANTILLY,,20151,3255.0,,2025-05-26-1733
36C10X23N0154,Department of Veterans Affairs,"APTIVE HTG, LLC",2994741.66,VHA INTEGRATED HEALTHCARE TRANSFORMATION (IHT) IDIQ CONTRACT,TERMINATED,https://www.fpds.gov/ezsearch/jsp/viewLinkController.jsp?agencyID=3600&PIID=36C10X23N0154&modNumber=P00002&idvAgencyID=&idvPIID=36C10X20D0002&contractType=AWARD,3/5/2025,1027888.92,3600,36C10X23N0154,P00002,3600,36C10X20D0002,0,03/04/2025,09/20/2023,02/25/2025,02/25/2025,08/02/2023,0.0,1966852.74,0.0,1966852.74,0.0,2994741.66,L2LMMGFF12A3,"APTIVE HTG, LLC",,8A9S8,421 KING ST STE 200,,ALEXANDRIA,VA,223143121,USA,UNITED STATES,(703) 598-0697,,VIRGINIA 08,R499,SUPPORT- PROFESSIONAL: OTHER,541611.0,ADMINISTRATIVE MANAGEMENT AND GENERAL MANAGEMENT CONSULTING SERVICES,VA,,USA,ALEXANDRIA CITY,ALEXANDRIA,,22314,3121.0,,2025-05-26-1733
36C10X23N0125,Department of Veterans Affairs,TITAN ALPHA LLC,7612449.48,VHA INTEGRATED HEALTHCARE TRANSFORMATION (IHT) IDIQ CONTRACT,TERMINATED,https://www.fpds.gov/ezsearch/jsp/viewLinkController.jsp?agencyID=3600&PIID=36C10X23N0125&modNumber=P00002&idvAgencyID=&idvPIID=36C10X20D0006&contractType=AWARD,3/5/2025,5589585.64,3600,36C10X23N0125,P00002,3600,36C10X20D0006,0,03/04/2025,09/28/2023,02/25/2025,02/25/2025,07/17/2023,0.0,2022863.84,0.0,2022863.84,0.0,7612449.48,EGLRC9AH8XA7,TITAN ALPHA LLC,,80RY6,13846 REMBRANDT WAY,,CHANTILLY,VA,201513255,USA,UNITED STATES,(202) 792-1005,(202) 540-8006,VIRGINIA 11,R499,SUPPORT- PROFESSIONAL: OTHER,541611.0,ADMINISTRATIVE MANAGEMENT AND GENERAL MANAGEMENT CONSULTING SERVICES,VA,,USA,FAIRFAX,CHANTILLY,,20151,3933.0,,2025-05-26-1733
36C10M23C50021,Department of Veterans Affairs,BG CONSULTING SERVICES LLC,2599028.0,POLICY WRITING CONTRACT FOR OMA,TERMINATED,https://www.fpds.gov/ezsearch/jsp/viewLinkController.jsp?agencyID=3600&PIID=36C10M23C50021&modNumber=P00004&idvAgencyID=&idvPIID=&contractType=AWARD,3/3/2025,1736656.0,3600,36C10M23C50021,P00004,,,,02/28/2025,08/25/2023,02/28/2025,02/28/2025,04/02/2023,-231060.0,862372.0,-231060.0,862372.0,-231060.0,2599028.0,JJU3WFH9A515,BG CONSULTING SERVICES LLC,,6V8N3,14907 MONTELLO WAY,,BRADENTON,FL,342115537,USA,UNITED STATES,(571) 762-6373,(703) 563-6088,FLORIDA 16,R499,SUPPORT- PROFESSIONAL: OTHER,541611.0,ADMINISTRATIVE MANAGEMENT AND GENERAL MANAGEMENT CONSULTING SERVICES,FL,,USA,MANATEE,BRADENTON,,34211,5537.0,,2025-05-26-1733
36C10X23F0089,Department of Veterans Affairs,"CRUX FIRM LLC, THE",48851800.0,ADMINISTRATIVE MANAGEMENT AND GENERAL MANAGEMENT CONSULTING SERVICES,TERMINATED,https://www.fpds.gov/ezsearch/jsp/viewLinkController.jsp?agencyID=3600&PIID=36C10X23F0089&modNumber=P00004&idvAgencyID=&idvPIID=36C10X23A0023&contractType=AWARD,2/26/2025,28671080.0,3600,36C10X23F0089,P00004,3600,36C10X23A0023,P00001,02/25/2025,09/26/2023,02/25/2025,02/25/2025,08/25/2023,0.0,20180720.0,0.0,20180990.0,0.0,48851800.0,YC33X7BL2AN9,"CRUX FIRM LLC, THE",,8C5Q5,1101 PENNSYLVANIA AVE NW,STE 300,WASHINGTON,DC,200042582,USA,UNITED STATES,(812) 219-6292,,DISTRICT OF COLUMBIA 98,U009,EDUCATION/TRAINING- GENERAL,541611.0,ADMINISTRATIVE MANAGEMENT AND GENERAL MANAGEMENT CONSULTING SERVICES,DC,,USA,DISTRICT OF COLUMBIA,WASHINGTON,,20001,1.0,,2025-05-26-1733
36C10X23N0143,Department of Veterans Affairs,"ADVANCED MANAGEMENT STRATEGIES GROUP, INC.",4962040.89,SUPPORT TO ILEAD EFFORTS TO FULLY ACHIEVE THE THREE IDENTIFIED OUTCOME GOALS CONTAINED WITHIN THE TRAINING ACTION PLAN IN ORDER TO FULLY MEET GAO CRITERIA FOR REMOVAL FROM THE GAO HIGH RISK LIST,TERMINATED,https://www.fpds.gov/ezsearch/jsp/viewLinkController.jsp?agencyID=3600&PIID=36C10X23N0143&modNumber=P00004&idvAgencyID=&idvPIID=VA119A17D0146&contractType=AWARD,2/26/2025,2591173.4,3600,36C10X23N0143,P00004,3600,VA119A17D0146,0,02/25/2025,09/28/2023,02/25/2025,02/25/2025,08/25/2023,0.0,2370867.49,0.0,2370867.49,0.0,4962040.89,D72GB943Q923,"ADVANCED MANAGEMENT STRATEGIES GROUP, INC.",AMSG,551W8,3800 FETTLER PARK DR STE 103,,DUMFRIES,VA,220252043,USA,UNITED STATES,(571) 931-0435,(866) 882-2297,VIRGINIA 07,U009,EDUCATION/TRAINING- GENERAL,541611.0,ADMINISTRATIVE MANAGEMENT AND GENERAL MANAGEMENT CONSULTING SERVICES,DC,,USA,DISTRICT OF COLUMBIA,WASHINGTON,,20001,1.0,,2025-05-26-1733
36C77624N0371,Department of Veterans Affairs,RILEY MCGUIRE PARTNERS LLC,2299727.67,POST TRANSACTION SUPPORT,TERMINATED,https://www.fpds.gov/ezsearch/jsp/viewLinkController.jsp?agencyID=3600&PIID=36C77624N0371&modNumber=P00001&idvAgencyID=&idvPIID=36C77624D0003&contractType=AWARD,2/26/2025,0.0,3600,36C77624N0371,P00001,3600,36C77624D0003,0,02/25/2025,04/17/2024,02/25/2025,02/25/2025,01/31/2024,0.0,2299727.67,0.0,2299727.67,0.0,2299727.67,LQGBKZTF81H3,RILEY MCGUIRE PARTNERS LLC,,7QNY4,2707 TUCKER RD,STE 102,LOUISVILLE,KY,402992952,USA,UNITED STATES,(502) 230-9986,,KENTUCKY 03,R799,SUPPORT- MANAGEMENT: OTHER,541611.0,ADMINISTRATIVE MANAGEMENT AND GENERAL MANAGEMENT CONSULTING SERVICES,KY,,USA,JEFFERSON,LOUISVILLE,,40299,2952.0,,2025-05-26-1733
36C10X23N0141,Department of Veterans Affairs,RB MANAGEMENT CONSULTANTS LLC,836150.41,VHA INTEGRATED HEALTHCARE TRANSFORMATION (IHT) IDIQ CONTRACT,TERMINATED,https://www.fpds.gov/ezsearch/jsp/viewLinkController.jsp?agencyID=3600&PIID=36C10X23N0141&modNumber=P00002&idvAgencyID=&idvPIID=36C10X20D0004&contractType=AWARD,2/26/2025,494319.3,3600,36C10X23N0141,P00002,3600,36C10X20D0004,0,02/25/2025,09/22/2023,02/25/2025,02/25/2025,07/28/2023,0.0,341831.11,0.0,341831.11,0.0,836150.41,HEAKVJCG8MV6,RB MANAGEMENT CONSULTANTS LLC,,7X4V2,2011 CRYSTAL DR STE 400,,ARLINGTON,VA,222023709,USA,UNITED STATES,(240) 444-2511,,VIRGINIA 08,R408,SUPPORT- PROFESSIONAL: PROGRAM MANAGEMENT/SUPPORT,541611.0,ADMINISTRATIVE MANAGEMENT AND GENERAL MANAGEMENT CONSULTING SERVICES,VA,,USA,ARLINGTON,ARLINGTON,,22209,3709.0,,2025-05-26-1733
36C77624N0823,Department of Veterans Affairs,TAURIAN CONSULTING LLC,319657.8,"INDEFINITE DELIVER INDEFINITE QUANTITY ENERGY, ENVIRONMENT, AND FLEET PROGRAM SERVICE",TERMINATED,https://www.fpds.gov/ezsearch/jsp/viewLinkController.jsp?agencyID=3600&PIID=36C77624N0823&modNumber=P00003&idvAgencyID=&idvPIID=36C77622D0027&contractType=AWARD,2/26/2025,0.0,3600,36C77624N0823,P00003,3600,36C77622D0027,0,05/19/2025,09/25/2024,02/25/2025,02/25/2025,08/15/2024,-100341.14,219316.66,0.0,319657.8,0.0,319657.8,C3NWEVDNHTA5,TAURIAN CONSULTING LLC,,8ZPN4,612 THIRD ST STE 3A,,ANNAPOLIS,MD,214033246,USA,UNITED STATES,(202) 262-5706,,MARYLAND 03,R799,SUPPORT- MANAGEMENT: OTHER,541611.0,ADMINISTRATIVE MANAGEMENT AND GENERAL MANAGEMENT CONSULTING SERVICES,MD,,USA,ANNE ARUNDEL,ANNAPOLIS,,21403,3246.0,,2025-05-26-1733
36C77624N0410,Department of Veterans Affairs,TAURIAN CONSULTING LLC,134717.04,ENABLE VA PLANNING AND ENGINEERING STAFF TO EVALUATE VARIOUS APPROACHES AND TECHNOLOGIES TO FLEET ELECTRIFICATION,TERMINATED,https://www.fpds.gov/ezsearch/jsp/viewLinkController.jsp?agencyID=3600&PIID=36C77624N0410&modNumber=P00002&idvAgencyID=&idvPIID=36C77622D0027&contractType=AWARD,2/26/2025,0.0,3600,36C77624N0410,P00002,3600,36C77622D0027,0,05/16/2025,05/06/2024,02/25/2025,02/25/2025,04/01/2024,0.0,134717.04,0.0,134717.04,0.0,134717.04,C3NWEVDNHTA5,TAURIAN CONSULTING LLC,,8ZPN4,612 THIRD ST STE 3A,,ANNAPOLIS,MD,214033246,USA,UNITED STATES,(202) 262-5706,,MARYLAND 03,R799,SUPPORT- MANAGEMENT: OTHER,541611.0,ADMINISTRATIVE MANAGEMENT AND GENERAL MANAGEMENT CONSULTING SERVICES,MD,,USA,ANNE ARUNDEL,ANNAPOLIS,,21403,3246.0,,2025-05-26-1733
36C10D23F0030,Department of Veterans Affairs,"SPREZZATURA MANAGEMENT CONSULTING, LLC",18626583.28,DIGITAL MODERNIZATION ANALYTICAL SUPPORT SERVICES,TERMINATED,https://www.fpds.gov/ezsearch/jsp/viewLinkController.jsp?agencyID=3600&PIID=36C10D23F0030&modNumber=P00003&idvAgencyID=&idvPIID=47QRAA19D0008&contractType=AWARD,2/21/2025,11516972.28,3600,36C10D23F0030,P00003,4732,47QRAA19D0008,PA0019,02/20/2025,09/28/2023,02/20/2025,02/20/2025,07/21/2023,0.0,4979543.35,0.0,4979543.35,0.0,4979543.35,YQAFFMK4GGU1,"SPREZZATURA MANAGEMENT CONSULTING, LLC",,5K1R8,6224 NELWAY DR,,MC LEAN,VA,221013140,USA,UNITED STATES,(202) 841-0644,(888) 647-0542,VIRGINIA 08,R408,SUPPORT- PROFESSIONAL: PROGRAM MANAGEMENT/SUPPORT,541611.0,ADMINISTRATIVE MANAGEMENT AND GENERAL MANAGEMENT CONSULTING SERVICES,DC,,USA,DISTRICT OF COLUMBIA,WASHINGTON,,20006,1053.0,,2025-05-26-1733
36C10A23F0061,Department of Veterans Affairs,"Thundercat Technology, LLC",2596325.0,"205,000 LinkedIn Licenses and Support Services",TERMINATED,https://www.fpds.gov/ezsearch/jsp/viewLinkController.jsp?agencyID=3600&PIID=36C10A23F0061&modNumber=P00002&idvAgencyID=&idvPIID=NNG15SD26B&contractType=AWARD,2/20/2025,1363250.0,3600,36C10A23F0061,P00002,8000,NNG15SD26B,2,03/05/2025,05/01/2023,02/20/2025,02/20/2025,03/28/2023,0.0,1233075.0,0.0,1233075.0,0.0,2596325.0,UER4AJLUB8D5,"THUNDERCAT TECHNOLOGY, LLC",,50WM7,1925 ISAAC NEWTON SQ STE 180,,RESTON,VA,201905030,USA,UNITED STATES,(571) 612-3784,(571) 266-3106,VIRGINIA 11,U012,EDUCATION/TRAINING- INFORMATION TECHNOLOGY/TELECOMMUNICATIONS TRAINING,541519.0,OTHER COMPUTER RELATED SERVICES,DC,,USA,DISTRICT OF COLUMBIA,WASHINGTON,,20002,5049.0,,2025-05-26-1733
36C10B24F0046,Department of Veterans Affairs,Architechture Solutions LLC,1087037.0,HCM - LinkedIn Recruiter Corporate,EXERCISE AN OPTION,https://www.fpds.gov/ezsearch/jsp/viewLinkController.jsp?agencyID=3600&PIID=36C10B24F0046&modNumber=P00002&idvAgencyID=&idvPIID=NNG15SD42B&contractType=AWARD,2/20/2025,451447.0,3600,36C10B24F0046,P00002,8000,NNG15SD42B,20,01/02/2025,01/09/2024,01/08/2026,01/08/2027,12/08/2023,431646.6,290272.42,431646.6,290272.42,0.0,290272.42,HQAJMSZDK666,"ARCHITECHTURE SOLUTIONS, LLC",,7KEA6,11325 RANDOM HILLS RD STE 360,,FAIRFAX,VA,220300972,USA,UNITED STATES,(703) 623-3298,,VIRGINIA 11,DA10,IT AND TELECOM - BUSINESS APPLICATION/APPLICATION DEVELOPMENT SOFTWARE AS A SERVICE,541519.0,OTHER COMPUTER RELATED SERVICES,VA,,USA,FAIRFAX CITY,FAIRFAX,,22030,2514.0,,2025-05-26-1733
36C10X24F0031,Department of Veterans Affairs,COGNOSANTE LLC,17328040.61,VHA HIGH RELIABILITY ORGANIZATION (HRO) SUPPORT SERVICES: HRO LEADERSHIP TRAINING/COACHING SUPPORT.,TERMINATED,https://www.fpds.gov/ezsearch/jsp/viewLinkController.jsp?agencyID=3600&PIID=36C10X24F0031&modNumber=P00005&idvAgencyID=&idvPIID=36C10X19A0027&contractType=AWARD,2/18/2025,136671.61,3600,36C10X24F0031,P00005,3600,36C10X19A0027,P00008,02/13/2025,09/29/2024,02/13/2025,02/13/2025,02/01/2024,0.0,17191369.0,0.0,17191369.61,0.0,17328040.61,DKP2F2S75GG5,COGNOSANTE LLC,,3G7K2,3110 FAIRVIEW PARK DR STE 800,,FALLS CHURCH,VA,220424552,USA,UNITED STATES,(480) 481-5914,(480) 423-8108,VIRGINIA 08,R410,SUPPORT- PROFESSIONAL: PROGRAM EVALUATION/REVIEW/DEVELOPMENT,541611.0,ADMINISTRATIVE MANAGEMENT AND GENERAL MANAGEMENT CONSULTING SERVICES,VA,,USA,FAIRFAX,FALLS CHURCH,,22042,2730.0,,2025-05-26-1733
36C10X20C0062,Department of Veterans Affairs,"POLITICO, LLC",178202.0,"VHA, WEB-BASED DATABASE SUBSCRIPTION NEWS SERVICES FOCUSED ON VETERAN'S HEALTHCARE LEGISLATIVE AND REGULATORY POLICY.",TERMINATED,https://www.fpds.gov/ezsearch/jsp/viewLinkController.jsp?agencyID=3600&PIID=36C10X20C0062&modNumber=P00006&idvAgencyID=&idvPIID=&contractType=AWARD,2/7/2025,0.0,3600,36C10X20C0062,P00006,,,,02/06/2025,08/27/2020,02/06/2025,02/06/2025,,0.0,178202.0,0.0,178202.0,0.0,178202.0,T8JGE1LE8933,"POLITICO, LLC",,7GC29,1000 WILSON BLVD 8TH FLOOR,,ARLINGTON,VA,222093927,USA,UNITED STATES,(703) 236-7926,(703) 647-8551,VIRGINIA 08,T099,PHOTO/MAP/PRINT/PUBLICATION- OTHER,519130.0,INTERNET PUBLISHING AND BROADCASTING AND WEB SEARCH PORTALS,VA,,USA,ARLINGTON,ARLINGTON,,22209,1800.0,,2025-05-26-1733
36C10X24P0097,Department of Veterans Affairs,"PRIVASENSE, LLC",90000.0,"COMPUTER PROGRAMMING SERVICES, SECURITY AND COMPLIANCE: SUBJECT MATTER EXPERT",TERMINATED,https://www.fpds.gov/ezsearch/jsp/viewLinkController.jsp?agencyID=3600&PIID=36C10X24P0097&modNumber=P00001&idvAgencyID=&idvPIID=&contractType=AWARD,6/3/2025,60000.0,3600,36C10X24P0097,P00001,,,,05/30/2025,09/30/2024,05/30/2025,05/30/2025,06/07/2024,0.0,30000.0,0.0,30000.0,0.0,90000.0,VYM5GJFWBNL8,"PRIVASENSE, LLC",PRIVASENSE LLC,80PW8,5305 NEVADA AVE,,NASHVILLE,TN,372093336,USA,UNITED STATES,(615) 775-3553,,TENNESSEE 07,DJ10,IT AND TELECOM - SECURITY AND COMPLIANCE AS A SERVICE,541511.0,CUSTOM COMPUTER PROGRAMMING SERVICES,TN,,USA,DAVIDSON,NASHVILLE,,37209,1.0,,2025-06-03-2033
36C77624C0162,Department of Veterans Affairs,"MILLER-REMICK, LLC",570364.0,"ESTABLISH RADIOLOGY CONSULTING PROJECT, SOUTHEAST LOUISIANA HEALTHCARE SYSTEM, NEW ORLEANS, LA.",TERMINATED,https://www.fpds.gov/ezsearch/jsp/viewLinkController.jsp?agencyID=3600&PIID=36C77624C0162&modNumber=P00002&idvAgencyID=&idvPIID=&contractType=AWARD,5/29/2025,411770.69,3600,36C77624C0162,P00002,,,,05/27/2025,08/28/2024,03/06/2025,03/06/2025,06/03/2024,-24227.69,158593.31,0.0,182821.0,0.0,570364.0,UZMNKG2APNV2,"MILLER-REMICK, LLC","MILLER-REMICK, LLC",5AEP4,1040 KINGS HIGHWAY NORTH,SUITE 700,CHERRY HILL,NJ,080341923,USA,UNITED STATES,(856) 429-4000,(856) 429-5002,NEW JERSEY 01,R425,SUPPORT- PROFESSIONAL: ENGINEERING/TECHNICAL,541690.0,OTHER SCIENTIFIC AND TECHNICAL CONSULTING SERVICES,LA,,USA,ORLEANS,NEW ORLEANS,,70119,6535.0,,2025-06-03-2033
36C10F24C50013,Department of Veterans Affairs,FFE ENVIRONMENTAL SERVICES INC,756091.32,ARCHITECTURAL AND ENGINEERING SERVICES: 10 FACILITIES ACCESSIBILITY SURVEY,TERMINATED,https://www.fpds.gov/ezsearch/jsp/viewLinkController.jsp?agencyID=3600&PIID=36C10F24C50013&modNumber=P00002&idvAgencyID=&idvPIID=&contractType=AWARD,5/21/2025,0.0,3600,36C10F24C50013,P00002,,,,05/29/2025,08/14/2024,01/30/2025,01/30/2025,04/05/2024,-339173.46,416917.86,-339173.46,416917.86,-339173.46,416917.86,PJHFMJBBY1N8,FFE ENVIRONMENTAL SERVICES INC,,42QD9,4445 LAKE FOREST DR,SUITE 600,BLUE ASH,OH,452423744,USA,UNITED STATES,(513) 519-5999,(513) 564-9735,OHIO 01,C219,ARCHITECT AND ENGINEERING- GENERAL: OTHER,541330.0,ENGINEERING SERVICES,TX,,USA,DALLAS,DALLAS,,75216,7167.0,,2025-06-03-2033
36C24424N0074,Department of Veterans Affairs,BRW CONSULTING LLC,111630.0,Elevator maintenance services for VA facilities,Expired,https://www.fpds.gov/ezsearch/jsp/viewLinkController.jsp?agencyID=3600&PIID=36C24424N0074&modNumber=P00001&idvAgencyID=&idvPIID=36C24424D0021&contractType=AWARD,5/15/2025,8370.0,3600,36C24424N0074,P00001,3600,36C24424D0021,0,03/11/2025,01/01/2024,04/30/2025,05/31/2025,09/20/2023,-8370.04,111630.0,-8370.04,111630.0,-8370.04,111630.0,NCL5DLYG15H8,BRW CONSULTING LLC,,989U1,9100 AVENUE A,,BALTIMORE,MD,212192406,USA,UNITED STATES,(302) 270-6927,,MARYLAND 07,J035,MAINT/REPAIR/REBUILD OF EQUIPMENT- SERVICE AND TRADE EQUIPMENT,238290.0,OTHER BUILDING EQUIPMENT CONTRACTORS,PA,,USA,BLAIR,ALTOONA,,16602,4305.0,,2025-06-03-2033
36C24925F0106,Department of Veterans Affairs,AMYLIOR USA LLC,10444.03,Alltrack Power Wheelchair for Prosthetic Veteran,Expired,https://www.fpds.gov/ezsearch/jsp/viewLinkController.jsp?agencyID=3600&PIID=36C24925F0106&modNumber=P00001&idvAgencyID=&idvPIID=36F79725D0023&contractType=AWARD,5/15/2025,452.0,3600,36C24925F0106,P00001,3600,36F79725D0023,0,02/05/2025,01/28/2025,04/30/2025,05/30/2025,01/14/2025,-452.16,10444.03,-452.16,10444.03,-452.16,10444.03,ZQXWHDEHANH9,AMYLIOR USA LLC,,9XBA0,1375 E 9TH ST FL 29,,CLEVELAND,OH,441141797,USA,UNITED STATES,(888) 453-0311,(877) 501-8458,OHIO 11,6530,"HOSPITAL FURNITURE, EQUIPMENT, UTENSILS, AND SUPPLIES",339113.0,SURGICAL APPLIANCE AND SUPPLIES MANUFACTURING,NY,,USA,CLINTON,CHAMPLAIN,,12919,5249.0,,2025-06-03-2033
36C25220C0210,Department of Veterans Affairs,"PENN CONSTRUCTION GROUP, INCORPORATED",253426.05,Commissioning services for Jesse Brown VA Women's Health Clinic,SUPPLEMENTAL AGREEMENT FOR WORK WITHIN SCOPE,https://www.fpds.gov/ezsearch/jsp/viewLinkController.jsp?agencyID=3600&PIID=36C25220C0210&modNumber=P00005&idvAgencyID=&idvPIID=&contractType=AWARD,5/15/2025,115058.0,3600,36C25220C0210,P00005,,,,05/27/2025,09/30/2020,09/02/2025,09/02/2027,07/13/2020,2031.35,140399.4,2031.35,140399.4,2031.35,255457.4,KKRFJ2317KG4,"PENN CONSTRUCTION GROUP, INCORPORATED",PCG,5YD93,11549 CLARA BARTON DRIVE,,FAIRFAX STATION,VA,220391336,USA,UNITED STATES,(703) 989-4364,(703) 782-1611,VIRGINIA 11,C1DA,ARCHITECT AND ENGINEERING- CONSTRUCTION: HOSPITALS AND INFIRMARIES,541330.0,ENGINEERING SERVICES,IL,,USA,COOK,CHICAGO,,60612,2266.0,,2025-06-03-2033
36C24824P1007,Department of Veterans Affairs,ALL MOBILITY PUERTO RICO INC,10999.0,Passenger Side Link Seat from All Mobility Puerto Rico,Expired,https://www.fpds.gov/ezsearch/jsp/viewLinkController.jsp?agencyID=3600&PIID=36C24824P1007&modNumber=P00001&idvAgencyID=&idvPIID=&contractType=AWARD,5/15/2025,10999.0,3600,36C24824P1007,P00001,,,,05/01/2025,03/05/2024,05/01/2025,06/01/2025,,-10999.0,0.0,-10999.0,0.0,-10999.0,0.0,Z18XK3YC4E26,ALL MOBILITY PUERTO RICO INC,,7UYM0,CARR 838 KM 1 HM 8 INT,SECTOR MELIA LEON,GUAYNABO,PR,00969,USA,UNITED STATES,(787) 717-5333,, ,6515,"MEDICAL AND SURGICAL INSTRUMENTS, EQUIPMENT, AND SUPPLIES",339113.0,SURGICAL APPLIANCE AND SUPPLIES MANUFACTURING,FL,,USA,PASCO,TRINITY,,34655,5361.0,,2025-06-03-2033
36C25020F1191,Department of Veterans Affairs,CT CONSULTANTS INC,238752.0,Industrial Hygiene Services,TERMINATED,https://www.fpds.gov/ezsearch/jsp/viewLinkController.jsp?agencyID=3600&PIID=36C25020F1191&modNumber=P00008&idvAgencyID=&idvPIID=GS10F0255U&contractType=AWARD,3/12/2025,14345.0,3600,36C25020F1191,P00008,4730,GS10F0255U,PO0033,03/05/2025,09/16/2020,03/05/2025,03/05/2025,,-40794.28,183612.52,0.0,224406.8,0.0,238752.0,LT84VEJCWRR3,CT CONSULTANTS INC,,0EPP3,8150 STERLING CT,,MENTOR,OH,440605698,USA,UNITED STATES,(440) 530-2316,(440) 951-7487,OHIO 14,H999,OTHER QC/TEST/INSPECT- MISCELLANEOUS,541620.0,ENVIRONMENTAL CONSULTING SERVICES,OH,,USA,ROSS,CHILLICOTHE,,45601,2637.0,,2025-06-03-2033
36C24E24N0122,Department of Veterans Affairs,The Trustees of Columbia University,799000.0,RESEARCH SUPPORT SERVICES,Expired,https://www.fpds.gov/ezsearch/jsp/viewLinkController.jsp?agencyID=3600&PIID=36C24E24N0122&modNumber=0&idvAgencyID=&idvPIID=36C24E24D0006&contractType=AWARD,3/7/2025,0.0,3600,36C24E24N0122,0,3600,36C24E24D0006,0,05/27/2024,05/27/2024,05/26/2025,05/26/2025,05/20/2024,799000.0,,799000.0,,799000.0,,LSMEJGFSWJ77,TRUSTEES OF COLUMBIA UNIVERSITY IN THE CITY OF NEW YORK,,1QKL2,615 W 131ST ST FL 4,,NEW YORK,NY,100277984,USA,UNITED STATES,(212) 851-9138,,NEW YORK 13,Q301,REFERENCE LABORATORY TESTING,541380.0,TESTING LABORATORIES AND SERVICES,WI,,USA,DANE,MADISON,,53705,1.0,,2025-06-03-2033
36C10X20N0139,Department of Veterans Affairs,"APTIVE HTG, LLC",72940747.03,VHA INTEGRATED HEALTHCARE TRANSFORMATION (IHT) HIGH RELIABILITY ORGANIZATION SUPPORT,TERMINATED,https://www.fpds.gov/ezsearch/jsp/viewLinkController.jsp?agencyID=3600&PIID=36C10X20N0139&modNumber=P00014&idvAgencyID=&idvPIID=36C10X20D0002&contractType=AWARD,3/5/2025,0.0,3600,36C10X20N0139,P00014,3600,36C10X20D0002,0,06/02/2025,09/30/2020,02/25/2025,02/25/2025,08/11/2020,-9474519.11,63466227.92,-9474519.11,63466227.92,-9474519.11,63466227.92,L2LMMGFF12A3,"APTIVE HTG, LLC",,8A9S8,421 KING ST STE 200,,ALEXANDRIA,VA,223143121,USA,UNITED STATES,(703) 598-0697,,VIRGINIA 08,R408,SUPPORT- PROFESSIONAL: PROGRAM MANAGEMENT/SUPPORT,541611.0,ADMINISTRATIVE MANAGEMENT AND GENERAL MANAGEMENT CONSULTING SERVICES,DC,,USA,DISTRICT OF COLUMBIA,WASHINGTON,,20001,4.0,,2025-06-03-2033
36C10X24N0137,Department of Veterans Affairs,"APTIVE HTG, LLC",991675.6,VHA INTEGRATED HEALTHCARE TRANSFORMATION (IHT) IDIQ CONTRACT,TERMINATED,https://www.fpds.gov/ezsearch/jsp/viewLinkController.jsp?agencyID=3600&PIID=36C10X24N0137&modNumber=P00003&idvAgencyID=&idvPIID=36C10X20D0002&contractType=AWARD,3/5/2025,492973.6,3600,36C10X24N0137,P00003,3600,36C10X20D0002,0,04/24/2025,05/16/2024,02/25/2025,02/25/2025,04/08/2024,-112210.65,386491.31,-112210.65,386491.31,-605184.29,386491.31,L2LMMGFF12A3,"APTIVE HTG, LLC",,8A9S8,421 KING ST STE 200,,ALEXANDRIA,VA,223143121,USA,UNITED STATES,(703) 598-0697,,VIRGINIA 08,R499,SUPPORT- PROFESSIONAL: OTHER,541611.0,ADMINISTRATIVE MANAGEMENT AND GENERAL MANAGEMENT CONSULTING SERVICES,VA,,USA,ALEXANDRIA CITY,ALEXANDRIA,,22314,3359.0,,2025-06-03-2033
36C10X22N0162,Department of Veterans Affairs,"APTIVE HTG, LLC",6879175.84,VHA INTEGRATED HEALTHCARE TRANSFORMATION (IHT) IDIQ CONTRACT- TOPR0132 - EMPLOYEE WELL-BEING AND CHIEF WELL-BEING OFFICER BURNOUT MITIGATION SUPPORT,TERMINATED,https://www.fpds.gov/ezsearch/jsp/viewLinkController.jsp?agencyID=3600&PIID=36C10X22N0162&modNumber=P00010&idvAgencyID=&idvPIID=36C10X20D0002&contractType=AWARD,3/5/2025,1390609.48,3600,36C10X22N0162,P00010,3600,36C10X20D0002,0,06/02/2025,09/21/2022,02/25/2025,02/25/2025,08/11/2022,0.0,5488566.36,0.0,5488566.36,0.0,6879175.84,L2LMMGFF12A3,"APTIVE HTG, LLC",,8A9S8,421 KING ST STE 200,,ALEXANDRIA,VA,223143121,USA,UNITED STATES,(703) 598-0697,,VIRGINIA 08,R499,SUPPORT- PROFESSIONAL: OTHER,541611.0,ADMINISTRATIVE MANAGEMENT AND GENERAL MANAGEMENT CONSULTING SERVICES,DC,,USA,DISTRICT OF COLUMBIA,WASHINGTON,,20001,1152.0,,2025-06-03-2033
36C10X22N0208,Department of Veterans Affairs,"HRS CONSULTING, INC.",5327754.8,"VHA INTEGRATED HEALTHCARE TRANSFORMATION (IHT) IDIQ CONTRACT-MODIFICATION TO UPDATE CLAUSES, KEY PERSONNEL, ADMINISTRATION DATA TO INCLUDE PARTNER ADDITIONS.",TERMINATED,https://www.fpds.gov/ezsearch/jsp/viewLinkController.jsp?agencyID=3600&PIID=36C10X22N0208&modNumber=P00006&idvAgencyID=&idvPIID=36C10X20D0003&contractType=AWARD,3/5/2025,110000.0,3600,36C10X22N0208,P00006,3600,36C10X20D0003,0,05/27/2025,09/27/2022,02/25/2025,02/25/2025,08/30/2022,0.0,5217754.8,0.0,5217754.8,0.0,5327754.8,PQK6F6BNG6K7,"HRS CONSULTING, INC.",,5XTN2,"2645 EXECUTIVE PARK DR, STE 420",,WESTON,FL,333313624,USA,UNITED STATES,(901) 337-5796,(888) 389-3606,FLORIDA 25,R408,SUPPORT- PROFESSIONAL: PROGRAM MANAGEMENT/SUPPORT,541611.0,ADMINISTRATIVE MANAGEMENT AND GENERAL MANAGEMENT CONSULTING SERVICES,FL,,USA,BROWARD,SOUTHWEST RANCHES,,33331,1810.0,,2025-06-03-2033
36C10X22N0128,Department of Veterans Affairs,RB MANAGEMENT CONSULTANTS LLC,6908633.3,"VHA INTEGRATED HEALTHCARE TRANSFORMATION (IHT) IDIQ CONTRACT- MODIFICATION TO UPDATE CLAUSES, KEY PERSONNEL, AND ADMINISTRATION DATA INCLUDING NEW PARTNER ADDITIONS.",TERMINATED,https://www.fpds.gov/ezsearch/jsp/viewLinkController.jsp?agencyID=3600&PIID=36C10X22N0128&modNumber=P00005&idvAgencyID=&idvPIID=36C10X20D0004&contractType=AWARD,3/5/2025,20000.0,3600,36C10X22N0128,P00005,3600,36C10X20D0004,0,03/04/2025,09/12/2022,02/25/2025,02/25/2025,07/07/2022,0.0,5581525.53,0.0,5581525.53,0.0,5581525.53,HEAKVJCG8MV6,RB MANAGEMENT CONSULTANTS LLC,,7X4V2,2011 CRYSTAL DR STE 400,,ARLINGTON,VA,222023709,USA,UNITED STATES,(240) 444-2511,,VIRGINIA 08,R499,SUPPORT- PROFESSIONAL: OTHER,541611.0,ADMINISTRATIVE MANAGEMENT AND GENERAL MANAGEMENT CONSULTING SERVICES,VA,,USA,ARLINGTON,ARLINGTON,,22202,3829.0,,2025-06-03-2033
36C10X23F0054,Department of Veterans Affairs,"CONCOURSE FEDERAL GROUP, LLC",7761121.69,"PROCUREMENT POLICY, SYSTEMS, AND OVERSIGHT (PPSO) SUPPORT",TERMINATED,https://www.fpds.gov/ezsearch/jsp/viewLinkController.jsp?agencyID=3600&PIID=36C10X23F0054&modNumber=P00003&idvAgencyID=&idvPIID=GS00F058GA&contractType=AWARD,3/5/2025,4771125.49,3600,36C10X23F0054,P00003,4732,GS00F058GA,PA0033,06/02/2025,08/15/2023,02/25/2025,02/25/2025,03/30/2023,-739078.26,2250917.94,-739078.26,2250917.94,-5510203.75,2250917.94,KD6WCU5JHKW5,"CONCOURSE FEDERAL GROUP, LLC",,5HAY6,13840 BOOKER T WASHINGTON HWY UNIT C3,,MONETA,VA,241216390,USA,UNITED STATES,(703) 945-4208,(410) 267-7406,VIRGINIA 09,R406,SUPPORT- PROFESSIONAL: POLICY REVIEW/DEVELOPMENT,541611.0,ADMINISTRATIVE MANAGEMENT AND GENERAL MANAGEMENT CONSULTING SERVICES,VA,,USA,FRANKLIN,MONETA,,24121,6390.0,,2025-06-03-2033
36C10B24F0046,Department of Veterans Affairs,Architechture Solutions LLC,1087037.0,HCM - LinkedIn Recruiter Corporate,TERMINATED,https://www.fpds.gov/ezsearch/jsp/viewLinkController.jsp?agencyID=3600&PIID=36C10B24F0046&modNumber=P00003&idvAgencyID=&idvPIID=NNG15SD42B&contractType=AWARD,2/20/2025,451447.0,3600,36C10B24F0046,P00003,8000,NNG15SD42B,20,03/04/2025,01/09/2024,02/28/2025,02/28/2025,12/08/2023,-345317.28,290272.42,-345317.28,290272.42,-796764.08,290272.42,HQAJMSZDK666,"ARCHITECHTURE SOLUTIONS, LLC",,7KEA6,11325 RANDOM HILLS RD STE 360,,FAIRFAX,VA,220300972,USA,UNITED STATES,(703) 623-3298,,VIRGINIA 11,DA10,IT AND TELECOM - BUSINESS APPLICATION/APPLICATION DEVELOPMENT SOFTWARE AS A SERVICE,541519.0,OTHER COMPUTER RELATED SERVICES,VA,,USA,FAIRFAX CITY,FAIRFAX,,22030,2514.0,,2025-06-03-2033
36C24925P0150,Department of Veterans Affairs,"CULTURAL RESOURCE ANALYSTS, INC.",8275.0,ENVIRONMENTAL CONSULTING SERVICES: PROGRAMMATIC AGREEMENT,TERMINATED,https://www.fpds.gov/ezsearch/jsp/viewLinkController.jsp?agencyID=3600&PIID=36C24925P0150&modNumber=P00001&idvAgencyID=&idvPIID=&contractType=AWARD,6/27/2025,8275.0,3600,36C24925P0150,P00001,,,,03/05/2025,12/01/2024,06/30/2025,06/30/2025,11/20/2024,-8275.0,0.0,-8275.0,0.0,-8275.0,0.0,JBXDBZ7YLBZ8,"CULTURAL RESOURCE ANALYSTS, INC.",,0HUL1,151 WALTON AVE,,LEXINGTON,KY,405082315,USA,UNITED STATES,(859) 252-4737,(859) 254-3747,KENTUCKY 06,F999,OTHER ENVIRONMENTAL SERVICES,541620.0,ENVIRONMENTAL CONSULTING SERVICES,KY,,USA,FAYETTE,LEXINGTON,,40511,2627.0,,2025-06-29-1733
36C10B23C0033,Department of Veterans Affairs,"IRON BOW TECHNOLOGIES, LLC",8997248.0,COMPUTER RELATED SERVICES: APPLICATION SYSTEM INTEGRATION AND DEVICE TESTING,TERMINATED,https://www.fpds.gov/ezsearch/jsp/viewLinkController.jsp?agencyID=3600&PIID=36C10B23C0033&modNumber=P00004&idvAgencyID=&idvPIID=&contractType=AWARD,6/26/2025,8997248.0,3600,36C10B23C0033,P00004,,,,06/03/2025,08/28/2023,06/03/2025,06/03/2025,07/12/2023,-8997248.62,0.0,-8997248.62,0.0,-8997248.62,0.0,Q2M4FYALZJ89,"IRON BOW TECHNOLOGIES, LLC","IRON BOW TECHNOLOGIES, LLC",55RC1,2121 COOPERATIVE WAY,STE 500,HERNDON,VA,201715346,USA,UNITED STATES,(703) 293-6779,,VIRGINIA 11,DA01,IT AND TELECOM - BUSINESS APPLICATION/APPLICATION DEVELOPMENT SUPPORT SERVICES (LABOR),541519.0,OTHER COMPUTER RELATED SERVICES,VA,,USA,FAIRFAX,HERNDON,,20171,5346.0,,2025-06-29-1733
36C25525N0022,Department of Veterans Affairs,"TENACITY SOLUTIONS, LLC",2882696.12,SWITCHBOARD TELEPHONE OPERATOR SERVICES FOR THE KANSAS CITY VETERANS AFFAIRS MEDICAL CENTER,TERMINATED,https://www.fpds.gov/ezsearch/jsp/viewLinkController.jsp?agencyID=3600&PIID=36C25525N0022&modNumber=P00001&idvAgencyID=&idvPIID=36C10X23D0021&contractType=AWARD,6/18/2025,2490327.19,3600,36C25525N0022,P00001,3600,36C10X23D0021,0,06/16/2025,10/01/2024,02/27/2025,02/27/2025,08/12/2024,-161563.67,392368.93,-161563.67,392368.93,0.0,2882696.12,CUSNXEHRM1E5,"TENACITY SOLUTIONS, LLC",,8PQN2,16927 HARBOUR TOWN DR.,,ASHTON,MD,20861,USA,UNITED STATES,(202) 297-6907,, ,R699,SUPPORT- ADMINISTRATIVE: OTHER,541611.0,ADMINISTRATIVE MANAGEMENT AND GENERAL MANAGEMENT CONSULTING SERVICES,MO,,USA,JACKSON,KANSAS CITY,,64128,2226.0,,2025-06-29-1733
36C24224F0165,Department of Veterans Affairs,REDHAWK IT SOLUTIONS LLC,92415.75,ADOBE ACROBAT SIGN FEDRAMP MODERATE SUBSCRIPTION SOFTWARE BUNDLE,TERMINATED,https://www.fpds.gov/ezsearch/jsp/viewLinkController.jsp?agencyID=3600&PIID=36C24224F0165&modNumber=P00001&idvAgencyID=&idvPIID=NNG15SD38B&contractType=AWARD,6/11/2025,61610.5,3600,36C24224F0165,P00001,8000,NNG15SD38B,0,06/06/2025,06/01/2024,02/21/2025,02/21/2025,05/01/2024,0.0,30805.25,0.0,30805.25,0.0,92415.75,QGAAEMCMJXQ7,REDHAWK IT SOLUTIONS LLC,,4TBM6,2689 MAPLE RIDGE DR,,WOODBRIDGE,VA,221923826,USA,UNITED STATES,(703) 490-9192,(703) 490-9193,VIRGINIA 07,7A21,IT AND TELECOM - BUSINESS APPLICATION SOFTWARE (PERPETUAL LICENSE SOFTWARE),541519.0,OTHER COMPUTER RELATED SERVICES,VA,,USA,PRINCE WILLIAM,WOODBRIDGE,,22192,3826.0,,2025-06-29-1733
36C25821C0009,Department of Veterans Affairs,REC SOLAR COMMERCIAL CORPORATION,277092.07,SOLAR POWER EQUIPMENT MAINTENANCE,TERMINATED,https://www.fpds.gov/ezsearch/jsp/viewLinkController.jsp?agencyID=3600&PIID=36C25821C0009&modNumber=P00013&idvAgencyID=&idvPIID=&contractType=AWARD,6/11/2025,44734.0,3600,36C25821C0009,P00013,,,,06/09/2025,10/01/2020,03/27/2025,03/27/2025,,-44734.47,232358.07,-44734.47,232358.07,-44734.47,232358.07,YBZKL9JJ45J3,REC SOLAR COMMERCIAL CORPORATION,REC SOLAR,71FL8,3450 BROAD ST STE 105,,SAN LUIS OBISPO,CA,934017214,USA,UNITED STATES,(805) 234-7841,,CALIFORNIA 24,J099,MAINT/REPAIR/REBUILD OF EQUIPMENT- MISCELLANEOUS,238210.0,ELECTRICAL CONTRACTORS AND OTHER WIRING INSTALLATION CONTRACTORS,AZ,,USA,PIMA,TUCSON,,85723,1.0,,2025-06-29-1733
36C10D23F0029,Department of Veterans Affairs,"BLUE WATER THINKING,LLC",27577990.76,"COMPUTER RELATED MISSION SUPPORT SERVICES: STRATEGIC PROGRAM MANAGEMENT OFFICE, VETERANS BENEFITS ADMINISTRATION",TERMINATED,https://www.fpds.gov/ezsearch/jsp/viewLinkController.jsp?agencyID=3600&PIID=36C10D23F0029&modNumber=P00006&idvAgencyID=&idvPIID=47QTCA20D005Z&contractType=AWARD,6/6/2025,16878824.84,3600,36C10D23F0029,P00006,4732,47QTCA20D005Z,PO0010,06/18/2025,09/21/2023,06/04/2025,06/04/2025,06/23/2023,-2450403.2,8248762.72,-2450403.2,8248762.72,-19329228.04,8248762.72,NKCBT3KN6EF3,"BLUE WATER THINKING,LLC",BLUE WATER THINKING LLC,87RA8,3939 BAYSIDE DR,,EDGEWATER,MD,210374435,USA,UNITED STATES,(703) 472-2152,,MARYLAND 05,R408,SUPPORT- PROFESSIONAL: PROGRAM MANAGEMENT/SUPPORT,541519.0,OTHER COMPUTER RELATED SERVICES,DC,,USA,DISTRICT OF COLUMBIA,WASHINGTON,,20006,1053.0,,2025-06-29-1733
36C24124N1023,Department of Veterans Affairs,BROWN UNIVERSITY IN PROVIDENCE IN THE STATE OF RHODE ISLAND AND PROVIDENCE PLANTATIONS,20730.52,UNIVERSITY RESEARCH ASSISTANT SERVICES,TERMINATED,https://www.fpds.gov/ezsearch/jsp/viewLinkController.jsp?agencyID=3600&PIID=36C24124N1023&modNumber=P00002&idvAgencyID=&idvPIID=36C24120D0027&contractType=AWARD,6/6/2025,0.0,3600,36C24124N1023,P00002,3600,36C24120D0027,0,06/04/2025,09/30/2024,09/29/2025,09/29/2025,08/08/2024,-19269.48,20730.52,-19269.48,20730.52,-19269.48,20730.52,E3FDXZ6TBHW3,BROWN UNIVERSITY IN PROVIDENCE IN THE STATE OF RHODE ISLAND AND PROVIDENCE PLANTATIONS,BROWN UNIVERSITY,23242,1 PROSPECT ST,,PROVIDENCE,RI,029129100,USA,UNITED STATES,(401) 863-2777,(401) 863-7292,RHODE ISLAND 01,AN11,HEALTH R&D SERVICES; HEALTH CARE SERVICES; BASIC RESEARCH,611310.0,"COLLEGES, UNIVERSITIES, AND PROFESSIONAL SCHOOLS",RI,,USA,PROVIDENCE,PROVIDENCE,,02908,1.0,,2025-06-29-1733
36C24124N0779,Department of Veterans Affairs,BROWN UNIVERSITY IN PROVIDENCE IN THE STATE OF RHODE ISLAND AND PROVIDENCE PLANTATIONS,25000.0,UNIVERSITY RESEARCH ASSISTANT SERVICES,TERMINATED,https://www.fpds.gov/ezsearch/jsp/viewLinkController.jsp?agencyID=3600&PIID=36C24124N0779&modNumber=P00001&idvAgencyID=&idvPIID=36C24120D0027&contractType=AWARD,6/6/2025,0.0,3600,36C24124N0779,P00001,3600,36C24120D0027,0,06/04/2025,06/07/2024,04/30/2025,04/30/2025,05/23/2024,0.0,25000.0,0.0,25000.0,0.0,25000.0,E3FDXZ6TBHW3,BROWN UNIVERSITY IN PROVIDENCE IN THE STATE OF RHODE ISLAND AND PROVIDENCE PLANTATIONS,BROWN UNIVERSITY,23242,1 PROSPECT ST,,PROVIDENCE,RI,029129100,USA,UNITED STATES,(401) 863-2777,(401) 863-7292,RHODE ISLAND 01,AN11,HEALTH R&D SERVICES; HEALTH CARE SERVICES; BASIC RESEARCH,611310.0,"COLLEGES, UNIVERSITIES, AND PROFESSIONAL SCHOOLS",RI,,USA,PROVIDENCE,PROVIDENCE,,02908,1.0,,2025-06-29-1733
36C24124N1022,Department of Veterans Affairs,BROWN UNIVERSITY IN PROVIDENCE IN THE STATE OF RHODE ISLAND AND PROVIDENCE PLANTATIONS,17113.89,UNIVERSITY RESEARCH ASSISTANT SERVICES,TERMINATED,https://www.fpds.gov/ezsearch/jsp/viewLinkController.jsp?agencyID=3600&PIID=36C24124N1022&modNumber=P00001&idvAgencyID=&idvPIID=36C24120D0027&contractType=AWARD,6/6/2025,0.0,3600,36C24124N1022,P00001,3600,36C24120D0027,0,06/04/2025,09/30/2024,06/04/2025,06/04/2025,08/08/2024,-22886.11,17113.89,-22886.11,17113.89,-22886.11,17113.89,E3FDXZ6TBHW3,BROWN UNIVERSITY IN PROVIDENCE IN THE STATE OF RHODE ISLAND AND PROVIDENCE PLANTATIONS,BROWN UNIVERSITY,23242,1 PROSPECT ST,,PROVIDENCE,RI,029129100,USA,UNITED STATES,(401) 863-2777,(401) 863-7292,RHODE ISLAND 01,AN11,HEALTH R&D SERVICES; HEALTH CARE SERVICES; BASIC RESEARCH,611310.0,"COLLEGES, UNIVERSITIES, AND PROFESSIONAL SCHOOLS",RI,,USA,PROVIDENCE,PROVIDENCE,,02908,1.0,,2025-06-29-1733
36C24124N0810,Department of Veterans Affairs,BROWN UNIVERSITY,69173.86,BIOTECHNOLOGY RESEARCH STUDY SURVEY,TERMINATED,https://www.fpds.gov/ezsearch/jsp/viewLinkController.jsp?agencyID=3600&PIID=36C24124N0810&modNumber=P00002&idvAgencyID=&idvPIID=36C24124D0066&contractType=AWARD,6/6/2025,0.0,3600,36C24124N0810,P00002,3600,36C24124D0066,0,05/08/2025,06/03/2024,04/30/2025,04/30/2025,05/23/2024,-33940.48,69173.86,-33940.48,69173.86,-33940.48,69173.86,E3FDXZ6TBHW3,BROWN UNIVERSITY,,23242,1 PROSPECT ST,,PROVIDENCE,RI,029129100,USA,UNITED STATES,(401) 863-2777,(401) 863-7292,RHODE ISLAND 01,AN12,HEALTH R&D SERVICES; HEALTH CARE SERVICES; APPLIED RESEARCH,541714.0,RESEARCH AND DEVELOPMENT IN BIOTECHNOLOGY (EXCEPT NANOBIOTECHNOLOGY),RI,,USA,PROVIDENCE,PROVIDENCE,,02908,1.0,,2025-06-29-1733
36C24723P0936,Department of Veterans Affairs,UNIVERSITY OF ALABAMA AT BIRMINGHAM,19200.0,Lease of Rotometer and Animal Testing Equipment,TERMINATED,https://www.fpds.gov/ezsearch/jsp/viewLinkController.jsp?agencyID=3600&PIID=36C24723P0936&modNumber=P00003&idvAgencyID=&idvPIID=&contractType=AWARD,5/15/2025,17628.75,3600,36C24723P0936,P00003,,,,05/06/2025,06/13/2023,03/31/2025,03/31/2025,06/07/2023,-4800.0,1571.25,-4800.0,1571.25,-14400.0,1571.25,YND4PLMC9AN7,UNIVERSITY OF ALABAMA AT BIRMINGHAM,U A B,0DV74,701 S 20TH ST,,BIRMINGHAM,AL,352940001,USA,UNITED STATES,(205) 996-6120,(205) 975-5977,ALABAMA 07,AN21,HEALTH R&D SERVICES; HEALTH RESEARCH AND TRAINING; BASIC RESEARCH,532490.0,OTHER COMMERCIAL AND INDUSTRIAL MACHINERY AND EQUIPMENT RENTAL AND LEASING,AL,,USA,JEFFERSON,BIRMINGHAM,,35233.0,1121.0,,2025-06-29-1733
36C25624P0448,Department of Veterans Affairs,"VINYARD MANAGEMENT GROUP, INC.",132162.5,CONSULTING SERVICES,TERMINATED,https://www.fpds.gov/ezsearch/jsp/viewLinkController.jsp?agencyID=3600&PIID=36C25624P0448&modNumber=P00003&idvAgencyID=&idvPIID=&contractType=AWARD,3/20/2025,33500.0,3600,36C25624P0448,P00003,,,,06/05/2025,01/15/2024,01/14/2025,01/14/2025,12/11/2023,-1858.5,96804.0,-1858.5,96804.0,-1858.5,130304.0,FPKKU6AN4PJ3,"VINYARD MANAGEMENT GROUP, INC.",,1RVB9,1417 WATERFORD GREEN DR,,MARIETTA,GA,300682910,USA,UNITED STATES,(770) 329-3791,(770) 518-4692,GEORGIA 06,R410,SUPPORT- PROFESSIONAL: PROGRAM EVALUATION/REVIEW/DEVELOPMENT,541611.0,ADMINISTRATIVE MANAGEMENT AND GENERAL MANAGEMENT CONSULTING SERVICES,LA,,USA,ORLEANS,NEW ORLEANS,,70119.0,4701.0,,2025-06-29-1733
36C10X24C0027,Department of Veterans Affairs,LG STRATEGIES LLC,4358100.0,Quality and Regulatory Support Consulting Services,TERMINATED,https://www.fpds.gov/ezsearch/jsp/viewLinkController.jsp?agencyID=3600&PIID=36C10X24C0027&modNumber=P00001&idvAgencyID=&idvPIID=&contractType=AWARD,3/12/2025,2287720.0,3600,36C10X24C0027,P00001,,,,02/25/2025,09/01/2024,02/25/2025,02/25/2025,06/21/2024,0.0,722650.0,0.0,722650.0,0.0,2070380.0,LBJ8BF9M7KC6,LG STRATEGIES LLC,,8U1L5,2001 PARKER LN,APT 122,AUSTIN,TX,787413847,USA,UNITED STATES,(901) 258-3629,,TEXAS 35,H965,"OTHER QC/TEST/INSPECT- MEDICAL, DENTAL, AND VETERINARY EQUIPMENT AND SUPPLIES",541690.0,OTHER SCIENTIFIC AND TECHNICAL CONSULTING SERVICES,WA,,USA,KING,SEATTLE,,98199.0,1261.0,,2025-06-29-1733
36C10F24N0043,Department of Veterans Affairs,"INTERIOR SYSTEMS, INC.",63227.64,"POPLAR BLUFF, MO - DUE DILIGENCE",TERMINATED,https://www.fpds.gov/ezsearch/jsp/viewLinkController.jsp?agencyID=3600&PIID=36C10F24N0043&modNumber=P00003&idvAgencyID=&idvPIID=36C10F23A0009&contractType=AWARD,3/7/2025,17942.2,3600,36C10F24N0043,P00003,3600,36C10F23A0009,P00001,06/13/2025,09/30/2024,03/05/2025,03/05/2025,07/17/2024,-7915.0,37370.44,-7915.0,37370.44,-25857.2,37370.44,RNHBDCBFX1N7,"INTERIOR SYSTEMS, INC.",,0ZVV4,45610 WOODLAND RD STE 130,,STERLING,VA,201664220,USA,UNITED STATES,(202) 263-0892,(202) 393-0630,VIRGINIA 10,E1PC,PURCHASE OF UNIMPROVED REAL PROPERTY (LAND),541611.0,ADMINISTRATIVE MANAGEMENT AND GENERAL MANAGEMENT CONSULTING SERVICES,VA,,USA,LOUDOUN,STERLING,,20166.0,4220.0,,2025-06-29-1733
36C10F24N0045,Department of Veterans Affairs,"INTERIOR SYSTEMS, INC.",18700.0,"POPLAR BLUFF, MO - VAMC - ACCESS - CONDEMNATION",TERMINATED,https://www.fpds.gov/ezsearch/jsp/viewLinkController.jsp?agencyID=3600&PIID=36C10F24N0045&modNumber=P00002&idvAgencyID=&idvPIID=36C10F23A0009&contractType=AWARD,3/7/2025,0.0,3600,36C10F24N0045,P00002,3600,36C10F23A0009,P00001,06/13/2025,09/30/2024,03/05/2025,03/05/2025,08/22/2024,-3000.0,15700.0,-3000.0,15700.0,-3000.0,15700.0,RNHBDCBFX1N7,"INTERIOR SYSTEMS, INC.",,0ZVV4,45610 WOODLAND RD STE 130,,STERLING,VA,201664220,USA,UNITED STATES,(202) 263-0892,(202) 393-0630,VIRGINIA 10,R404,SUPPORT- PROFESSIONAL: LAND SURVEYS-CADASTRAL (NON-CONSTRUCTION),541611.0,ADMINISTRATIVE MANAGEMENT AND GENERAL MANAGEMENT CONSULTING SERVICES,VA,,USA,LOUDOUN,STERLING,,20166.0,4220.0,,2025-06-29-1733
36C10X24N0172,Department of Veterans Affairs,"METRICS, LLC",1789089.12,IN6014 MANAGED SETTLEMENTS SUPPORT,TERMINATED,https://www.fpds.gov/ezsearch/jsp/viewLinkController.jsp?agencyID=3600&PIID=36C10X24N0172&modNumber=P00003&idvAgencyID=&idvPIID=VA119A17D0148&contractType=AWARD,3/6/2025,1445277.6,3600,36C10X24N0172,P00003,3600,VA119A17D0148,0,06/04/2025,09/02/2024,03/04/2025,03/04/2025,07/11/2024,-159265.15,184546.37,-159265.15,1629823.97,-159265.15,1629823.97,F541XAYTKKN5,"METRICS, LLC",,6RSN0,7105 HUNDSFORD LN,,SPRINGFIELD,VA,221531264,USA,UNITED STATES,(703) 401-1616,,VIRGINIA 11,R408,SUPPORT- PROFESSIONAL: PROGRAM MANAGEMENT/SUPPORT,541611.0,ADMINISTRATIVE MANAGEMENT AND GENERAL MANAGEMENT CONSULTING SERVICES,VA,,USA,FAIRFAX,FAIRFAX STATION,,22039.0,1203.0,,2025-06-29-1733
36C10X24N0062,Department of Veterans Affairs,RB MANAGEMENT CONSULTANTS LLC,1932138.7,VHA INTEGRATED HEALTHCARE TRANSFORMATION (IHT) IDIQ CONTRACT,TERMINATED,https://www.fpds.gov/ezsearch/jsp/viewLinkController.jsp?agencyID=3600&PIID=36C10X24N0062&modNumber=P00003&idvAgencyID=&idvPIID=36C10X20D0004&contractType=AWARD,3/5/2025,661285.1,3600,36C10X24N0062,P00003,3600,36C10X20D0004,0,06/18/2025,01/18/2024,02/25/2025,02/25/2025,11/16/2023,-481890.03,788963.52,-481890.03,788963.52,-1143175.13,788963.52,HEAKVJCG8MV6,RB MANAGEMENT CONSULTANTS LLC,,7X4V2,2011 CRYSTAL DR STE 400,,ARLINGTON,VA,222023709,USA,UNITED STATES,(240) 444-2511,,VIRGINIA 08,R499,SUPPORT- PROFESSIONAL: OTHER,541611.0,ADMINISTRATIVE MANAGEMENT AND GENERAL MANAGEMENT CONSULTING SERVICES,VA,,USA,FAIRFAX,CHANTILLY,,20151.0,3933.0,,2025-06-29-1733
36C10X20N0145,Department of Veterans Affairs,TITAN ALPHA LLC,1726785.45,VHA INTEGRATED HEALTHCARE TRANSFORMATION (IHT) IDIQ CONTRACT - IHT 20 OFFICE OF DEAN COMMUNICATIONS SUPPORT,TERMINATED,https://www.fpds.gov/ezsearch/jsp/viewLinkController.jsp?agencyID=3600&PIID=36C10X20N0145&modNumber=P00011&idvAgencyID=&idvPIID=36C10X20D0006&contractType=AWARD,3/5/2025,0.0,3600,36C10X20N0145,P00011,3600,36C10X20D0006,0,06/26/2025,09/28/2020,02/25/2025,02/25/2025,08/17/2020,-235040.75,1491744.7,-235040.75,1491744.7,-235040.75,1491744.7,EGLRC9AH8XA7,TITAN ALPHA LLC,,80RY6,13846 REMBRANDT WAY,,CHANTILLY,VA,201513255,USA,UNITED STATES,(202) 792-1005,(202) 540-8006,VIRGINIA 11,R426,SUPPORT- PROFESSIONAL: COMMUNICATIONS,541611.0,ADMINISTRATIVE MANAGEMENT AND GENERAL MANAGEMENT CONSULTING SERVICES,DC,,USA,DISTRICT OF COLUMBIA,WASHINGTON,,20420.0,1.0,,2025-06-29-1733
36C10X22N0172,Department of Veterans Affairs,TITAN ALPHA LLC,976076.9,"VHA INTEGRATED HEALTHCARE TRANSFORMATION (IHT) IDIQ CONTRACT- MODIFICATION TO UPDATE CLAUSES, ADMIN DATA, AND TEAMING PARTNERS.",TERMINATED,https://www.fpds.gov/ezsearch/jsp/viewLinkController.jsp?agencyID=3600&PIID=36C10X22N0172&modNumber=P00010&idvAgencyID=&idvPIID=36C10X20D0006&contractType=AWARD,3/5/2025,352616.7,3600,36C10X22N0172,P00010,3600,36C10X20D0006,0,03/04/2025,09/28/2022,02/25/2025,02/25/2025,09/02/2022,0.0,623460.18,0.0,623460.18,0.0,976076.88,EGLRC9AH8XA7,TITAN ALPHA LLC,,80RY6,13846 REMBRANDT WAY,,CHANTILLY,VA,201513255,USA,UNITED STATES,(202) 792-1005,(202) 540-8006,VIRGINIA 11,R499,SUPPORT- PROFESSIONAL: OTHER,541611.0,ADMINISTRATIVE MANAGEMENT AND GENERAL MANAGEMENT CONSULTING SERVICES,VA,,USA,FAIRFAX,CHANTILLY,,20151.0,1680.0,,2025-06-29-1733
36C10X21N0182,Department of Veterans Affairs,"TRILOGY FEDERAL, LLC",1129012.8,VHA INTEGRATED HEALTHCARE TRANSFORMATION (IHT) IDIQ CONTRACT- TASK ORDER 88- GAO OIG ACCOUNTABILITY LIAISON (GOAL) PROGRAM OFFICE TECHNICAL WRITING SUPPORT,TERMINATED,https://www.fpds.gov/ezsearch/jsp/viewLinkController.jsp?agencyID=3600&PIID=36C10X21N0182&modNumber=P00007&idvAgencyID=&idvPIID=36C10X20D0007&contractType=AWARD,3/5/2025,232574.4,3600,36C10X21N0182,P00007,3600,36C10X20D0007,0,06/25/2025,09/30/2021,02/25/2025,02/25/2025,09/22/2021,-119353.43,777084.97,-119353.43,777084.97,-119353.43,1009659.37,QY6ZENEB34D9,"TRILOGY FEDERAL, LLC",,5EQT3,6507 HAYSTACK RD,,ALEXANDRIA,VA,223103309,USA,UNITED STATES,(703) 589-9029,,VIRGINIA 08,R499,SUPPORT- PROFESSIONAL: OTHER,541611.0,ADMINISTRATIVE MANAGEMENT AND GENERAL MANAGEMENT CONSULTING SERVICES,VA,,USA,FAIRFAX,ALEXANDRIA,,22310.0,3309.0,,2025-06-29-1733
36C10X24F0089,Department of Veterans Affairs,"STAFFORD CONSULTING COMPANY, INC.",179630.0,VAAA ACQUISITION WORKFORCE TRAINING,TERMINATED,https://www.fpds.gov/ezsearch/jsp/viewLinkController.jsp?agencyID=3600&PIID=36C10X24F0089&modNumber=P00003&idvAgencyID=&idvPIID=36C10X23A0012&contractType=AWARD,3/5/2025,0.0,3600,36C10X24F0089,P00003,3600,36C10X23A0012,P00003,06/04/2025,09/28/2024,09/27/2025,09/27/2025,06/06/2024,-132176.2,47453.8,-132176.2,47453.8,-132176.2,47453.8,GMQFM999K2E5,"STAFFORD CONSULTING COMPANY, INC.",,6JNW1,1765 GREENSBORO STATION PL,STE 900,MC LEAN,VA,221023470,USA,UNITED STATES,(301) 502-8967,(256) 325-0418,VIRGINIA 11,U008,EDUCATION/TRAINING- TRAINING/CURRICULUM DEVELOPMENT,541611.0,ADMINISTRATIVE MANAGEMENT AND GENERAL MANAGEMENT CONSULTING SERVICES,MD,,USA,FREDERICK,FREDERICK,,21703.0,2817.0,,2025-06-29-1733
36C10X23P0036,Department of Veterans Affairs,MILITARY SERVICE ALLIANCE INCORPORATED,3070723.98,ACQUISITION LIFECYCLE FRAMEWORK (ALF),TERMINATED,https://www.fpds.gov/ezsearch/jsp/viewLinkController.jsp?agencyID=3600&PIID=36C10X23P0036&modNumber=P00008&idvAgencyID=&idvPIID=&contractType=AWARD,3/5/2025,1000687.2,3600,36C10X23P0036,P00008,,,,06/11/2025,04/01/2023,02/25/2025,02/25/2025,03/21/2023,-514576.37,1555460.41,-514576.37,1555460.41,-514576.37,2556147.61,LNRBEMQ2ECZ7,MILITARY SERVICE ALLIANCE INCORPORATED,MILITARY SERVICE ALLIANCE INC,8KVL4,7926 HOLLINGTON PL,,FAIRFAX STATION,VA,220393161,USA,UNITED STATES,(301) 552-8803,,VIRGINIA 11,R707,SUPPORT- MANAGEMENT: CONTRACT/PROCUREMENT/ACQUISITION SUPPORT,541611.0,ADMINISTRATIVE MANAGEMENT AND GENERAL MANAGEMENT CONSULTING SERVICES,VA,,USA,FAIRFAX,FAIRFAX STATION,,22039.0,3161.0,,2025-06-29-1733
36C10X24C0025,Department of Veterans Affairs,"BEN ALLEGRETTI CONSULTING, INC",4350321.2,CIDMO-34 SYSTEMS SAFETY AND INSTRUCTIONS SYSTEMS DESIGN SUPPORT,TERMINATED,https://www.fpds.gov/ezsearch/jsp/viewLinkController.jsp?agencyID=3600&PIID=36C10X24C0025&modNumber=P00002&idvAgencyID=&idvPIID=&contractType=AWARD,3/5/2025,0.0,3600,36C10X24C0025,P00002,,,,06/17/2025,08/08/2024,02/25/2025,02/25/2025,07/26/2024,-1601276.81,2749044.39,-1601276.81,2749044.39,-1601276.81,2749044.39,KGVQXEJA4JG4,"BEN ALLEGRETTI CONSULTING, INC",,5WTU1,188 WOODSTREAM BLVD,,STAFFORD,VA,225564629,USA,UNITED STATES,(540) 207-9512,(540) 657-1382,VIRGINIA 07,R425,SUPPORT- PROFESSIONAL: ENGINEERING/TECHNICAL,541611.0,ADMINISTRATIVE MANAGEMENT AND GENERAL MANAGEMENT CONSULTING SERVICES,VA,,USA,STAFFORD,STAFFORD,,22556.0,9052.0,,2025-06-29-1733
36C10X24C0028,Department of Veterans Affairs,WATERFRONT TRAINING SOLUTIONS INC.,677105.0,"INSTITUTE FOR LEARNING, EDUCATION AND DEVELOPMENT -  ILEADCAREER PATH DEVELOPMENT CONSULTING TO DEVELOP CAREER PATH GUIDES, COMPETENCY MODELS, DEVELOPMENT PLANS AND ASSESSMENTS",TERMINATED,https://www.fpds.gov/ezsearch/jsp/viewLinkController.jsp?agencyID=3600&PIID=36C10X24C0028&modNumber=P00003&idvAgencyID=&idvPIID=&contractType=AWARD,3/5/2025,0.0,3600,36C10X24C0028,P00003,,,,06/03/2025,09/23/2024,02/25/2025,02/25/2025,06/10/2024,-99848.78,577256.22,-99848.78,577256.22,-99848.78,577256.22,WTK5XT2HJUU1,WATERFRONT TRAINING SOLUTIONS INC.,,9G3Q2,1428 PAUL EASON DR,,CHESAPEAKE,VA,233222794,USA,UNITED STATES,(757) 582-1127,,VIRGINIA 02,R499,SUPPORT- PROFESSIONAL: OTHER,541611.0,ADMINISTRATIVE MANAGEMENT AND GENERAL MANAGEMENT CONSULTING SERVICES,VA,,USA,CHESAPEAKE CITY,CHESAPEAKE,,23322.0,2794.0,,2025-06-29-1733
36C10X25P0003,Department of Veterans Affairs,BLUE PHOENIX SOLUTIONS LLC,4995122.4,BUSINESS ADVISORY SUPPORT SERVICES.,TERMINATED,https://www.fpds.gov/ezsearch/jsp/viewLinkController.jsp?agencyID=3600&PIID=36C10X25P0003&modNumber=P00003&idvAgencyID=&idvPIID=&contractType=AWARD,3/5/2025,0.0,3600,36C10X25P0003,P00003,,,,06/04/2025,01/06/2025,01/26/2026,01/26/2026,10/18/2024,-4845122.4,150000.0,-4653402.4,341720.0,-4653402.4,341720.0,EE9FJ7MXJ5Z7,BLUE PHOENIX SOLUTIONS LLC,BLUE PHOENIX SOLUTIONS LLC,9KLT9,3033 WILSON BLVD STE 700,,ARLINGTON,VA,222013868,USA,UNITED STATES,(714) 328-7822,,VIRGINIA 08,R499,SUPPORT- PROFESSIONAL: OTHER,541611.0,ADMINISTRATIVE MANAGEMENT AND GENERAL MANAGEMENT CONSULTING SERVICES,VA,,USA,ARLINGTON,ARLINGTON,,22201.0,3868.0,,2025-06-29-1733
36C10D22F0019,Department of Veterans Affairs,"DYNAMIC INTEGRATED SERVICES, LLC",8722228.51,LGY STAFFING SUPPORT SERVICES,TERMINATED,https://www.fpds.gov/ezsearch/jsp/viewLinkController.jsp?agencyID=3600&PIID=36C10D22F0019&modNumber=P00007&idvAgencyID=&idvPIID=47QRAA18D007Y&contractType=AWARD,3/4/2025,2880804.94,3600,36C10D22F0019,P00007,4732,47QRAA18D007Y,PA0016,06/06/2025,09/30/2022,02/25/2025,02/25/2025,08/19/2022,-904818.11,4936605.46,-904818.11,4936605.46,-904818.11,7817410.4,LULHX8RK9JC8,"DYNAMIC INTEGRATED SERVICES, LLC",,6B4P8,16 W STRONG ST,,PENSACOLA,FL,325013138,USA,UNITED STATES,(202) 615-2049,(850) 361-3489,FLORIDA 01,R699,SUPPORT- ADMINISTRATIVE: OTHER,541611.0,ADMINISTRATIVE MANAGEMENT AND GENERAL MANAGEMENT CONSULTING SERVICES,FL,,USA,ESCAMBIA,PENSACOLA,,32502.0,4141.0,,2025-06-29-1733
36C10A24N0033,Department of Veterans Affairs,THE MITRE CORPORATION,23842206.96,"DATA ANALYSIS AND AUTOMATION SUPPORT, STRATEGIC PROGRAM MANAGEMENT OFFICE, VETERANS BENEFITS ADMINISTRATION",TERMINATED,https://www.fpds.gov/ezsearch/jsp/viewLinkController.jsp?agencyID=3600&PIID=36C10A24N0033&modNumber=P00001&idvAgencyID=&idvPIID=36C10A20D0004&contractType=AWARD,7/24/2025,88953.43,3600,36C10A24N0033,P00001,3600,36C10A20D0004,0,07/17/2025,09/29/2024,09/28/2025,09/28/2026,08/21/2024,-88953.43,10804171.3,-88953.43,10804171.3,-88953.43,23753253.53,DMHDNDCPWUD1,THE MITRE CORPORATION,,7L030,7515 COLSHIRE DR,,MC LEAN,VA,221027539,USA,UNITED STATES,(703) 983-5688,(703) 983-7121,VIRGINIA 11,R799,SUPPORT- MANAGEMENT: OTHER,541990.0,"ALL OTHER PROFESSIONAL, SCIENTIFIC, AND TECHNICAL SERVICES",VA,,USA,FAIRFAX,MCLEAN,,22102,2.0,,2025-07-26-2033
36C10D25F0032,Department of Veterans Affairs,PHRONESIS GLOBAL TRAINING SOLUTIONS LLC,38678981.52,ADMINISTRATIVE MANAGEMENT AND GENERAL MANAGEMENT CONSULTING SERVICES: MODERN CLAIMS PROCESSING SERVICES,TERMINATED,https://www.fpds.gov/ezsearch/jsp/viewLinkController.jsp?agencyID=3600&PIID=36C10D25F0032&modNumber=P00002&idvAgencyID=&idvPIID=GS10F0186Y&contractType=AWARD,7/17/2025,36582890.5,3600,36C10D25F0032,P00002,4732,GS10F0186Y,PA0028,07/10/2025,03/17/2025,06/04/2025,06/04/2025,09/12/2024,-6853435.78,2096091.02,-6853435.78,2096091.02,-36582890.5,2096091.02,ED6BJKJC9TK1,PHRONESIS GLOBAL TRAINING SOLUTIONS LLC,,7BKY0,7797 SEAFIELD RD,,HOLLYWOOD,SC,294496215,USA,UNITED STATES,(970) 556-3331,,SOUTH CAROLINA 06,R499,SUPPORT- PROFESSIONAL: OTHER,541611.0,ADMINISTRATIVE MANAGEMENT AND GENERAL MANAGEMENT CONSULTING SERVICES,SC,,USA,CHARLESTON,HOLLYWOOD,,29449,6215.0,,2025-07-26-2033
36C26323P0419,Department of Veterans Affairs,REGENTS OF THE UNIVERSITY OF MINNESOTA,776187.36,ADMINISTRATIVE MANAGEMENT AND GENERAL MANAGEMENT CONSULTING SERVICES: REAL LIFE PATIENT SIMULATORS/MEDICAL TRAINING,TERMINATED,https://www.fpds.gov/ezsearch/jsp/viewLinkController.jsp?agencyID=3600&PIID=36C26323P0419&modNumber=P00004&idvAgencyID=&idvPIID=&contractType=AWARD,7/11/2025,737069.76,3600,36C26323P0419,P00004,,,,05/29/2025,05/01/2023,03/10/2025,04/30/2028,02/24/2023,-56003.4,39117.6,-56003.4,354112.08,-56003.4,666913.56,FVJMNPLMEEJ2,REGENTS OF THE UNIVERSITY OF MINNESOTA,NON-SPONSORED ACCOUNTS RECEIVABLE,5W8T3,1300 S 2ND ST STE 600,,MINNEAPOLIS,MN,554545005,USA,UNITED STATES,(612) 624-5540,(612) 626-3969,MINNESOTA 05,U099,EDUCATION/TRAINING- OTHER,541611.0,ADMINISTRATIVE MANAGEMENT AND GENERAL MANAGEMENT CONSULTING SERVICES,MN,,USA,HENNEPIN,MINNEAPOLIS,,55454,5005.0,,2025-07-26-2033
36C24224F0159,Department of Veterans Affairs,"SIERRA 7, INC.",26483.76,OTHER COMPUTER RELATED SERVICES: PLUM CASE PORTABLE BROADBAND SERVICE,TERMINATED,https://www.fpds.gov/ezsearch/jsp/viewLinkController.jsp?agencyID=3600&PIID=36C24224F0159&modNumber=P00002&idvAgencyID=&idvPIID=NNG15SD78B&contractType=AWARD,7/11/2025,13424.94,3600,36C24224F0159,P00002,8000,NNG15SD78B,26,07/08/2025,06/01/2024,06/27/2025,06/27/2025,04/25/2024,-4474.96,13058.82,-4474.96,13058.82,-4474.96,13058.82,NP4TUKF8QCM5,"SIERRA 7, INC.",,5SUJ1,3190 FAIRVIEW PARK DR STE 350,,FALLS CHURCH,VA,220424544,USA,UNITED STATES,(301) 491-6590,(703) 935-1254,VIRGINIA 11,DE11,IT AND TELECOM - MOBILE DEVICE AS A SERVICE,541519.0,OTHER COMPUTER RELATED SERVICES,NY,,USA,ONTARIO,CANANDAIGUA,,14424,8048.0,,2025-07-26-2033
36C25721F0121,Department of Veterans Affairs,"ARBINGER COMPANY, THE",1278420.94,ADMINISTRATIVE MANAGEMENT AND GENERAL MANAGEMENT CONSULTING SERVICES OUTWARD MINDSET,TERMINATED,https://www.fpds.gov/ezsearch/jsp/viewLinkController.jsp?agencyID=3600&PIID=36C25721F0121&modNumber=P00015&idvAgencyID=&idvPIID=GS10F099AA&contractType=AWARD,7/7/2025,343756.51,3600,36C25721F0121,P00015,4732,GS10F099AA,PA0051,07/01/2025,04/01/2021,04/18/2025,04/18/2025,02/03/2021,-106233.07,934664.43,-106233.07,934664.43,-106233.07,1170197.87,XDJYKQ4BVTJ3,"ARBINGER COMPANY, THE",,1UMN6,686 N ARBINGER WAY,STE 200,FARMINGTON,UT,840253067,USA,UNITED STATES,(619) 243-6896,(801) 447-9376,UTAH 02,U099,EDUCATION/TRAINING- OTHER,541611.0,ADMINISTRATIVE MANAGEMENT AND GENERAL MANAGEMENT CONSULTING SERVICES,TX,,USA,DALLAS,DALLAS,,75216,7175.0,,2025-07-26-2033
36C24723P0776,Department of Veterans Affairs,UNIVERSITY OF ALABAMA AT BIRMINGHAM,37500.0,HEALTH BASIC RESEARCH SCIENTIFIC AND TECHNICAL CONSULTING SERVICES: CLINICAL CONTEXT RESEARCH,TERMINATED,https://www.fpds.gov/ezsearch/jsp/viewLinkController.jsp?agencyID=3600&PIID=36C24723P0776&modNumber=P00002&idvAgencyID=&idvPIID=&contractType=AWARD,7/7/2025,14223.92,3600,36C24723P0776,P00002,,,,05/28/2025,06/01/2023,03/05/2025,03/05/2025,04/06/2023,-7098.92,23276.08,-7098.92,23276.08,-14223.92,23276.08,YND4PLMC9AN7,UNIVERSITY OF ALABAMA AT BIRMINGHAM,U A B,0DV74,701 S 20TH ST,,BIRMINGHAM,AL,352940001,USA,UNITED STATES,(205) 996-6120,(205) 975-5977,ALABAMA 07,AN21,HEALTH R&D SERVICES; HEALTH RESEARCH AND TRAINING; BASIC RESEARCH,541690.0,OTHER SCIENTIFIC AND TECHNICAL CONSULTING SERVICES,AL,,USA,JEFFERSON,BIRMINGHAM,,35294,2.0,,2025-07-26-2033
36C24824F0312,Department of Veterans Affairs,"FOUR POINTS TECHNOLOGY, L.L.C.",178204.74,BD PYXIS IV PREP WORKFLOW MANAGEMENT (COMPUTER-ASSISTED INTRAVENOUS SOLUTION PREPARATION) SYSTEM,TERMINATED,https://www.fpds.gov/ezsearch/jsp/viewLinkController.jsp?agencyID=3600&PIID=36C24824F0312&modNumber=P00001&idvAgencyID=&idvPIID=HHSN316201500034W&contractType=AWARD,7/2/2025,178204.74,3600,36C24824F0312,P00001,7529,HHSN316201500034W,P00014,03/13/2025,08/29/2024,08/28/2025,08/28/2025,08/09/2024,-178204.74,0.0,-178204.74,0.0,-178204.74,0.0,H1KHJPJH9R51,"FOUR POINTS TECHNOLOGY, L.L.C.",,1YS78,14900 CONFERENCE CENTER DR STE 100,,CHANTILLY,VA,201513813,USA,UNITED STATES,(703) 657-6127,(703) 657-6135,VIRGINIA 11,6515,"MEDICAL AND SURGICAL INSTRUMENTS, EQUIPMENT, AND SUPPLIES",541519.0,OTHER COMPUTER RELATED SERVICES,FL,,USA,MIAMI-DADE,MIAMI,,33125,1600.0,,2025-07-26-2033
36C10A24F0035,Department of Veterans Affairs,"REI SYSTEMS, INC.",6575802.31,"CUSTOM COMPUTER PROGRAMMING SERVICES: GRANTS MANAGEMENT SOLUTION AND HOSTING, VETERANS AFFAIRS",TERMINATED,https://www.fpds.gov/ezsearch/jsp/viewLinkController.jsp?agencyID=3600&PIID=36C10A24F0035&modNumber=P00003&idvAgencyID=&idvPIID=47QTCA19D00DR&contractType=AWARD,7/2/2025,4094662.72,3600,36C10A24F0035,P00003,4732,47QTCA19D00DR,PO0026,06/30/2025,06/12/2024,06/27/2025,06/27/2025,04/04/2024,0.0,2481139.59,0.0,2481139.59,0.0,6575802.31,YRNMVN96JC17,"REI SYSTEMS, INC.",,1DJP1,14325 WILLARD RD,STE 200,CHANTILLY,VA,201512110,USA,UNITED STATES,(703) 480-9100,(703) 689-4680,VIRGINIA 11,DH10,"IT AND TELECOM - PLATFORM AS A SERVICE: DATABASE, MAINFRAME, MIDDLEWARE",541511.0,CUSTOM COMPUTER PROGRAMMING SERVICES,DC,,USA,DISTRICT OF COLUMBIA,WASHINGTON,,20420,1.0,,2025-07-26-2033
36C24E23C0010,Department of Veterans Affairs,PRESIDENT AND FELLOWS OF HARVARD COLLEGE,693667.0,HEALTH RESEARCH AND DEVELOPMENT SUBJECT MATTER EXPERT SERVICES,TERMINATED,https://www.fpds.gov/ezsearch/jsp/viewLinkController.jsp?agencyID=3600&PIID=36C24E23C0010&modNumber=P00002&idvAgencyID=&idvPIID=&contractType=AWARD,7/2/2025,308852.35,3600,36C24E23C0010,P00002,,,,06/30/2025,09/13/2023,06/20/2025,06/20/2025,06/22/2023,0.0,384814.64,0.0,384814.64,0.0,693667.0,JDLVAVGYJQ21,PRESIDENT AND FELLOWS OF HARVARD COLLEGE,HARVARD MEDICAL SCHOOL,3Q2L2,25 SHATTUCK ST,,BOSTON,MA,021156027,USA,UNITED STATES,(617) 432-1596,,MASSACHUSETTS 07,B537,SPECIAL STUDIES/ANALYSIS- MEDICAL/HEALTH,541715.0,"RESEARCH AND DEVELOPMENT IN THE PHYSICAL, ENGINEERING, AND LIFE SCIENCES (EXCEPT NANOTECHNOLOGY AND BIOTECHNOLOGY)",MA,,USA,SUFFOLK,BOSTON,,02115,6027.0,,2025-07-26-2033
36C24E24C0012,Department of Veterans Affairs,"UNIVERSITY OF CALIFORNIA, SAN DIEGO",184261.91,BIOSTATISTICIAN AND DATA ANALYST EXPERTS FOR POST-TRAUMATIC STRESS DISORDER RESEARCH STUDY,TERMINATED,https://www.fpds.gov/ezsearch/jsp/viewLinkController.jsp?agencyID=3600&PIID=36C24E24C0012&modNumber=P00001&idvAgencyID=&idvPIID=&contractType=AWARD,7/2/2025,156139.91,3600,36C24E24C0012,P00001,,,,06/27/2025,06/01/2024,03/25/2025,03/25/2025,05/16/2024,-7031.8,28122.0,-7031.8,28122.0,-7031.8,177230.11,UYTTZT6G9DT1,"UNIVERSITY OF CALIFORNIA, SAN DIEGO",,50854,9500 GILMAN DR,,LA JOLLA,CA,920930021,USA,UNITED STATES,(858) 534-0240,(858) 534-0280,CALIFORNIA 50,AN12,HEALTH R&D SERVICES; HEALTH CARE SERVICES; APPLIED RESEARCH,541690.0,OTHER SCIENTIFIC AND TECHNICAL CONSULTING SERVICES,CA,,USA,SAN DIEGO,LA JOLLA,,92093,21.0,,2025-07-26-2033
36C10B25F0111,Department of Veterans Affairs,REGAN TECHNOLOGIES CORPORATION,6738350.0,TRIAGEXPERT CONTACT CENTER SOFTWARE-AS-A-SERVICE LICENSE SUBSCRIPTIONS AND RELATED TECHNICAL SUPPORT,TERMINATED,https://www.fpds.gov/ezsearch/jsp/viewLinkController.jsp?agencyID=3600&PIID=36C10B25F0111&modNumber=P00001&idvAgencyID=&idvPIID=NNG15SD39B&contractType=AWARD,7/1/2025,6738350.0,3600,36C10B25F0111,P00001,8000,NNG15SD39B,16,06/18/2025,05/24/2025,05/30/2025,05/30/2025,04/15/2025,-4432100.0,0.0,-4432100.0,0.0,-6738350.0,0.0,PJ2BS3KYWKS5,REGAN TECHNOLOGIES CORPORATION,,365K3,515 CENTERPOINT DR STE 115,,MIDDLETOWN,CT,064577570,USA,UNITED STATES,(703) 459-6777,,CONNECTICUT 01,DA10,IT AND TELECOM - BUSINESS APPLICATION/APPLICATION DEVELOPMENT SOFTWARE AS A SERVICE,541519.0,OTHER COMPUTER RELATED SERVICES,CT,,USA,MIDDLESEX,MIDDLETOWN,,06457,7570.0,,2025-07-26-2033
36C26225P1034,Department of Veterans Affairs,"BLUE CHIP MEDICAL PRODUCTS, INC.",14622.0,SURGICAL AND MEDICAL INSTRUMENT MANUFACTURING: PRESSURE MAPPING SEAT SYSTEM,TERMINATED,https://www.fpds.gov/ezsearch/jsp/viewLinkController.jsp?agencyID=3600&PIID=36C26225P1034&modNumber=P00001&idvAgencyID=&idvPIID=&contractType=AWARD,7/1/2025,14622.0,3600,36C26225P1034,P00001,,,,04/17/2025,04/03/2025,04/24/2025,04/24/2025,03/31/2025,-14622.0,0.0,-14622.0,0.0,-14622.0,0.0,XBABM2K7ZDS7,"BLUE CHIP MEDICAL PRODUCTS, INC.",BLUE CHIP MEDICAL PRODUCTS INC,3WUD5,7-11 SUFFERN PL,,SUFFERN,NY,109015501,USA,UNITED STATES,(800) 795-6115,(845) 369-7633,NEW YORK 17,6515,"MEDICAL AND SURGICAL INSTRUMENTS, EQUIPMENT, AND SUPPLIES",339112.0,SURGICAL AND MEDICAL INSTRUMENT MANUFACTURING,NY,,USA,ROCKLAND,SUFFERN,,10901,5501.0,,2025-07-26-2033
36C24E24N0174,Department of Veterans Affairs,SOCIETY OF GENERAL INTERNAL MEDICINE,150000.0,OTHER MANAGEMENT CONSULTING SERVICES: RESEARCH SYMPOSIUM SUPPORT,TERMINATED,https://www.fpds.gov/ezsearch/jsp/viewLinkController.jsp?agencyID=3600&PIID=36C24E24N0174&modNumber=P00001&idvAgencyID=&idvPIID=36C24E24D0017&contractType=AWARD,6/30/2025,150000.0,3600,36C24E24N0174,P00001,3600,36C24E24D0017,0,04/07/2025,09/06/2024,09/05/2025,09/05/2025,08/26/2024,-150000.0,0.0,-150000.0,0.0,-150000.0,0.0,FM7WH75N9HK3,SOCIETY OF GENERAL INTERNAL MEDICINE,,4G9B2,1500 KING ST STE 303,,ALEXANDRIA,VA,223142730,USA,UNITED STATES,(202) 887-5150,(202) 887-5405,VIRGINIA 08,R499,SUPPORT- PROFESSIONAL: OTHER,541618.0,OTHER MANAGEMENT CONSULTING SERVICES,MA,,USA,SUFFOLK,JAMAICA PLAIN,,02130,4893.0,,2025-07-26-2033
36C25025F0232,Department of Veterans Affairs,WEST PUBLISHING CORPORATION,21699.0,INTERNET PUBLISHING/BROADCASTING/WEB SEARCH PORTALS: CLEAR LAW ASSOCIATES,TERMINATED,https://www.fpds.gov/ezsearch/jsp/viewLinkController.jsp?agencyID=3600&PIID=36C25025F0232&modNumber=P00001&idvAgencyID=&idvPIID=GS02F026DA&contractType=AWARD,6/30/2025,21699.0,3600,36C25025F0232,P00001,4732,GS02F026DA,PA0149,02/24/2025,01/01/2025,12/31/2025,12/31/2027,10/01/2024,-6883.08,0.0,-6883.08,0.0,-21699.0,0.0,L997DB4PEJL8,WEST PUBLISHING CORPORATION,,89101,2900 AMES CROSSING RD STE 100,,EAGAN,MN,551212498,USA,UNITED STATES,(763) 326-4762,,MINNESOTA 02,R699,SUPPORT- ADMINISTRATIVE: OTHER,519130.0,INTERNET PUBLISHING AND BROADCASTING AND WEB SEARCH PORTALS,OH,,USA,CUYAHOGA,CLEVELAND,,44106,2369.0,,2025-07-26-2033
36C10B23F0182,Department of Veterans Affairs,TECHANAX LLC,186212627.28,INFORMATION TECHNOLOGY AND TELECOMMUNICATIONS PROVISIONING SERVICES FOR VETERANS ADMINISTRATION ENDPOINT DEVICES,TERMINATED,https://www.fpds.gov/ezsearch/jsp/viewLinkController.jsp?agencyID=3600&PIID=36C10B23F0182&modNumber=P00012&idvAgencyID=&idvPIID=NNG15SD24B&contractType=AWARD,5/22/2025,180580054.39,3600,36C10B23F0182,P00012,8000,NNG15SD24B,9,07/22/2025,07/07/2023,05/11/2025,05/11/2025,08/10/2022,-588507.56,5044065.33,-588507.56,5044065.33,0.0,186212627.28,DJJ8LJTNK156,TECHANAX LLC,,6SM10,14000 CROWN COURT SUITE 206,,WOODBRIDGE,VA,221931471,USA,UNITED STATES,(703) 864-9259,(888) 919-9785,VIRGINIA 07,DE10,"IT and Telecom - End User as a Service: Help Desk;Tier 1-2,Workspace,Print,Output,Productivity Tools",541519.0,OTHER COMPUTER RELATED SERVICES,FL,,USA,VOLUSIA,PORT ORANGE,,32128,8318.0,,2025-07-26-2033
36C78623N0583,Department of Veterans Affairs,"WORRELL CONTRACTING CO., INC",324807.55,Cemetery maintenance and headstone services,Expired,https://www.fpds.gov/ezsearch/jsp/viewLinkController.jsp?agencyID=3600&PIID=36C78623N0583&modNumber=P00002&idvAgencyID=&idvPIID=36C78621D0072&contractType=AWARD,5/15/2025,5884.0,3600,36C78623N0583,P00002,3600,36C78621D0072,0,02/06/2025,04/21/2023,04/20/2024,04/20/2024,04/01/2023,-5884.36,324807.55,-5884.36,324807.55,-5884.36,324807.55,FF7SELFFUG81,"WORRELL CONTRACTING CO., INC",,1PKN0,201 N CENTER ST,,GOLDSBORO,NC,275303622,USA,UNITED STATES,(919) 288-1405,(919) 288-1446,NORTH CAROLINA 13,Z1PZ,MAINTENANCE OF OTHER NON-BUILDING FACILITIES,812220.0,CEMETERIES AND CREMATORIES,IL,,USA,WILL,ELWOOD,,60421,9309.0,,2025-07-26-2033
36C25225P0440,Department of Veterans Affairs,"SAMPLES PROFESSIONAL HEALTHCARE CONSULTING, LLC",349994.36,Online Drug Information Resource subscription for VISN 12,Expired,https://www.fpds.gov/ezsearch/jsp/viewLinkController.jsp?agencyID=3600&PIID=36C25225P0440&modNumber=P00001&idvAgencyID=&idvPIID=&contractType=AWARD,5/15/2025,285376.0,3600,36C25225P0440,P00001,,,,07/08/2025,03/31/2025,07/08/2025,07/08/2025,03/17/2025,-25372.98,39245.34,-25372.98,39245.34,-25372.98,324621.38,NU5LAFXT2J45,"SAMPLES PROFESSIONAL HEALTHCARE CONSULTING, LLC","PC MEDICAL EQUIPMENT AND SUPPLIES (PCMES), LLC",7UGC2,831 HENRY COVE RD,,HILLSBORO,TN,373423238,USA,UNITED STATES,(417) 597-8441,,TENNESSEE 04,DH10,"IT AND TELECOM - PLATFORM AS A SERVICE: DATABASE, MAINFRAME, MIDDLEWARE",513199.0,ALL OTHER PUBLISHERS,WI,,USA,MILWAUKEE,MILWAUKEE,,53295,4.0,,2025-07-26-2033
36C24823C0106,Department of Veterans Affairs,"RGD CONSULTING ENGINEERS ORLANDO, LLC",1206968.42,Kitchen renovation and equipment replacement at VA facility,SUPPLEMENTAL AGREEMENT FOR WORK WITHIN SCOPE,https://www.fpds.gov/ezsearch/jsp/viewLinkController.jsp?agencyID=3600&PIID=36C24823C0106&modNumber=P00005&idvAgencyID=&idvPIID=&contractType=AWARD,5/15/2025,271168.0,3600,36C24823C0106,P00005,,,,06/30/2025,10/15/2023,07/28/2025,09/30/2026,07/28/2023,0.0,935800.59,0.0,935800.59,0.0,1206968.42,R25JGNHCPTB6,"RGD CONSULTING ENGINEERS ORLANDO, LLC",RGD CONSULTING ENGINEERS ORLANDO LLC,8G5W7,121 S ORANGE AVE,STE 1230,ORLANDO,FL,328013239,USA,UNITED STATES,(561) 743-0165,,FLORIDA 10,C1EZ,ARCHITECT AND ENGINEERING- CONSTRUCTION: OTHER INDUSTRIAL BUILDINGS,541330.0,ENGINEERING SERVICES,FL,,USA,ORANGE,ORLANDO,,32801,3239.0,,2025-07-26-2033
36C25923P0814,Department of Veterans Affairs,"HANGER PROSTHETICS & ORTHOTICS, INC.",11273.0,Prosthetic limb supplies and equipment for VA,Expired,https://www.fpds.gov/ezsearch/jsp/viewLinkController.jsp?agencyID=3600&PIID=36C25923P0814&modNumber=P00001&idvAgencyID=&idvPIID=&contractType=AWARD,5/15/2025,11273.0,3600,36C25923P0814,P00001,,,,04/03/2025,05/10/2023,05/03/2025,06/30/2025,,-11273.36,0.0,-11273.36,0.0,-11273.36,0.0,LSAGLWAKLJF7,"HANGER PROSTHETICS & ORTHOTICS, INC.",HANGER CLINIC,7JFB0,175 S UNION BLVD STE 320,,COLORADO SPRINGS,CO,809103126,USA,UNITED STATES,(512) 777-3800,,COLORADO 05,6515,"MEDICAL AND SURGICAL INSTRUMENTS, EQUIPMENT, AND SUPPLIES",339113.0,SURGICAL APPLIANCE AND SUPPLIES MANUFACTURING,CO,,USA,EL PASO,COLORADO SPRINGS,,80910,3126.0,,2025-07-26-2033
36L79724P0005,Department of Veterans Affairs,"HURTVET SUBCONTRACTING, LLC",1055469.0,Fayetteville AR Laundry Procurement Contract,Expired,https://www.fpds.gov/ezsearch/jsp/viewLinkController.jsp?agencyID=3600&PIID=36L79724P0005&modNumber=P00001&idvAgencyID=&idvPIID=&contractType=AWARD,5/15/2025,6000.0,3600,36L79724P0005,P00001,,,,02/21/2025,02/09/2024,04/07/2025,07/07/2025,12/18/2023,-6000.0,1055469.0,-6000.0,1055469.0,-6000.0,1055469.0,LJLDFKJ2VKP5,"HURTVET SUBCONTRACTING, LLC","HURTVET SUBCONTRACTING, LLC",5MB43,1389 CENTER DRIVE,SUITE 200,PARK CITY,UT,840987660,USA,UNITED STATES,(435) 731-9525,(737) 400-4587,UTAH 01,3695,MISCELLANEOUS SPECIAL INDUSTRY MACHINERY,333310.0,COMMERCIAL AND SERVICE INDUSTRY MACHINERY MANUFACTURING,AR,,USA,WASHINGTON,FAYETTEVILLE,,72703,1944.0,,2025-07-26-2033
36C24724P0158,Department of Veterans Affairs,PRESS GANEY ASSOCIATES LLC,14106.06,"ADMINISTRATIVE MANAGEMENT AND GENERAL MANAGEMENT CONSULTING SERVICES PRESS GANEY NATIONAL DATABASE OF NURSING QUALITY INDICATORS(NDNQI) ACCESS FOR THE RALPH H. JOHNSON VA MEDICAL CENTER, CHARLESTON, SOUTH CAROLINA.",TERMINATED,https://www.fpds.gov/ezsearch/jsp/viewLinkController.jsp?agencyID=3600&PIID=36C24724P0158&modNumber=P00003&idvAgencyID=&idvPIID=&contractType=AWARD,4/4/2025,0.0,3600,36C24724P0158,P00003,,,,07/09/2025,01/01/2024,03/05/2025,03/05/2025,11/02/2023,-5985.5,8120.56,-5985.5,8120.56,-30480.0,8120.56,PTAKRVGUJE53,PRESS GANEY ASSOCIATES LLC,,3DFC7,1173 IGNITION DR,,SOUTH BEND,IN,466012901,USA,UNITED STATES,(800) 232-8032,,INDIANA 02,R499,SUPPORT- PROFESSIONAL: OTHER,541611.0,ADMINISTRATIVE MANAGEMENT AND GENERAL MANAGEMENT CONSULTING SERVICES,SC,,USA,CHARLESTON,CHARLESTON,,29401,5799.0,,2025-07-26-2033
36C10D21F0002,Department of Veterans Affairs,"BEST VALUE TECHNOLOGY, INC.",39773201.78,Quality Assessment and Monitoring (QA&M) for the VBA Office of Business Integration.,SUPPLEMENTAL AGREEMENT FOR WORK WITHIN SCOPE,https://www.fpds.gov/ezsearch/jsp/viewLinkController.jsp?agencyID=3600&PIID=36C10D21F0002&modNumber=P00020&idvAgencyID=&idvPIID=GS10F227AA&contractType=AWARD,3/12/2025,21011308.0,3600,36C10D21F0002,P00020,4732,GS10F227AA,PA0019,07/09/2025,11/29/2020,11/28/2025,11/28/2025,09/01/2020,437768.59,22357248.28,437768.59,22357248.28,0.0,38537607.24,NVBULU4RNZ97,"BEST VALUE TECHNOLOGY, INC.",,1YL61,1417 LILY ESTATES DR,,RALEIGH,NC,276146003,USA,UNITED STATES,(703) 229-4200,(703) 229-4229,NORTH CAROLINA 02,R499,SUPPORT- PROFESSIONAL: OTHER,541611.0,ADMINISTRATIVE MANAGEMENT AND GENERAL MANAGEMENT CONSULTING SERVICES,VA,,USA,PRINCE WILLIAM,HAYMARKET,,20169,1667.0,,2025-07-26-2033
36C10F24F0030,Department of Veterans Affairs,MNB MERIDIAN DEFENSE LTD LLC,266000.0,LEAN SIX SIGMA,TERMINATED,https://www.fpds.gov/ezsearch/jsp/viewLinkController.jsp?agencyID=3600&PIID=36C10F24F0030&modNumber=P00003&idvAgencyID=&idvPIID=47QRAA23D007V&contractType=AWARD,3/10/2025,89700.0,3600,36C10F24F0030,P00003,4732,47QRAA23D007V,0,06/02/2025,09/30/2024,03/07/2025,03/07/2025,08/30/2024,-9681.0,166619.0,-9681.0,166619.0,-99381.0,166619.0,EJ6TWBJW3XB6,MNB MERIDIAN DEFENSE LTD LLC,,8GNW4,5006 FRANCONIA RD,,ALEXANDRIA,VA,223101915,USA,UNITED STATES,(703) 310-4320,,VIRGINIA 08,R499,SUPPORT- PROFESSIONAL: OTHER,541611.0,ADMINISTRATIVE MANAGEMENT AND GENERAL MANAGEMENT CONSULTING SERVICES,DC,,USA,DISTRICT OF COLUMBIA,WASHINGTON,,20004,1017.0,,2025-07-26-2033
36C10X20N0146,Department of Veterans Affairs,"APTIVE HTG, LLC",15108991.32,VHA INTEGRATED HEALTHCARE TRANSFORMATION (IHT) IDIQ CONTRACTOVAC SUPPORT SERVICES - TOPR 0017,TERMINATED,https://www.fpds.gov/ezsearch/jsp/viewLinkController.jsp?agencyID=3600&PIID=36C10X20N0146&modNumber=P00014&idvAgencyID=&idvPIID=36C10X20D0002&contractType=AWARD,3/5/2025,8549688.33,3600,36C10X20N0146,P00014,3600,36C10X20D0002,0,07/16/2025,09/25/2020,02/25/2025,02/25/2025,08/21/2020,-1440289.16,5119013.83,-1440289.16,10825463.11,-1440289.16,13668702.16,L2LMMGFF12A3,"APTIVE HTG, LLC",,8A9S8,421 KING ST STE 200,,ALEXANDRIA,VA,223143121,USA,UNITED STATES,(703) 598-0697,,VIRGINIA 08,R408,SUPPORT- PROFESSIONAL: PROGRAM MANAGEMENT/SUPPORT,541611.0,ADMINISTRATIVE MANAGEMENT AND GENERAL MANAGEMENT CONSULTING SERVICES,DC,,USA,DISTRICT OF COLUMBIA,WASHINGTON,,20005,501.0,,2025-07-26-2033
36C10X24N0062,Department of Veterans Affairs,RB MANAGEMENT CONSULTANTS LLC,1932138.65,VHA INTEGRATED HEALTHCARE TRANSFORMATION (IHT) IDIQ CONTRACT,TERMINATED,https://www.fpds.gov/ezsearch/jsp/viewLinkController.jsp?agencyID=3600&PIID=36C10X24N0062&modNumber=P00003&idvAgencyID=&idvPIID=36C10X20D0004&contractType=AWARD,3/5/2025,661285.1,3600,36C10X24N0062,P00003,3600,36C10X20D0004,0,06/18/2025,01/18/2024,02/25/2025,02/25/2025,11/16/2023,-481890.03,788963.52,-481890.03,788963.52,-1143175.13,788963.52,HEAKVJCG8MV6,RB MANAGEMENT CONSULTANTS LLC,,7X4V2,2011 CRYSTAL DR STE 400,,ARLINGTON,VA,222023709,USA,UNITED STATES,(240) 444-2511,,VIRGINIA 08,R499,SUPPORT- PROFESSIONAL: OTHER,541611.0,ADMINISTRATIVE MANAGEMENT AND GENERAL MANAGEMENT CONSULTING SERVICES,VA,,USA,FAIRFAX,CHANTILLY,,20151,3933.0,,2025-07-26-2033
36C10X23N0047,Department of Veterans Affairs,RB MANAGEMENT CONSULTANTS LLC,3594378.95,VHA INTEGRATED HEALTHCARE TRANSFORMATION (IHT) IDIQ CONTRACT- TOPR 150 TCC IPT SUPPORT,TERMINATED,https://www.fpds.gov/ezsearch/jsp/viewLinkController.jsp?agencyID=3600&PIID=36C10X23N0047&modNumber=P00003&idvAgencyID=&idvPIID=36C10X20D0004&contractType=AWARD,3/5/2025,1225582.26,3600,36C10X23N0047,P00003,3600,36C10X20D0004,0,07/01/2025,02/28/2023,02/25/2025,02/25/2025,12/23/2022,0.0,2368796.69,0.0,2368796.69,0.0,3594378.95,HEAKVJCG8MV6,RB MANAGEMENT CONSULTANTS LLC,,7X4V2,2011 CRYSTAL DR STE 400,,ARLINGTON,VA,222023709,USA,UNITED STATES,(240) 444-2511,,VIRGINIA 08,R499,SUPPORT- PROFESSIONAL: OTHER,541611.0,ADMINISTRATIVE MANAGEMENT AND GENERAL MANAGEMENT CONSULTING SERVICES,VA,,USA,ARLINGTON,ARLINGTON,,22209,2211.0,,2025-07-26-2033
36C10X24N0140,Department of Veterans Affairs,"SIERRA 7, INC.",6759602.5,VHA INTEGRATED HEALTHCARE TRANSFORMATION (IHT) IDIQ CONTRACT,TERMINATED,https://www.fpds.gov/ezsearch/jsp/viewLinkController.jsp?agencyID=3600&PIID=36C10X24N0140&modNumber=P00004&idvAgencyID=&idvPIID=36C10X20D0005&contractType=AWARD,3/5/2025,3986318.46,3600,36C10X24N0140,P00004,3600,36C10X20D0005,0,05/21/2025,06/16/2024,03/04/2025,03/04/2025,04/17/2024,0.0,2773284.04,0.0,2773284.04,0.0,6759602.5,NP4TUKF8QCM5,"SIERRA 7, INC.",,5SUJ1,11951 FREEDOM DR STE 1300,,RESTON,VA,201905642,USA,UNITED STATES,(703) 717-1296,(703) 935-1254,VIRGINIA 11,R499,SUPPORT- PROFESSIONAL: OTHER,541611.0,ADMINISTRATIVE MANAGEMENT AND GENERAL MANAGEMENT CONSULTING SERVICES,MD,,USA,FREDERICK,FREDERICK,,21703,2817.0,,2025-07-26-2033
36C10X22N0172,Department of Veterans Affairs,TITAN ALPHA LLC,976076.88,"VHA INTEGRATED HEALTHCARE TRANSFORMATION (IHT) IDIQ CONTRACT- MODIFICATION TO UPDATE CLAUSES, ADMIN DATA, AND TEAMING PARTNERS.",TERMINATED,https://www.fpds.gov/ezsearch/jsp/viewLinkController.jsp?agencyID=3600&PIID=36C10X22N0172&modNumber=P00011&idvAgencyID=&idvPIID=36C10X20D0006&contractType=AWARD,3/5/2025,352616.7,3600,36C10X22N0172,P00011,3600,36C10X20D0006,0,07/01/2025,09/28/2022,02/25/2025,02/25/2025,09/02/2022,-396651.74,226808.44,-396651.74,226808.44,-396651.74,579425.14,EGLRC9AH8XA7,TITAN ALPHA LLC,,80RY6,13846 REMBRANDT WAY,,CHANTILLY,VA,201513255,USA,UNITED STATES,(202) 792-1005,(202) 540-8006,VIRGINIA 11,R499,SUPPORT- PROFESSIONAL: OTHER,541611.0,ADMINISTRATIVE MANAGEMENT AND GENERAL MANAGEMENT CONSULTING SERVICES,VA,,USA,FAIRFAX,CHANTILLY,,20151,1680.0,,2025-07-26-2033
36C10X24N0162,Department of Veterans Affairs,TITAN ALPHA LLC,1162294.9,OFFICE OF CLINICAL SERVICES PPROPS AND CPRP,TERMINATED,https://www.fpds.gov/ezsearch/jsp/viewLinkController.jsp?agencyID=3600&PIID=36C10X24N0162&modNumber=P00003&idvAgencyID=&idvPIID=36C10X20D0006&contractType=AWARD,3/5/2025,815717.2,3600,36C10X24N0162,P00003,3600,36C10X20D0006,0,07/08/2025,07/08/2024,02/25/2025,02/25/2025,06/07/2024,-60300.74,286276.98,-60300.74,286276.98,-876017.92,286276.98,EGLRC9AH8XA7,TITAN ALPHA LLC,,80RY6,13846 REMBRANDT WAY,,CHANTILLY,VA,201513255,USA,UNITED STATES,(202) 792-1005,(202) 540-8006,VIRGINIA 11,R410,SUPPORT- PROFESSIONAL: PROGRAM EVALUATION/REVIEW/DEVELOPMENT,541611.0,ADMINISTRATIVE MANAGEMENT AND GENERAL MANAGEMENT CONSULTING SERVICES,VA,,USA,FAIRFAX,CHANTILLY,,20151,3255.0,,2025-07-26-2033
36C10X21N0160,Department of Veterans Affairs,"TRILOGY FEDERAL, LLC",38883978.74,VHA INTEGRATED HEALTHCARE TRANSFORMATION (IHT) IDIQ CONTRACT TOPR 72- WORKFORCE MANAGEMENT AND CONSULTING (WMC) HR MODERNIZATION,TERMINATED,https://www.fpds.gov/ezsearch/jsp/viewLinkController.jsp?agencyID=3600&PIID=36C10X21N0160&modNumber=P00020&idvAgencyID=&idvPIID=36C10X20D0007&contractType=AWARD,3/5/2025,8544956.09,3600,36C10X21N0160,P00020,3600,36C10X20D0007,0,07/22/2025,09/30/2021,02/25/2025,02/25/2025,08/16/2021,0.0,30339022.65,0.0,30339022.65,0.0,38883978.74,QY6ZENEB34D9,"TRILOGY FEDERAL, LLC",,5EQT3,6507 HAYSTACK RD,,ALEXANDRIA,VA,223103309,USA,UNITED STATES,(703) 589-9029,,VIRGINIA 08,R408,SUPPORT- PROFESSIONAL: PROGRAM MANAGEMENT/SUPPORT,541611.0,ADMINISTRATIVE MANAGEMENT AND GENERAL MANAGEMENT CONSULTING SERVICES,VA,,USA,FAIRFAX,ALEXANDRIA,,22310,5538.0,,2025-07-26-2033
36C10X24N0192,Department of Veterans Affairs,"TRILOGY FEDERAL, LLC",5998348.8,VHA INTEGRATED HEALTHCARE TRANSFORMATION (IHT) IDIQ CONTRACT- TOPR 200 VHA NEUROLOGY CLINICAL ADMINISTRATIVE SUPPORT,TERMINATED,https://www.fpds.gov/ezsearch/jsp/viewLinkController.jsp?agencyID=3600&PIID=36C10X24N0192&modNumber=P00003&idvAgencyID=&idvPIID=36C10X20D0007&contractType=AWARD,3/5/2025,3016531.2,3600,36C10X24N0192,P00003,3600,36C10X20D0007,0,07/01/2025,08/30/2024,02/25/2025,02/25/2025,07/10/2024,-1437631.98,1544185.62,-1437631.98,1544185.62,-1437631.98,4560716.82,QY6ZENEB34D9,"TRILOGY FEDERAL, LLC",,5EQT3,6507 HAYSTACK RD,,ALEXANDRIA,VA,223103309,USA,UNITED STATES,(703) 589-9029,,VIRGINIA 08,R408,SUPPORT- PROFESSIONAL: PROGRAM MANAGEMENT/SUPPORT,541611.0,ADMINISTRATIVE MANAGEMENT AND GENERAL MANAGEMENT CONSULTING SERVICES,VA,,USA,ARLINGTON,ARLINGTON,,22209,2297.0,,2025-07-26-2033
36C10X24N0206,Department of Veterans Affairs,"TRILOGY FEDERAL, LLC",21120.0,EXPANSION OF FUNCTIONALITY OF EXISTING RURAL MASTERTRACKING DATABASE.,TERMINATED,https://www.fpds.gov/ezsearch/jsp/viewLinkController.jsp?agencyID=3600&PIID=36C10X24N0206&modNumber=P00002&idvAgencyID=&idvPIID=36C10X20D0007&contractType=AWARD,3/5/2025,0.0,3600,36C10X24N0206,P00002,3600,36C10X20D0007,0,07/17/2025,09/30/2024,02/25/2025,02/25/2025,09/03/2024,-12320.0,8800.0,-12320.0,8800.0,-12320.0,8800.0,QY6ZENEB34D9,"TRILOGY FEDERAL, LLC",,5EQT3,6507 HAYSTACK RD,,ALEXANDRIA,VA,223103309,USA,UNITED STATES,(703) 589-9029,,VIRGINIA 08,R702,SUPPORT- MANAGEMENT: DATA COLLECTION,541611.0,ADMINISTRATIVE MANAGEMENT AND GENERAL MANAGEMENT CONSULTING SERVICES,VA,,USA,ARLINGTON,ARLINGTON,,22209,1800.0,,2025-07-26-2033
36C10X21F0012,Department of Veterans Affairs,"METRICS, LLC",3106325.52,CLOSEOUT AND OBLIGATION PROCESSING SUPPORT SERVICES.,TERMINATED,https://www.fpds.gov/ezsearch/jsp/viewLinkController.jsp?agencyID=3600&PIID=36C10X21F0012&modNumber=P00006&idvAgencyID=&idvPIID=GS00F309GA&contractType=AWARD,3/5/2025,0.0,3600,36C10X21F0012,P00006,4732,GS00F309GA,PA0004,07/16/2025,01/01/2021,02/25/2025,02/25/2025,11/17/2020,-583441.33,2522884.19,-583441.33,2522884.19,-583441.33,2522884.19,F541XAYTKKN5,"METRICS, LLC",,6RSN0,7819 GINGERBREAD LN,,FAIRFAX STATION,VA,220392201,USA,UNITED STATES,(703) 401-1616,,VIRGINIA 11,R499,SUPPORT- PROFESSIONAL: OTHER,541611.0,ADMINISTRATIVE MANAGEMENT AND GENERAL MANAGEMENT CONSULTING SERVICES,MD,,USA,FREDERICK,FREDERICK,,21703,2817.0,,2025-07-26-2033
36C10X23F0014,Department of Veterans Affairs,"PARTNERSHIP FOR PUBLIC SERVICE, INC.",1368000.0,TRAIN AND DEVELOP UP TO THIRTY VHA EMPLOYEES TO ATTEND AN EXISTING CONTRACTOR-DEVELOPED TRAINING PROGRAM THAT DIRECTLY SUPPORTS THE ECQ FELLOWSHIP TRAINING PROGRAM.,TERMINATED,https://www.fpds.gov/ezsearch/jsp/viewLinkController.jsp?agencyID=3600&PIID=36C10X23F0014&modNumber=P00004&idvAgencyID=&idvPIID=GS10F0140V&contractType=AWARD,3/5/2025,684000.0,3600,36C10X23F0014,P00004,4730,GS10F0140V,PA0046,07/21/2025,04/01/2023,02/25/2025,02/25/2025,01/04/2023,0.0,684000.0,0.0,684000.0,-684000.0,684000.0,ZCCVNJ2LNMC3,"PARTNERSHIP FOR PUBLIC SERVICE, INC.",,3V6X8,600 14TH ST NW,STE 600,WASHINGTON,DC,200052028,USA,UNITED STATES,(202) 775-9111,(202) 775-8885,DISTRICT OF COLUMBIA 98,U009,EDUCATION/TRAINING- GENERAL,541611.0,ADMINISTRATIVE MANAGEMENT AND GENERAL MANAGEMENT CONSULTING SERVICES,DC,,USA,DISTRICT OF COLUMBIA,WASHINGTON,,20420,1.0,,2025-07-26-2033
36C10X25N0128,Department of Veterans Affairs,"SPREZZATURA MANAGEMENT CONSULTING, LLC",1000987.2,1VA+ BUSINESS MODERNIZATION SERVICES,TERMINATED,https://www.fpds.gov/ezsearch/jsp/viewLinkController.jsp?agencyID=3600&PIID=36C10X25N0128&modNumber=P00002&idvAgencyID=&idvPIID=VA119A17D0144&contractType=AWARD,3/5/2025,0.0,3600,36C10X25N0128,P00002,3600,VA119A17D0144,0,07/06/2025,01/31/2025,02/25/2025,02/25/2025,09/30/2024,-986938.19,14049.01,-986938.19,14049.01,-986938.19,14049.01,YQAFFMK4GGU1,"SPREZZATURA MANAGEMENT CONSULTING, LLC",,5K1R8,4908 S CHESTERFIELD ROAD,,ARLINGTON,VA,222061019,USA,UNITED STATES,(888) 529-8965,(888) 647-0542,VIRGINIA 08,R410,SUPPORT- PROFESSIONAL: PROGRAM EVALUATION/REVIEW/DEVELOPMENT,541611.0,ADMINISTRATIVE MANAGEMENT AND GENERAL MANAGEMENT CONSULTING SERVICES,DC,,USA,DISTRICT OF COLUMBIA,WASHINGTON,,20420,1.0,,2025-07-26-2033
36C10X24C0032,Department of Veterans Affairs,SHOULDER 2 SHOULDER INC,1921433.99,ENTERPRISE PROGRAM MANAGEMENT (EPM)SUPPORT SERVICES,TERMINATED,https://www.fpds.gov/ezsearch/jsp/viewLinkController.jsp?agencyID=3600&PIID=36C10X24C0032&modNumber=P00002&idvAgencyID=&idvPIID=&contractType=AWARD,3/5/2025,941287.55,3600,36C10X24C0032,P00002,,,,05/21/2025,09/09/2024,03/04/2025,03/04/2025,06/12/2024,0.0,980146.44,0.0,980146.44,0.0,1921433.99,PJGRPL17YR21,SHOULDER 2 SHOULDER INC,S2S,6DZX9,23105 PERSIMMON RIDGE RD,,CLARKSBURG,MD,208714400,USA,UNITED STATES,(703) 659-3864,(321) 775-3317,MARYLAND 06,R499,SUPPORT- PROFESSIONAL: OTHER,541611.0,ADMINISTRATIVE MANAGEMENT AND GENERAL MANAGEMENT CONSULTING SERVICES,MD,,USA,FREDERICK,FREDERICK,,21703,2817.0,,2025-07-26-2033
36C26224P1674,Department of Veterans Affairs,Partnership for Public Service Inc.,32000.0,CERS Leadership Training,Expired,https://www.fpds.gov/ezsearch/jsp/viewLinkController.jsp?agencyID=3600&PIID=36C26224P1674&modNumber=0&idvAgencyID=&idvPIID=&contractType=AWARD,2/28/2025,0.0,3600,36C26224P1674,0,,,,06/28/2024,07/01/2024,06/30/2025,06/30/2025,06/04/2024,32000.0,,32000.0,,32000.0,,ZCCVNJ2LNMC3,PARTNERSHIP FOR PUBLIC SERVICE INC,,3V6X8,600 14TH ST NW,STE 600,WASHINGTON,DC,200052028,USA,UNITED STATES,(202) 775-9111,(202) 775-8885, ,R420,SUPPORT- PROFESSIONAL: CERTIFICATIONS AND ACCREDITATIONS (OTHER THAN EDUC OR INFO TECH C&A),611430.0,PROFESSIONAL AND MANAGEMENT DEVELOPMENT TRAINING,CA,,USA,LOS ANGELES,LOS ANGELES,,90073,1.0,,2025-07-26-2033
36C10X23F0089,Department of Veterans Affairs,"CRUX FIRM LLC, THE",48851800.0,ADMINISTRATIVE MANAGEMENT AND GENERAL MANAGEMENT CONSULTING SERVICES,TERMINATED,https://www.fpds.gov/ezsearch/jsp/viewLinkController.jsp?agencyID=3600&PIID=36C10X23F0089&modNumber=P00005&idvAgencyID=&idvPIID=36C10X23A0023&contractType=AWARD,2/26/2025,28671080.0,3600,36C10X23F0089,P00005,3600,36C10X23A0023,P00002,07/01/2025,09/26/2023,02/25/2025,02/25/2025,08/25/2023,-5990560.77,14190159.23,-5990560.77,14190159.23,-5990560.77,42861239.23,YC33X7BL2AN9,"CRUX FIRM LLC, THE",,8C5Q5,1200 G ST NW,STE 800,WASHINGTON,DC,200056705,USA,UNITED STATES,(812) 219-6292,,DISTRICT OF COLUMBIA 98,U009,EDUCATION/TRAINING- GENERAL,541611.0,ADMINISTRATIVE MANAGEMENT AND GENERAL MANAGEMENT CONSULTING SERVICES,DC,,USA,DISTRICT OF COLUMBIA,WASHINGTON,,20001,1.0,,2025-07-26-2033
36C10F23F0036,Department of Veterans Affairs,REEFPOINT GROUP LLC,41295152.54,"PROGRAM MANAGEMENT SUPPORT SERVICES FOR OCFM 425 I STREET, NW WASHINGTON, DC.",TERMINATED,https://www.fpds.gov/ezsearch/jsp/viewLinkController.jsp?agencyID=3600&PIID=36C10F23F0036&modNumber=P00007&idvAgencyID=&idvPIID=GS10F011BA&contractType=AWARD,2/26/2025,25630156.36,3600,36C10F23F0036,P00007,4732,GS10F011BA,PA0027,07/14/2025,10/07/2023,02/25/2025,02/25/2025,08/22/2023,-4405663.36,11259332.82,-4405663.36,11259332.82,-30035819.72,11259332.82,SJ7DG9KSK4U5,REEFPOINT GROUP LLC,,51D82,2 COMPROMISE ST,,ANNAPOLIS,MD,214011819,USA,UNITED STATES,(443) 871-9191,(443) 458-0180,MARYLAND 03,R408,SUPPORT- PROFESSIONAL: PROGRAM MANAGEMENT/SUPPORT,541611.0,ADMINISTRATIVE MANAGEMENT AND GENERAL MANAGEMENT CONSULTING SERVICES,DC,,USA,DISTRICT OF COLUMBIA,WASHINGTON,,20001,2924.0,,2025-07-26-2033
36C10B21N10200007,Department of Veterans Affairs,SPREZZATURA-GOVERNMENTCIO JOINT VENTURE LLC,2577230.76,COMPUTER SYSTEMS DESIGN SERVICES: TRANSFORMATION TWENTY-ONE TOTAL TECHNOLOGY NEXT GENERATION PRIVACY RECORDS ASSESSMENT DATA ANALYTICS AND RISK,TERMINATED,https://www.fpds.gov/ezsearch/jsp/viewLinkController.jsp?agencyID=3600&PIID=36C10B21N10200007&modNumber=P00005&idvAgencyID=&idvPIID=VA11816D1020&contractType=AWARD,8/11/2025,743243.17,3600,36C10B21N10200007,P00005,3600,VA11816D1020,P00011,08/07/2025,09/27/2021,04/30/2025,04/30/2025,09/01/2021,-211819.45,1833987.59,-211819.45,1833987.59,-743242.93,1833987.83,MJYJGLY628M7,SPREZZATURA-GOVERNMENTCIO JOINT VENTURE LLC,,8C1M2,6224 NELWAY DR,,MCLEAN,VA,221013140,USA,UNITED STATES,(202) 841-0644,,VIRGINIA 08,R499,SUPPORT- PROFESSIONAL: OTHER,541512.0,COMPUTER SYSTEMS DESIGN SERVICES,VA,,USA,ARLINGTON,ARLINGTON,,22209,3196.0,,2025-08-12-1733
36C24723F0205,Department of Veterans Affairs,"ARBINGER COMPANY, THE",884630.82,ADMINISTRATIVE MANAGEMENT AND GENERAL MANAGEMENT CONSULTING SERVICES: LEADERSHIP WORKSHOP TRAINING,TERMINATED,https://www.fpds.gov/ezsearch/jsp/viewLinkController.jsp?agencyID=3600&PIID=36C24723F0205&modNumber=P00005&idvAgencyID=&idvPIID=GS10F099AA&contractType=AWARD,8/6/2025,280611.33,3600,36C24723F0205,P00005,4732,GS10F099AA,PA0051,07/25/2025,02/08/2023,07/21/2025,07/21/2025,01/19/2023,-265129.58,604019.49,-265129.58,604019.49,-265129.58,604019.49,XDJYKQ4BVTJ3,"ARBINGER COMPANY, THE",,1UMN6,686 N ARBINGER WAY,STE 200,FARMINGTON,UT,840253067,USA,UNITED STATES,(619) 243-6896,(801) 447-9376,UTAH 02,U008,EDUCATION/TRAINING- TRAINING/CURRICULUM DEVELOPMENT,541611.0,ADMINISTRATIVE MANAGEMENT AND GENERAL MANAGEMENT CONSULTING SERVICES,GA,,USA,RICHMOND,AUGUSTA,,30904,6285.0,,2025-08-12-1733
36C10B25F0117,Department of Veterans Affairs,REGAN TECHNOLOGIES CORPORATION,3197289.05,COMPUTER RELATED SERVICES: BMC AUTOMATED MAINFRAME INTELLIGENCE DEVX CODE PIPELINE LICENSES AND MAINTENANCE SUPPORT,TERMINATED,https://www.fpds.gov/ezsearch/jsp/viewLinkController.jsp?agencyID=3600&PIID=36C10B25F0117&modNumber=P00001&idvAgencyID=&idvPIID=NNG15SD39B&contractType=AWARD,7/30/2025,2010193.04,3600,36C10B25F0117,P00001,8000,NNG15SD39B,16,07/24/2025,05/20/2025,07/23/2025,07/23/2025,04/10/2025,0.0,1187096.01,0.0,1187096.01,0.0,3197289.05,PJ2BS3KYWKS5,REGAN TECHNOLOGIES CORPORATION,,365K3,515 CENTERPOINT DR STE 115,,MIDDLETOWN,CT,064577570,USA,UNITED STATES,(703) 459-6777,,CONNECTICUT 01,DH10,"IT AND TELECOM - PLATFORM AS A SERVICE: DATABASE, MAINFRAME, MIDDLEWARE",541519.0,OTHER COMPUTER RELATED SERVICES,TX,,USA,TRAVIS,AUSTIN,,78772,7830.0,,2025-08-12-1733
36C10B23N10340005,Department of Veterans Affairs,"DEXTERITECH SOLUTIONS, LLC",52868087.92,COMPUTER SYSTEMS DESIGN SERVICES: EXECUTIVE SERVICE SUPPORT,TERMINATED,https://www.fpds.gov/ezsearch/jsp/viewLinkController.jsp?agencyID=3600&PIID=36C10B23N10340005&modNumber=P00007&idvAgencyID=&idvPIID=36C10B21D1034&contractType=AWARD,7/29/2025,3430524.95,3600,36C10B23N10340005,P00007,3600,36C10B21D1034,0,07/22/2025,04/17/2023,04/16/2026,06/15/2028,02/22/2023,-2009776.49,15209813.3,-2009776.49,15209813.3,-3430524.95,50858311.43,PYMEW12MFFH7,"DEXTERITECH SOLUTIONS, LLC",,7VQJ2,11700 OLD GEORGETOWN RD STE 100-5,,NORTH BETHESDA,MD,208528611,USA,UNITED STATES,(202) 285-4748,,MARYLAND 08,DF01,IT AND TELECOM - IT MANAGEMENT SUPPORT SERVICES (LABOR),541512.0,COMPUTER SYSTEMS DESIGN SERVICES,MD,,USA,MONTGOMERY,ROCKVILLE,,20852,1838.0,,2025-08-12-1733
36C26221C0144,Department of Veterans Affairs,"RAND CORPORATION, THE",244800.0,EDUCATIONAL SUPPORT SERVICES: VETERANS AFFAIRS EVIDENCE SYNTHESIS PROGRAM LEADERSHIP AT THE VETERANS AFFAIRS LOS ANGELES HEALTHCARE SYSTEM,TERMINATED,https://www.fpds.gov/ezsearch/jsp/viewLinkController.jsp?agencyID=3600&PIID=36C26221C0144&modNumber=P00006&idvAgencyID=&idvPIID=&contractType=AWARD,7/29/2025,53200.0,3600,36C26221C0144,P00006,,,,06/27/2025,08/01/2021,05/21/2025,05/22/2025,,0.0,191600.0,0.0,191600.0,0.0,244800.0,YY46Q97AEZA8,"RAND CORPORATION, THE",RAND,11578,1776 MAIN ST,,SANTA MONICA,CA,904013297,USA,UNITED STATES,(310) 393-0411,(310) 451-6973,CALIFORNIA 36,U008,EDUCATION/TRAINING- TRAINING/CURRICULUM DEVELOPMENT,611710.0,EDUCATIONAL SUPPORT SERVICES,CA,,USA,LOS ANGELES,LOS ANGELES,,90073,1.0,,2025-08-12-1733
36C10B21F0211,Department of Veterans Affairs,"PROFESSIONAL SOLUTIONS DELIVERED, LLC",34769.1,OTHER COMPUTER RELATED SERVICES: ACCOUNT MANAGEMENT OFFICE 3.0 SERVICE SUPPORT,TERMINATED,https://www.fpds.gov/ezsearch/jsp/viewLinkController.jsp?agencyID=3600&PIID=36C10B21F0211&modNumber=P00017&idvAgencyID=&idvPIID=GS00F013BA&contractType=AWARD,7/28/2025,34769.1,3600,36C10B21F0211,P00017,4732,GS00F013BA,PA0032,01/06/2025,07/09/2021,11/08/2024,09/08/2025,04/02/2021,-558064.4,66544427.49,-558064.4,66544427.49,0.0,160280542.27,FH1WTFWBKHA6,"PROFESSIONAL SOLUTIONS DELIVERED, LLC",,5LAS5,7947 KINGS HIGHWAY,,KING GEORGE,VA,224857075,USA,UNITED STATES,(804) 616-3602,(804) 441-8437,VIRGINIA 07,R499,SUPPORT- PROFESSIONAL: OTHER,541519.0,OTHER COMPUTER RELATED SERVICES,VA,,USA,STAFFORD,FREDERICKSBURG,,22406,5102.0,,2025-08-12-1733
36C24525F0188,Department of Veterans Affairs,100 PARKWAY LEASING CO LLC,27000.0,Community Nursing Home Services by 100 Parkway Leasing Co,Expired,https://www.fpds.gov/ezsearch/jsp/viewLinkController.jsp?agencyID=3600&PIID=36C24525F0188&modNumber=0&idvAgencyID=&idvPIID=36C24520D0046&contractType=AWARD,5/15/2025,27000.0,3600,36C24525F0188,0,3600,36C24520D0046,P00003,01/28/2025,02/01/2025,04/30/2025,07/31/2025,01/15/2025,0.0,,0.0,,27000.0,,QYG8NVNRMWW5,100 PARKWAY LEASING CO LLC,,7GAV1,4700 ASHWOOD DR,STE 200,BLUE ASH,OH,452412424,USA,UNITED STATES,(513) 582-1270,,OHIO 02,Q402,"NURSING HOME, LONG-TERM & ADULT DAY CARE SERVICES",623110.0,NURSING CARE FACILITIES (SKILLED NURSING FACILITIES),WV,,USA,HARRISON,CLARKSBURG,,26301,4357.0,,2025-08-12-1733
36C24525F0189,Department of Veterans Affairs,"HOSPITAL LEASING CO., LLC",95000.0,Community Nursing Home Services by Hospital Leasing Co.,Expired,https://www.fpds.gov/ezsearch/jsp/viewLinkController.jsp?agencyID=3600&PIID=36C24525F0189&modNumber=0&idvAgencyID=&idvPIID=36C24520D0047&contractType=AWARD,5/15/2025,95000.0,3600,36C24525F0189,0,3600,36C24520D0047,P00002,01/28/2025,02/01/2025,04/30/2025,07/31/2025,01/15/2025,0.0,,0.0,,95000.0,,GSKHXXLSSN55,"HOSPITAL LEASING CO., LLC",TAYLOR HEALTHCARE CENTER,82YT5,2 HOSPITAL PLZ,,GRAFTON,WV,263541283,USA,UNITED STATES,(513) 469-5275,(513) 530-1349,WEST VIRGINIA 02,Q402,"NURSING HOME, LONG-TERM & ADULT DAY CARE SERVICES",623110.0,NURSING CARE FACILITIES (SKILLED NURSING FACILITIES),WV,,USA,TAYLOR,GRAFTON,,26354,1.0,,2025-08-12-1733
36C24525F0190,Department of Veterans Affairs,"HOLBROOK LEASING CO., LLC",255000.0,Community Nursing Home Services by Holbrook Leasing,Expired,https://www.fpds.gov/ezsearch/jsp/viewLinkController.jsp?agencyID=3600&PIID=36C24525F0190&modNumber=0&idvAgencyID=&idvPIID=36C24520D0048&contractType=AWARD,5/15/2025,255000.0,3600,36C24525F0190,0,3600,36C24520D0048,0,01/28/2025,02/01/2025,04/30/2025,07/31/2025,01/15/2025,0.0,,0.0,,255000.0,,YLU3PB33EMZ8,"HOLBROOK LEASING CO., LLC",HOLBROOK HEALTHCARE CENTER,33KT6,346 S FLORIDA ST,,BUCKHANNON,WV,262012452,USA,UNITED STATES,(614) 357-3466,,WEST VIRGINIA 02,Q402,"NURSING HOME, LONG-TERM & ADULT DAY CARE SERVICES",623110.0,NURSING CARE FACILITIES (SKILLED NURSING FACILITIES),WV,,USA,UPSHUR,BUCKHANNON,,26201,2452.0,,2025-08-12-1733
36C25024N0436,Department of Veterans Affairs,"DECANUS MANAGEMENT, LLC",450224.0,Patient lodging services by Decanus Management,FUNDING ONLY ACTION,https://www.fpds.gov/ezsearch/jsp/viewLinkController.jsp?agencyID=3600&PIID=36C25024N0436&modNumber=P00003&idvAgencyID=&idvPIID=36C25022D0040&contractType=AWARD,5/15/2025,102184.0,3600,36C25024N0436,P00003,3600,36C25022D0040,0,08/06/2025,04/01/2024,03/31/2025,03/31/2027,03/01/2024,-16946.0,429630.0,-16946.0,433278.0,-16946.0,433278.0,N5H8EMXYF1S8,"DECANUS MANAGEMENT, LLC",,94KK0,1305 HOUCHIN DR,,FRANKLIN,TN,370645584,USA,UNITED STATES,(629) 235-3065,,TENNESSEE 05,V231,"TRANSPORTATION/TRAVEL/RELOCATION- TRAVEL/LODGING/RECRUITMENT: LODGING, HOTEL/MOTEL",721110.0,HOTELS (EXCEPT CASINO HOTELS) AND MOTELS,MI,,USA,WASHTENAW,ANN ARBOR,,48105,9482.0,,2025-08-12-1733
36C77624N0300,Department of Veterans Affairs,CONCORDANT LLC,6667737.0,Acquisition Utilization Specialists (1101s),TERMINATED,https://www.fpds.gov/ezsearch/jsp/viewLinkController.jsp?agencyID=3600&PIID=36C77624N0300&modNumber=P00001&idvAgencyID=&idvPIID=36C77623D0003&contractType=AWARD,3/12/2025,3197457.0,3600,36C77624N0300,P00001,3600,36C77623D0003,0,08/05/2025,03/01/2024,02/28/2025,02/28/2025,02/28/2024,-745838.5,2724441.5,-745838.5,5921898.5,-745838.5,5921898.5,L47XLX9LJLH5,CONCORDANT LLC,,67JG8,208 E GARFIELD ST,STE 200,LARAMIE,WY,820703666,USA,UNITED STATES,(307) 413-3841,(703) 536-0902,WYOMING 00,R707,SUPPORT- MANAGEMENT: CONTRACT/PROCUREMENT/ACQUISITION SUPPORT,541611.0,ADMINISTRATIVE MANAGEMENT AND GENERAL MANAGEMENT CONSULTING SERVICES,OH,,USA,CUYAHOGA,INDEPENDENCE,,44131,6969.0,,2025-08-12-1733
36C77623N0867,Department of Veterans Affairs,"JP SYSTEMS, INC.",1991397.6,"Enables increased efficiencies, eliminates waste, and reduces spending by ensuring that VA is included at standards development ensuring Veterans needs are met. Ensures in-depth knowledge of the standard to aid in efficient & correct implementation.",TERMINATED,https://www.fpds.gov/ezsearch/jsp/viewLinkController.jsp?agencyID=3600&PIID=36C77623N0867&modNumber=P00006&idvAgencyID=&idvPIID=36C77621D0020&contractType=AWARD,3/11/2025,1430641.0,3600,36C77623N0867,P00006,3600,36C77621D0020,0,07/28/2025,07/10/2023,03/05/2025,03/05/2025,06/15/2023,-111430.86,428837.65,-111430.86,428837.65,-111430.86,1859478.61,PX35YDEXGEJ5,"J P SYSTEMS, INC.",,3YHH1,7419 KINCHELOE RD,,CLIFTON,VA,201241831,USA,UNITED STATES,(703) 864-9247,(888) 789-8990,VIRGINIA 10,R499,SUPPORT- PROFESSIONAL: OTHER,541690.0,OTHER SCIENTIFIC AND TECHNICAL CONSULTING SERVICES,VA,,USA,FAIRFAX,CLIFTON,,20124,1831.0,,2025-08-12-1733
36C10X22N0172,Department of Veterans Affairs,TITAN ALPHA LLC,976076.9,"VHA INTEGRATED HEALTHCARE TRANSFORMATION (IHT) IDIQ CONTRACT- MODIFICATION TO UPDATE CLAUSES, ADMIN DATA, AND TEAMING PARTNERS.",TERMINATED,https://www.fpds.gov/ezsearch/jsp/viewLinkController.jsp?agencyID=3600&PIID=36C10X22N0172&modNumber=P00011&idvAgencyID=&idvPIID=36C10X20D0006&contractType=AWARD,3/5/2025,352616.7,3600,36C10X22N0172,P00011,3600,36C10X20D0006,0,07/01/2025,09/28/2022,02/25/2025,02/25/2025,09/02/2022,-396651.74,226808.44,-396651.74,226808.44,-396651.74,579425.14,EGLRC9AH8XA7,TITAN ALPHA LLC,,80RY6,13846 REMBRANDT WAY,,CHANTILLY,VA,201513255,USA,UNITED STATES,(202) 792-1005,(202) 540-8006,VIRGINIA 11,R499,SUPPORT- PROFESSIONAL: OTHER,541611.0,ADMINISTRATIVE MANAGEMENT AND GENERAL MANAGEMENT CONSULTING SERVICES,VA,,USA,FAIRFAX,CHANTILLY,,20151,1680.0,,2025-08-12-1733
36C10X24N0162,Department of Veterans Affairs,TITAN ALPHA LLC,1162294.9,OFFICE OF CLINICAL SERVICES PPROPS AND CPRP,TERMINATED,https://www.fpds.gov/ezsearch/jsp/viewLinkController.jsp?agencyID=3600&PIID=36C10X24N0162&modNumber=P00003&idvAgencyID=&idvPIID=36C10X20D0006&contractType=AWARD,3/5/2025,815717.18,3600,36C10X24N0162,P00003,3600,36C10X20D0006,0,07/08/2025,07/08/2024,02/25/2025,02/25/2025,06/07/2024,-60300.74,286276.98,-60300.74,286276.98,-876017.92,286276.98,EGLRC9AH8XA7,TITAN ALPHA LLC,,80RY6,13846 REMBRANDT WAY,,CHANTILLY,VA,201513255,USA,UNITED STATES,(202) 792-1005,(202) 540-8006,VIRGINIA 11,R410,SUPPORT- PROFESSIONAL: PROGRAM EVALUATION/REVIEW/DEVELOPMENT,541611.0,ADMINISTRATIVE MANAGEMENT AND GENERAL MANAGEMENT CONSULTING SERVICES,VA,,USA,FAIRFAX,CHANTILLY,,20151,3255.0,,2025-08-12-1733
36C10X21N0164,Department of Veterans Affairs,TITAN ALPHA LLC,4835678.69,VHA INTEGRATED HEALTHCARE TRANSFORMATION (IHT) IDIQ TOPR 0079 FOR OFFICE OF HEALTHCARE TRANSFORMATION STAKEHOLDER ENGAGEMENT,TERMINATED,https://www.fpds.gov/ezsearch/jsp/viewLinkController.jsp?agencyID=3600&PIID=36C10X21N0164&modNumber=P00008&idvAgencyID=&idvPIID=36C10X20D0006&contractType=AWARD,3/5/2025,0.0,3600,36C10X21N0164,P00008,3600,36C10X20D0006,0,08/05/2025,09/22/2021,09/21/2025,09/21/2025,08/17/2021,-685470.46,4150208.23,-685470.46,4150208.23,-685470.46,4150208.23,EGLRC9AH8XA7,TITAN ALPHA LLC,,80RY6,13846 REMBRANDT WAY,,CHANTILLY,VA,201513255,USA,UNITED STATES,(202) 792-1005,(202) 540-8006,VIRGINIA 11,R499,SUPPORT- PROFESSIONAL: OTHER,541611.0,ADMINISTRATIVE MANAGEMENT AND GENERAL MANAGEMENT CONSULTING SERVICES,DC,,USA,DISTRICT OF COLUMBIA,WASHINGTON,,20001,1152.0,,2025-08-12-1733
36C10X23N0158,Department of Veterans Affairs,"TRILOGY FEDERAL, LLC",19126598.1,VHA INTEGRATED HEALTHCARE TRANSFORMATION (IHT) IDIQ CONTRACT,TERMINATED,https://www.fpds.gov/ezsearch/jsp/viewLinkController.jsp?agencyID=3600&PIID=36C10X23N0158&modNumber=P00003&idvAgencyID=&idvPIID=36C10X20D0007&contractType=AWARD,3/5/2025,11649022.9,3600,36C10X23N0158,P00003,3600,36C10X20D0007,0,03/04/2025,09/29/2023,02/25/2025,02/25/2025,08/30/2023,0.0,7477575.2,0.0,11172861.59,0.0,19126598.11,QY6ZENEB34D9,"TRILOGY FEDERAL, LLC",,5EQT3,6507 HAYSTACK RD,,ALEXANDRIA,VA,223103309,USA,UNITED STATES,(703) 589-9029,,VIRGINIA 08,R408,SUPPORT- PROFESSIONAL: PROGRAM MANAGEMENT/SUPPORT,541611.0,ADMINISTRATIVE MANAGEMENT AND GENERAL MANAGEMENT CONSULTING SERVICES,VA,,USA,ARLINGTON,ARLINGTON,,22209,2297.0,,2025-08-12-1733
36C10X24C0011,Department of Veterans Affairs,"RIOS PARTNERS, LLC",4098231.39,PROFESSIONAL CONSULTING SERVICES,TERMINATED,https://www.fpds.gov/ezsearch/jsp/viewLinkController.jsp?agencyID=3600&PIID=36C10X24C0011&modNumber=P00004&idvAgencyID=&idvPIID=&contractType=AWARD,3/5/2025,62504.47,3600,36C10X24C0011,P00004,,,,07/30/2025,04/12/2024,02/25/2025,02/25/2025,03/21/2024,-277666.31,3758060.61,-277666.31,3758060.61,-277666.31,3758060.61,EP5NXCGQB6K6,"RIOS PARTNERS, LLC","RIOS PARTNERS, LLC",7NR98,3100 CLARENDON BLVD STE 200,,ARLINGTON,VA,222015302,USA,UNITED STATES,(915) 238-6884,,VIRGINIA 08,R408,SUPPORT- PROFESSIONAL: PROGRAM MANAGEMENT/SUPPORT,541611.0,ADMINISTRATIVE MANAGEMENT AND GENERAL MANAGEMENT CONSULTING SERVICES,VA,,USA,ARLINGTON,ARLINGTON,,22209,1800.0,,2025-08-12-1733
36C10X23N0141,Department of Veterans Affairs,RB MANAGEMENT CONSULTANTS LLC,836150.41,VHA INTEGRATED HEALTHCARE TRANSFORMATION (IHT) IDIQ CONTRACT,TERMINATED,https://www.fpds.gov/ezsearch/jsp/viewLinkController.jsp?agencyID=3600&PIID=36C10X23N0141&modNumber=P00003&idvAgencyID=&idvPIID=36C10X20D0004&contractType=AWARD,2/26/2025,494319.3,3600,36C10X23N0141,P00003,3600,36C10X20D0004,0,08/04/2025,09/22/2023,02/25/2025,02/25/2025,07/28/2023,-78084.97,263746.14,-78084.97,263746.14,-78084.97,758065.44,HEAKVJCG8MV6,RB MANAGEMENT CONSULTANTS LLC,,7X4V2,2011 CRYSTAL DR STE 400,,ARLINGTON,VA,222023709,USA,UNITED STATES,(240) 444-2511,,VIRGINIA 08,R408,SUPPORT- PROFESSIONAL: PROGRAM MANAGEMENT/SUPPORT,541611.0,ADMINISTRATIVE MANAGEMENT AND GENERAL MANAGEMENT CONSULTING SERVICES,VA,,USA,ARLINGTON,ARLINGTON,,22209,3709.0,,2025-08-12-1733
36C77624N0837,Department of Veterans Affairs,TAURIAN CONSULTING LLC,1115087.74,"INDEFINITE DELIVER INDEFINITE QUANTITY ENERGY, ENVIRONMENT, AND FLEET PROGRAM SERVICE",TERMINATED,https://www.fpds.gov/ezsearch/jsp/viewLinkController.jsp?agencyID=3600&PIID=36C77624N0837&modNumber=P00002&idvAgencyID=&idvPIID=36C77622D0027&contractType=AWARD,2/26/2025,0.0,3600,36C77624N0837,P00002,3600,36C77622D0027,0,07/31/2025,09/25/2024,02/25/2025,02/25/2025,08/22/2024,-436605.85,678481.89,-436605.85,678481.89,-436605.85,678481.89,C3NWEVDNHTA5,TAURIAN CONSULTING LLC,,8ZPN4,612 THIRD ST STE 3A,,ANNAPOLIS,MD,214033246,USA,UNITED STATES,(202) 262-5706,,MARYLAND 03,R799,SUPPORT- MANAGEMENT: OTHER,541611.0,ADMINISTRATIVE MANAGEMENT AND GENERAL MANAGEMENT CONSULTING SERVICES,MD,,USA,ANNE ARUNDEL,ANNAPOLIS,,21403,3246.0,,2025-08-12-1733
36C10B24C0054,Department of Veterans Affairs,TRAKGENE PTY LTD,774998.89,"NATIONAL ONCOLOGY PEDIGREE SOFTWARE LICENSES, MAINTENANCE AND TRAINING",TERMINATED,https://www.fpds.gov/ezsearch/jsp/viewLinkController.jsp?agencyID=3600&PIID=36C10B24C0054&modNumber=P00005&idvAgencyID=&idvPIID=&contractType=AWARD,8/13/2025,488748.89,3600,36C10B24C0054,P00005,,,,08/07/2025,09/27/2024,07/10/2025,07/10/2025,08/21/2024,0.0,286250.0,0.0,286250.0,0.0,774998.89,E1UCJD3FEDL9,TRAKGENE PTY LTD,,Z19D2,188 GLYNBURN RD,,TRANMERE,,5073,AUS,AUSTRALIA,,,,7A21,IT AND TELECOM - BUSINESS APPLICATION SOFTWARE (PERPETUAL LICENSE SOFTWARE),513210.0,SOFTWARE PUBLISHERS,,,AUS,,AUSTRALIA,,,,,2025-08-14-1733
36C24921C0094,Department of Veterans Affairs,"GRACE REGISTRY SERVICES, LLC",392755.25,ADMINISTRATIVE MANAGEMENT AND GENERAL MANAGEMENT CONSULTING SERVICES: CERTIFIED TUMOR REGISTRAR SERVICES,TERMINATED,https://www.fpds.gov/ezsearch/jsp/viewLinkController.jsp?agencyID=3600&PIID=36C24921C0094&modNumber=P00008&idvAgencyID=&idvPIID=&contractType=AWARD,8/13/2025,10000.0,3600,36C24921C0094,P00008,,,,04/09/2025,07/22/2021,07/21/2024,07/21/2026,,-10000.0,249120.25,-10000.0,249120.25,-10000.0,382755.25,XNZZLF8WG237,"GRACE REGISTRY SERVICES, LLC",,4DKS5,7619 146TH AVENUE CT E,,SUMNER,WA,983908245,USA,UNITED STATES,(425) 221-5918,,WASHINGTON 08,Q999,MEDICAL- OTHER,541611.0,ADMINISTRATIVE MANAGEMENT AND GENERAL MANAGEMENT CONSULTING SERVICES,KY,,USA,JEFFERSON,LOUISVILLE,,40206,1433.0,,2025-08-14-1733
47PA0323F0013,Department of Veterans Affairs,"PIERLESS VENTURES-DVORAK JV, LLC",3917007.0,COMMERCIAL AND INSTITUTIONAL BUILDING CONSTRUCTION: ELECTRIC VEHICLE SUPPLY EQUIPMENT FEASIBILITY STUDY,TERMINATED,https://www.fpds.gov/ezsearch/jsp/viewLinkController.jsp?agencyID=4740&PIID=47PA0323F0013&modNumber=PS0004&idvAgencyID=&idvPIID=47PL0122D0006&contractType=AWARD,8/12/2025,960040.55,4740,47PA0323F0013,PS0004,4740,47PL0122D0006,0,04/17/2025,02/02/2023,02/20/2025,02/20/2025,10/27/2022,-960040.55,2956966.45,-960040.55,2956966.45,-960040.55,2956966.45,QWYKL67VP8Y9,"PIERLESS VENTURES-DVORAK JV, LLC",,8DF36,21 MANTLE CT,,THURMONT,MD,217882229,USA,UNITED STATES,(443) 623-7917,,MARYLAND 06,Z2AA,REPAIR OR ALTERATION OF OFFICE BUILDINGS,236220.0,COMMERCIAL AND INSTITUTIONAL BUILDING CONSTRUCTION,VA,,USA,MANASSAS CITY,MANASSAS,,20110,3000.0,,2025-08-14-1733
47PA0323F0014,Department of Veterans Affairs,RICHARD GROUP LLC,3288603.7,COMMERCIAL AND INSTITUTIONAL BUILDING CONSTRUCTION: ELECTRIC VEHICLE SUPPLY EQUIPMENT FEASIBILITY STUDY,TERMINATED,https://www.fpds.gov/ezsearch/jsp/viewLinkController.jsp?agencyID=4740&PIID=47PA0323F0014&modNumber=PS0005&idvAgencyID=&idvPIID=47PL0122D0016&contractType=AWARD,8/12/2025,942632.91,4740,47PA0323F0014,PS0005,4740,47PL0122D0016,0,04/22/2025,02/02/2023,02/20/2025,02/20/2025,10/27/2022,-942632.91,2345970.79,-942632.91,2345970.79,-942632.91,2345970.79,QST7A5N63TL4,RICHARD GROUP LLC,,77PV6,1944 LEHIGH AVE,STE A,GLENVIEW,IL,600261661,USA,UNITED STATES,(847) 471-8291,(847) 859-2412,ILLINOIS 07,Z2AA,REPAIR OR ALTERATION OF OFFICE BUILDINGS,236220.0,COMMERCIAL AND INSTITUTIONAL BUILDING CONSTRUCTION,IL,,USA,COOK,CHICAGO,,60611,2815.0,,2025-08-14-1733
36C10D23F0008,Department of Veterans Affairs,DELOITTE CONSULTING LLP,65831309.06,CONSULTING AND AUDITING OF HUMAN CAPITAL THROUGH THE USE OF AI,TERMINATED,https://www.fpds.gov/ezsearch/jsp/viewLinkController.jsp?agencyID=3600&PIID=36C10D23F0008&modNumber=P00011&idvAgencyID=&idvPIID=47QRAA18D001P&contractType=AWARD,8/14/2025,35166542.71,3600,36C10D23F0008,P00011,4732,47QRAA18D001P,PS0024,08/06/2025,03/29/2023,08/06/2025,08/06/2025,01/13/2023,0.0,30664766.35,0.0,30664766.35,-27747359.55,30664766.35,CKV2L9GZKJK3,DELOITTE CONSULTING LLP,,1TTG5,1919 N LYNN ST,,ARLINGTON,VA,222091742,USA,UNITED STATES,(571) 858-0176,(703) 842-6748,VIRGINIA 08,R799,SUPPORT- MANAGEMENT: OTHER,541611.0,ADMINISTRATIVE MANAGEMENT AND GENERAL MANAGEMENT CONSULTING SERVICES,DC,,USA,DISTRICT OF COLUMBIA,WASHINGTON,,20006,1053.0,,2025-08-15-2333
36C10X22N0165,Department of Veterans Affairs,"APTIVE HTG, LLC",6711187.23,IHT CHANGE MANAGEMENT TRAINING COURSES,TERMINATED,https://www.fpds.gov/ezsearch/jsp/viewLinkController.jsp?agencyID=3600&PIID=36C10X22N0165&modNumber=P00006&idvAgencyID=&idvPIID=36C10X20D0002&contractType=AWARD,3/5/2025,2287644.38,3600,36C10X22N0165,P00006,3600,36C10X20D0002,0,08/13/2025,09/14/2022,02/25/2025,02/25/2025,07/07/2022,-860474.57,3563068.2,-860474.57,3563068.2,-3148118.95,3563068.2,L2LMMGFF12A3,"APTIVE HTG, LLC",,8A9S8,421 KING ST STE 200,,ALEXANDRIA,VA,223143121,USA,UNITED STATES,(703) 598-0697,,VIRGINIA 08,U006,EDUCATION/TRAINING- VOCATIONAL/TECHNICAL,541611.0,ADMINISTRATIVE MANAGEMENT AND GENERAL MANAGEMENT CONSULTING SERVICES,MD,,USA,FREDERICK,FREDERICK,,21701,5213.0,,2025-08-15-2333
36C10X24C0037,Department of Veterans Affairs,"BLUE WATER THINKING,LLC",4826982.01,SUPPLY CHAIN SYSTEMS SUPPORT,TERMINATED,https://www.fpds.gov/ezsearch/jsp/viewLinkController.jsp?agencyID=3600&PIID=36C10X24C0037&modNumber=P00002&idvAgencyID=&idvPIID=&contractType=AWARD,3/5/2025,74524.97,3600,36C10X24C0037,P00002,,,,08/13/2025,09/18/2024,02/25/2025,02/25/2025,08/09/2024,-2678561.92,2073895.12,-2678561.92,2073895.12,-2773086.89,2073895.12,NKCBT3KN6EF3,"BLUE WATER THINKING,LLC","BLUE WATER THINKING, LLC",87RA8,3939 BAYSIDE DR,,EDGEWATER,MD,210374435,USA,UNITED STATES,(703) 472-2152,,MARYLAND 05,R408,SUPPORT- PROFESSIONAL: PROGRAM MANAGEMENT/SUPPORT,541611.0,ADMINISTRATIVE MANAGEMENT AND GENERAL MANAGEMENT CONSULTING SERVICES,DC,,USA,DISTRICT OF COLUMBIA,WASHINGTON,,20420,1.0,,2025-08-15-2333
36C77622C0155,Department of Veterans Affairs,"TRIPLE C - THE A&E GROUP, LLC",2804810.35,ENGINEERING SERVICES/ELECTRONIC AND COMMUNICATIONS FACILITIES: ALBANY ELECTRONIC HEALTH RECORD MODERNIZATION DESIGN,TERMINATED,https://www.fpds.gov/ezsearch/jsp/viewLinkController.jsp?agencyID=3600&PIID=36C77622C0155&modNumber=P00003&idvAgencyID=&idvPIID=&contractType=AWARD,9/4/2025,1552532.96,3600,36C77622C0155,P00003,,,,10/17/2024,09/26/2022,03/03/2025,03/03/2025,09/13/2022,0.0,850771.67,0.0,850771.67,0.0,1252277.39,DSLZLPNTLGJ9,"TRIPLE C - THE A&E GROUP, LLC",,5LDL1,410 E GRAND AVE STE 201C,,LARAMIE,WY,820703701,USA,UNITED STATES,(307) 460-8664,(307) 460-2053,WYOMING 00,C1BG,ARCHITECT AND ENGINEERING- CONSTRUCTION: ELECTRONIC AND COMMUNICATIONS FACILITIES,541330.0,ENGINEERING SERVICES,NY,,USA,ALBANY,ALBANY,,12201,52.0,,2025-09-09-0233
36C77623N1102,Department of Veterans Affairs,"J P SYSTEMS, INC.",35436860.62,OTHER SCIENTIFIC AND TECHNICAL CONSULTING SERVICES: TERMINOLOGY STANDARDS SUPPORT SERVICES,TERMINATED,https://www.fpds.gov/ezsearch/jsp/viewLinkController.jsp?agencyID=3600&PIID=36C77623N1102&modNumber=P00010&idvAgencyID=&idvPIID=36C77621D0020&contractType=AWARD,9/3/2025,1490478.72,3600,36C77623N1102,P00010,3600,36C77621D0020,0,04/04/2025,09/22/2023,09/21/2025,09/21/2025,07/26/2023,-1204612.32,30022991.17,-1204612.32,30022991.41,-1204612.32,33946381.9,PX35YDEXGEJ5,"J P SYSTEMS, INC.",,3YHH1,7419 KINCHELOE RD,,CLIFTON,VA,201241831,USA,UNITED STATES,(703) 864-9247,(888) 789-8990,VIRGINIA 10,R499,SUPPORT- PROFESSIONAL: OTHER,541690.0,OTHER SCIENTIFIC AND TECHNICAL CONSULTING SERVICES,DC,,USA,DISTRICT OF COLUMBIA,WASHINGTON,,20420,1.0,,2025-09-09-0233
36C26121F0302,Department of Veterans Affairs,PLANATE MANAGEMENT GROUP LLC,20402443.41,"PROFESSIONAL ENGINEERING SERVICES INCLUDING SIGNAGE, BUILDING COMMISSIONING, ELECTRICAL, AND HEATING, VENTILATION AND AIR CONDITIONING SERVICES",TERMINATED,https://www.fpds.gov/ezsearch/jsp/viewLinkController.jsp?agencyID=3600&PIID=36C26121F0302&modNumber=P00011&idvAgencyID=&idvPIID=GS23F058AA&contractType=AWARD,9/2/2025,8411577.75,3600,36C26121F0302,P00011,4732,GS23F058AA,PA0035,08/28/2025,08/01/2021,03/05/2025,03/05/2025,05/20/2021,-3114945.95,11990865.66,-3114945.95,11990865.66,-3114945.95,17171665.94,ZL3LH37LF183,PLANATE MANAGEMENT GROUP LLC,,4XZF6,1800 DIAGONAL RD,STE 600,ALEXANDRIA,VA,22314,USA,UNITED STATES,(703) 232-1491,(866) 844-4373, ,R425,SUPPORT- PROFESSIONAL: ENGINEERING/TECHNICAL,541611.0,ADMINISTRATIVE MANAGEMENT AND GENERAL MANAGEMENT CONSULTING SERVICES,CA,,USA,SANTA CLARA,PALO ALTO,,94304,1.0,,2025-09-09-0233
36C25024F5528,Department of Veterans Affairs,"OXFORD GOVERNMENT CONSULTING, LLC",3418666.92,ADMINISTRATIVE MANAGEMENT AND GENERAL MANAGEMENT CONSULTING SERVICES: MEDICAL DOCUMENT SCANNING,SUPPLEMENTAL AGREEMENT FOR WORK WITHIN SCOPE,https://www.fpds.gov/ezsearch/jsp/viewLinkController.jsp?agencyID=3600&PIID=36C25024F5528&modNumber=P00001&idvAgencyID=&idvPIID=GS03F054GA&contractType=AWARD,9/2/2025,2734933.54,3600,36C25024F5528,P00001,4732,GS03F054GA,0,03/08/2025,09/01/2024,08/31/2025,08/31/2025,07/09/2024,0.0,1025600.07,0.0,1025600.07,-2734933.54,1025600.07,FGD3HLN2YG31,"OXFORD GOVERNMENT CONSULTING, LLC",,5JAX9,616 WALNUT AVE,,NORTH BEACH,MD,207149603,USA,UNITED STATES,(240) 392-4192,,MARYLAND 05,R408,SUPPORT- PROFESSIONAL: PROGRAM MANAGEMENT/SUPPORT,541611.0,ADMINISTRATIVE MANAGEMENT AND GENERAL MANAGEMENT CONSULTING SERVICES,OH,,USA,MONTGOMERY,DAYTON,,45428,9000.0,,2025-09-09-0233
36C77622N2008,Department of Veterans Affairs,"DERBY ENTERPRISES, LLC",1198944.0,NATIONAL ENVIRONMENTAL POLICY ACT ENVIRONMENTAL ASSESSMENT FOR DESIGN AND POST CONSTRUCTION SERVICES NECESSARY FOR A NEW PARKING GARAGE FACILITY AT WASHINGTON D.C. VA MEDICAL CENTER,TERMINATED,https://www.fpds.gov/ezsearch/jsp/viewLinkController.jsp?agencyID=3600&PIID=36C77622N2008&modNumber=P00003&idvAgencyID=&idvPIID=VA24517D0139&contractType=AWARD,9/2/2025,1011048.9,3600,36C77622N2008,P00003,3600,VA24517D0139,0,08/11/2025,08/15/2022,07/31/2025,07/31/2025,02/01/2022,-810494.9,187895.1,-810494.9,187895.1,-810494.9,388449.1,JZPQATN17UA3,"DERBY ENTERPRISES, LLC",,4S2K7,2215 CONOWINGO RD STE 100,,BEL AIR,MD,210151436,USA,UNITED STATES,(410) 803-0009,(410) 838-1603,MARYLAND 01,C1DZ,ARCHITECT AND ENGINEERING- CONSTRUCTION: OTHER HOSPITAL BUILDINGS,541330.0,ENGINEERING SERVICES,DC,,USA,DISTRICT OF COLUMBIA,WASHINGTON,,20422,1.0,,2025-09-09-0233
36C24623C0063,Department of Veterans Affairs,"RDC/JOHN POE ARCHITECTS, L.L.L.P.",1257680.6,ARCHITECT AND ENGINEERING/HOSPITAL CONSTRUCTION: RENOVATE 3C FOR LAB,TERMINATED,https://www.fpds.gov/ezsearch/jsp/viewLinkController.jsp?agencyID=3600&PIID=36C24623C0063&modNumber=P00002&idvAgencyID=&idvPIID=&contractType=AWARD,9/2/2025,1007621.6,3600,36C24623C0063,P00002,,,,04/30/2025,09/29/2023,04/16/2025,04/16/2025,02/16/2023,-1007621.6,250059.0,-1007621.6,250059.0,-1007621.6,250059.0,W1PDKFN8HBF5,"RDC/JOHN POE ARCHITECTS, L.L.L.P.",,64YA1,524 FERNWOOD DR,,ALTAMONTE SPRINGS,FL,327016336,USA,UNITED STATES,(407) 830-6522,(407) 331-8561,FLORIDA 07,C1DA,ARCHITECT AND ENGINEERING- CONSTRUCTION: HOSPITALS AND INFIRMARIES,541310.0,ARCHITECTURAL SERVICES,NC,,USA,CUMBERLAND,FAYETTEVILLE,,28301,5494.0,,2025-09-09-0233
36C25924N0274,Department of Veterans Affairs,"APOGEE CONSULTING GROUP, P.A.",798001.0,ENGINEERING SERVICES: COMPLETE CHILLED WATER LOOP,TERMINATED,https://www.fpds.gov/ezsearch/jsp/viewLinkController.jsp?agencyID=3600&PIID=36C25924N0274&modNumber=P00001&idvAgencyID=&idvPIID=36C25922D0008&contractType=AWARD,9/2/2025,529287.1,3600,36C25924N0274,P00001,3600,36C25922D0008,0,08/21/2025,08/19/2024,02/25/2025,02/25/2025,03/18/2024,-529287.1,268713.9,-529287.1,268713.9,-529287.1,268713.9,C2TLU3VGKPC6,"APOGEE CONSULTING GROUP, P.A.",,4CEE7,1151 KILDAIRE FARM RD STE 120,,CARY,NC,275114580,USA,UNITED STATES,(919) 838-7622,(919) 234-6268,NORTH CAROLINA 13,C1DA,ARCHITECT AND ENGINEERING- CONSTRUCTION: HOSPITALS AND INFIRMARIES,541330.0,ENGINEERING SERVICES,WY,,USA,SHERIDAN,SHERIDAN,,82801,8320.0,,2025-09-09-0233
36C77623C0104,Department of Veterans Affairs,ARROW ARC LLC,45158074.52,MARKETING CONSULTING SERVICES: VETERANS HEALTH ADMINISTRATION MARKETING & ADVERTISING CAMPAIGN,TERMINATED,https://www.fpds.gov/ezsearch/jsp/viewLinkController.jsp?agencyID=3600&PIID=36C77623C0104&modNumber=P00005&idvAgencyID=&idvPIID=&contractType=AWARD,8/28/2025,6713856.19,3600,36C77623C0104,P00005,,,,03/07/2025,09/25/2023,09/24/2025,09/24/2029,05/24/2023,-3301899.36,23841807.37,-3301899.36,23841807.37,-6682931.6,38444218.33,K6BVRM8LQ4Q8,ARROW ARC LLC,ARROW ARC LLC,9DC55,110 NORTH ROYAL STREET,FLOOR 400,ALEXANDRIA,VA,223143234,USA,UNITED STATES,(703) 829-0961,,VIRGINIA 08,R701,SUPPORT- MANAGEMENT: ADVERTISING,541613.0,MARKETING CONSULTING SERVICES,VA,,USA,ALEXANDRIA CITY,ALEXANDRIA,,22314,3234.0,,2025-09-09-0233
36C25024P1044,Department of Veterans Affairs,"SWANK MOTION PICTURES, INC.",77970.0,CABLE MOVIE CHANNEL ACCESS AND SERVICES.,TERMINATED,https://www.fpds.gov/ezsearch/jsp/viewLinkController.jsp?agencyID=3600&PIID=36C25024P1044&modNumber=P00002&idvAgencyID=&idvPIID=&contractType=AWARD,8/27/2025,63242.0,3600,36C25024P1044,P00002,,,,04/23/2025,05/01/2024,04/30/2025,04/30/2025,04/15/2024,-15097.0,14728.0,-15097.0,14728.0,-63242.0,14728.0,NJG4REFBHCR5,"SWANK MOTION PICTURES, INC.",,5G095,10795 WATSON RD,,SAINT LOUIS,MO,631271012,USA,UNITED STATES,(314) 984-6100,(314) 966-3472,MISSOURI 02,DG10,IT AND TELECOM - NETWORK AS A SERVICE,512120.0,MOTION PICTURE AND VIDEO DISTRIBUTION,OH,,USA,ROSS,CHILLICOTHE,,45601,9699.0,,2025-09-09-0233
36C25925P0245,Department of Veterans Affairs,"DESIGN BUILD CONSORTIUM, LLC",44685.98,UNINTERRUPTIBLE POWER SUPLLY REPLACEMENT BATTERIES WITH INSTALLATION,TERMINATED,https://www.fpds.gov/ezsearch/jsp/viewLinkController.jsp?agencyID=3600&PIID=36C25925P0245&modNumber=P00001&idvAgencyID=&idvPIID=&contractType=AWARD,8/27/2025,44685.98,3600,36C25925P0245,P00001,,,,02/05/2025,12/30/2024,02/10/2025,02/10/2025,11/12/2024,-44685.98,0.0,-44685.98,0.0,-44685.98,0.0,DBSMJLNJKBD7,"DESIGN BUILD CONSORTIUM, LLC","DESIGN BUILD CONSORTIUM, LLC",70QH6,39 AMBER FRST,,SAN ANTONIO,TX,782321328,USA,UNITED STATES,(210) 410-0348,,TEXAS 21,6150,MISCELLANEOUS ELECTRIC POWER AND DISTRIBUTION EQUIPMENT,335311.0,"POWER, DISTRIBUTION, AND SPECIALTY TRANSFORMER MANUFACTURING",TX,,USA,BEXAR,SAN ANTONIO,,78232,1328.0,,2025-09-09-0233
36C24924P1171,Department of Veterans Affairs,OTTO BOCK PATIENT CARE LLC,15289.41,REPLACEMENT BELOW KNEE PROSTHESIS FOR VETERAN PATIENT,TERMINATED,https://www.fpds.gov/ezsearch/jsp/viewLinkController.jsp?agencyID=3600&PIID=36C24924P1171&modNumber=P00001&idvAgencyID=&idvPIID=&contractType=AWARD,8/27/2025,15289.41,3600,36C24924P1171,P00001,,,,02/20/2025,08/29/2024,02/20/2025,02/20/2025,,-15289.41,0.0,-15289.41,0.0,-15289.41,0.0,WUG5Y86ELRU8,OTTO BOCK PATIENT CARE LLC,,96GD1,11809 DOMAIN DR UNIT 100,,AUSTIN,TX,787583452,USA,UNITED STATES,(512) 806-2861,,TEXAS 37,6515,"MEDICAL AND SURGICAL INSTRUMENTS, EQUIPMENT, AND SUPPLIES",339113.0,SURGICAL APPLIANCE AND SUPPLIES MANUFACTURING,CA,,USA,SAN DIEGO,SAN DIEGO,,92121,4320.0,,2025-09-09-0233
36C24123C0067,Department of Veterans Affairs,BRAVO ZULU LLC,1334386.46,ARCHITECT AND ENGINEERING FOR HOSPITAL CONSTRUCTION: RENO OPERATING SUITE,TERMINATED,https://www.fpds.gov/ezsearch/jsp/viewLinkController.jsp?agencyID=3600&PIID=36C24123C0067&modNumber=P00005&idvAgencyID=&idvPIID=&contractType=AWARD,8/22/2025,422248.6,3600,36C24123C0067,P00005,,,,05/29/2025,08/18/2023,05/02/2025,07/09/2029,04/25/2023,-294672.95,912137.86,-294672.95,912137.86,-127575.65,1206810.81,MB4JY3LPAKL4,BRAVO ZULU LLC,,8EQK0,421 KING STREET,SUITE 301,ALEXANDRIA,VA,223143121,USA,UNITED STATES,(703) 772-4213,,VIRGINIA 08,C1DZ,ARCHITECT AND ENGINEERING- CONSTRUCTION: OTHER HOSPITAL BUILDINGS,541310.0,ARCHITECTURAL SERVICES,ME,,USA,KENNEBEC,AUGUSTA,,04330,9322.0,,2025-09-09-0233
36C26125N0045,Department of Veterans Affairs,SIEMENS HEALTHCARE DIAGNOSTICS INC.,1184658.6,ANALYTICAL LABORATORY INSTRUMENTS: SIEMENS ATELLICA ANALYZER COST PER REPORTABLE RESULT,TERMINATED,https://www.fpds.gov/ezsearch/jsp/viewLinkController.jsp?agencyID=3600&PIID=36C26125N0045&modNumber=P00001&idvAgencyID=&idvPIID=36C26121D0106&contractType=AWARD,8/22/2025,417647.44,3600,36C26125N0045,P00001,3600,36C26121D0106,0,06/11/2025,10/01/2024,04/24/2025,04/24/2025,05/26/2024,-417647.44,767011.16,-417647.44,767011.16,-417647.44,767011.16,GC14SNHB3JN1,SIEMENS HEALTHCARE DIAGNOSTICS INC.,,1K2V6,511 BENEDICT AVE,,TARRYTOWN,NY,105915005,USA,UNITED STATES,(714) 655-3235,(800) 344-8981,NEW YORK 16,6640,LABORATORY EQUIPMENT AND SUPPLIES,334516.0,ANALYTICAL LABORATORY INSTRUMENT MANUFACTURING,NV,,USA,CLARK,NORTH LAS VEGAS,,89086,4400.0,,2025-09-09-0233
36C77625P0004,Department of Veterans Affairs,"VETERANS MANAGEMENT SERVICES, INC.",702890.08,ADMINISTRATIVE MANAGEMENT AND GENERAL MANAGEMENT CONSULTING SERVICES: PROGRAM SUPPORT SERVICES,TERMINATED,https://www.fpds.gov/ezsearch/jsp/viewLinkController.jsp?agencyID=3600&PIID=36C77625P0004&modNumber=P00003&idvAgencyID=&idvPIID=&contractType=AWARD,8/22/2025,410466.65,3600,36C77625P0004,P00003,,,,08/04/2025,10/11/2024,07/14/2025,07/14/2025,10/09/2024,-410466.65,292423.43,-410466.65,292423.43,-410466.65,292423.43,YM2UURS758K9,"VETERANS MANAGEMENT SERVICES, INC.",VETERANS MANAGEMENT SERVICES INC,5L3E8,14 PIDGEON HILL DR STE 500,,STERLING,VA,201656151,USA,UNITED STATES,(703) 563-4606,(703) 563-4561,VIRGINIA 10,R707,SUPPORT- MANAGEMENT: CONTRACT/PROCUREMENT/ACQUISITION SUPPORT,541611.0,ADMINISTRATIVE MANAGEMENT AND GENERAL MANAGEMENT CONSULTING SERVICES,OH,,USA,CUYAHOGA,INDEPENDENCE,,44131,2546.0,,2025-09-09-0233
36C25023C0198,Department of Veterans Affairs,ZB TRAINING SOLUTIONS LLC,581750.0,,TERMINATED,https://www.fpds.gov/ezsearch/jsp/viewLinkController.jsp?agencyID=3600&PIID=36C25023C0198&modNumber=P00003&idvAgencyID=&idvPIID=&contractType=AWARD,8/22/2025,407585.0,3600,36C25023C0198,P00003,,,,06/17/2025,09/28/2023,06/30/2025,06/30/2025,09/16/2023,-58535.0,174165.0,-58535.0,174165.0,-407585.0,174165.0,NHGAKQ1R1C25,ZB TRAINING SOLUTIONS LLC,,70HC7,118 DUTCHLAND TRL,,SUFFOLK,VA,234349265,USA,UNITED STATES,(757) 639-3891,(757) 934-1236,VIRGINIA 02,U008,EDUCATION/TRAINING- TRAINING/CURRICULUM DEVELOPMENT,611430.0,PROFESSIONAL AND MANAGEMENT DEVELOPMENT TRAINING,IN,,USA,ALLEN,FORT WAYNE,,46805,5602.0,,2025-09-09-0233
36C24122C0086,Department of Veterans Affairs,ALESIA ARCHITECTURE PC,1099090.13,ARCHITECT AND ENGINEERING FOR HOSPITAL CONSTRUCTION: RENOVATE EMERGENCY DEPARTMENT,TERMINATED,https://www.fpds.gov/ezsearch/jsp/viewLinkController.jsp?agencyID=3600&PIID=36C24122C0086&modNumber=P00005&idvAgencyID=&idvPIID=&contractType=AWARD,8/22/2025,353671.43,3600,36C24122C0086,P00005,,,,07/24/2025,09/12/2022,05/15/2025,06/27/2025,06/10/2022,-353671.43,745418.7,-353671.43,745418.7,-353671.43,745418.7,MSBTMNAYAW55,ALESIA ARCHITECTURE PC,CALVIN L HINZ ARCHITECTS,3RRK1,3705 N 200TH ST,,ELKHORN,NE,680222922,USA,UNITED STATES,(402) 291-6941,(402) 291-9193,NEBRASKA 02,C1DA,ARCHITECT AND ENGINEERING- CONSTRUCTION: HOSPITALS AND INFIRMARIES,541310.0,ARCHITECTURAL SERVICES,ME,,USA,KENNEBEC,AUGUSTA,,04330,6796.0,,2025-09-09-0233
36C24425P0008,Department of Veterans Affairs,A&B TECHNICAL LLC,182500.0,DIAGNOSTIC IMAGING CENTERS: INTERIM MOBILE POSITRON EMISSION TOMOGRAPHY/COMPUTED TOMOGRAPHY LEASE,TERMINATED,https://www.fpds.gov/ezsearch/jsp/viewLinkController.jsp?agencyID=3600&PIID=36C24425P0008&modNumber=P00001&idvAgencyID=&idvPIID=&contractType=AWARD,8/22/2025,146000.0,3600,36C24425P0008,P00001,,,,05/12/2025,12/16/2024,04/09/2025,05/09/2025,08/16/2024,-146000.0,36500.0,-146000.0,36500.0,-146000.0,36500.0,PNK4FMD419R5,A&B TECHNICAL LLC,,8CRG9,794 BARKLEY CREST CIR,,AUBURN,AL,368302170,USA,UNITED STATES,(706) 662-1576,,ALABAMA 03,Q522,MEDICAL- RADIOLOGY,621512.0,DIAGNOSTIC IMAGING CENTERS,PA,,USA,LUZERNE,WILKES BARRE,,18711,316.0,,2025-09-09-0233
36C24624F0130,Department of Veterans Affairs,FRANKLIN COVEY CLIENT SALES INC,149976.2,FRANKLINCOVEY LEADERSHIP TRAINING,TERMINATED,https://www.fpds.gov/ezsearch/jsp/viewLinkController.jsp?agencyID=3600&PIID=36C24624F0130&modNumber=P00001&idvAgencyID=&idvPIID=GS02F0095T&contractType=AWARD,8/22/2025,91392.8,3600,36C24624F0130,P00001,4730,GS02F0095T,PA0103,05/20/2025,04/09/2024,02/24/2025,02/24/2025,03/28/2024,-16404.7,58583.4,-91392.8,58583.4,-91392.8,58583.4,KSE1ME58AQ17,FRANKLIN COVEY CLIENT SALES INC,,1PJX8,2200 W PARKWAY BLVD,,WEST VALLEY CITY,UT,841192099,USA,UNITED STATES,(801) 817-5629,(801) 817-8435,UTAH 02,U005,EDUCATION/TRAINING- TUITION/REGISTRATION/MEMBERSHIP FEES,611430.0,PROFESSIONAL AND MANAGEMENT DEVELOPMENT TRAINING,NC,,USA,DURHAM,DURHAM,,27705,3875.0,,2025-09-09-0233
36C25723F0111,Department of Veterans Affairs,"DBP, INC.",70845.76,AMARILLO MEDICAL TRANSCRIPTION SERVICE,TERMINATED,https://www.fpds.gov/ezsearch/jsp/viewLinkController.jsp?agencyID=3600&PIID=36C25723F0111&modNumber=P00007&idvAgencyID=&idvPIID=47QSMA19D08QT&contractType=AWARD,8/22/2025,54887.71,3600,36C25723F0111,P00007,4732,47QSMA19D08QT,0,05/12/2025,10/01/2023,04/01/2025,04/01/2025,06/28/2023,-9887.71,15958.05,-9887.71,15958.05,-9887.71,60958.05,CNCHZHWPLP39,"DBP, INC.",,1Y8Y9,12801 AUBURN ST STE 601,,DETROIT,MI,482233413,USA,UNITED STATES,(313) 286-8003,,MICHIGAN 12,Q603,MEDICAL TRANSCRIPTIONS,561410.0,DOCUMENT PREPARATION SERVICES,TX,,USA,POTTER,AMARILLO,,79106,1990.0,,2025-09-09-0233
36C25723P0440,Department of Veterans Affairs,TALON VETERAN SERVICES INCORPORATED,239380.0,"MISCELLANEOUS WASTE MANAGEMENT: GREASE AND GRIT TRAP SERVICE, CENTRAL TEXAS",TERMINATED,https://www.fpds.gov/ezsearch/jsp/viewLinkController.jsp?agencyID=3600&PIID=36C25723P0440&modNumber=P00003&idvAgencyID=&idvPIID=&contractType=AWARD,8/22/2025,47876.0,3600,36C25723P0440,P00003,,,,08/07/2025,06/01/2023,05/31/2026,05/31/2028,04/19/2023,-47876.0,95752.0,-47876.0,95752.0,-47876.0,191504.0,DDK2FHL99516,TALON VETERAN SERVICES INCORPORATED,FAR GROUP,5NAZ4,3516 BELT BLVD,,RICHMOND,VA,232341521,USA,UNITED STATES,(571) 552-0502,(571) 552-0502,VIRGINIA 07,J045,"MAINT/REPAIR/REBUILD OF EQUIPMENT- PLUMBING, HEATING, AND WASTE DISPOSAL EQUIPMENT",562998.0,ALL OTHER MISCELLANEOUS WASTE MANAGEMENT SERVICES,TX,,USA,MCLENNAN,WACO,,76711,1329.0,,2025-09-09-0233
36C25620F0242,Department of Veterans Affairs,PRESS GANEY ASSOCIATES LLC,1108132.14,,TERMINATED,https://www.fpds.gov/ezsearch/jsp/viewLinkController.jsp?agencyID=3600&PIID=36C25620F0242&modNumber=P00008&idvAgencyID=&idvPIID=GS10F0205R&contractType=AWARD,8/22/2025,21061.85,3600,36C25620F0242,P00008,4730,GS10F0205R,PA0064,03/24/2025,04/13/2020,02/25/2025,02/25/2025,03/30/2020,-21061.85,1087070.29,-21061.85,1087070.29,-21061.85,1087070.29,PTAKRVGUJE53,PRESS GANEY ASSOCIATES LLC,,3DFC7,1173 IGNITION DR,,SOUTH BEND,IN,466012901,USA,UNITED STATES,(800) 232-8032,,INDIANA 02,R422,SUPPORT- PROFESSIONAL: MARKET RESEARCH/PUBLIC OPINION,541611.0,ADMINISTRATIVE MANAGEMENT AND GENERAL MANAGEMENT CONSULTING SERVICES,IN,,USA,ST JOSEPH,SOUTH BEND,,46601,2355.0,,2025-09-09-0233
36C10X24N0235,Department of Veterans Affairs,ARROW ARC LLC,3575592.72,TEMPORARY HELP/MEDICAL-MANAGED HEALTHCARE: INTEGRATED CRITICAL STAFFING PROGRAM,TERMINATED,https://www.fpds.gov/ezsearch/jsp/viewLinkController.jsp?agencyID=3600&PIID=36C10X24N0235&modNumber=P00002&idvAgencyID=&idvPIID=36C10X24D0003&contractType=AWARD,8/21/2025,3223571.12,3600,36C10X24N0235,P00002,3600,36C10X24D0003,0,07/15/2025,09/30/2024,09/29/2025,09/29/2027,08/28/2024,-390521.9,352021.6,-2623289.9,352021.6,-2623289.9,352021.6,K6BVRM8LQ4Q8,ARROW ARC LLC,ARROW ARC LLC,9DC55,110 NORTH ROYAL STREET,FLOOR 400,ALEXANDRIA,VA,223143234,USA,UNITED STATES,(703) 829-0961,,VIRGINIA 08,Q201,MEDICAL- MANAGED HEALTHCARE,561320.0,TEMPORARY HELP SERVICES,NC,,USA,ORANGE,DURHAM,,27705,8041.0,,2025-09-09-0233
36C26124N0853,Department of Veterans Affairs,MAXIM HEALTHCARE SERVICES INCORPORATED (0951),387762.43,MEDICAL CODING SERVICE,TERMINATED,https://www.fpds.gov/ezsearch/jsp/viewLinkController.jsp?agencyID=3600&PIID=36C26124N0853&modNumber=P00001&idvAgencyID=&idvPIID=36C10G21A0004&contractType=AWARD,8/21/2025,178229.94,3600,36C26124N0853,P00001,3600,36C10G21A0004,P00007,08/13/2025,09/03/2024,03/06/2025,03/06/2025,08/15/2024,-178229.94,209532.49,-178229.94,209532.49,-178229.94,209532.49,DFUAFDQFV943,MAXIM HEALTHCARE SERVICES INCORPORATED (0951),,1NW03,7080 SAMUEL MORSE DRIVE,,COLUMBIA,MD,210463405,USA,UNITED STATES,,,MARYLAND 03,Q601,MEDICAL CODING AND AUDITING,541611.0,ADMINISTRATIVE MANAGEMENT AND GENERAL MANAGEMENT CONSULTING SERVICES,NV,,USA,WASHOE,RENO,,89502,6263.0,,2025-09-09-0233
36C24224P1555,Department of Veterans Affairs,TEKTON C.C LLC,57600.0,Emergency Boiler Inspections,TERMINATED,https://www.fpds.gov/ezsearch/jsp/viewLinkController.jsp?agencyID=3600&PIID=36C24224P1555&modNumber=P00004&idvAgencyID=&idvPIID=&contractType=AWARD,8/20/2025,57600.0,3600,36C24224P1555,P00004,,,,07/08/2025,08/12/2024,07/08/2025,07/08/2025,07/16/2024,-57600.0,0.0,-57600.0,0.0,-57600.0,0.0,DKJJJVFBNQB9,TEKTON C.C LLC,"TEKTON C.C., LLC",69SN9,2 W WALNUT ST,,NORTH EAST,MD,219014132,USA,UNITED STATES,(302) 730-6077,,MARYLAND 01,H345,"INSPECTION- PLUMBING, HEATING, AND WASTE DISPOSAL EQUIPMENT",238220.0,"PLUMBING, HEATING, AND AIR-CONDITIONING CONTRACTORS",NY,,USA,SUFFOLK,NORTHPORT,,11768,2200.0,,2025-09-09-0233
36C25724P0597,Department of Veterans Affairs,"WL CONCEPTS & PRODUCTION, INC",27655.8,Museum Display Cases and Decor (AMA),TERMINATED,https://www.fpds.gov/ezsearch/jsp/viewLinkController.jsp?agencyID=3600&PIID=36C25724P0597&modNumber=P00001&idvAgencyID=&idvPIID=&contractType=AWARD,8/20/2025,26030.8,3600,36C25724P0597,P00001,,,,01/31/2025,09/23/2024,02/13/2025,02/13/2025,08/06/2024,-26030.8,1625.0,-26030.8,1625.0,-26030.8,1625.0,GLASGPBVRJL3,"WL CONCEPTS & PRODUCTION, INC",,3NQX8,1 BENNINGTON AVE,,FREEPORT,NY,115203953,USA,UNITED STATES,(516) 565-5151,(516) 565-5115,NEW YORK 04,7195,MISCELLANEOUS FURNITURE AND FIXTURES,337215.0,"SHOWCASE, PARTITION, SHELVING, AND LOCKER MANUFACTURING",TX,,USA,POTTER,AMARILLO,,79106,4019.0,,2025-09-09-0233
36C26324N0492,Department of Veterans Affairs,"ANDERSON ENGINEERING OF MINNESOTA, LLC",424039.54,Site preparation for SPS equipment at Fargo VAHCS,EXERCISE AN OPTION,https://www.fpds.gov/ezsearch/jsp/viewLinkController.jsp?agencyID=3600&PIID=36C26324N0492&modNumber=P00003&idvAgencyID=&idvPIID=36C26319D0043&contractType=AWARD,5/15/2025,83473.0,3600,36C26324N0492,P00003,3600,36C26319D0043,0,08/22/2025,02/27/2024,09/30/2027,09/30/2027,10/16/2023,142509.19,483075.28,142509.19,483075.28,59035.74,483075.28,N3WLAAEHKYN8,"ANDERSON ENGINEERING OF MINNESOTA, LLC",,4E2C2,13605 1ST AVE N STE 100,,MINNEAPOLIS,MN,554415463,USA,UNITED STATES,(763) 412-4000,(763) 412-4090,MINNESOTA 03,C1DA,ARCHITECT AND ENGINEERING- CONSTRUCTION: HOSPITALS AND INFIRMARIES,541330.0,ENGINEERING SERVICES,ND,,USA,CASS,FARGO,,58102,2570.0,,2025-09-09-0233
36C25220C0210,Department of Veterans Affairs,"PENN CONSTRUCTION GROUP, INCORPORATED",253426.05,Commissioning services for Jesse Brown VA Women's Health Clinic,EXERCISE AN OPTION,https://www.fpds.gov/ezsearch/jsp/viewLinkController.jsp?agencyID=3600&PIID=36C25220C0210&modNumber=P00006&idvAgencyID=&idvPIID=&contractType=AWARD,5/15/2025,115058.0,3600,36C25220C0210,P00006,,,,09/02/2025,09/30/2020,09/04/2028,09/04/2028,07/13/2020,115058.0,255457.4,115058.0,255457.4,0.0,255457.4,KKRFJ2317KG4,"PENN CONSTRUCTION GROUP, INCORPORATED",PCG,5YD93,11549 CLARA BARTON DRIVE,,FAIRFAX STATION,VA,220391336,USA,UNITED STATES,(703) 989-4364,(703) 782-1611,VIRGINIA 11,C1DA,ARCHITECT AND ENGINEERING- CONSTRUCTION: HOSPITALS AND INFIRMARIES,541330.0,ENGINEERING SERVICES,IL,,USA,COOK,CHICAGO,,60612,2266.0,,2025-09-09-0233
36C24823C0023,Department of Veterans Affairs,"TL SERVICES, INC.",634632.1,Renovate Room A180 for DEXA System,Expired,https://www.fpds.gov/ezsearch/jsp/viewLinkController.jsp?agencyID=3600&PIID=36C24823C0023&modNumber=P00002&idvAgencyID=&idvPIID=&contractType=AWARD,5/15/2025,2000.0,3600,36C24823C0023,P00002,,,,02/06/2025,03/10/2023,03/15/2025,08/15/2025,10/27/2022,-2000.0,634632.1,-2000.0,634632.1,-2000.0,634632.1,PKY8AMMMHL38,"TL SERVICES, INC.",,1M8V9,1101 1ST ST SW,,RUSKIN,FL,335705344,USA,UNITED STATES,(813) 641-2730,,FLORIDA 16,Y1DA,CONSTRUCTION OF HOSPITALS AND INFIRMARIES,236220.0,COMMERCIAL AND INSTITUTIONAL BUILDING CONSTRUCTION,FL,,USA,HILLSBOROUGH,RUSKIN,,33570,5344.0,,2025-09-09-0233
36C77623P0061,Department of Veterans Affairs,ALL IN SOLUTIONS LLC,571500.0,CASE MANAGEMENT ONLINE TRAINING,TERMINATED,https://www.fpds.gov/ezsearch/jsp/viewLinkController.jsp?agencyID=3600&PIID=36C77623P0061&modNumber=P00004&idvAgencyID=&idvPIID=&contractType=AWARD,4/28/2025,342900.0,3600,36C77623P0061,P00004,,,,05/05/2025,06/01/2023,04/18/2025,04/18/2025,03/23/2023,-66675.0,161925.0,-66675.0,161925.0,-409575.0,161925.0,JJLMBNFX4JH5,ALL IN SOLUTIONS LLC,ALL IN SOLUTIONS LLC,7ML48,3940 PLANK RD,STE Y,FREDERICKSBURG,VA,224076874,USA,UNITED STATES,(540) 318-7077,,VIRGINIA 07,U005,EDUCATION/TRAINING- TUITION/REGISTRATION/MEMBERSHIP FEES,611430.0,PROFESSIONAL AND MANAGEMENT DEVELOPMENT TRAINING,VA,,USA,SPOTSYLVANIA,FREDERICKSBURG,,22407,6874.0,,2025-09-09-0233
36C78625N0253,Department of Veterans Affairs,SCHATZ PUBLISHING GROUP LLC,227392.0,508 DOCUMENT REMEDIATION,TERMINATED,https://www.fpds.gov/ezsearch/jsp/viewLinkController.jsp?agencyID=3600&PIID=36C78625N0253&modNumber=P00002&idvAgencyID=&idvPIID=36C78623D0015&contractType=AWARD,4/8/2025,0.0,3600,36C78625N0253,P00002,3600,36C78623D0015,0,07/10/2025,01/25/2025,01/24/2026,01/24/2026,08/25/2022,-219450.0,7942.0,-219450.0,7942.0,-219450.0,7942.0,Q6ULESYWUAG6,SCHATZ PUBLISHING GROUP LLC,SCHATZ STRATEGY GROUP,1J4G1,11950 W HIGHLAND AVE,,BLACKWELL,OK,746316511,USA,UNITED STATES,(580) 628-4607,(580) 628-2011,OKLAHOMA 03,R617,SUPPORT - ADMINISTRATIVE: ELECTRONIC RECORDS MANAGEMENT SERVICES,518210.0,"COMPUTING INFRASTRUCTURE PROVIDERS, DATA PROCESSING, WEB HOSTING, AND RELATED SERVICES",OK,,USA,KAY,BLACKWELL,,74631,6511.0,,2025-09-09-0233
36C78625F50126,Department of Veterans Affairs,MANAGEMENT RESOURCE SERVICES INC,33830.28,CEMETERY DIRECTOR DEVELOPMENT PROGRAM'S MENTOR-PROTEGE TRAINING CONTRACT FOR FY25 CLASS.,TERMINATED,https://www.fpds.gov/ezsearch/jsp/viewLinkController.jsp?agencyID=3600&PIID=36C78625F50126&modNumber=P00002&idvAgencyID=&idvPIID=GS10F0275S&contractType=AWARD,3/12/2025,0.0,3600,36C78625F50126,P00002,4730,GS10F0275S,PA0026,07/16/2025,01/13/2025,09/30/2025,09/30/2025,,-4117.52,29712.76,-4117.52,29712.76,-4117.52,29712.76,EKLGX2MA7JN1,MANAGEMENT RESOURCE SERVICES INC,,3DK90,73 BEAUMONT CIR,,HAMPSTEAD,NC,284433950,USA,UNITED STATES,(630) 983-7607,,NORTH CAROLINA 07,U008,EDUCATION/TRAINING- TRAINING/CURRICULUM DEVELOPMENT,541611.0,ADMINISTRATIVE MANAGEMENT AND GENERAL MANAGEMENT CONSULTING SERVICES,MO,,USA,SAINT LOUIS CITY,SAINT LOUIS,,63125,1007.0,,2025-09-09-0233
36C25024P0225,Department of Veterans Affairs,NATIONAL ACADEMY OF SCIENCES,225000.0,Membership fees - Microbial Threat Forum,TERMINATED,https://www.fpds.gov/ezsearch/jsp/viewLinkController.jsp?agencyID=3600&PIID=36C25024P0225&modNumber=P00004&idvAgencyID=&idvPIID=&contractType=AWARD,3/12/2025,75000.0,3600,36C25024P0225,P00004,,,,07/21/2025,12/01/2023,03/04/2025,03/04/2025,11/03/2023,-15656.57,134343.43,-15656.57,134343.43,-90656.57,134343.43,PKFJZHG2MLG9,NATIONAL ACADEMY OF SCIENCES,,1D969,2101 CONSTITUTION AVE NW,,WASHINGTON,DC,204180007,USA,UNITED STATES,(202) 334-2428,,DISTRICT OF COLUMBIA 98,R408,SUPPORT- PROFESSIONAL: PROGRAM MANAGEMENT/SUPPORT,541690.0,OTHER SCIENTIFIC AND TECHNICAL CONSULTING SERVICES,OH,,USA,HAMILTON,CINCINNATI,,45220,2213.0,,2025-09-09-0233
36C77624N0603,Department of Veterans Affairs,"JP SYSTEMS, INC.",4186877.04,"Develops requirements/testing protocols, performs user acceptance testing for VHA Ops. Educate and trains staff on the workflows needed to exchange health info with external providers, enhances care, decreases wait time & facilitates timely transfers.",TERMINATED,https://www.fpds.gov/ezsearch/jsp/viewLinkController.jsp?agencyID=3600&PIID=36C77624N0603&modNumber=P00002&idvAgencyID=&idvPIID=36C77621D0020&contractType=AWARD,3/11/2025,2825321.12,3600,36C77624N0603,P00002,3600,36C77621D0020,0,09/02/2025,09/30/2024,02/25/2025,02/25/2025,06/04/2024,-798407.62,563148.3,-798407.62,563148.3,-798407.62,3388469.42,PX35YDEXGEJ5,"J P SYSTEMS, INC.",,3YHH1,7419 KINCHELOE RD,,CLIFTON,VA,201241831,USA,UNITED STATES,(703) 864-9247,(888) 789-8990,VIRGINIA 10,R405,SUPPORT- PROFESSIONAL: OPERATIONS RESEARCH/QUANTITATIVE ANALYSIS,541690.0,OTHER SCIENTIFIC AND TECHNICAL CONSULTING SERVICES,VA,,USA,FAIRFAX,CLIFTON,,20124,1831.0,,2025-09-09-0233
36C77623N0815,Department of Veterans Affairs,"JP SYSTEMS, INC.",2792274.92,"Assists Federated Interagency Terminology Service (FITS) a Joint VA DoD team that addresses clinical data and terminology needs in the Oracle Health environment, ensuring key clinical data is consistent & usable among users maximizing quality & efficiency",TERMINATED,https://www.fpds.gov/ezsearch/jsp/viewLinkController.jsp?agencyID=3600&PIID=36C77623N0815&modNumber=P00005&idvAgencyID=&idvPIID=36C77621D0020&contractType=AWARD,3/11/2025,1448134.0,3600,36C77623N0815,P00005,3600,36C77621D0020,0,08/19/2025,06/30/2023,02/25/2025,02/25/2025,06/15/2023,-229174.16,1111366.36,-229174.16,1134361.32,-229174.16,2559500.76,PX35YDEXGEJ5,"J P SYSTEMS, INC.",,3YHH1,7419 KINCHELOE RD,,CLIFTON,VA,201241831,USA,UNITED STATES,(703) 864-9247,(888) 789-8990,VIRGINIA 10,R405,SUPPORT- PROFESSIONAL: OPERATIONS RESEARCH/QUANTITATIVE ANALYSIS,541690.0,OTHER SCIENTIFIC AND TECHNICAL CONSULTING SERVICES,VA,,USA,FAIRFAX,CLIFTON,,20124,1831.0,,2025-09-09-0233
36C10F23F0038,Department of Veterans Affairs,"INTERIOR SYSTEMS, INC.",126372.0,"MADISON, WI - DUE DILIGENCE",TERMINATED,https://www.fpds.gov/ezsearch/jsp/viewLinkController.jsp?agencyID=3600&PIID=36C10F23F0038&modNumber=P00005&idvAgencyID=&idvPIID=GS00F023CA&contractType=AWARD,3/7/2025,0.0,3600,36C10F23F0038,P00005,4732,GS00F023CA,PA0042,08/21/2025,09/29/2023,03/05/2025,03/05/2025,07/19/2023,-16525.0,109847.0,-16525.0,109847.0,-16525.0,109847.0,RNHBDCBFX1N7,"INTERIOR SYSTEMS, INC.",,0ZVV4,45610 WOODLAND RD STE 130,,STERLING,VA,201664220,USA,UNITED STATES,(202) 263-0892,(202) 393-0630,VIRGINIA 10,E1PC,PURCHASE OF UNIMPROVED REAL PROPERTY (LAND),541611.0,ADMINISTRATIVE MANAGEMENT AND GENERAL MANAGEMENT CONSULTING SERVICES,WI,,USA,DANE,MADISON,,53705,2254.0,,2025-09-09-0233
36C77624C0048,Department of Veterans Affairs,SIGIL CONSULTING GROUP LLC,6501903.83,ONS NURSING WORKFORCE SERVICES,TERMINATED,https://www.fpds.gov/ezsearch/jsp/viewLinkController.jsp?agencyID=3600&PIID=36C77624C0048&modNumber=P00005&idvAgencyID=&idvPIID=&contractType=AWARD,3/7/2025,4070497.94,3600,36C77624C0048,P00005,,,,08/14/2025,04/01/2024,03/05/2025,03/05/2025,12/04/2023,36226.07,2133347.51,36226.07,2133347.51,36226.07,6538129.9,SGGAVGZ7L754,SIGIL CONSULTING GROUP LLC,,9QLZ9,4144 SOUTHAMPTON ST,,ROSEVILLE,CA,957474231,USA,UNITED STATES,(202) 756-1048,,CALIFORNIA 03,R408,SUPPORT- PROFESSIONAL: PROGRAM MANAGEMENT/SUPPORT,541611.0,ADMINISTRATIVE MANAGEMENT AND GENERAL MANAGEMENT CONSULTING SERVICES,DC,,USA,DISTRICT OF COLUMBIA,WASHINGTON,,20001,1031.0,,2025-09-09-0233
36C10X24N0224,Department of Veterans Affairs,"CLIENT FIRST TECHNOLOGIES, INC",3817810.22,COMMERCIAL PROFESSIONAL SERVICES,TERMINATED,https://www.fpds.gov/ezsearch/jsp/viewLinkController.jsp?agencyID=3600&PIID=36C10X24N0224&modNumber=P00002&idvAgencyID=&idvPIID=36C10X23D0040&contractType=AWARD,3/5/2025,3034553.88,3600,36C10X24N0224,P00002,3600,36C10X23D0040,0,08/26/2025,09/27/2024,02/25/2025,03/04/2025,07/19/2024,-410752.71,372503.63,-410752.71,372503.63,-3445306.59,372503.63,FLG4E9KX6Z86,"CLIENT FIRST TECHNOLOGIES, INC","CLIENT FIRST TECHNOLOGIES, INC",85LB8,4616 DIXIE HILL ROAD,,FAIRFAX,VA,220306112,USA,UNITED STATES,(571) 299-9317,,VIRGINIA 11,R408,SUPPORT- PROFESSIONAL: PROGRAM MANAGEMENT/SUPPORT,541611.0,ADMINISTRATIVE MANAGEMENT AND GENERAL MANAGEMENT CONSULTING SERVICES,VA,,USA,FAIRFAX,FAIRFAX,,22030,6112.0,,2025-09-09-0233
36C10D23F0023,Department of Veterans Affairs,"ARCANUM GROUP, INC., THE",1301599.68,BASE YEAR VECTOR CONTRACT,TERMINATED,https://www.fpds.gov/ezsearch/jsp/viewLinkController.jsp?agencyID=3600&PIID=36C10D23F0023&modNumber=P00006&idvAgencyID=&idvPIID=GS10F0324X&contractType=AWARD,3/5/2025,0.0,3600,36C10D23F0023,P00006,4732,GS10F0324X,PA0037,03/13/2025,08/31/2023,02/25/2025,02/25/2025,06/28/2023,-360961.32,940638.36,-360961.32,940638.36,-360961.32,940638.36,E5ACSBP2KK61,"ARCANUM GROUP, INC., THE",,49H22,4076 E STATE ROAD 44 STE 39,,WILDWOOD,FL,347857486,USA,UNITED STATES,(303) 731-1547,(303) 558-3801,FLORIDA 11,R499,SUPPORT- PROFESSIONAL: OTHER,541611.0,ADMINISTRATIVE MANAGEMENT AND GENERAL MANAGEMENT CONSULTING SERVICES,DC,,USA,DISTRICT OF COLUMBIA,WASHINGTON,,20006,1053.0,,2025-09-09-0233
36C10X24N0191,Department of Veterans Affairs,"RB CONSULTING, INC.",17977331.78,TASK ORDER FOR OFFICE OF ENTERPRISE INTEGRATION PROGRAM AND PROJECT MANAGEMENT SUPPORT SERVICES,TERMINATED,https://www.fpds.gov/ezsearch/jsp/viewLinkController.jsp?agencyID=3600&PIID=36C10X24N0191&modNumber=P00003&idvAgencyID=&idvPIID=VA119A17D0132&contractType=AWARD,3/5/2025,14210159.5,3600,36C10X24N0191,P00003,3600,VA119A17D0132,0,08/19/2025,09/30/2024,02/25/2025,03/04/2025,07/15/2024,-2601641.16,1165531.12,-2601641.16,1165531.12,-16811800.66,1165531.12,SNZEAMGH7LR8,"RB CONSULTING, INC.",RBCI,4MA15,5235 WESTVIEW DR STE 100,,FREDERICK,MD,217038397,USA,UNITED STATES,(866) 755-7224,(866) 755-3775,MARYLAND 06,R499,SUPPORT- PROFESSIONAL: OTHER,541611.0,ADMINISTRATIVE MANAGEMENT AND GENERAL MANAGEMENT CONSULTING SERVICES,MD,,USA,FREDERICK,FREDERICK,,21704,8344.0,,2025-09-09-0233
36C10X24N0208,Department of Veterans Affairs,COGENT SOLUTIONS INC,988134.85,DATA ANALYST,TERMINATED,https://www.fpds.gov/ezsearch/jsp/viewLinkController.jsp?agencyID=3600&PIID=36C10X24N0208&modNumber=P00002&idvAgencyID=&idvPIID=VA119A17D0166&contractType=AWARD,3/5/2025,811190.08,3600,36C10X24N0208,P00002,3600,VA119A17D0166,0,08/26/2025,09/25/2024,02/25/2025,02/25/2025,07/25/2024,0.0,176944.77,0.0,176944.77,0.0,988134.85,L4LHN6923621,COGENT SOLUTIONS INC,,1SJL7,12225 AMOS LN STE 303,,FREDERICKSBURG,VA,224077108,USA,UNITED STATES,(540) 372-7707,(866) 251-5079,VIRGINIA 07,R405,SUPPORT- PROFESSIONAL: OPERATIONS RESEARCH/QUANTITATIVE ANALYSIS,541611.0,ADMINISTRATIVE MANAGEMENT AND GENERAL MANAGEMENT CONSULTING SERVICES,VA,,USA,SPOTSYLVANIA,FREDERICKSBURG,,22407,7108.0,,2025-09-09-0233
36C10X24C0021,Department of Veterans Affairs,IBILITY LLC,1288480.0,VHA ENTERPRISE PROGRAM MANAGEMENT OFFICE (EPMO) PACT ACT,TERMINATED,https://www.fpds.gov/ezsearch/jsp/viewLinkController.jsp?agencyID=3600&PIID=36C10X24C0021&modNumber=P00002&idvAgencyID=&idvPIID=&contractType=AWARD,3/5/2025,702480.0,3600,36C10X24C0021,P00002,,,,08/27/2025,08/05/2024,02/25/2025,03/04/2025,07/18/2024,-240000.0,346000.0,-240000.0,346000.0,-942480.0,346000.0,C3P8H93LRLG3,IBILITY LLC,IBILITY LLC,8RPA7,112 MASSBURY ST,,GAITHERSBURG,MD,208785622,USA,UNITED STATES,(440) 989-7621,,MARYLAND 05,R799,SUPPORT- MANAGEMENT: OTHER,541611.0,ADMINISTRATIVE MANAGEMENT AND GENERAL MANAGEMENT CONSULTING SERVICES,MD,,USA,MONTGOMERY,GAITHERSBURG,,20878,5622.0,,2025-09-09-0233
36C24625P0118,Department of Veterans Affairs,Partnership for Public Service Inc.,12900.0,Government in Excellence Leadership Program,Expired,https://www.fpds.gov/ezsearch/jsp/viewLinkController.jsp?agencyID=3600&PIID=36C24625P0118&modNumber=0&idvAgencyID=&idvPIID=&contractType=AWARD,2/28/2025,0.0,3600,36C24625P0118,0,,,,10/11/2024,10/11/2024,08/31/2025,08/31/2025,10/10/2024,12900.0,,12900.0,,12900.0,,ZCCVNJ2LNMC3,PARTNERSHIP FOR PUBLIC SERVICE INC,,3V6X8,600 14TH ST NW,STE 600,WASHINGTON,DC,200052028,USA,UNITED STATES,(202) 775-9111,(202) 775-8885, ,U005,EDUCATION/TRAINING- TUITION/REGISTRATION/MEMBERSHIP FEES,611430.0,PROFESSIONAL AND MANAGEMENT DEVELOPMENT TRAINING,VA,,USA,HAMPTON CITY,HAMPTON,,23667,9900.0,,2025-09-09-0233
36C26324C0002,Department of Veterans Affairs,SALVADORINI CONSULTING LLC,2745240.0,MOBILE MAGNETIC RESONANCE IMAGING (MRI) SERVICES INCLUDING TECHNICIAN,TERMINATED,https://www.fpds.gov/ezsearch/jsp/viewLinkController.jsp?agencyID=3600&PIID=36C26324C0002&modNumber=P00002&idvAgencyID=&idvPIID=&contractType=AWARD,9/25/2025,1446281.32,3600,36C26324C0002,P00002,,,,09/17/2025,12/15/2023,04/01/2025,04/01/2025,08/15/2023,-536201.32,1298958.68,-536201.32,1298958.68,-536201.32,2209038.68,HFMDGMCHN333,SALVADORINI CONSULTING LLC,,3DGS2,2550 MERIDIAN BLVD STE 200 # 108,,FRANKLIN,TN,370676384,USA,UNITED STATES,(248) 521-0019,,TENNESSEE 05,Q522,MEDICAL- RADIOLOGY,621512.0,DIAGNOSTIC IMAGING CENTERS,MN,,USA,HENNEPIN,MINNEAPOLIS,,55417,2309.0,,2025-10-04-2333
36C26324P0007,Department of Veterans Affairs,UNIVERSITY OF SOUTH DAKOTA,25000.0,"PROCESS, PHYSICAL DISTRIBUTION, AND LOGISTICS CONSULTING SERVICES: INSTITUTIONAL REVIEW BOARD",TERMINATED,https://www.fpds.gov/ezsearch/jsp/viewLinkController.jsp?agencyID=3600&PIID=36C26324P0007&modNumber=P00002&idvAgencyID=&idvPIID=&contractType=AWARD,9/24/2025,15000.0,3600,36C26324P0007,P00002,,,,03/11/2025,10/01/2023,09/30/2028,09/30/2028,09/18/2023,0.0,15000.0,0.0,25000.0,0.0,25000.0,U9EDNSCHTBE7,UNIVERSITY OF SOUTH DAKOTA,,0HJN3,414 E CLARK ST,,VERMILLION,SD,570692307,USA,UNITED STATES,(605) 658-3760,,SOUTH DAKOTA 00,R406,SUPPORT- PROFESSIONAL: POLICY REVIEW/DEVELOPMENT,541614.0,"PROCESS, PHYSICAL DISTRIBUTION, AND LOGISTICS CONSULTING SERVICES",ND,,USA,CASS,FARGO,,58102,2570.0,,2025-10-04-2333
36C77621P0002,Department of Veterans Affairs,"ADVANCED SURVEY DESIGN, LLC",350622.57,ALL EMPLOYEE SURVEY SUPPORT,TERMINATED,https://www.fpds.gov/ezsearch/jsp/viewLinkController.jsp?agencyID=3600&PIID=36C77621P0002&modNumber=P00005&idvAgencyID=&idvPIID=&contractType=AWARD,9/22/2025,34102.82,3600,36C77621P0002,P00005,,,,09/15/2025,03/01/2021,08/20/2025,08/20/2025,08/27/2020,-34102.8,316519.75,-34102.8,316519.77,-34102.8,316519.77,T3XYGDJZ4DC9,"ADVANCED SURVEY DESIGN, LLC",,456U1,1193 10TH ST STE A,,MONTEREY,CA,939403611,USA,UNITED STATES,(831) 641-9701,(831) 886-3620,CALIFORNIA 19,R699,SUPPORT- ADMINISTRATIVE: OTHER,518210.0,"COMPUTING INFRASTRUCTURE PROVIDERS, DATA PROCESSING, WEB HOSTING, AND RELATED SERVICES",OH,,USA,HAMILTON,CINCINNATI,,45202,1150.0,,2025-10-04-2333
36C24823P0320,Department of Veterans Affairs,PRESS GANEY ASSOCIATES LLC,122993.76,ADMINISTRATIVE SERVICES: NATIONAL DATABASE OF NURSING QUALITY INDICATORS MEMBERSHIP,TERMINATED,https://www.fpds.gov/ezsearch/jsp/viewLinkController.jsp?agencyID=3600&PIID=36C24823P0320&modNumber=P00003&idvAgencyID=&idvPIID=&contractType=AWARD,9/19/2025,64527.54,3600,36C24823P0320,P00003,,,,09/05/2025,01/02/2023,04/02/2025,04/02/2025,,0.0,58466.22,0.0,122993.76,0.0,122993.76,PTAKRVGUJE53,PRESS GANEY ASSOCIATES LLC,,3DFC7,1173 IGNITION DR,,SOUTH BEND,IN,466012901,USA,UNITED STATES,(800) 232-8032,,INDIANA 02,R699,SUPPORT- ADMINISTRATIVE: OTHER,541611.0,ADMINISTRATIVE MANAGEMENT AND GENERAL MANAGEMENT CONSULTING SERVICES,FL,,USA,HILLSBOROUGH,TAMPA,,33612,5500.0,,2025-10-04-2333
36C78624C0069,Department of Veterans Affairs,AB CEMETERY MANAGEMENT INC.,508520.63,IRRIGATION SYSTEM REPLACEMENT,TERMINATED,https://www.fpds.gov/ezsearch/jsp/viewLinkController.jsp?agencyID=3600&PIID=36C78624C0069&modNumber=P00001&idvAgencyID=&idvPIID=&contractType=AWARD,9/18/2025,508520.63,3600,36C78624C0069,P00001,,,,09/02/2025,09/16/2024,04/14/2025,04/14/2025,07/19/2024,-508520.63,0.0,-508520.63,0.0,-508520.63,0.0,L77RBGF6GBV8,AB CEMETERY MANAGEMENT INC.,AB CEMETERY MANAGEMENT INC.,64J83,612 TELFORD AVE,,SOUTH SAN FRANCISCO,CA,940802755,USA,UNITED STATES,(415) 608-0733,,CALIFORNIA 15,Y1NZ,CONSTRUCTION OF OTHER UTILITIES,561730.0,LANDSCAPING SERVICES,CA,,USA,SAN MATEO,SAN BRUNO,,94066,7470.0,,2025-10-04-2333
36C25022P1206,Department of Veterans Affairs,CT CONSULTANTS INC,500280.0,RESPIRATORY FIT TESTING AND TRAINING FOR THE VETERANS AFFAIRS NORTHERN INDIANA HEALTHCARE SYSTEM (FORT WAYNE & MARION CAMPUSES),TERMINATED,https://www.fpds.gov/ezsearch/jsp/viewLinkController.jsp?agencyID=3600&PIID=36C25022P1206&modNumber=P00005&idvAgencyID=&idvPIID=&contractType=AWARD,9/16/2025,353160.0,3600,36C25022P1206,P00005,,,,03/12/2025,08/01/2022,07/31/2025,07/31/2025,04/13/2022,0.0,147120.0,0.0,147120.0,-153060.0,347220.0,LT84VEJCWRR3,CT CONSULTANTS INC,,0EPP3,8150 STERLING CT,,MENTOR,OH,440605698,USA,UNITED STATES,(440) 530-2338,(440) 951-7487,OHIO 14,R428,SUPPORT- PROFESSIONAL: INDUSTRIAL HYGIENICS,541620.0,ENVIRONMENTAL CONSULTING SERVICES,OH,,USA,LUCAS,TOLEDO,,43604,5305.0,,2025-10-04-2333
VA101F15J0277,Department of Veterans Affairs,ENVIROS LLC,254878.08,FACILITIES SUPPORT SERVICES,Expired,https://www.fpds.gov/ezsearch/jsp/viewLinkController.jsp?agencyID=3600&PIID=VA101F15J0277&modNumber=P00003&idvAgencyID=&idvPIID=GS21F0102Y&contractType=AWARD,9/16/2025,197161.78,3600,VA101F15J0277,P00003,4732,GS21F0102Y,PO0028,08/29/2025,08/14/2015,07/10/2025,07/10/2025,,-197161.78,57716.3,-197161.78,57716.3,-197161.78,57716.3,ECT6DLK37A17,ENVIROS LLC,,5BG80,220 RAMSEY ST,,HASTINGS,MN,550331219,USA,UNITED STATES,(718) 314-6599,(612) 395-5445,MINNESOTA 02,C214,ARCHITECT AND ENGINEERING- GENERAL: MANAGEMENT ENGINEERING,561210.0,FACILITIES SUPPORT SERVICES,MD,,USA,CECIL,PERRYVILLE,,21903,179.0,,2025-10-04-2333
36C10X21F0041,Department of Veterans Affairs,RED INCORPORATED,823998.79,POSTTRAUMATIC STRESS DISORDER (PTSD) WEBSITE MAINTENANCE AND UPDATING,Expired,https://www.fpds.gov/ezsearch/jsp/viewLinkController.jsp?agencyID=3600&PIID=36C10X21F0041&modNumber=P00007&idvAgencyID=&idvPIID=GS23F0119R&contractType=AWARD,9/16/2025,164937.0,3600,36C10X21F0041,P00007,4730,GS23F0119R,PA0034,09/04/2025,03/29/2021,03/28/2025,03/28/2025,02/04/2021,0.0,659061.79,0.0,659061.79,0.0,823998.79,ZQBJVC9LJC15,RED INCORPORATED,RED INCORPORATED COMMUNICATIONS,031U3,510 ENERGY PL,,IDAHO FALLS,ID,834013586,USA,UNITED STATES,(208) 528-0051,(208) 528-0059,IDAHO 02,R499,SUPPORT- PROFESSIONAL: OTHER,541810.0,ADVERTISING AGENCIES,ID,,USA,BONNEVILLE,IDAHO FALLS,,83401,1722.0,,2025-10-04-2333
36C24224P1216,Department of Veterans Affairs,SALVADORINI CONSULTING LLC,3165000.0,LEASE OF MOBLIE MEDICAL MRI AND TRAILER,TERMINATED,https://www.fpds.gov/ezsearch/jsp/viewLinkController.jsp?agencyID=3600&PIID=36C24224P1216&modNumber=P00001&idvAgencyID=&idvPIID=&contractType=AWARD,9/12/2025,2861902.5,3600,36C24224P1216,P00001,,,,09/10/2025,09/01/2024,08/31/2025,08/31/2029,01/22/2024,-341902.5,303097.5,-341902.5,303097.5,-2861902.5,303097.5,HFMDGMCHN333,SALVADORINI CONSULTING LLC,,3DGS2,2550 MERIDIAN BLVD STE 200 # 108,,FRANKLIN,TN,370676384,USA,UNITED STATES,(248) 521-0019,,TENNESSEE 05,W065,"LEASE OR RENTAL OF EQUIPMENT- MEDICAL, DENTAL, AND VETERINARY EQUIPMENT AND SUPPLIES",532490.0,OTHER COMMERCIAL AND INDUSTRIAL MACHINERY AND EQUIPMENT RENTAL AND LEASING,NJ,,USA,OCEAN,TOMS RIVER,,08753,8234.0,,2025-10-04-2333
36C25025C0012,Department of Veterans Affairs,"GRACE REGISTRY SERVICES, LLC",689365.0,SPECIAL STUDIES/ANALYSIS- MEDICAL/HEALTH: CANCER REGISTRY SERVICES,TERMINATED,https://www.fpds.gov/ezsearch/jsp/viewLinkController.jsp?agencyID=3600&PIID=36C25025C0012&modNumber=P00001&idvAgencyID=&idvPIID=&contractType=AWARD,9/11/2025,96237.25,3600,36C25025C0012,P00001,,,,08/22/2025,11/01/2024,10/31/2025,10/31/2029,07/01/2024,-96237.25,47762.75,-96237.25,47762.75,-96237.25,593127.75,XNZZLF8WG237,"GRACE REGISTRY SERVICES, LLC",,4DKS5,7619 146TH AVENUE CT E,,SUMNER,WA,983908245,USA,UNITED STATES,(425) 591-8318,,WASHINGTON 08,B537,SPECIAL STUDIES/ANALYSIS- MEDICAL/HEALTH,541611.0,ADMINISTRATIVE MANAGEMENT AND GENERAL MANAGEMENT CONSULTING SERVICES,OH,,USA,CUYAHOGA,CLEVELAND,,44106,2369.0,,2025-10-04-2333
36C26325N0320,Department of Veterans Affairs,BECKER DIGITAL LLC,106290.0,"POLICE CRISIS INTERVENTION TRAINING, VETERANS INTEGRATED SERVICE NETWORKS 23 HEALTHCARE SYSTEM",TERMINATED,https://www.fpds.gov/ezsearch/jsp/viewLinkController.jsp?agencyID=3600&PIID=36C26325N0320&modNumber=P00001&idvAgencyID=&idvPIID=36C26324D0050&contractType=AWARD,9/11/2025,106290.0,3600,36C26325N0320,P00001,3600,36C26324D0050,0,03/04/2025,03/01/2025,02/28/2026,02/28/2026,12/25/2024,-106290.0,0.0,-106290.0,0.0,-106290.0,0.0,N7Q5HHSCXZ71,BECKER DIGITAL LLC,,8DVA9,185 E 36TH ST,,BUENA VISTA,VA,244169681,USA,UNITED STATES,(540) 572-0311,,VIRGINIA 06,U008,EDUCATION/TRAINING- TRAINING/CURRICULUM DEVELOPMENT,611430.0,PROFESSIONAL AND MANAGEMENT DEVELOPMENT TRAINING,MN,,USA,HENNEPIN,MINNEAPOLIS,,55417,2309.0,,2025-10-04-2333
36C24822N0865,Department of Veterans Affairs,"AESUS DESIGN GROUP, LLC",517571.16,Engineering services for corridor upgrade at James A. Haley,Expired,https://www.fpds.gov/ezsearch/jsp/viewLinkController.jsp?agencyID=3600&PIID=36C24822N0865&modNumber=P00003&idvAgencyID=&idvPIID=36C24819D0022&contractType=AWARD,5/15/2025,110564.0,3600,36C24822N0865,P00003,3600,36C24819D0022,0,02/13/2025,09/15/2022,03/28/2025,09/30/2025,08/18/2022,0.0,407007.0,0.0,407007.0,0.0,517571.16,JRH5B399U5W5,"AESUS DESIGN GROUP, LLC",,734P4,1050 E SOUTHERN AVE STE 5,,TEMPE,AZ,852825483,USA,UNITED STATES,(480) 454-2861,,ARIZONA 04,C1DA,ARCHITECT AND ENGINEERING- CONSTRUCTION: HOSPITALS AND INFIRMARIES,541330.0,ENGINEERING SERVICES,FL,,USA,HILLSBOROUGH,TAMPA,,33612,4745.0,,2025-10-04-2333
36C26324N0465,Department of Veterans Affairs,"FOURFRONT DESIGN, INC.",256067.96,Replace Fire Alarm System at Fargo VA Health Care,Expired,https://www.fpds.gov/ezsearch/jsp/viewLinkController.jsp?agencyID=3600&PIID=36C26324N0465&modNumber=P00002&idvAgencyID=&idvPIID=36C26319D0045&contractType=AWARD,5/15/2025,69827.0,3600,36C26324N0465,P00002,3600,36C26319D0045,0,03/10/2025,02/06/2024,05/01/2025,09/30/2025,12/07/2023,0.0,186240.64,0.0,186240.64,0.0,256067.96,PPMKJ7QSUL76,"FOURFRONT DESIGN, INC.",4 FRONT,025M3,517 7TH ST,,RAPID CITY,SD,577012646,USA,UNITED STATES,(605) 342-9470,(605) 342-2377,SOUTH DAKOTA 00,C1DA,ARCHITECT AND ENGINEERING- CONSTRUCTION: HOSPITALS AND INFIRMARIES,541330.0,ENGINEERING SERVICES,ND,,USA,CASS,FARGO,,58102,2570.0,,2025-10-04-2333
36C10X21C0067,Department of Veterans Affairs,"FIRST ENVIRONMENT, INC.",6321723.02,ENVIRONMENTAL CONSULTING SERVICES ESG INFORMATION CONSULTING AND ANALYTICS FOR VBA'S LGY,TERMINATED,https://www.fpds.gov/ezsearch/jsp/viewLinkController.jsp?agencyID=3600&PIID=36C10X21C0067&modNumber=P00006&idvAgencyID=&idvPIID=&contractType=AWARD,4/1/2025,1360082.82,3600,36C10X21C0067,P00006,,,,09/22/2025,09/27/2021,02/25/2025,02/25/2025,09/15/2021,0.0,4961640.2,0.0,4961640.2,0.0,6321723.02,FWE5JGSJCBD9,"FIRST ENVIRONMENT, INC.",,1JQG4,10 PARK PL STE 504 BLDG 1A,,BUTLER,NJ,074051327,USA,UNITED STATES,(973) 334-0003,(973) 334-0928,NEW JERSEY 11,R499,SUPPORT- PROFESSIONAL: OTHER,541620.0,ENVIRONMENTAL CONSULTING SERVICES,NJ,,USA,MORRIS,BUTLER,,07405,1371.0,,2025-10-04-2333
36C77623N0888,Department of Veterans Affairs,"J P SYSTEMS, INC.",33753801.84,OTHER SCIENTIFIC AND TECHNICAL CONSULTING SERVICES TERMINOLOGY STANDARDS SUPPORT SERVICES,TERMINATED,https://www.fpds.gov/ezsearch/jsp/viewLinkController.jsp?agencyID=3600&PIID=36C77623N0888&modNumber=P00005&idvAgencyID=&idvPIID=36C77621D0020&contractType=AWARD,3/28/2025,17289929.64,3600,36C77623N0888,P00005,3600,36C77621D0020,0,09/17/2025,09/20/2023,03/05/2025,03/05/2025,07/06/2023,-4377597.68,12050864.21,-4377597.68,12050864.21,-4377597.68,29340793.85,PX35YDEXGEJ5,"J P SYSTEMS, INC.",,3YHH1,7419 KINCHELOE RD,,CLIFTON,VA,201241831,USA,UNITED STATES,(703) 864-9247,(888) 789-8990,VIRGINIA 10,R499,SUPPORT- PROFESSIONAL: OTHER,541690.0,OTHER SCIENTIFIC AND TECHNICAL CONSULTING SERVICES,VA,,USA,FAIRFAX,CLIFTON,,20124,1831.0,,2025-10-04-2333
36C10F23C0011,Department of Veterans Affairs,THE ADVISORY BOARD COMPANY,260312.5,The Advisory Board Company,TERMINATED,https://www.fpds.gov/ezsearch/jsp/viewLinkController.jsp?agencyID=3600&PIID=36C10F23C0011&modNumber=P00003&idvAgencyID=&idvPIID=&contractType=AWARD,3/12/2025,152188.0,3600,36C10F23C0011,P00003,,,,09/18/2025,09/30/2023,09/15/2025,09/15/2025,09/11/2023,-33811.13,74313.87,-33811.13,74313.87,-185998.63,74313.87,H1MSGK24RQN4,THE ADVISORY BOARD COMPANY,THE ADVISORY BOARD COMPANY,1NYJ4,655 NEW YORK AVENUE NW,,WASHINGTON,DC,200014593,USA,UNITED STATES,(952) 205-6183,(202) 266-5700,DISTRICT OF COLUMBIA 98,U005,EDUCATION/TRAINING- TUITION/REGISTRATION/MEMBERSHIP FEES,541618.0,OTHER MANAGEMENT CONSULTING SERVICES,DC,,USA,DISTRICT OF COLUMBIA,WASHINGTON,,20001,1152.0,,2025-10-04-2333
36C10X24N0216,Department of Veterans Affairs,REEFPOINT GROUP LLC,4749546.84,"The contractor is responsible for developing and implementing a database for the Paperwork Reduction Act, cataloging analytics software and identifying gaps, and providing data engineering and analytic support to enable the creation of datasets and data products.",EXERCISE AN OPTION,https://www.fpds.gov/ezsearch/jsp/viewLinkController.jsp?agencyID=3600&PIID=36C10X24N0216&modNumber=P00003&idvAgencyID=&idvPIID=36C10X23D0018&contractType=AWARD,3/11/2025,2865667.66,3600,36C10X24N0216,P00003,3600,36C10X23D0018,0,09/23/2025,09/26/2024,09/25/2026,09/25/2029,07/19/2024,695263.34,2579142.52,695263.34,2579142.52,0.0,4749546.84,SJ7DG9KSK4U5,REEFPOINT GROUP LLC,REEFPOINT GROUP,51D82,612 THIRD ST STE 3A,,ANNAPOLIS,MD,214033246,USA,UNITED STATES,(443) 871-9191,(443) 458-0180,MARYLAND 03,R408,SUPPORT- PROFESSIONAL: PROGRAM MANAGEMENT/SUPPORT,541611.0,ADMINISTRATIVE MANAGEMENT AND GENERAL MANAGEMENT CONSULTING SERVICES,MD,,USA,ANNE ARUNDEL,ANNAPOLIS,,21403,3246.0,,2025-10-04-2333
36C10X21N0060,Department of Veterans Affairs,"APTIVE HTG, LLC",3037586.77,VHA INTEGRATED HEALTHCARE TRANSFORMATION (IHT) IDIQ CONTRACT - TASK ORDER FOR WOMEN'S HEALTH SUPPORT,TERMINATED,https://www.fpds.gov/ezsearch/jsp/viewLinkController.jsp?agencyID=3600&PIID=36C10X21N0060&modNumber=P00011&idvAgencyID=&idvPIID=36C10X20D0002&contractType=AWARD,3/6/2025,405392.8,3600,36C10X21N0060,P00011,3600,36C10X20D0002,0,09/11/2025,04/09/2021,03/10/2025,03/10/2025,03/15/2021,-60708.39,2571485.58,-60708.39,2571485.58,-466101.19,2571485.58,L2LMMGFF12A3,"APTIVE HTG, LLC",,8A9S8,421 KING ST STE 200,,ALEXANDRIA,VA,223143121,USA,UNITED STATES,(703) 598-0697,,VIRGINIA 08,R408,SUPPORT- PROFESSIONAL: PROGRAM MANAGEMENT/SUPPORT,541611.0,ADMINISTRATIVE MANAGEMENT AND GENERAL MANAGEMENT CONSULTING SERVICES,VA,,USA,ALEXANDRIA CITY,ALEXANDRIA,,22314,3121.0,,2025-10-04-2333
36C10X22N0097,Department of Veterans Affairs,RB MANAGEMENT CONSULTANTS LLC,1091627.04,VHA INTEGRATED HEALTHCARE TRANSFORMATION (IHT) IDIQ CONTRACT- TASK ORDER FOR TECHNICAL WRITING SUPPORT SERVICES.,TERMINATED,https://www.fpds.gov/ezsearch/jsp/viewLinkController.jsp?agencyID=3600&PIID=36C10X22N0097&modNumber=P00006&idvAgencyID=&idvPIID=36C10X20D0004&contractType=AWARD,3/5/2025,65719.32,3600,36C10X22N0097,P00006,3600,36C10X20D0004,0,09/27/2025,08/22/2022,02/25/2025,03/04/2025,03/17/2022,-143204.11,882703.61,-143204.11,882703.61,-208923.43,882703.61,HEAKVJCG8MV6,RB MANAGEMENT CONSULTANTS LLC,,7X4V2,2011 CRYSTAL DR STE 400,,ARLINGTON,VA,222023709,USA,UNITED STATES,(240) 444-2511,,VIRGINIA 08,R499,SUPPORT- PROFESSIONAL: OTHER,541611.0,ADMINISTRATIVE MANAGEMENT AND GENERAL MANAGEMENT CONSULTING SERVICES,VA,,USA,ARLINGTON,ARLINGTON,,22209,2281.0,,2025-10-04-2333
36C10X22N0202,Department of Veterans Affairs,RB MANAGEMENT CONSULTANTS LLC,1971916.64,"VHA INTEGRATED HEALTHCARE TRANSFORMATION (IHT) IDIQ CONTRACT- MODIFICATION TO UPDATE CLAUSES, KEY PERSONNEL, AND ADMINISTRATION DATA INCLUDING NEW PARTNER ADDITIONS. TASK ORDER FOR HPO EXECUTIVE ADMIN SUPPORT.",TERMINATED,https://www.fpds.gov/ezsearch/jsp/viewLinkController.jsp?agencyID=3600&PIID=36C10X22N0202&modNumber=P00004&idvAgencyID=&idvPIID=36C10X20D0004&contractType=AWARD,3/5/2025,811952.64,3600,36C10X22N0202,P00004,3600,36C10X20D0004,0,09/27/2025,09/29/2022,02/25/2025,03/04/2025,08/16/2022,-178508.23,981455.77,-178508.23,981455.77,-990460.87,981455.77,HEAKVJCG8MV6,RB MANAGEMENT CONSULTANTS LLC,,7X4V2,2011 CRYSTAL DR STE 400,,ARLINGTON,VA,222023709,USA,UNITED STATES,(240) 444-2511,,VIRGINIA 08,R410,SUPPORT- PROFESSIONAL: PROGRAM EVALUATION/REVIEW/DEVELOPMENT,541611.0,ADMINISTRATIVE MANAGEMENT AND GENERAL MANAGEMENT CONSULTING SERVICES,VA,,USA,ARLINGTON,ARLINGTON,,22209,2281.0,,2025-10-04-2333
36C10X22N0154,Department of Veterans Affairs,RB MANAGEMENT CONSULTANTS LLC,2859292.33,"VHA INTEGRATED HEALTHCARE TRANSFORMATION (IHT) IDIQ CONTRACT- MODIFICATION TO UPDATE CLAUSES, KEY PERSONNEL, AND ADMINISTRATION DATA INCLUDING NEW PARTNER ADDITIONS.",TERMINATED,https://www.fpds.gov/ezsearch/jsp/viewLinkController.jsp?agencyID=3600&PIID=36C10X22N0154&modNumber=P00006&idvAgencyID=&idvPIID=36C10X20D0004&contractType=AWARD,3/5/2025,1224858.02,3600,36C10X22N0154,P00006,3600,36C10X20D0004,0,09/23/2025,09/16/2022,02/25/2025,02/25/2025,07/27/2022,-354322.2,1280112.11,-354322.2,1280112.11,-1578050.02,1280112.11,HEAKVJCG8MV6,RB MANAGEMENT CONSULTANTS LLC,,7X4V2,2011 CRYSTAL DR STE 400,,ARLINGTON,VA,222023709,USA,UNITED STATES,(240) 444-2511,,VIRGINIA 08,R426,SUPPORT- PROFESSIONAL: COMMUNICATIONS,541611.0,ADMINISTRATIVE MANAGEMENT AND GENERAL MANAGEMENT CONSULTING SERVICES,VA,,USA,ARLINGTON,ARLINGTON,,22209,2281.0,,2025-10-04-2333
36C10X21N0150,Department of Veterans Affairs,TITAN ALPHA LLC,1577064.36,VHA INTEGRATED HEALTHCARE TRANSFORMATION (IHT) IDIQ CONTRACT,TERMINATED,https://www.fpds.gov/ezsearch/jsp/viewLinkController.jsp?agencyID=3600&PIID=36C10X21N0150&modNumber=P00005&idvAgencyID=&idvPIID=36C10X20D0006&contractType=AWARD,3/5/2025,328034.2,3600,36C10X21N0150,P00005,3600,36C10X20D0006,0,09/19/2025,09/28/2021,02/25/2025,02/25/2025,09/01/2021,-166876.71,1082153.45,-166876.71,1082153.45,-494910.91,1082153.45,EGLRC9AH8XA7,TITAN ALPHA LLC,,80RY6,13846 REMBRANDT WAY,,CHANTILLY,VA,201513255,USA,UNITED STATES,(202) 792-1005,(202) 540-8006,VIRGINIA 11,R499,SUPPORT- PROFESSIONAL: OTHER,541611.0,ADMINISTRATIVE MANAGEMENT AND GENERAL MANAGEMENT CONSULTING SERVICES,VA,,USA,FAIRFAX,CHANTILLY,,20151,3255.0,,2025-10-04-2333
36C10X25N0017,Department of Veterans Affairs,"CPS PROFESSIONAL SERVICES, LLC",5875704.6,TRANSITION AND ECONOMIC DEVELOPMENT PROGRAM SUPPORT,TERMINATED,https://www.fpds.gov/ezsearch/jsp/viewLinkController.jsp?agencyID=3600&PIID=36C10X25N0017&modNumber=P00003&idvAgencyID=&idvPIID=36C10X21D0007&contractType=AWARD,3/5/2025,3219886.1,3600,36C10X25N0017,P00003,3600,36C10X21D0007,0,02/25/2025,10/01/2024,02/25/2025,02/25/2025,09/27/2024,0.0,2655818.48,0.0,2655818.48,0.0,5875704.6,H893H8FL41D3,"CPS PROFESSIONAL SERVICES, LLC",,4CUA3,3190 FAIRVIEW PARK DR STE 1050,,FALLS CHURCH,VA,220424559,USA,UNITED STATES,(571) 570-4806,,VIRGINIA 11,R408,SUPPORT- PROFESSIONAL: PROGRAM MANAGEMENT/SUPPORT,541611.0,ADMINISTRATIVE MANAGEMENT AND GENERAL MANAGEMENT CONSULTING SERVICES,VA,,USA,FAIRFAX,MCLEAN,,22101,3605.0,,2025-10-04-2333
36C10X24F0042,Department of Veterans Affairs,"CPS PROFESSIONAL SERVICES, LLC",2171188.21,SINGLE-AWARD BLANKET PURCHASE AGREEMENT FOR IV&V FOR THE MEDICAL DISABILITY EXAMINATION PROGRAM TO COMBINING TO 23F0027 & 23F0036.,TERMINATED,https://www.fpds.gov/ezsearch/jsp/viewLinkController.jsp?agencyID=3600&PIID=36C10X24F0042&modNumber=P00005&idvAgencyID=&idvPIID=36C10X22A0003&contractType=AWARD,3/5/2025,0.0,3600,36C10X24F0042,P00005,3600,36C10X22A0003,P00004,09/08/2025,03/08/2024,02/25/2025,02/25/2025,03/06/2024,0.0,2171188.21,0.0,2171188.21,0.0,2171188.21,H893H8FL41D3,"CPS PROFESSIONAL SERVICES, LLC",,4CUA3,8300 GREENSBORO DR # 720,,MC LEAN,VA,221023605,USA,UNITED STATES,(571) 570-4823,,VIRGINIA 11,R799,SUPPORT- MANAGEMENT: OTHER,541611.0,ADMINISTRATIVE MANAGEMENT AND GENERAL MANAGEMENT CONSULTING SERVICES,VA,,USA,FAIRFAX,MCLEAN,,22102,3605.0,,2025-10-04-2333
36C10X24F0103,Department of Veterans Affairs,DATIX (USA) INC.,239425.0,MISSION ACT: CREDENTIALS VERIFICATION ORGANIZATION FOR NON-COMMUNITY CARE NETWORK (CCN) PROVIDERS,TERMINATED,https://www.fpds.gov/ezsearch/jsp/viewLinkController.jsp?agencyID=3600&PIID=36C10X24F0103&modNumber=P00002&idvAgencyID=&idvPIID=36C10X22D0004&contractType=AWARD,3/5/2025,0.0,3600,36C10X24F0103,P00002,3600,36C10X22D0004,0,09/22/2025,09/16/2024,02/25/2025,02/25/2025,09/10/2024,-182650.93,56774.07,-182650.93,56774.07,-182650.93,56774.07,QK5YGNPWLAJ1,DATIX (USA) INC.,,6LPS9,311 S WACKER DR STE 4900,,CHICAGO,IL,606066627,USA,UNITED STATES,(949) 524-0082,,ILLINOIS 07,R699,SUPPORT- ADMINISTRATIVE: OTHER,541611.0,ADMINISTRATIVE MANAGEMENT AND GENERAL MANAGEMENT CONSULTING SERVICES,IL,,USA,COOK,CHICAGO,,60606,5165.0,,2025-10-04-2333
36C10X24F0101,Department of Veterans Affairs,MERAKI COMMUNICATIONS GROUP LLC,635245.4,COMMERCIAL PROFESSIONAL SERVICES,TERMINATED,https://www.fpds.gov/ezsearch/jsp/viewLinkController.jsp?agencyID=3600&PIID=36C10X24F0101&modNumber=P00002&idvAgencyID=&idvPIID=36C10X23D0016&contractType=AWARD,3/5/2025,396772.4,3600,36C10X24F0101,P00002,3600,36C10X23D0016,0,02/25/2025,09/23/2024,02/25/2025,02/25/2025,07/29/2024,0.0,238473.0,0.0,238473.0,0.0,635245.44,PUNNRG8Y1Y25,MERAKI COMMUNICATIONS GROUP LLC,,8EP85,6722 W WAKEFIELD DR,APT C1,ALEXANDRIA,VA,223076756,USA,UNITED STATES,(571) 217-9323,,VIRGINIA 11,R499,SUPPORT- PROFESSIONAL: OTHER,541611.0,ADMINISTRATIVE MANAGEMENT AND GENERAL MANAGEMENT CONSULTING SERVICES,VA,,USA,FAIRFAX,ALEXANDRIA,,22307,6756.0,,2025-10-04-2333
36C10X23N0146,Department of Veterans Affairs,"WORLDWIDE COUNTER THREAT SOLUTIONS, LLC",16284790.65,REVISED LCATS TO MEET GOVERNMENT NEEDS,TERMINATED,https://www.fpds.gov/ezsearch/jsp/viewLinkController.jsp?agencyID=3600&PIID=36C10X23N0146&modNumber=P00007&idvAgencyID=&idvPIID=VA119A17D0101&contractType=AWARD,3/5/2025,12600450.4,3600,36C10X23N0146,P00007,3600,VA119A17D0101,0,09/19/2025,09/29/2023,02/25/2025,03/04/2025,08/16/2023,-521289.48,3163050.77,-521289.48,3163050.77,-13121739.88,3163050.77,L2NXZG3KANK3,"WORLDWIDE COUNTER THREAT SOLUTIONS, LLC",,48ZG3,1235 CENTRAL PARK BLVD,,FREDERICKSBURG,VA,224014912,USA,UNITED STATES,(703) 412-9394,(571) 431-6864,VIRGINIA 07,R499,SUPPORT- PROFESSIONAL: OTHER,541611.0,ADMINISTRATIVE MANAGEMENT AND GENERAL MANAGEMENT CONSULTING SERVICES,VA,,USA,FREDERICKSBURG CITY,FREDERICKSBURG,,22401,4912.0,,2025-10-04-2333
36C10X24N0153,Department of Veterans Affairs,"RB CONSULTING, INC.",6907592.11,VECTOR-0143: OSDBU EXECUTIVE LEADERSHIP INTERDISCIPLINARY TACTICAL EXCELLENCE (ELITE) SUPPORT SERVICE,TERMINATED,https://www.fpds.gov/ezsearch/jsp/viewLinkController.jsp?agencyID=3600&PIID=36C10X24N0153&modNumber=P00002&idvAgencyID=&idvPIID=VA119A17D0132&contractType=AWARD,3/5/2025,5865088.63,3600,36C10X24N0153,P00002,3600,VA119A17D0132,0,09/19/2025,07/26/2024,02/19/2025,02/19/2025,02/20/2024,-370032.08,672471.4,-370032.08,672471.4,-6235120.71,672471.4,SNZEAMGH7LR8,"RB CONSULTING, INC.",RBCI,4MA15,5235 WESTVIEW DR STE 100,,FREDERICK,MD,217038397,USA,UNITED STATES,(866) 755-7224,(866) 755-3775,MARYLAND 06,R408,SUPPORT- PROFESSIONAL: PROGRAM MANAGEMENT/SUPPORT,541611.0,ADMINISTRATIVE MANAGEMENT AND GENERAL MANAGEMENT CONSULTING SERVICES,MD,,USA,FREDERICK,FREDERICK,,21703,8397.0,,2025-10-04-2333
36C10X23C0064,Department of Veterans Affairs,ZUBER CONSULTING,820910.0,"PROGRAMMING, DEVELOPMENT, DELIVERY, & SUPPORT OF THE INET ACCELERATOR PROGRAM",TERMINATED,https://www.fpds.gov/ezsearch/jsp/viewLinkController.jsp?agencyID=3600&PIID=36C10X23C0064&modNumber=P00004&idvAgencyID=&idvPIID=&contractType=AWARD,2/26/2025,0.0,3600,36C10X23C0064,P00004,,,,09/12/2025,09/29/2023,02/25/2025,02/25/2025,09/18/2023,-143079.58,677830.42,-143079.58,677830.42,-143079.58,677830.42,RGSWB1KTCQ74,ZUBER CONSULTING,,8TEB1,5660 BIG CANON DR,,GREENWOOD VILLAGE,CO,801113512,USA,UNITED STATES,(212) 537-0132,,COLORADO 06,R410,SUPPORT- PROFESSIONAL: PROGRAM EVALUATION/REVIEW/DEVELOPMENT,541611.0,ADMINISTRATIVE MANAGEMENT AND GENERAL MANAGEMENT CONSULTING SERVICES,CO,,USA,ARAPAHOE,GREENWOOD VILLAGE,,80111,3512.0,,2025-10-04-2333
36C10X23N0126,Department of Veterans Affairs,"MANAGEMENT SUPPORT TECHNOLOGY, INCORPORATED",10222790.4,PROFESSIONAL PROGRAM MANAGEMENT AND BUSINESS PROCESS ANALYSIS SUPPORT RELATED SERVICES,TERMINATED,https://www.fpds.gov/ezsearch/jsp/viewLinkController.jsp?agencyID=3600&PIID=36C10X23N0126&modNumber=P00007&idvAgencyID=&idvPIID=VA119A17D0121&contractType=AWARD,2/18/2025,7047284.4,3600,36C10X23N0126,P00007,3600,VA119A17D0121,0,09/15/2025,08/14/2023,02/13/2025,02/13/2025,07/05/2023,-892800.06,2282705.94,-892800.06,2282705.94,-1344020.46,8878769.94,DJPFLNM698S6,"MANAGEMENT SUPPORT TECHNOLOGY, INCORPORATED",M S T I,02FD2,3701 PENDER DR STE 505,,FAIRFAX,VA,220307471,USA,UNITED STATES,(703) 385-5841,(703) 385-5843,VIRGINIA 11,R410,SUPPORT- PROFESSIONAL: PROGRAM EVALUATION/REVIEW/DEVELOPMENT,541611.0,ADMINISTRATIVE MANAGEMENT AND GENERAL MANAGEMENT CONSULTING SERVICES,MD,,USA,FREDERICK,FREDERICK,,21702,6440.0,,2025-10-04-2333
