date,piid,agency,ceiling_value,value,update_date,fpds_status,fpds_link,vendor,description
2/5/2025,9523ZY19F0048,Commodity Futures Trading Commission,21382,0,2/11/2025,CLOSE OUT,https://www.fpds.gov/ezsearch/jsp/viewLinkController.jsp?agencyID=9507&PIID=9523ZY19F0048&modNumber=P00001&idvAgencyID=&idvPIID=GS02F026DA&contractType=AWARD,WEST PUBLISHING CORPORATION,RENEW WEST PRINT SUBSCRIPTIONS FOR VARIOUS LEGAL TITLES FOR EIGHT DIFFERENT ACCOUNTS IN EVERY CFTC LOCATION.
2/7/2025,9523ZY21P0041,Commodity Futures Trading Commission,255863,60373,2/13/2025,EXERCISE AN OPTION,https://www.fpds.gov/ezsearch/jsp/viewLinkController.jsp?agencyID=9507&PIID=9523ZY21P0041&modNumber=P00003&idvAgencyID=&idvPIID=&contractType=AWARD,"POLITICO, LLC",ANNUAL SUBSCRIPTION TO POLITICO PRO
2/10/2025,9531CB24C0024,Consumer Financial Protection Bureau,178350,148350,2/11/2025,TERMINATE FOR CONVENIENCE (COMPLETE OR PARTIAL),https://www.fpds.gov/ezsearch/jsp/viewLinkController.jsp?agencyID=955F&PIID=9531CB24C0024&modNumber=P00001&idvAgencyID=&idvPIID=&contractType=AWARD,BLOOMBERG FINANCE LP,BLOOMBERG TERMINALS
2/10/2025,9531CB23F0100,Consumer Financial Protection Bureau,850353,584172,2/11/2025,TERMINATE FOR CONVENIENCE (COMPLETE OR PARTIAL),https://www.fpds.gov/ezsearch/jsp/viewLinkController.jsp?agencyID=955F&PIID=9531CB23F0100&modNumber=P00002&idvAgencyID=&idvPIID=03310319D0026&contractType=AWARD,"BLOOMBERG INDUSTRY GROUP, INC.",BLOOMBERG GOVERNMENT SUBSCRIPTIONS
2/10/2025,9531CB25P0012,Consumer Financial Protection Bureau,635375,522660,2/11/2025,TERMINATE FOR CONVENIENCE (COMPLETE OR PARTIAL),https://www.fpds.gov/ezsearch/jsp/viewLinkController.jsp?agencyID=955F&PIID=9531CB25P0012&modNumber=P00001&idvAgencyID=&idvPIID=&contractType=AWARD,"POLITICO, LLC",POLITICO PRO
2/10/2025,9531CB25P0014,Consumer Financial Protection Bureau,127398,103398,2/11/2025,TERMINATE FOR CONVENIENCE (COMPLETE OR PARTIAL),https://www.fpds.gov/ezsearch/jsp/viewLinkController.jsp?agencyID=955F&PIID=9531CB25P0014&modNumber=P00002&idvAgencyID=&idvPIID=&contractType=AWARD,WP COMPANY LLC,WASHINGTON POST SUBSCRIPTION
2/10/2025,9531CB24P0017,Consumer Financial Protection Bureau,216665,176665,2/11/2025,TERMINATE FOR CONVENIENCE (COMPLETE OR PARTIAL),https://www.fpds.gov/ezsearch/jsp/viewLinkController.jsp?agencyID=955F&PIID=9531CB24P0017&modNumber=P00001&idvAgencyID=&idvPIID=&contractType=AWARD,DOW JONES & CO INC,WALL STREET JOURNAL SBSCRIPTION
2/10/2025,9531CB20F0046,Consumer Financial Protection Bureau,245616,0,2/11/2025,TERMINATE FOR CONVENIENCE (COMPLETE OR PARTIAL),https://www.fpds.gov/ezsearch/jsp/viewLinkController.jsp?agencyID=955F&PIID=9531CB20F0046&modNumber=P00008&idvAgencyID=&idvPIID=03310318DL19C0008&contractType=AWARD,"CQ-ROLL CALL, INC",PROCURE CQ ROLL CALL SUBSCRIPTION THROUGH LIBRARY OF CONGRESS CONTRACT.
2/10/2025,9531CB25F0039,Consumer Financial Protection Bureau,,,2/11/2025,TERMINATE FOR CONVENIENCE (COMPLETE OR PARTIAL),https://www.fpds.gov/ezsearch/jsp/viewLinkController.jsp?agencyID=955F&PIID=9531CB25F0039&modNumber=P00001&idvAgencyID=&idvPIID=03310323D0031&contractType=AWARD,,
1/28/2025,9531CB24A0008,Consumer Financial Protection Bureau,9999999,9999999,1/29/2025,CLOSE OUT,https://www.fpds.gov/ezsearch/jsp/viewLinkController.jsp?agencyID=955F&PIID=9531CB24A0008&modNumber=P00001&idvAgencyID=&idvPIID=47QRAA20D003C&contractType=IDV,CULTUREPOINT LLC,OMWI TRAINING SUPPORT  - DEIA TRAINING
1/27/2025,9531CB24A0009,Consumer Financial Protection Bureau,9999999,9999999,1/29/2025,CLOSE OUT,https://www.fpds.gov/ezsearch/jsp/viewLinkController.jsp?agencyID=955F&PIID=9531CB24A0009&modNumber=P00001&idvAgencyID=&idvPIID=47QSEA21D004D&contractType=IDV,NEUROLEADERSHIP INSTITUTE INC,OMWI TRAINING SUPPORT - PSYCHOLOGICAL SAFETY
2/7/2025,9531BL24P0278,Council of the Inspectors General on Integrity and Efficiency,,,2/11/2025,OTHER ADMINISTRATIVE ACTION,https://www.fpds.gov/ezsearch/jsp/viewLinkController.jsp?agencyID=9511&PIID=9531BL24P0278&modNumber=P00002&idvAgencyID=&idvPIID=&contractType=AWARD,,
1/22/2025,12319823A0004,Department of Agriculture,25000000,25000000,1/22/2025,TERMINATE FOR CONVENIENCE (COMPLETE OR PARTIAL),https://www.fpds.gov/ezsearch/jsp/viewLinkController.jsp?agencyID=12F2&PIID=12319823A0004&modNumber=P00001&idvAgencyID=&idvPIID=47QRAA18D00GU&contractType=IDV,K.L. SCOTT & ASSOCIATES LLC,"DIVERSITY, EQUITY, INCLUSION AND ACCESSIBILITY (DEIA) ASSESSMENT AND TRAINING SERVICES"
1/22/2025,12314423C0053,Department of Agriculture,2035756,920259,1/22/2025,TERMINATE FOR CONVENIENCE (COMPLETE OR PARTIAL),https://www.fpds.gov/ezsearch/jsp/viewLinkController.jsp?agencyID=1205&PIID=12314423C0053&modNumber=P00003&idvAgencyID=&idvPIID=&contractType=AWARD,"TIMOTHY J LONDAGIN, LLC","TO SUPPORT THE IMPLEMENTATION OF USDA'S DIVERSITY, EQUITY, INCLUSION, AND ACCESSIBILITY (DEIA) PROJECT MANAGEMENT AND DATA ANALYTICS."
1/22/2025,12319823A0003,Department of Agriculture,25000000,25000000,1/22/2025,TERMINATE FOR CONVENIENCE (COMPLETE OR PARTIAL),https://www.fpds.gov/ezsearch/jsp/viewLinkController.jsp?agencyID=12F2&PIID=12319823A0003&modNumber=P00001&idvAgencyID=&idvPIID=GS00F191GA&contractType=IDV,AMA CONSULTING LLC,"DIVERSITY, EQUITY, INCLUSION AND ACCESSIBILITY (DEIA) ASSESSMENT AND TRAINING SERVICES"
1/22/2025,12319823A0005,Department of Agriculture,25000000,25000000,1/22/2025,TERMINATE FOR CONVENIENCE (COMPLETE OR PARTIAL),https://www.fpds.gov/ezsearch/jsp/viewLinkController.jsp?agencyID=12F2&PIID=12319823A0005&modNumber=P00001&idvAgencyID=&idvPIID=GS00F404GA&contractType=IDV,IVY PLANNING GROUP LLC,"DIVERSITY, EQUITY, INCLUSION AND ACCESSIBILITY (DEIA) ASSESSMENT AND TRAINING SERVICES"
1/22/2025,12319823F0065,Department of Agriculture,414892,121771,1/28/2025,TERMINATE FOR CONVENIENCE (COMPLETE OR PARTIAL),https://www.fpds.gov/ezsearch/jsp/viewLinkController.jsp?agencyID=12F2&PIID=12319823F0065&modNumber=P00002&idvAgencyID=&idvPIID=12319823A0004&contractType=AWARD,K.L. SCOTT & ASSOCIATES LLC,"SNAP DIVERSITY, EQUITY, INCLUSION AND ACCESSIBILITY (DEIA) ASSESSMENT AND TRAINING"
1/29/2025,12318723A0005,Department of Agriculture,7500000,7500000,1/30/2025,TERMINATE FOR CONVENIENCE (COMPLETE OR PARTIAL),https://www.fpds.gov/ezsearch/jsp/viewLinkController.jsp?agencyID=12C2&PIID=12318723A0005&modNumber=P00002&idvAgencyID=&idvPIID=47QRAA22D00EA&contractType=IDV,"HISPANIC COMMUNICATIONS NETWORK, LLC","THE OBJECTIVE OF THIS BLANKET PURCHASE AGREEMENT (BPA) IS TO ASSIST THE USDA FOREST SERVICE IN DELIVERING A BROAD RANGE OF CULTURALLY AND LINGUISTICALLY RELEVANT COMMUNICATIONS AND MARKETING SERVICES DESIGNED TO REACH, SERVE, AND ENGAGE MULTICULTURAL"
1/22/2025,12319823A0007,Department of Agriculture,25000000,25000000,1/30/2025,TERMINATE FOR CONVENIENCE (COMPLETE OR PARTIAL),https://www.fpds.gov/ezsearch/jsp/viewLinkController.jsp?agencyID=12F2&PIID=12319823A0007&modNumber=P00001&idvAgencyID=&idvPIID=47QRAA21D005Z&contractType=IDV,"TIMOTHY J LONDAGIN, LLC","DIVERSITY, EQUITY, INCLUSION AND ACCESSIBILITY (DEIA) ASSESSMENT AND TRAINING SERVICES"
1/30/2025,12318724F0032,Department of Agriculture,293632,0,1/31/2025,TERMINATE FOR CONVENIENCE (COMPLETE OR PARTIAL),https://www.fpds.gov/ezsearch/jsp/viewLinkController.jsp?agencyID=12C2&PIID=12318724F0032&modNumber=P00002&idvAgencyID=&idvPIID=12318720A0001&contractType=AWARD,"TRAINING RESOURCES GROUP, INC.",IP VALUES AND DEIAR COURSE DELIVERY  SERVICES FOR FOREST SERVICE IP
1/30/2025,12318724F0354,Department of Agriculture,149921,0,1/31/2025,TERMINATE FOR CONVENIENCE (COMPLETE OR PARTIAL),https://www.fpds.gov/ezsearch/jsp/viewLinkController.jsp?agencyID=12C2&PIID=12318724F0354&modNumber=P00001&idvAgencyID=&idvPIID=12344V19A0003&contractType=AWARD,"METROPOLITAN GROUP, L.L.C",WEPO EQUITY/ENVIRONMENTAL JUSTICE ASSESSMENTS AND SPEAKER SERIES. SPEAKER SERIES PRESENTATIONS NEEDED FOR EQUITY BRIDGE BUILDER PROGRAMMING - METROPOLITAN GROUP CURRENT BPA CONTRACT 12344V19A 0003 AND GSA CONTRACT GS-07F-0224X.
2/3/2025,12314423F0806,Department of Agriculture,984931,0,2/4/2025,TERMINATE FOR CONVENIENCE (COMPLETE OR PARTIAL),https://www.fpds.gov/ezsearch/jsp/viewLinkController.jsp?agencyID=1205&PIID=12314423F0806&modNumber=P00002&idvAgencyID=&idvPIID=GS07F409AA&contractType=AWARD,THE LEONARD RESOURCE GROUP INC,USDA COMMUNICATIONS CAMPAIGN TO CULTIVATE THE NEXT GENERATION OF DIVERSE AGRICULTURAL PROFESSIONALS - NEXTGEN PROGRAMS
1/30/2025,12318722F0497,Department of Agriculture,31940,0,2/6/2025,TERMINATE FOR CONVENIENCE (COMPLETE OR PARTIAL),https://www.fpds.gov/ezsearch/jsp/viewLinkController.jsp?agencyID=12C2&PIID=12318722F0497&modNumber=P00003&idvAgencyID=&idvPIID=AG3187C170012&contractType=AWARD,MANAGEMENT & ENGINEERING TECHNOLOGIES INTERNATIONAL INC,LAC GENDER EQUITY FACILITATOR
1/31/2025,12318722F0602,Department of Agriculture,279675,0,2/6/2025,TERMINATE FOR CONVENIENCE (COMPLETE OR PARTIAL),https://www.fpds.gov/ezsearch/jsp/viewLinkController.jsp?agencyID=12C2&PIID=12318722F0602&modNumber=P00005&idvAgencyID=&idvPIID=AG3187C170012&contractType=AWARD,MANAGEMENT & ENGINEERING TECHNOLOGIES INTERNATIONAL INC,"SOUTH ASIA CLIMATE CHANGE MITIGATION, ADAPTATION, AND RESILIENCE EXPERTS  SERVICES FOR FOREST SERVICE IP"
2/5/2025,12318723P0063,Department of Agriculture,512686,343605,2/6/2025,TERMINATE FOR CONVENIENCE (COMPLETE OR PARTIAL),https://www.fpds.gov/ezsearch/jsp/viewLinkController.jsp?agencyID=12C2&PIID=12318723P0063&modNumber=P00002&idvAgencyID=&idvPIID=&contractType=AWARD,"POLITICO, LLC",E&E NEWS SERVICE RENEWAL FEE FOR EMPLOYEES IN THE FIVE DEPUTY AREAS IN THE USDA FS WO
2/5/2025,12314422P0045,Department of Agriculture,672453,297000,2/6/2025,TERMINATE FOR CONVENIENCE (COMPLETE OR PARTIAL),https://www.fpds.gov/ezsearch/jsp/viewLinkController.jsp?agencyID=1205&PIID=12314422P0045&modNumber=P00005&idvAgencyID=&idvPIID=&contractType=AWARD,"POLITICO, LLC","USDA, OC, POLITICO PLUS  SUBSCRIPTION. POP: MARCH 5, 2022 - MARCH 4, 2023. THIS ORDER INCORPORATES FAR 52.204-24 CONTRACTOR CERTIFICATION AND FAR 52.204-25."
2/5/2025,12639522C0025,Department of Agriculture,159575,132600,2/6/2025,TERMINATE FOR CONVENIENCE (COMPLETE OR PARTIAL),https://www.fpds.gov/ezsearch/jsp/viewLinkController.jsp?agencyID=12K3&PIID=12639522C0025&modNumber=P00001&idvAgencyID=&idvPIID=&contractType=AWARD,"POLITICO, LLC","POLITICO PRO PLUS PLAN INCLUDES: - PRO EDGE PLATFORM WITH NEWS CONTENT FOR ALL POLICY AREAS - TOOLS INCLUDING DIRECTORIES, DOCUMENT DRAWER, POLICY CALENDAR, CAMPAIGN RACE DASHBOARD, LEGISLATIVE COMPASS, REGULATORY COMPASS - CUSTOMIZABLE ALERTS FOR"
2/5/2025,12314424P0105,Department of Agriculture,546772,452450,2/6/2025,TERMINATE FOR CONVENIENCE (COMPLETE OR PARTIAL),https://www.fpds.gov/ezsearch/jsp/viewLinkController.jsp?agencyID=1205&PIID=12314424P0105&modNumber=P00003&idvAgencyID=&idvPIID=&contractType=AWARD,"POLITICO, LLC","USDA, OFFICE OF THE GENERAL COUNSEL (OGC). POLITICO PRO AND E&E NEWS SUBSCRIPTION RENEWALS. PERIOD OF PERFORMANCE: 09/24/2024 - 09/23/2025."
2/5/2025,12639524P0356,Department of Agriculture,42540,0,2/6/2025,TERMINATE FOR CONVENIENCE (COMPLETE OR PARTIAL),https://www.fpds.gov/ezsearch/jsp/viewLinkController.jsp?agencyID=12K3&PIID=12639524P0356&modNumber=P00001&idvAgencyID=&idvPIID=&contractType=AWARD,"POLITICO, LLC","THIS IS A PURCHASE ORDER FOR POLITICO PRO PLUS ANNUAL SUBSCRIPTIONS FOR A TOTAL OF 14 LICENSES FOR AMS/OA EMPLOYEES FROM OFFICE OF THE ADMINISTRATOR, LEGISLATIVE AND REGULATORY REVIEW STAFF, COTTON & TOBACCO, PUBLIC AFFAIRS AND LIVESTOCK, POULTRY"
2/5/2025,12FPC224P0001,Department of Agriculture,87913,73513,2/6/2025,TERMINATE FOR CONVENIENCE (COMPLETE OR PARTIAL),https://www.fpds.gov/ezsearch/jsp/viewLinkController.jsp?agencyID=12D0&PIID=12FPC224P0001&modNumber=P00001&idvAgencyID=&idvPIID=&contractType=AWARD,"POLITICO, LLC",E & E NEWS SUITE LICENSES
2/5/2025,12314424P0103,Department of Agriculture,14360,0,2/6/2025,TERMINATE FOR CONVENIENCE (COMPLETE OR PARTIAL),https://www.fpds.gov/ezsearch/jsp/viewLinkController.jsp?agencyID=1205&PIID=12314424P0103&modNumber=P00001&idvAgencyID=&idvPIID=&contractType=AWARD,"POLITICO, LLC","USDA, OFFICE OF PROPERTY AND ENVIRONMENTAL MANAGEMENT (OPEM), E&E NEWS SUBSCRIPTION, POP: 09/09/24 - 09/08/25."
2/5/2025,12314424P0141,Department of Agriculture,15325,0,2/6/2025,TERMINATE FOR CONVENIENCE (COMPLETE OR PARTIAL),https://www.fpds.gov/ezsearch/jsp/viewLinkController.jsp?agencyID=1205&PIID=12314424P0141&modNumber=P00001&idvAgencyID=&idvPIID=&contractType=AWARD,"POLITICO, LLC","USDA, OFFICE OF THE SECRETARY OF AGRICULTURE (OSEC). POLITICO PRO PLUS SUBSCRIPTION RENEWAL. PERIOD OF PERFORMANCE: 09/30/2024 - 09/22/2025."
1/29/2025,127EAT24P0047,Department of Agriculture,254800,0,2/7/2025,TERMINATE FOR CONVENIENCE (COMPLETE OR PARTIAL),https://www.fpds.gov/ezsearch/jsp/viewLinkController.jsp?agencyID=12C2&PIID=127EAT24P0047&modNumber=P00001&idvAgencyID=&idvPIID=&contractType=AWARD,MATTOX JOE A,INTERCULTURAL COMMUNICATION DIVERSITY DIALOGUE CIRCLE COMMUNICATING ACROSS DIFFERENCES (CAD) WORKSHOPS FY2024
1/30/2025,1232SA23P0093,Department of Agriculture,61243,0,2/7/2025,TERMINATE FOR CONVENIENCE (COMPLETE OR PARTIAL),https://www.fpds.gov/ezsearch/jsp/viewLinkController.jsp?agencyID=12H2&PIID=1232SA23P0093&modNumber=P00004&idvAgencyID=&idvPIID=&contractType=AWARD,STRATEGIC DIVERSITY INITIATIVES INC,"DEIA CONSULTING SERVICES TO INTEGRATE USDA CORE VALUES, RESPECT AND DIGNITY, EQUITY AND INCLUSION, TRUST AND INTEGRITY, SERVICE AND RESULTS, AND SCIENCE LEADERSHIP DETAILED IN THE 2022-2026 USDA DEIA STRATEGIC PLAN, IN NAL DEIA PROGRAMMING AND PLANS."
1/30/2025,12FPC223A0009,Department of Agriculture,500000,500000,2/7/2025,TERMINATE FOR CONVENIENCE (COMPLETE OR PARTIAL),https://www.fpds.gov/ezsearch/jsp/viewLinkController.jsp?agencyID=12D0&PIID=12FPC223A0009&modNumber=P00002&idvAgencyID=&idvPIID=&contractType=IDV,DIVERSITYCOMM INC.,DIVERSITYCOMM ADVERTISING
1/30/2025,12FPC424F0050,Department of Agriculture,100000,0,2/7/2025,TERMINATE FOR CONVENIENCE (COMPLETE OR PARTIAL),https://www.fpds.gov/ezsearch/jsp/viewLinkController.jsp?agencyID=12D0&PIID=12FPC424F0050&modNumber=P00001&idvAgencyID=&idvPIID=12FPC223A0009&contractType=AWARD,DIVERSITYCOMM INC.,DIVERSITYCOMM ADVERTISING
2/5/2025,1232SA23P0073,Department of Agriculture,79366,52066,2/7/2025,TERMINATE FOR CONVENIENCE (COMPLETE OR PARTIAL),https://www.fpds.gov/ezsearch/jsp/viewLinkController.jsp?agencyID=12H2&PIID=1232SA23P0073&modNumber=P00002&idvAgencyID=&idvPIID=&contractType=AWARD,"POLITICO, LLC","TO PROCURE E&E NEWS SUBSCRIPTION THAT INCLUDES E&E NEWS, E&E PM, GREENWIRE, AND CLIMATEWIRE WITH A BASE PLUS FOUR OPTION YEARS FOR ERS."
2/5/2025,1232SA24F0042,Department of Agriculture,87270,71790,2/7/2025,TERMINATE FOR CONVENIENCE (COMPLETE OR PARTIAL),https://www.fpds.gov/ezsearch/jsp/viewLinkController.jsp?agencyID=12H2&PIID=1232SA24F0042&modNumber=P00001&idvAgencyID=&idvPIID=03310323D0056&contractType=AWARD,"POLITICO, LLC",POLITICOPRO SUBSCRIPTION FOR 6 USERS FOR USDA/REE FRONT OFFICE
2/5/2025,1232SA22P0037,Department of Agriculture,177585,81000,2/7/2025,TERMINATE FOR CONVENIENCE (COMPLETE OR PARTIAL),https://www.fpds.gov/ezsearch/jsp/viewLinkController.jsp?agencyID=12H2&PIID=1232SA22P0037&modNumber=P00004&idvAgencyID=&idvPIID=&contractType=AWARD,"POLITICO, LLC",POLITICOPRO ANNUAL SUBSCRIPTION
2/5/2025,1232SA23F0027,Department of Agriculture,19540,0,2/7/2025,TERMINATE FOR CONVENIENCE (COMPLETE OR PARTIAL),https://www.fpds.gov/ezsearch/jsp/viewLinkController.jsp?agencyID=12H2&PIID=1232SA23F0027&modNumber=P00002&idvAgencyID=&idvPIID=03310319D0071&contractType=AWARD,"POLITICO, LLC",POLITICO PRO PLUS FOR 4 USER LICENSES FOR NIFA.
2/5/2025,123J1924P0004,Department of Agriculture,23520,0,2/7/2025,TERMINATE FOR CONVENIENCE (COMPLETE OR PARTIAL),https://www.fpds.gov/ezsearch/jsp/viewLinkController.jsp?agencyID=1204&PIID=123J1924P0004&modNumber=P00001&idvAgencyID=&idvPIID=&contractType=AWARD,"POLITICO, LLC",POLITICO PRO PLUS RENEWAL FOR FY 2024 TO BE USED BY 8 USERS
2/6/2025,12RADA24P0014,Department of Agriculture,11235,0,2/7/2025,TERMINATE FOR CONVENIENCE (COMPLETE OR PARTIAL),https://www.fpds.gov/ezsearch/jsp/viewLinkController.jsp?agencyID=12E3&PIID=12RADA24P0014&modNumber=P00002&idvAgencyID=&idvPIID=&contractType=AWARD,"POLITICO, LLC",ANNUAL SUBSCRIPTION TO POLITICO PRO SUBSCRIPTION FOR THE OFFICE OF THE ADMINISTRATOR/RURAL UTILITES SERVICES - PERIOD OF PERFORMANCE 9/30/24 THROUGH 9/29/25.  CONTRACT NO. Q-58876 VALID THROUGH 9/12/2024.  USERS: ANDREW.BERKE@USDA.GOV        JASON
2/6/2025,12RADZ22F0010,Department of Agriculture,178456,59360,2/7/2025,TERMINATE FOR CONVENIENCE (COMPLETE OR PARTIAL),https://www.fpds.gov/ezsearch/jsp/viewLinkController.jsp?agencyID=12E3&PIID=12RADZ22F0010&modNumber=P00005&idvAgencyID=&idvPIID=03310319D0071&contractType=AWARD,"POLITICO, LLC",POLITICO PRO PLUS AS QUOTED  ON QUOTE PBON072933 IN CONJUNCTION WITH THE FEDLINK SERIES OF CONTRACTS ISSUED BY THE LIBRARY OF CONGRESS.
1/22/2025,123J1922F0072,Department of Agriculture,1956672,1418115,2/10/2025,TERMINATE FOR CONVENIENCE (COMPLETE OR PARTIAL),https://www.fpds.gov/ezsearch/jsp/viewLinkController.jsp?agencyID=1204&PIID=123J1922F0072&modNumber=P00005&idvAgencyID=&idvPIID=1232SB18A0005&contractType=AWARD,GOVSTRIVE LLC,"EEO SUPPORT SERVICES EIGHTEEN (18) MONTH BASE PERIOD EFFECTIVE SEPTEMBER 23, 2022 THRU MARCH 22, 2024"
1/22/2025,12319824F0052,Department of Agriculture,420495,115384,2/10/2025,TERMINATE FOR CONVENIENCE (COMPLETE OR PARTIAL),https://www.fpds.gov/ezsearch/jsp/viewLinkController.jsp?agencyID=12F2&PIID=12319824F0052&modNumber=P00002&idvAgencyID=&idvPIID=12319823A0004&contractType=AWARD,K.L. SCOTT & ASSOCIATES LLC,SNAP CHANGE MANAGEMENT
1/29/2025,12FPC223A0002,Department of Agriculture,4000000,4000000,2/10/2025,TERMINATE FOR CONVENIENCE (COMPLETE OR PARTIAL),https://www.fpds.gov/ezsearch/jsp/viewLinkController.jsp?agencyID=12D0&PIID=12FPC223A0002&modNumber=P00001&idvAgencyID=&idvPIID=&contractType=IDV,METAPHASE CONSULTING LLC,BLANKET PURCHASE AGREEMENT (BPA) FOR RMA-NRC-FSA OUTREACH SUPPORT SERVICES
1/30/2025,12318723F0055,Department of Agriculture,11451,0,2/10/2025,TERMINATE FOR CONVENIENCE (COMPLETE OR PARTIAL),https://www.fpds.gov/ezsearch/jsp/viewLinkController.jsp?agencyID=12C2&PIID=12318723F0055&modNumber=P00003&idvAgencyID=&idvPIID=AG3187C170012&contractType=AWARD,MANAGEMENT & ENGINEERING TECHNOLOGIES INTERNATIONAL INC,URBAN FOREST AND COMMUNITY ENGAGEMENT CONSULTANT  SERVICES FOR FOREST SERVICE IP
1/30/2025,12318724F0092,Department of Agriculture,229637,0,2/10/2025,TERMINATE FOR CONVENIENCE (COMPLETE OR PARTIAL),https://www.fpds.gov/ezsearch/jsp/viewLinkController.jsp?agencyID=12C2&PIID=12318724F0092&modNumber=P00003&idvAgencyID=&idvPIID=12318723D0002&contractType=AWARD,MANAGEMENT & ENGINEERING TECHNOLOGIES INTERNATIONAL INC,BRAZIL FOREST AND GENDER CONSULTANT  SERVICES FOR FOREST SERVICE IP
1/30/2025,12318724F0358,Department of Agriculture,148924,0,2/10/2025,TERMINATE FOR CONVENIENCE (COMPLETE OR PARTIAL),https://www.fpds.gov/ezsearch/jsp/viewLinkController.jsp?agencyID=12C2&PIID=12318724F0358&modNumber=P00001&idvAgencyID=&idvPIID=12318720A0001&contractType=AWARD,"TRAINING RESOURCES GROUP, INC.",2025 GETTYSBURG STAFF RIDE  SERVICES FOR FOREST SERVICE IP
1/30/2025,12318724F0422,Department of Agriculture,47508,0,2/10/2025,TERMINATE FOR CONVENIENCE (COMPLETE OR PARTIAL),https://www.fpds.gov/ezsearch/jsp/viewLinkController.jsp?agencyID=12C2&PIID=12318724F0422&modNumber=P00001&idvAgencyID=&idvPIID=12318723D0002&contractType=AWARD,MANAGEMENT & ENGINEERING TECHNOLOGIES INTERNATIONAL INC,LATIN AMERICA URBAN ECOLOGY WORKSHOP COORDINATOR  SERVICES FOR FOREST SERVICE IP
1/30/2025,12318721F0312,Department of Agriculture,82557,0,2/10/2025,TERMINATE FOR CONVENIENCE (COMPLETE OR PARTIAL),https://www.fpds.gov/ezsearch/jsp/viewLinkController.jsp?agencyID=12C2&PIID=12318721F0312&modNumber=P00007&idvAgencyID=&idvPIID=AG3187C170012&contractType=AWARD,MANAGEMENT & ENGINEERING TECHNOLOGIES INTERNATIONAL INC,PROGRAM EVALUATION AND BASELINE ASSESSMENT FOR UKRAINE AND RUSSIA  SERVICES FOR FOREST SERVICE IP
1/30/2025,12318724F0312,Department of Agriculture,116117,0,2/10/2025,TERMINATE FOR CONVENIENCE (COMPLETE OR PARTIAL),https://www.fpds.gov/ezsearch/jsp/viewLinkController.jsp?agencyID=12C2&PIID=12318724F0312&modNumber=P00001&idvAgencyID=&idvPIID=12318720A0001&contractType=AWARD,"TRAINING RESOURCES GROUP, INC.","WORKPLACE ENVIRONMENT, KNOWLEDGE, AND LEARNING SUPPORT  SERVICES FOR FOREST SERVICE IP"
1/30/2025,1232SA22F0079,Department of Agriculture,576365,0,2/10/2025,TERMINATE FOR CONVENIENCE (COMPLETE OR PARTIAL),https://www.fpds.gov/ezsearch/jsp/viewLinkController.jsp?agencyID=12H2&PIID=1232SA22F0079&modNumber=P00005&idvAgencyID=&idvPIID=GS00F010CA&contractType=AWARD,"ICF INCORPORATED, L.L.C.",NIFA SMALL BUSINESS INNOVATION RESEARCH (SBIR) OUTREACH CONTRACT SERVICE DEALING WITH HISTORICALLY UNDER-SERVED POPULATION (SBIR OUTREACH TO WOMAN-OWNED AND SOCIALLY AND/OR ECONOMICALLY DISADVANTAGED SMALL BUSINESSES).
1/30/2025,12318723F0278,Department of Agriculture,80653,0,2/10/2025,TERMINATE FOR CONVENIENCE (COMPLETE OR PARTIAL),https://www.fpds.gov/ezsearch/jsp/viewLinkController.jsp?agencyID=12C2&PIID=12318723F0278&modNumber=P00003&idvAgencyID=&idvPIID=12318723D0002&contractType=AWARD,MANAGEMENT & ENGINEERING TECHNOLOGIES INTERNATIONAL INC,ENVIRONMENTAL REGULATION COMPLIANCE SUBJECT MATTER EXPERT  SERVICES FOR FOREST SERVICE IP
1/30/2025,12318723F0416,Department of Agriculture,120950,0,2/10/2025,TERMINATE FOR CONVENIENCE (COMPLETE OR PARTIAL),https://www.fpds.gov/ezsearch/jsp/viewLinkController.jsp?agencyID=12C2&PIID=12318723F0416&modNumber=P00005&idvAgencyID=&idvPIID=12318720A0001&contractType=AWARD,"TRAINING RESOURCES GROUP, INC.","SILVACARBON WOMEN IN FOREST CARBON INITIATIVE (WFCI) MENTORSHIP PROGRAM, PHASE II  SERVICES FOR FOREST SERVICE IP"
1/30/2025,12318724F0319,Department of Agriculture,43753,0,2/10/2025,TERMINATE FOR CONVENIENCE (COMPLETE OR PARTIAL),https://www.fpds.gov/ezsearch/jsp/viewLinkController.jsp?agencyID=12C2&PIID=12318724F0319&modNumber=P00002&idvAgencyID=&idvPIID=12318723D0002&contractType=AWARD,MANAGEMENT & ENGINEERING TECHNOLOGIES INTERNATIONAL INC,ASIA PACIFIC - SOLOMON ISLANDS COMMUNITY RANGER CONSULTANTS  SERVICES FOR FOREST SERVICE IP
1/30/2025,12318724F0289,Department of Agriculture,298622,0,2/10/2025,TERMINATE FOR CONVENIENCE (COMPLETE OR PARTIAL),https://www.fpds.gov/ezsearch/jsp/viewLinkController.jsp?agencyID=12C2&PIID=12318724F0289&modNumber=P00001&idvAgencyID=&idvPIID=12318723D0002&contractType=AWARD,MANAGEMENT & ENGINEERING TECHNOLOGIES INTERNATIONAL INC,FOREST SERVICE OVERSEAS ENVIRONMENTAL EXPERIENCE (FORSEE) FELLOWS  SERVICES FOR FOREST SERVICE IP
1/31/2025,12318725F0042,Department of Agriculture,37818,0,2/10/2025,TERMINATE FOR CONVENIENCE (COMPLETE OR PARTIAL),https://www.fpds.gov/ezsearch/jsp/viewLinkController.jsp?agencyID=12C2&PIID=12318725F0042&modNumber=P00001&idvAgencyID=&idvPIID=12318723D0002&contractType=AWARD,MANAGEMENT & ENGINEERING TECHNOLOGIES INTERNATIONAL INC,REGIONAL GENDER AND GABON PROGRAM MANAGER  SERVICES FOR FOREST SERVICE IP
1/31/2025,12318722F0406,Department of Agriculture,26215,0,2/10/2025,TERMINATE FOR CONVENIENCE (COMPLETE OR PARTIAL),https://www.fpds.gov/ezsearch/jsp/viewLinkController.jsp?agencyID=12C2&PIID=12318722F0406&modNumber=P00006&idvAgencyID=&idvPIID=AG3187C170012&contractType=AWARD,MANAGEMENT & ENGINEERING TECHNOLOGIES INTERNATIONAL INC,EL SALVADOR AND HONDURAS GENDER ASSESSMENT CONSULTANT  SERVICES FOR FOREST SERVICE IP
2/3/2025,12318724F0366,Department of Agriculture,25450,0,2/10/2025,TERMINATE FOR CONVENIENCE (COMPLETE OR PARTIAL),https://www.fpds.gov/ezsearch/jsp/viewLinkController.jsp?agencyID=12C2&PIID=12318724F0366&modNumber=P00004&idvAgencyID=&idvPIID=12318723D0002&contractType=AWARD,MANAGEMENT & ENGINEERING TECHNOLOGIES INTERNATIONAL INC,BRAZIL WILDFIRE MANAGEMENT CONSULTANT  SERVICES FOR FOREST SERVICE IP
,12314422F0536,Department of Agriculture,34977118,17857033,2/12/2025,TERMINATE FOR CONVENIENCE (COMPLETE OR PARTIAL),https://www.fpds.gov/ezsearch/jsp/viewLinkController.jsp?agencyID=1205&PIID=12314422F0536&modNumber=P00008&idvAgencyID=&idvPIID=HHSN316201200061W&contractType=AWARD,"EVOKE RESEARCH AND CONSULTING, LLC",SERVICE STRATEGY PLANNING AND BUSINESS CAPABILITIES (RED MAPLE)
,123A9423F0165,Department of Agriculture,8993803,4854019,2/12/2025,TERMINATE FOR CONVENIENCE (COMPLETE OR PARTIAL),https://www.fpds.gov/ezsearch/jsp/viewLinkController.jsp?agencyID=12G2&PIID=123A9423F0165&modNumber=P00002&idvAgencyID=&idvPIID=12314421A0012&contractType=AWARD,"WEEMS DESIGN STUDIO, INC.",DEVELOP AND DEPLOY A NEW CUSTOMER RELATIONSHIP MANAGEMENT SYSTEM (CRMS)
,12FPC224C0002,Department of Agriculture,3605291,3150558,2/12/2025,TERMINATE FOR CONVENIENCE (COMPLETE OR PARTIAL),https://www.fpds.gov/ezsearch/jsp/viewLinkController.jsp?agencyID=12D0&PIID=12FPC224C0002&modNumber=P00002&idvAgencyID=&idvPIID=&contractType=AWARD,"ESSNOVA SOLUTIONS, INC.",HANDSHAKE SOFTWARE SUITE WITH TALENT ENGAGEMENT SUITE; EXPERT ASSIST MODULE; PREMIUM BRAND PAGE; AND STRATEGIC INSIGHTS MODULE
,12318722C0014,Department of Agriculture,4675956,2841896,2/12/2025,TERMINATE FOR CONVENIENCE (COMPLETE OR PARTIAL),https://www.fpds.gov/ezsearch/jsp/viewLinkController.jsp?agencyID=12C2&PIID=12318722C0014&modNumber=P00006&idvAgencyID=&idvPIID=&contractType=AWARD,"A1FEDIMPACT,LLC",HRES NATIONAL HIRING
,12FPC425P0004,Department of Agriculture,3008882,1666173,2/12/2025,TERMINATE FOR CONVENIENCE (COMPLETE OR PARTIAL),https://www.fpds.gov/ezsearch/jsp/viewLinkController.jsp?agencyID=12D0&PIID=12FPC425P0004&modNumber=P00001&idvAgencyID=&idvPIID=&contractType=AWARD,TARKIK SOLUTIONS INCORPORATED,THE NRCS OPERATIONAL EXCELLENCE (OP EX) SUPPORT OBJECTIVE IS TO IMPLEMENT A COMPREHENSIVE APPROACH TO BUSINESS OPERATIONS TO FACILITATE WORKLOAD MANAGEMENT AND IMPROVE PRODUCTIVITY. THIS WILL PROVIDE NRCS LEADERSHIP WITH THE INFORMATION AND INSIGHT
,12314423F0625,Department of Agriculture,2225018,1587767,2/12/2025,TERMINATE FOR CONVENIENCE (COMPLETE OR PARTIAL),https://www.fpds.gov/ezsearch/jsp/viewLinkController.jsp?agencyID=1205&PIID=12314423F0625&modNumber=P00006&idvAgencyID=&idvPIID=NNG15SD76B&contractType=AWARD,"ENTERPRISE TECHNOLOGY SOLUTIONS, INC.","360 ASSESSMENT TOOL, ANALYSIS AND REPORTING FOR AGENCY LEADERSHIP DEVELOPMENT"
,12318723F0650,Department of Agriculture,1453000,991950,2/12/2025,TERMINATE FOR CONVENIENCE (COMPLETE OR PARTIAL),https://www.fpds.gov/ezsearch/jsp/viewLinkController.jsp?agencyID=12C2&PIID=12318723F0650&modNumber=P00006&idvAgencyID=&idvPIID=12318721A0008&contractType=AWARD,GOVSTRIVE LLC,WEPO TRAINING AND EMPLOYEE DEVELOPMENT (TED) LEADERSHIP PROGRAM ASSESSMENTS
,12FPC121F0203,Department of Agriculture,629608,159759,2/12/2025,TERMINATE FOR CONVENIENCE (COMPLETE OR PARTIAL),https://www.fpds.gov/ezsearch/jsp/viewLinkController.jsp?agencyID=12D0&PIID=12FPC121F0203&modNumber=P00006&idvAgencyID=&idvPIID=47QRAA18D009T&contractType=AWARD,"COMMUNICATION INSTITUTE INTERNATIONAL, INC","LEADERSHIP DEVELOPMENT PROGRAM FOR NEBRASKA, MINNESOTA AND IOWA"
,12FPC121F0130,Department of Agriculture,645132,123542,2/12/2025,TERMINATE FOR CONVENIENCE (COMPLETE OR PARTIAL),https://www.fpds.gov/ezsearch/jsp/viewLinkController.jsp?agencyID=12D0&PIID=12FPC121F0130&modNumber=P00005&idvAgencyID=&idvPIID=GS10F0412P&contractType=AWARD,"THE MILLENNIUM GROUP INTERNATIONAL, LLC",THE UNITED STATES DEPARTMENT OF AGRICULTURE (USDA) NATIONAL RESOURCES CONSERVATION SERVICE (NRCS) REQUIRES LEADERSHIP DEVELOPMENT PROGRAM CREATION AND TRAINING SERVICES.
,12FPC323P0123,Department of Agriculture,150000,90000,2/12/2025,TERMINATE FOR CONVENIENCE (COMPLETE OR PARTIAL),https://www.fpds.gov/ezsearch/jsp/viewLinkController.jsp?agencyID=12D0&PIID=12FPC323P0123&modNumber=P00002&idvAgencyID=&idvPIID=&contractType=AWARD,"AGNET MEDIA, INC.","MEDIA DEVELOPMENT, PRODUCTION, AND DISTRIBUTION SERVICES FOR NRCS-CA."
,12805B21F0152,Department of Agriculture,400000,80000,2/12/2025,TERMINATE FOR CONVENIENCE (COMPLETE OR PARTIAL),https://www.fpds.gov/ezsearch/jsp/viewLinkController.jsp?agencyID=12H2&PIID=12805B21F0152&modNumber=P00004&idvAgencyID=&idvPIID=GS23F0137R&contractType=AWARD,"SCHATZ PUBLISHING GROUP, LLC",MARKETING COMMUNICATION SERVICE
,12318723F0647,Department of Agriculture,500000,350000,2/12/2025,TERMINATE FOR CONVENIENCE (COMPLETE OR PARTIAL),https://www.fpds.gov/ezsearch/jsp/viewLinkController.jsp?agencyID=12C2&PIID=12318723F0647&modNumber=P00001&idvAgencyID=&idvPIID=12318719A0002&contractType=AWARD,INCENTIVE AMERICA INC,NON-MONETARY AWARDS
2/13/2025,12FPC222F0160,Department of Agriculture,8189574,0,2/14/2025,TERMINATE FOR CONVENIENCE (COMPLETE OR PARTIAL),https://www.fpds.gov/ezsearch/jsp/viewLinkController.jsp?agencyID=12D0&PIID=12FPC222F0160&modNumber=P00008&idvAgencyID=&idvPIID=GS10F0150W&contractType=AWARD,"CLARK GROUP, LLC, THE",ENVIRONMENTAL COMPLIANCE SERVICES FOR THE IMPLEMENTATION OF PILOT PROJECTS DEVELOPED UNDER THE PARTNERSHIP FOR CLIMATE-SMART COMMODITIES
2/13/2025,1232SA21P0074,Department of Agriculture,228497,50265,2/14/2025,TERMINATE FOR CONVENIENCE (COMPLETE OR PARTIAL),https://www.fpds.gov/ezsearch/jsp/viewLinkController.jsp?agencyID=12H2&PIID=1232SA21P0074&modNumber=P00004&idvAgencyID=&idvPIID=&contractType=AWARD,DOW JONES & CO INC,USDA NAL WALL STREET JOURNAL SUBSCRIPTION
2/13/2025,1232SA23P0075,Department of Agriculture,498134,264448,2/14/2025,TERMINATE FOR CONVENIENCE (COMPLETE OR PARTIAL),https://www.fpds.gov/ezsearch/jsp/viewLinkController.jsp?agencyID=12H2&PIID=1232SA23P0075&modNumber=P00003&idvAgencyID=&idvPIID=&contractType=AWARD,FINANCIAL TIMES LIMITED(THE),RENEWAL OF THE FINANCIAL TIMES ONLINE SUBSCRIPTION (FT.COM) FOR ALL USDA USERS.
1/29/2025,12318723F0652,Department of Agriculture,2473872,1856231,1/30/2025,CLOSE OUT,https://www.fpds.gov/ezsearch/jsp/viewLinkController.jsp?agencyID=12C2&PIID=12318723F0652&modNumber=P00004&idvAgencyID=&idvPIID=GS35F013CA&contractType=AWARD,"FEDERAL MANAGEMENT PARTNERS, LLC","CIVIL RIGHTS REQUESTS ASSISTANCE IN THE ONGOING IMPLEMENTATION OF THE EXISTING DEIA STRATEGIC PLAN ALIGNED WITH THE AGENCY'S OVERALL ORGANIZATIONAL STRATEGY, CORE VALUES, AND CODE AND COMMITMENTS, INCLUDING THE NEWLY DEVELOPED TRAINING CURRICULU"
1/28/2025,12318723F0208,Department of Agriculture,170000,0,1/30/2025,CLOSE OUT,https://www.fpds.gov/ezsearch/jsp/viewLinkController.jsp?agencyID=12C2&PIID=12318723F0208&modNumber=P00005&idvAgencyID=&idvPIID=12318722A0017&contractType=AWARD,"SCHREIBER TRANSLATIONS, INC",ADD FUNDS TO CR DEI LEP ALANGUAGE BANK VIA TASK ORDER
1/31/2025,12639525Q0046 (Notice of Intent ID),Department of Agriculture,,,1/31/2025,SOLICITATION,Solicitation,,
1/30/2025,12318724P0011,Department of Agriculture,54957,0,2/6/2025,CLOSE OUT,https://www.fpds.gov/ezsearch/jsp/viewLinkController.jsp?agencyID=12C2&PIID=12318724P0011&modNumber=P00001&idvAgencyID=&idvPIID=&contractType=AWARD,ALLIANCE AUDIO VISUAL LTD CO,AUDIO VISUAL EQUIPMENT AND SERVICES FOR THE CHIEF'S EQUITY SUMMIT
1/31/2025,1232SA22P0086,Department of Agriculture,70000,0,2/6/2025,CLOSE OUT,https://www.fpds.gov/ezsearch/jsp/viewLinkController.jsp?agencyID=12H2&PIID=1232SA22P0086&modNumber=P00002&idvAgencyID=&idvPIID=&contractType=AWARD,STRATEGIC DIVERSITY INITIATIVES INC,"DIVERSITY AND INCLUSION CONSULTING AND TRAINING, TO INITIATE AND COMPLETE A 3 YEAR STRATEGIC PLAN, FACILITATE MEETINGS, LEAD TRAINING AND REVIEW DIGITAL CONTENT."
1/29/2025,12314424P0133,Department of Agriculture,200000,0,2/7/2025,CLOSE OUT,https://www.fpds.gov/ezsearch/jsp/viewLinkController.jsp?agencyID=1205&PIID=12314424P0133&modNumber=P00003&idvAgencyID=&idvPIID=&contractType=AWARD,SMART1 MANAGEMENT SOLUTIONS LLC,"USDA, OFFICE OF THE CHIEF DIVERSITY AND INCLUSION OFFICER (OCDIO), TO PROVIDE PROVIDING DIVERSITY, EQUITY, INCLUSION, AND ACCESSIBILITY (DEIA) SUPPORT SERVICE, PERIOD OF PERFORMANCE 10/15/2024-10/14/2025."
1/30/2025,12318723F0604,Department of Agriculture,57978,0,2/7/2025,CLOSE OUT,https://www.fpds.gov/ezsearch/jsp/viewLinkController.jsp?agencyID=12C2&PIID=12318723F0604&modNumber=P00003&idvAgencyID=&idvPIID=12318723D0002&contractType=AWARD,MANAGEMENT & ENGINEERING TECHNOLOGIES INTERNATIONAL INC,ASIA PACIFIC- SRI LANKA CLIMATE CHANGE MITIGATION ADAPTION AND RESILIENCE COORDINATOR  SERVICES FOR FOREST SERVICE IP
2/3/2025,12318724F0451,Department of Agriculture,374542,0,2/7/2025,CLOSE OUT,https://www.fpds.gov/ezsearch/jsp/viewLinkController.jsp?agencyID=12C2&PIID=12318724F0451&modNumber=P00002&idvAgencyID=&idvPIID=12318723D0002&contractType=AWARD,MANAGEMENT & ENGINEERING TECHNOLOGIES INTERNATIONAL INC,"DIVERSITY, EQUITY, INCLUSION AND ONBOARDING SPECIALIST  SERVICES FOR FOREST SERVICE IP"
1/30/2025,12318722F0339,Department of Agriculture,28993,0,2/10/2025,CLOSE OUT,https://www.fpds.gov/ezsearch/jsp/viewLinkController.jsp?agencyID=12C2&PIID=12318722F0339&modNumber=P00007&idvAgencyID=&idvPIID=AG3187C170012&contractType=AWARD,MANAGEMENT & ENGINEERING TECHNOLOGIES INTERNATIONAL INC,CENTRAL AMERICA GENDER ASSESSMENT CONSULTANT  SERVICES FOR FOREST SERVICE IP
1/30/2025,12318724F0481,Department of Agriculture,149923,49952,2/10/2025,CLOSE OUT,https://www.fpds.gov/ezsearch/jsp/viewLinkController.jsp?agencyID=12C2&PIID=12318724F0481&modNumber=P00002&idvAgencyID=&idvPIID=12318723A0005&contractType=AWARD,"HISPANIC COMMUNICATIONS NETWORK, LLC",BPA CALL ORDER AGAINST SINGLE SOURCE BPA PARENT CONTRACT.
1/30/2025,12318723F0207,Department of Agriculture,170000,0,2/10/2025,CLOSE OUT,https://www.fpds.gov/ezsearch/jsp/viewLinkController.jsp?agencyID=12C2&PIID=12318723F0207&modNumber=P00005&idvAgencyID=&idvPIID=12318722A0016&contractType=AWARD,"LANGUAGE BANK, INC.",ADD FUNDS TO CIVIL RIGHTS DEI LEP ALANGUAGE BANK VIA CALL ORDER
1/31/2025,12318724F0369,Department of Agriculture,51462,0,2/10/2025,CLOSE OUT,https://www.fpds.gov/ezsearch/jsp/viewLinkController.jsp?agencyID=12C2&PIID=12318724F0369&modNumber=P00002&idvAgencyID=&idvPIID=12318723D0002&contractType=AWARD,MANAGEMENT & ENGINEERING TECHNOLOGIES INTERNATIONAL INC,BRAZIL COMMUNITY TOURISM CONSULTANT  SERVICES FOR FOREST SERVICE IP
1/31/2025,12314423F0597,Department of Agriculture,400000,225000,2/10/2025,CLOSE OUT,https://www.fpds.gov/ezsearch/jsp/viewLinkController.jsp?agencyID=1205&PIID=12314423F0597&modNumber=P00003&idvAgencyID=&idvPIID=GS07F0274U&contractType=AWARD,"SAGE COMMUNICATIONS, LLC",OCDIO COMMUNICATIONS AND ENGAGEMENT SUPPORT SERVICES
1/31/2025,12318724F0114,Department of Agriculture,16245,0,2/10/2025,CLOSE OUT,https://www.fpds.gov/ezsearch/jsp/viewLinkController.jsp?agencyID=12C2&PIID=12318724F0114&modNumber=P00003&idvAgencyID=&idvPIID=12318723D0002&contractType=AWARD,MANAGEMENT & ENGINEERING TECHNOLOGIES INTERNATIONAL INC,GUATEMALA AND BELIZE VISUAL COMMUNICATIONS AND E-LEARNING CONSULTANT  SERVICES FOR FOREST SERVICE IP
,12318722F0625,Department of Agriculture,29892412,18404482,2/12/2025,FUNDING ONLY ACTION,https://www.fpds.gov/ezsearch/jsp/viewLinkController.jsp?agencyID=12C2&PIID=12318722F0625&modNumber=P00008&idvAgencyID=&idvPIID=47QREB21D0028&contractType=AWARD,"IT CONCEPTS, INC.",PROJECT MANAGEMENT OFFICE SUPPORT SERVICES - PMOSS
,12318723C0016,Department of Agriculture,1483816,920724,2/12/2025,EXERCISE AN OPTION,https://www.fpds.gov/ezsearch/jsp/viewLinkController.jsp?agencyID=12C2&PIID=12318723C0016&modNumber=P00001&idvAgencyID=&idvPIID=&contractType=AWARD,COHO CONSULTING GROUP LLC,WASHINGTON OFFICE STATE PRIVATE & TRIBAL FORESTRY FIRE & AVIATION MANAGEMENT LEADERSHIP DEVELOPMENT COACHING AND CONSULTING
,12318724F0165,Department of Agriculture,617144,498272,2/12/2025,SUPPLEMENTAL AGREEMENT FOR WORK WITHIN SCOPE,https://www.fpds.gov/ezsearch/jsp/viewLinkController.jsp?agencyID=12C2&PIID=12318724F0165&modNumber=P00001&idvAgencyID=&idvPIID=47QRAA18D009T&contractType=AWARD,"COMMUNICATION INSTITUTE INTERNATIONAL, INC",THE OFFICE OF THE CHIEF IS A SEEKING FACILITATION SERVICES FOR ITS NATIONAL LEADERSHIP COUNCIL (NLC) QUARTERLY IN-PERSON MEETINGS. THE INITIAL PERIOD OF PERFORMANCE FOR THIS WORK IS A BASE 12-MONTH PERIOD WITH FOUR 1-YEAR OPTIONAL PERIODS. THE PLACE
,123J1924F0057,Department of Agriculture,526974,425712,2/12/2025,SUPPLEMENTAL AGREEMENT FOR WORK WITHIN SCOPE,https://www.fpds.gov/ezsearch/jsp/viewLinkController.jsp?agencyID=1204&PIID=123J1924F0057&modNumber=P00001&idvAgencyID=&idvPIID=47QRAA18D009T&contractType=AWARD,"COMMUNICATION INSTITUTE INTERNATIONAL, INC","SENIOR LEADERSHIP TEAMBUILDING, COACHING AND TRAVEL WITH CI INTERNATIONAL"
,12760424F0447,Department of Agriculture,603097,335054,2/12/2025,BLANK REASON FOR MODIFICATION IN FPDS,https://www.fpds.gov/ezsearch/jsp/viewLinkController.jsp?agencyID=12C2&PIID=12760424F0447&modNumber=0&idvAgencyID=&idvPIID=12970224D0006&contractType=AWARD,REDCASTLE RESOURCES INC,GEOTASC PROVIDES NATIONAL LEADERSHIP AND GUIDANCE WITHIN THE FOREST SERVICE TO MAXIMIZE THE USE AND APPLICATION OF GEOSPATIAL SCIENCE IN LAND MANAGEMENT DECISION MAKING.
,12318723F0581,Department of Agriculture,451060,155555,2/12/2025,EXERCISE AN OPTION,https://www.fpds.gov/ezsearch/jsp/viewLinkController.jsp?agencyID=12C2&PIID=12318723F0581&modNumber=P00001&idvAgencyID=&idvPIID=03310321D0001&contractType=AWARD,"GARTNER, INC.",GARTNER INC EXECUTIVE PROGRAMS LEADERSHIP TEAM PLUS
1/23/2025,1305M222FNCNA0020,Department of Commerce,205525,51847,1/23/2025,TERMINATE FOR CONVENIENCE (COMPLETE OR PARTIAL),https://www.fpds.gov/ezsearch/jsp/viewLinkController.jsp?agencyID=1330&PIID=1305M222FNCNA0020&modNumber=P25007&idvAgencyID=&idvPIID=GS00F226DA&contractType=AWARD,ELEVATE USA INC,EEO & DIVERSITY TRAINING
1/27/2025,1305M324F0106,Department of Commerce,444000,366000,1/29/2025,TERMINATE FOR CONVENIENCE (COMPLETE OR PARTIAL),https://www.fpds.gov/ezsearch/jsp/viewLinkController.jsp?agencyID=1330&PIID=1305M324F0106&modNumber=P25001&idvAgencyID=&idvPIID=1305M221ANFFK0009&contractType=AWARD,"M2 STRATEGY, INC.",DEIA SUPPORT SERVICES
1/28/2025,1305M323FNFFK0210,Department of Commerce,348400,64437,1/30/2025,TERMINATE FOR CONVENIENCE (COMPLETE OR PARTIAL),https://www.fpds.gov/ezsearch/jsp/viewLinkController.jsp?agencyID=1330&PIID=1305M323FNFFK0210&modNumber=P25002&idvAgencyID=&idvPIID=1305M221ANFFK0009&contractType=AWARD,"M2 STRATEGY, INC.",NMFS HUMAN CAPITAL MANAGEMENT OFFICE (HCMO) DIVERSITY AND INCLUSION CONTRACTOR SUPPORT SERVICES
1/30/2025,1333BJ24F00212001,Department of Commerce,1199116,400976,1/31/2025,TERMINATE FOR CONVENIENCE (COMPLETE OR PARTIAL),https://www.fpds.gov/ezsearch/jsp/viewLinkController.jsp?agencyID=1344&PIID=1333BJ24F00212001&modNumber=P25003&idvAgencyID=&idvPIID=GS00F045DA&contractType=AWARD,GUIDEHOUSE INC.,"DIVERSITY, EQUITY, INCLUSION & ACCESSIBILITY STRATEGIC PLANNING (DEIA) STRATEGIC PLANNING"
1/31/2025,1305M324F0384,Department of Commerce,1681746,1034304,1/31/2025,TERMINATE FOR CONVENIENCE (COMPLETE OR PARTIAL),https://www.fpds.gov/ezsearch/jsp/viewLinkController.jsp?agencyID=1330&PIID=1305M324F0384&modNumber=P25003&idvAgencyID=&idvPIID=47QTCA19D00D9&contractType=AWARD,INTERNATIONAL BUSINESS SALES AND SERVICES CORP,"IN 2023 NOAA FISHERIES RELEASED ITS FIRST-EVER NATIONAL EQUITY AND ENVIRONMENTAL JUSTICE (EEJ) STRATEGY TO GUIDE THE AGENCY AS IT FOCUSES ON SERVING ALL COMMUNITIES MORE EQUITABLY AND EFFECTIVELY.  ACCORDINGLY, THE AKFSC WILL SOON RELEASE THE ALASKA"
1/31/2025,1333LB23F00000159,Department of Commerce,469145,0,1/31/2025,TERMINATE FOR CONVENIENCE (COMPLETE OR PARTIAL),https://www.fpds.gov/ezsearch/jsp/viewLinkController.jsp?agencyID=1323&PIID=1333LB23F00000159&modNumber=P25003&idvAgencyID=&idvPIID=1333LB20A00000006&contractType=AWARD,RESEARCH TRIANGLE INSTITUTE,THE PURPOSE OF THIS CALL ORDER (CO-0014) IS TO PROCURE CONTRACTOR SERVICES TO ASSIST THE CENSUS BUREAU WITH PERFORMING COGNITIVE INTERVIEWS FOR AMERICAN COMMUNITY SURVEY (ACS) SEXUAL ORIENTATION AND GENDER IDENTITY (SOGI).
1/31/2025,1333BJ24F00154002,Department of Commerce,4562861,2340823,2/3/2025,TERMINATE FOR CONVENIENCE (COMPLETE OR PARTIAL),https://www.fpds.gov/ezsearch/jsp/viewLinkController.jsp?agencyID=1344&PIID=1333BJ24F00154002&modNumber=P25003&idvAgencyID=&idvPIID=1333BJ24A00150001&contractType=AWARD,BOOZ ALLEN HAMILTON INC,ORGANIZATIONAL ASSESSMENT CONSULTING SERVICES- PATENT BUSINESS UNIT ORGANIZATIONAL ASSESSMENT
1/24/2025,1305M323PNRMN0583,Department of Commerce,106250,0,2/6/2025,TERMINATE FOR CONVENIENCE (COMPLETE OR PARTIAL),https://www.fpds.gov/ezsearch/jsp/viewLinkController.jsp?agencyID=1330&PIID=1305M323PNRMN0583&modNumber=P25002&idvAgencyID=&idvPIID=&contractType=AWARD,THE AVARNA GROUP LLC,NON-PERSONAL SERVICES FOR JEDI TRAINING
1/29/2025,1333BJ24A00220003,Department of Commerce,20000000,20000000,2/6/2025,TERMINATE FOR CONVENIENCE (COMPLETE OR PARTIAL),https://www.fpds.gov/ezsearch/jsp/viewLinkController.jsp?agencyID=1344&PIID=1333BJ24A00220003&modNumber=P25001&idvAgencyID=&idvPIID=&contractType=IDV,"STORYFARM NEW MEDIA, LLC",BLANKET PURCHASE AGREEMENT TO CREATE HIGH-QUALITY EDUCATIONAL AGENCY VIDEO(S)
1/30/2025,1333BJ24A00220001,Department of Commerce,20000000,20000000,2/6/2025,TERMINATE FOR CONVENIENCE (COMPLETE OR PARTIAL),https://www.fpds.gov/ezsearch/jsp/viewLinkController.jsp?agencyID=1344&PIID=1333BJ24A00220001&modNumber=P25001&idvAgencyID=&idvPIID=&contractType=IDV,EASTWARD FILMS LLC,BLANKET PURCHASE AGREEMENT TO CREATE HIGH-QUALITY EDUCATIONAL AGENCY VIDEO(S)
1/31/2025,1305M323FNRMA0221,Department of Commerce,300000,0,2/6/2025,TERMINATE FOR CONVENIENCE (COMPLETE OR PARTIAL),https://www.fpds.gov/ezsearch/jsp/viewLinkController.jsp?agencyID=1330&PIID=1305M323FNRMA0221&modNumber=P25002&idvAgencyID=&idvPIID=1305M322DNRMA0003&contractType=AWARD,NATIONAL ACADEMY OF SCIENCES,CONTRIBUTION TO DEIBAJ STUDY
2/3/2025,1333BJ24A00220002,Department of Commerce,20000000,20000000,2/6/2025,TERMINATE FOR CONVENIENCE (COMPLETE OR PARTIAL),https://www.fpds.gov/ezsearch/jsp/viewLinkController.jsp?agencyID=1344&PIID=1333BJ24A00220002&modNumber=P25001&idvAgencyID=&idvPIID=&contractType=IDV,PEOPLES TELEVISION INC,BLANKET PURCHASE AGREEMENT TO CREATE HIGH-QUALITY EDUCATIONAL AGENCY VIDEO(S)
2/3/2025,1333BJ20P00222002,Department of Commerce,4125438,0,2/6/2025,TERMINATE FOR CONVENIENCE (COMPLETE OR PARTIAL),https://www.fpds.gov/ezsearch/jsp/viewLinkController.jsp?agencyID=1344&PIID=1333BJ20P00222002&modNumber=P25011&idvAgencyID=&idvPIID=&contractType=AWARD,STEMISED INC,EDUCATOR ENGAGEMENT SERVICES
2/6/2025,1333BJ20F00275001,Department of Commerce,508762,0,2/7/2025,TERMINATE FOR CONVENIENCE (COMPLETE OR PARTIAL),https://www.fpds.gov/ezsearch/jsp/viewLinkController.jsp?agencyID=1344&PIID=1333BJ20F00275001&modNumber=P25008&idvAgencyID=&idvPIID=GS35F0119Y&contractType=AWARD,CARAHSOFT TECHNOLOGY CORP,USPTO/OHR TALENT ACQUISITION PLATFORM
2/5/2025,1333BJ24A00150001,Department of Commerce,25000000,25000000,2/10/2025,TERMINATE FOR CONVENIENCE (COMPLETE OR PARTIAL),https://www.fpds.gov/ezsearch/jsp/viewLinkController.jsp?agencyID=1344&PIID=1333BJ24A00150001&modNumber=P25002&idvAgencyID=&idvPIID=GS00F008DA&contractType=IDV,BOOZ ALLEN HAMILTON INC,ORGANIZATIONAL ASSESSMENT CONSULTING SERVICES
2/11/2025,1333BJ21P00220003,Department of Commerce,3825140,1238320,2/12/2025,TERMINATE FOR CONVENIENCE (COMPLETE OR PARTIAL),https://www.fpds.gov/ezsearch/jsp/viewLinkController.jsp?agencyID=1344&PIID=1333BJ21P00220003&modNumber=P25007&idvAgencyID=&idvPIID=&contractType=AWARD,URBAN ALLIANCE FOUNDATION INC,YOUTH WORK EXPERIENCE - YOUTH JOB PARTNERSHIP
,1305M224C0038,Department of Commerce,990087,0,2/14/2025,TERMINATE FOR CONVENIENCE (COMPLETE OR PARTIAL),https://www.fpds.gov/ezsearch/jsp/viewLinkController.jsp?agencyID=1330&PIID=1305M224C0038&modNumber=P25004&idvAgencyID=&idvPIID=&contractType=AWARD,"PTG INTERNATIONAL, INC.",ORGANIZATIONAL CLIMATE ASSESSMENT
,1305M323FNRMA0027,Department of Commerce,439282,0,2/14/2025,TERMINATE FOR CONVENIENCE (COMPLETE OR PARTIAL),https://www.fpds.gov/ezsearch/jsp/viewLinkController.jsp?agencyID=1330&PIID=1305M323FNRMA0027&modNumber=P25001&idvAgencyID=&idvPIID=1305M322DNRMA0003&contractType=AWARD,NATIONAL ACADEMY OF SCIENCES,"STUDY ON EQUITABLE DISTRIBUTION OF FISHERIES MANAGEMENT, PHASE 2"
,1333ND24FNB480179,Department of Commerce,176419,0,2/14/2025,TERMINATE FOR CONVENIENCE (COMPLETE OR PARTIAL),https://www.fpds.gov/ezsearch/jsp/viewLinkController.jsp?agencyID=1341&PIID=1333ND24FNB480179&modNumber=P25001&idvAgencyID=&idvPIID=1333ND19DNB480016&contractType=AWARD,"BATTRA, LLC",MEP BOARD DEVELOPMENT SUPPORT SERVICES
2/13/2025,1333ND24PNB400274,Department of Commerce,121093,0,2/14/2025,TERMINATE FOR CONVENIENCE (COMPLETE OR PARTIAL),https://www.fpds.gov/ezsearch/jsp/viewLinkController.jsp?agencyID=1341&PIID=1333ND24PNB400274&modNumber=P25001&idvAgencyID=&idvPIID=&contractType=AWARD,TRANSPACIFIC COMMUNICATIONS LLC,DEIA ANALYSIS SUPPORT SERVICES FOR THE FEDERAL LABORATORY CONSORTIUM
1/31/2025,1333LB21F00000332,Department of Commerce,600000,600000,1/31/2025,CLOSE OUT,https://www.fpds.gov/ezsearch/jsp/viewLinkController.jsp?agencyID=1323&PIID=1333LB21F00000332&modNumber=P23002&idvAgencyID=&idvPIID=47QRAA21D002F&contractType=AWARD,"MONTAGE MARKETING GROUP, LLC",8A DIRECT AWARD TASK ORDER TO SUPPORT THE EEO DIVERSITY AND INCLUSION OFFICE.
2/3/2025,1333BJ23F00220001,Department of Commerce,3430745,2078441,2/4/2025,OTHER ADMINISTRATIVE ACTION,https://www.fpds.gov/ezsearch/jsp/viewLinkController.jsp?agencyID=1344&PIID=1333BJ23F00220001&modNumber=P25007&idvAgencyID=&idvPIID=47QRAA18D006U&contractType=AWARD,CREATIVE MARKETING RESOURCES INC,COUNCIL FOR INCLUSIVE INNOVATION (CI2) PUBLIC RELATIONS FIRM CONTRACT
2/4/2025,1333BJ24P00270002,Department of Commerce,111000,76500,2/6/2025,EXERCISE AN OPTION,https://www.fpds.gov/ezsearch/jsp/viewLinkController.jsp?agencyID=1344&PIID=1333BJ24P00270002&modNumber=P25002&idvAgencyID=&idvPIID=&contractType=AWARD,"THE CONFERENCE BOARD, INC.",CONFERENCE BOARD/ENGAGEMENT INSTITUTE MEMBERSHIP
2/11/2025,1331L523C13OS0038,Department of Commerce,749911,0,2/13/2025,OTHER ADMINISTRATIVE ACTION,https://www.fpds.gov/ezsearch/jsp/viewLinkController.jsp?agencyID=1301&PIID=1331L523C13OS0038&modNumber=P24002&idvAgencyID=&idvPIID=&contractType=AWARD,"CALCO ENTERPRISES, LLC",DEIA ASSESSMENTS
2/11/2025,1305M324P0542,Department of Commerce,184000,0,2/13/2025,BLANK REASON FOR MODIFICATION IN FPDS,https://www.fpds.gov/ezsearch/jsp/viewLinkController.jsp?agencyID=1330&PIID=1305M324P0542&modNumber=0&idvAgencyID=&idvPIID=&contractType=AWARD,"NORTHWEST PLANNING, LLC","PROVIDE REGIONAL LOGISTICAL MEETING SUPPORT TO FACILITATE GOVERNMENT REQUESTED TRIBAL ENGAGEMENT AT NOAA FISHERIES HUB EEJ MEETINGS FOR DISCUSSIONS ON EQUITY AND ENVIRONMENTAL JUSTICE. THE CONTRACTOR WILL PROVIDE LOGISTICS, PROCESSING, AND TRAVEL SUP"
2/11/2025,1305M324P0544,Department of Commerce,27000,0,2/13/2025,BLANK REASON FOR MODIFICATION IN FPDS,https://www.fpds.gov/ezsearch/jsp/viewLinkController.jsp?agencyID=1330&PIID=1305M324P0544&modNumber=0&idvAgencyID=&idvPIID=&contractType=AWARD,COMMONWEALTH SCIENTIFIC AND INDUSTRIAL RESEARCH ORGANISATION,NON-PERSONAL SERVICES TO REVISE AND UPDATE THE ATLANTIS ECOSYSTEM MODEL TO SUPPORT NOAA'S EARTH SYSTEM MODEL FRAMEWORK TO PROJECT THE RESPONSE OF FISHES AND FOOD WEBS UNDER SCENARIOS OF FUTURE CLIMATE CHANGE AND INVASIVE SPECIES USING LINKED CLI
2/11/2025,1305M324F0183,Department of Commerce,500000,0,2/13/2025,BLANK REASON FOR MODIFICATION IN FPDS,https://www.fpds.gov/ezsearch/jsp/viewLinkController.jsp?agencyID=1330&PIID=1305M324F0183&modNumber=0&idvAgencyID=&idvPIID=1305M322DNRMA0003&contractType=AWARD,NATIONAL ACADEMY OF SCIENCES,NATIONAL ACADEMY OF SCIENCES (NAS) INDEPENDENT SCIENCE STUDIES (NASISS) INDEFINITE DELIVERY INDEFINITE QUANTITY CONTRACT (IDIQ) TASK ORDER - STUDY ON DROUGHT AND CLIMATE CHANGE
2/12/2025,1305M324F0343,Department of Commerce,3204694,2598174,2/13/2025,BLANK REASON FOR MODIFICATION IN FPDS,https://www.fpds.gov/ezsearch/jsp/viewLinkController.jsp?agencyID=1330&PIID=1305M324F0343&modNumber=0&idvAgencyID=&idvPIID=1305M424D0032&contractType=AWARD,OCEAN ASSOCIATES INC,"VIDEO AND DIGITAL MEDIA COMMUNICATIONS SUPPORT: VIDEO PRODUCTION, & PODCASTS PRODUCTION"
2/12/2025,1331L522F13350519,Department of Commerce,4559012,1894647,2/13/2025,EXERCISE AN OPTION,https://www.fpds.gov/ezsearch/jsp/viewLinkController.jsp?agencyID=1301&PIID=1331L522F13350519&modNumber=P24007&idvAgencyID=&idvPIID=47QREB22D0003&contractType=AWARD,WHEELHOUSE GROUP LLC,LEADERSHIP DEVELOPMENT AND ORGANIZATIONAL SUPPORT
2/12/2025,1305M324F0115,Department of Commerce,643158,0,2/13/2025,BLANK REASON FOR MODIFICATION IN FPDS,https://www.fpds.gov/ezsearch/jsp/viewLinkController.jsp?agencyID=1330&PIID=1305M324F0115&modNumber=0&idvAgencyID=&idvPIID=1305M322ANRMA0008&contractType=AWARD,HARMONIC INTERNATIONAL LLC,BPA CALL ORDER FOR SCIENCE RELATED COMMUNICATION SERVICES
2/12/2025,1305M324F0278,Department of Commerce,643880,107313,2/13/2025,BLANK REASON FOR MODIFICATION IN FPDS,https://www.fpds.gov/ezsearch/jsp/viewLinkController.jsp?agencyID=1330&PIID=1305M324F0278&modNumber=0&idvAgencyID=&idvPIID=1305M322ANRMA0008&contractType=AWARD,HARMONIC INTERNATIONAL LLC,"PROVIDE SCIENCE-RELATED COMMUNICATION SERVICES FOR CPO, PER ATTACHMENT 1 - PERFORMANCE WORK STATEMENT."
2/12/2025,13PDRD25F00000011,Department of Commerce,22000,0,2/13/2025,BLANK REASON FOR MODIFICATION IN FPDS,https://www.fpds.gov/ezsearch/jsp/viewLinkController.jsp?agencyID=1323&PIID=13PDRD25F00000011&modNumber=0&idvAgencyID=&idvPIID=1333LB24D00000003&contractType=AWARD,"ATTADALE PARTNERS, LLC",PURCHASE INCENTIVES FOR CMP SURVEY
,1305M322FNRMW0014,Department of Commerce,2014381,1073496,2/14/2025,SUPPLEMENTAL AGREEMENT FOR WORK WITHIN SCOPE,https://www.fpds.gov/ezsearch/jsp/viewLinkController.jsp?agencyID=1330&PIID=1305M322FNRMW0014&modNumber=P23007&idvAgencyID=&idvPIID=1305M321DNRMA0010&contractType=AWARD,"FEDWRITERS, INC.","SCIENTIFIC, ENGINEERING, AND TECHNICAL SUPPORT, TASK ORDER FOR NOAA'S UXSRTO"
,1305M422FNAAA0114,Department of Commerce,1052914,631749,2/14/2025,EXERCISE AN OPTION,https://www.fpds.gov/ezsearch/jsp/viewLinkController.jsp?agencyID=1330&PIID=1305M422FNAAA0114&modNumber=P23001&idvAgencyID=&idvPIID=1305M418ANAAA0002&contractType=AWARD,"LINDHOLM & ASSOCIATES, INC.",PROJECT MANAGEMENT/PROGRAM MANAGEMENT
,1305M323FNRMW0029,Department of Commerce,590273,446921,2/14/2025,BLANK REASON FOR MODIFICATION IN FPDS,https://www.fpds.gov/ezsearch/jsp/viewLinkController.jsp?agencyID=1330&PIID=1305M323FNRMW0029&modNumber=0&idvAgencyID=&idvPIID=1305M321DNRMA0010&contractType=AWARD,"FEDWRITERS, INC.","SCIENCE, ENGINEERING, AND TECHNICAL SUPPORT SERVICES (SETSS)"
,1305M220FNCNA0300,Department of Commerce,846483,227750,2/14/2025,EXERCISE AN OPTION,https://www.fpds.gov/ezsearch/jsp/viewLinkController.jsp?agencyID=1330&PIID=1305M220FNCNA0300&modNumber=P23011&idvAgencyID=&idvPIID=1305M419DNCNA0018&contractType=AWARD,LYNKER CORPORATION,NOS/AA - PROGRAM OFFICE COORDINATION AND OPERATIONS SUPPORT SERVICES
,1305M422FNAAA0045,Department of Commerce,567840,189280,2/14/2025,EXERCISE AN OPTION,https://www.fpds.gov/ezsearch/jsp/viewLinkController.jsp?agencyID=1330&PIID=1305M422FNAAA0045&modNumber=P23001&idvAgencyID=&idvPIID=1305M418ANAAA0004&contractType=AWARD,"GOLDEN KEY GROUP, LLC",PROGRAM MANAGER FOR NURSING PROGRAM
,1305M323FNRMW0227,Department of Commerce,466884,158626,2/14/2025,EXERCISE AN OPTION,https://www.fpds.gov/ezsearch/jsp/viewLinkController.jsp?agencyID=1330&PIID=1305M323FNRMW0227&modNumber=P24001&idvAgencyID=&idvPIID=1305M321DNRMA0010&contractType=AWARD,"FEDWRITERS, INC.","TASK ORDER FOR TECHNOLOGY PROGRAM OFFICE (TPO) OUTREACH COORDINATOR ON THE SCIENCE, ENGINEERING AND TECHNICAL SUPPORT SERVICES (SETSS) INDEFINITE DELIVERY INDEFINITY QUANTITY (IDIQ) CONTRACT"
,1305M324F0185,Department of Commerce,249977,146323,2/14/2025,BLANK REASON FOR MODIFICATION IN FPDS,https://www.fpds.gov/ezsearch/jsp/viewLinkController.jsp?agencyID=1330&PIID=1305M324F0185&modNumber=0&idvAgencyID=&idvPIID=1305M419DNCNA0018&contractType=AWARD,LYNKER CORPORATION,EEJ PROJECT CULTURAL LIAISON FOR PIRO BASE YEAR
,1305M324F0008,Department of Commerce,277521,130490,2/14/2025,BLANK REASON FOR MODIFICATION IN FPDS,https://www.fpds.gov/ezsearch/jsp/viewLinkController.jsp?agencyID=1330&PIID=1305M324F0008&modNumber=0&idvAgencyID=&idvPIID=1305M419ANCNL0007&contractType=AWARD,LYNNE CARBONE & ASSOCIATES INC,DEVELOPMENT OF PIFSC STRATEGIC AND IMPLEMENTATION PLANS
,1333MJ23PNAAA0071,Department of Commerce,140000,70000,2/14/2025,OTHER ADMINISTRATIVE ACTION,https://www.fpds.gov/ezsearch/jsp/viewLinkController.jsp?agencyID=1330&PIID=1333MJ23PNAAA0071&modNumber=P25002&idvAgencyID=&idvPIID=&contractType=AWARD,HISPANIC ASSOCIATION OF COLLEGES & UNIVERSITIES,THE PURPOSE OF THE REQUIREMENT IS TO PROVIDE NOAA WITH A GOLD STANDARD PARTNERSHIP AT THE ANNUAL HACU CONFERENCE TO ATTRACT STEM STUDENTS TO NOAA.
,1305M421PNAAJ0030,Department of Commerce,80922,55998,2/14/2025,OTHER ADMINISTRATIVE ACTION,https://www.fpds.gov/ezsearch/jsp/viewLinkController.jsp?agencyID=1330&PIID=1305M421PNAAJ0030&modNumber=P23001&idvAgencyID=&idvPIID=&contractType=AWARD,"GOLDEN WOLF, LLC","ARCHIBUS. PLANNING, IMPLEMENTATION AND SUPPORT SERVICES OF A DATA SYNCHRONIZING INTEGRATION TOOL LINKING BUILDER TO OTHER NOAA MANAGEMENT SYSTEMS"
,1305M325F0018,Department of Commerce,36805,5258,2/14/2025,BLANK REASON FOR MODIFICATION IN FPDS,https://www.fpds.gov/ezsearch/jsp/viewLinkController.jsp?agencyID=1330&PIID=1305M325F0018&modNumber=0&idvAgencyID=&idvPIID=1305M419ANCNL0007&contractType=AWARD,LYNNE CARBONE & ASSOCIATES INC,"TASK ORDER CALL AGAINST:   BPA 47QRAA19D007T, NONPERSONAL SERVICES, FOR COACHING SERVICES FOR MULTIPLE PSL STAFF TRANSITIONING TO A SUPERVISORY POSITION IN ACCORDANCE WITH THE STATEMENT OF WORK (SOW)."
,1333MJ22PNRMA0014,Department of Commerce,96639,0,2/14/2025,EXERCISE AN OPTION,https://www.fpds.gov/ezsearch/jsp/viewLinkController.jsp?agencyID=1330&PIID=1333MJ22PNRMA0014&modNumber=P24004&idvAgencyID=&idvPIID=&contractType=AWARD,UNIVERSITY OF ILLINOIS,RE-CREATION OF ORIGINAL FPDS FROM 02/08/2022 PROGRAM SUPPORT FOR GLOBAL ATMOSPHERE WATCH PRECIP CHEMISTRY PROGRAM
,1305M223FNWWF0215,Department of Commerce,199867,0,2/14/2025,OTHER ADMINISTRATIVE ACTION,https://www.fpds.gov/ezsearch/jsp/viewLinkController.jsp?agencyID=1330&PIID=1305M223FNWWF0215&modNumber=P24001&idvAgencyID=&idvPIID=1305M418ANAAA0001&contractType=AWARD,"FYI - FOR YOUR INFORMATION, INC.",OFFICE OF FACILITIES STAFFING ANALYSIS
,1333BJ23F00152001,Department of Commerce,4282584,3305891,2/14/2025,OTHER ADMINISTRATIVE ACTION,https://www.fpds.gov/ezsearch/jsp/viewLinkController.jsp?agencyID=1344&PIID=1333BJ23F00152001&modNumber=P25002&idvAgencyID=&idvPIID=47QRAA19D00A6&contractType=AWARD,TRUST CONSULTING SERVICES INC.,OFFICE OF PATENT FINANCIAL MANAGEMENT MANAGEMENT AND ADMINISTRATIVE SUPPORT SERVICES.
,1333BJ25F00280002,Department of Commerce,3537094,3213264,2/14/2025,BLANK REASON FOR MODIFICATION IN FPDS,https://www.fpds.gov/ezsearch/jsp/viewLinkController.jsp?agencyID=1344&PIID=1333BJ25F00280002&modNumber=0&idvAgencyID=&idvPIID=GS00F276GA&contractType=AWARD,"BNL, INC.",PATENT PRODUCT LINE MANAGEMENT SUPPORT SERVICES
,1333BJ22F00154003,Department of Commerce,2140897,575469,2/14/2025,EXERCISE AN OPTION,https://www.fpds.gov/ezsearch/jsp/viewLinkController.jsp?agencyID=1344&PIID=1333BJ22F00154003&modNumber=P24003&idvAgencyID=&idvPIID=1333BJ21A00280001&contractType=AWARD,"INTEGRATED SYSTEMS SOLUTIONS, INC.",THE OFFICE OF PATENT INFORMATION MANAGEMENT REQUIRES UPDATES TO ESTABLISHED POLICY AND PROCEDURES TO IMPLEMENT THE MODERNIZATION OF PATENT SYSTEMS AND PROCESSES.
,1333BJ22F00054002,Department of Commerce,330694,62988,2/14/2025,OTHER ADMINISTRATIVE ACTION,https://www.fpds.gov/ezsearch/jsp/viewLinkController.jsp?agencyID=1344&PIID=1333BJ22F00054002&modNumber=P25008&idvAgencyID=&idvPIID=1333BJ22A00050001&contractType=AWARD,"JAMA ENTERPRISES, INC.",THIS IS A BASE AWARD BLANKET PURCHASE AGREEMENT CALL ORDER FOR SUPERVISORY CERTIFICATE PROGRAM SERVICES SUPPORT
,1333BJ23F00184023,Department of Commerce,13733,3822,2/14/2025,OTHER ADMINISTRATIVE ACTION,https://www.fpds.gov/ezsearch/jsp/viewLinkController.jsp?agencyID=1344&PIID=1333BJ23F00184023&modNumber=P24001&idvAgencyID=&idvPIID=1333BJ23A00180003&contractType=AWARD,CHERRY BEKAERT ADVISORY LLC,THIS EFFORT IS THE PROCUREMENT OF TAX SUBJECT MATTER EXPERTS TO PROVIDE EXPERTISE AND GUIDANCE TO ANY TAX QUESTIONS AND IMPLICATIONS OF EMPLOYEE RELOCATION AND TEMPORARY TOUR OF DUTY OR LONG-TERM TOUR OF DUTY ASSIGNMENTS.
,1333BJ25P00180002,Department of Commerce,,,2/14/2025,BLANK REASON FOR MODIFICATION IN FPDS,https://www.fpds.gov/ezsearch/jsp/viewLinkController.jsp?agencyID=1344&PIID=1333BJ25P00180002&modNumber=0&idvAgencyID=&idvPIID=&contractType=AWARD,,
,1331L523F13350652,Department of Commerce,5060544,2745284,2/14/2025,BLANK REASON FOR MODIFICATION IN FPDS,https://www.fpds.gov/ezsearch/jsp/viewLinkController.jsp?agencyID=1301&PIID=1331L523F13350652&modNumber=0&idvAgencyID=&idvPIID=1331L520A13350021&contractType=AWARD,"PRACTICAL SOLUTIONS, INC",PROFESSIONAL SERVICES
,1305M223FNCNS0211,Department of Commerce,10611986,5724281,2/14/2025,EXERCISE AN OPTION,https://www.fpds.gov/ezsearch/jsp/viewLinkController.jsp?agencyID=1330&PIID=1305M223FNCNS0211&modNumber=P24003&idvAgencyID=&idvPIID=DOCEA133C17BA0049&contractType=AWARD,CONSOLIDATED SAFETY SERVICES INCORPORATED,SCIENTIFIC AND TECHNICAL SUPPORT SERVICES FOR SPATIAL PLANNING
,1331L524C13350024,Department of Commerce,1974630,858928,2/14/2025,BLANK REASON FOR MODIFICATION IN FPDS,https://www.fpds.gov/ezsearch/jsp/viewLinkController.jsp?agencyID=1301&PIID=1331L524C13350024&modNumber=0&idvAgencyID=&idvPIID=&contractType=AWARD,KAPTIVATE LLC,STRATEGIC PROGRAM MANAGEMENT SUPPORT SERVICES
,1331L524F13351004,Department of Commerce,1744700,750000,2/14/2025,BLANK REASON FOR MODIFICATION IN FPDS,https://www.fpds.gov/ezsearch/jsp/viewLinkController.jsp?agencyID=1301&PIID=1331L524F13351004&modNumber=0&idvAgencyID=&idvPIID=47QRAA24D002L&contractType=AWARD,NATIONAL ACADEMY OF PUBLIC ADMINISTRATION,NTIA INDEPENDENT IT ORGANIZATIONAL AND TECHNICAL ASSESSMENT
,1331L523C13350013,Department of Commerce,1368838,925638,2/14/2025,OTHER ADMINISTRATIVE ACTION,https://www.fpds.gov/ezsearch/jsp/viewLinkController.jsp?agencyID=1301&PIID=1331L523C13350013&modNumber=P24001&idvAgencyID=&idvPIID=&contractType=AWARD,KAPTIVATE LLC,FISCAL YEAR OMBI REPORTS SERVICES
,1331L522P13350094,Department of Commerce,694831,184057,2/14/2025,EXERCISE AN OPTION,https://www.fpds.gov/ezsearch/jsp/viewLinkController.jsp?agencyID=1301&PIID=1331L522P13350094&modNumber=P24004&idvAgencyID=&idvPIID=&contractType=AWARD,KAPTIVATE LLC,SUPPORT SERVICES
,1331L524C13350019,Department of Commerce,660000,0,2/14/2025,BLANK REASON FOR MODIFICATION IN FPDS,https://www.fpds.gov/ezsearch/jsp/viewLinkController.jsp?agencyID=1301&PIID=1331L524C13350019&modNumber=0&idvAgencyID=&idvPIID=&contractType=AWARD,"STEEL POINT SOLUTIONS, LLC",COST-BENEFIT ANALYSIS AND TECHNICAL ADVISORY SERVICES
,1331L524F13210033,Department of Commerce,112500,0,2/14/2025,OTHER ADMINISTRATIVE ACTION,https://www.fpds.gov/ezsearch/jsp/viewLinkController.jsp?agencyID=1301&PIID=1331L524F13210033&modNumber=P25001&idvAgencyID=&idvPIID=1331L520A13210017&contractType=AWARD,HASS JULIE L,SUPPORT- PROFESSIONAL: ENGINEERING/TECHNICAL
,1331L524F13210076,Department of Commerce,81000,0,2/14/2025,OTHER ADMINISTRATIVE ACTION,https://www.fpds.gov/ezsearch/jsp/viewLinkController.jsp?agencyID=1301&PIID=1331L524F13210076&modNumber=P25001&idvAgencyID=&idvPIID=1331L519A13210016&contractType=AWARD,MOYLAN CAROL E,SPECIAL STUDIES/ANALYSIS- SCIENTIFIC DATA
,1331L524F13210256,Department of Commerce,19200,0,2/14/2025,BLANK REASON FOR MODIFICATION IN FPDS,https://www.fpds.gov/ezsearch/jsp/viewLinkController.jsp?agencyID=1301&PIID=1331L524F13210256&modNumber=0&idvAgencyID=&idvPIID=1331L519A13210033&contractType=AWARD,LANDEFELD JOHN STEVEN,SUPPORT- PROFESSIONAL: ENGINEERING/TECHNICAL
,1331L524F13210234,Department of Commerce,5000,0,2/14/2025,BLANK REASON FOR MODIFICATION IN FPDS,https://www.fpds.gov/ezsearch/jsp/viewLinkController.jsp?agencyID=1301&PIID=1331L524F13210234&modNumber=0&idvAgencyID=&idvPIID=1331L521A13210005&contractType=AWARD,MARTIN FLEMING LLC,CONSULTATIVE AND RESEARCH SERVICES
,1331L524F13230131,Department of Commerce,279858,0,2/14/2025,BLANK REASON FOR MODIFICATION IN FPDS,https://www.fpds.gov/ezsearch/jsp/viewLinkController.jsp?agencyID=1323&PIID=1331L524F13230131&modNumber=0&idvAgencyID=&idvPIID=1331L523A13ES0051&contractType=AWARD,"GARTNER, INC.",IT SUBSCRIPTION AND ADVISORY SERVICES
,1331L524F13230137,Department of Commerce,99567,0,2/14/2025,BLANK REASON FOR MODIFICATION IN FPDS,https://www.fpds.gov/ezsearch/jsp/viewLinkController.jsp?agencyID=1323&PIID=1331L524F13230137&modNumber=0&idvAgencyID=&idvPIID=1331L523A13ES0051&contractType=AWARD,"GARTNER, INC.",IT SUBSCRIPTION AND CONSULTING
,1331L524F13230192,Department of Commerce,105465,0,2/14/2025,BLANK REASON FOR MODIFICATION IN FPDS,https://www.fpds.gov/ezsearch/jsp/viewLinkController.jsp?agencyID=1301&PIID=1331L524F13230192&modNumber=0&idvAgencyID=&idvPIID=1331L523A13ES0051&contractType=AWARD,"GARTNER, INC.",GARTNER SUBSCRIPTION
,1331L524F13230225,Department of Commerce,383228,0,2/14/2025,BLANK REASON FOR MODIFICATION IN FPDS,https://www.fpds.gov/ezsearch/jsp/viewLinkController.jsp?agencyID=1323&PIID=1331L524F13230225&modNumber=0&idvAgencyID=&idvPIID=1331L523A13ES0051&contractType=AWARD,"GARTNER, INC.",GARTNER SUBSCRIPTION
,1331L524F13230201,Department of Commerce,105465,0,2/14/2025,BLANK REASON FOR MODIFICATION IN FPDS,https://www.fpds.gov/ezsearch/jsp/viewLinkController.jsp?agencyID=1323&PIID=1331L524F13230201&modNumber=0&idvAgencyID=&idvPIID=1331L523A13ES0051&contractType=AWARD,"GARTNER, INC.",GARTNER FOR FINANCIAL LEADERS
,1333ND24FNB180071,Department of Commerce,299877,0,2/14/2025,OTHER ADMINISTRATIVE ACTION,https://www.fpds.gov/ezsearch/jsp/viewLinkController.jsp?agencyID=1341&PIID=1333ND24FNB180071&modNumber=P24001&idvAgencyID=&idvPIID=1333ND23ANB180003&contractType=AWARD,"SAVAN GROUP, LLC",OSIM PROGRAM MANAGEMENT OFFICE (PMO) SUPPORT SERVICES
,1333ND24FNB480173,Department of Commerce,579882,0,2/14/2025,BLANK REASON FOR MODIFICATION IN FPDS,https://www.fpds.gov/ezsearch/jsp/viewLinkController.jsp?agencyID=1341&PIID=1333ND24FNB480173&modNumber=0&idvAgencyID=&idvPIID=1333ND19DNB480016&contractType=AWARD,"BATTRA, LLC",MEP NATIONAL NETWORK KNOWLEDGE MANAGEMENT ENHANCEMENT (KME) SUPPORT SERVICES
,1333ND23FNB190167,Department of Commerce,199024,0,2/14/2025,BLANK REASON FOR MODIFICATION IN FPDS,https://www.fpds.gov/ezsearch/jsp/viewLinkController.jsp?agencyID=1341&PIID=1333ND23FNB190167&modNumber=0&idvAgencyID=&idvPIID=1333ND22ANB190001&contractType=AWARD,"THE CLEARING, INC.",IMPLEMENTATION PHASE
,1333ND24FNB480177,Department of Commerce,398502,0,2/14/2025,BLANK REASON FOR MODIFICATION IN FPDS,https://www.fpds.gov/ezsearch/jsp/viewLinkController.jsp?agencyID=1341&PIID=1333ND24FNB480177&modNumber=0&idvAgencyID=&idvPIID=1333ND19DNB480015&contractType=AWARD,STONE & ASSOCIATES INC,MEP CENTER DIRECTOR SUPPORT SERVICES
,1333ND24FNB480178,Department of Commerce,244990,0,2/14/2025,BLANK REASON FOR MODIFICATION IN FPDS,https://www.fpds.gov/ezsearch/jsp/viewLinkController.jsp?agencyID=1341&PIID=1333ND24FNB480178&modNumber=0&idvAgencyID=&idvPIID=1333ND19DNB480016&contractType=AWARD,"BATTRA, LLC",MANUFACTURING EXTENSION PARTNERSHIP (MEP) TAB WILKINS EMERGING LEADER PROGRAM (TWELP) SUPPORT SERVICES
1/24/2025,47QFWA23F0038,Department of Defense,3615921,2233350,1/24/2025,SUPPLEMENTAL AGREEMENT FOR WORK WITHIN SCOPE,https://www.fpds.gov/ezsearch/jsp/viewLinkController.jsp?agencyID=4732&PIID=47QFWA23F0038&modNumber=P00002&idvAgencyID=&idvPIID=47QFWA21D0013&contractType=AWARD,"DIGNITAS TECHNOLOGIES, LLC",LEADING INCLUSIVELY VIRTUAL EXPERIENCE LIVE AND DIVERSITY EQUITY INCLUSION AND ACCESSBILITY DEIA EDUCATION TRAINING DEVELOPMENT AND DELIVERY
5/1/2023,FA330022F0026,Department of Defense,2406252,1856256,2/5/2025,SUPPLEMENTAL AGREEMENT FOR WORK WITHIN SCOPE,https://www.fpds.gov/ezsearch/jsp/viewLinkController.jsp?agencyID=9700&PIID=FA330022F0026&modNumber=P00001&idvAgencyID=&idvPIID=47QRAA18D006A&contractType=AWARD,"C2 TECHNOLOGIES, INC.",AIR UNIVERSITY PROFESSION OF ARMS CENTER OF EXCELLENCE UNCONSCIOUS BIAS MIXED REALITY SERVICE CONTRACT
2/6/2025,HQ003422A0020,Department of Defense,130000,130000,2/6/2025,EXERCISE AN OPTION,https://www.fpds.gov/ezsearch/jsp/viewLinkController.jsp?agencyID=9700&PIID=HQ003422A0020&modNumber=P00006&idvAgencyID=&idvPIID=47QRAA20D003C&contractType=IDV,CULTUREPOINT LLC,"DIVERSITY, EQUITY AND INCLUSION TRAINING"
2/10/2025,HQ003420F0484,Department of Defense,13318430,0,2/12/2025,EXERCISE AN OPTION,https://www.fpds.gov/ezsearch/jsp/viewLinkController.jsp?agencyID=9700&PIID=HQ003420F0484&modNumber=P00007&idvAgencyID=&idvPIID=HQ003415A0024&contractType=AWARD,GUIDEHOUSE LLP,DEPARTMENT OF DEFENSE (DOD) VOLUNTARY EDUCATION SUPPORT SERVICES (VOLED)
2/10/2025,HS002120F0045,Department of Defense,283234,0,2/12/2025,SUPPLEMENTAL AGREEMENT FOR WORK WITHIN SCOPE,https://www.fpds.gov/ezsearch/jsp/viewLinkController.jsp?agencyID=9700&PIID=HS002120F0045&modNumber=P00011&idvAgencyID=&idvPIID=GS02F108BA&contractType=AWARD,MIND YOUR BUSINESS INC,INITIATE THE EEO PROCESS AND PROVIDE COUNSELING SERVICES AND REPORTS
2/7/2025,HT942524F0062,Department of Defense,621140,234268,2/12/2025,BLANK REASON FOR MODIFICATION IN FPDS,https://www.fpds.gov/ezsearch/jsp/viewLinkController.jsp?agencyID=9700&PIID=HT942524F0062&modNumber=0&idvAgencyID=&idvPIID=GS10F099AA&contractType=AWARD,THE ARBINGER COMPANY,NON-PERSONAL SERVICES FOR A GOVERNMENT TRAINING AND WORKSHOP OUTWARD PERFORMANCE AND OUTWARD INCLUSION FACILITATION FOR THE WALTER REED ARMY INSTITUTE OF RESEARCH.
2/7/2025,N6426724P5048,Department of Defense,27820,0,2/12/2025,BLANK REASON FOR MODIFICATION IN FPDS,https://www.fpds.gov/ezsearch/jsp/viewLinkController.jsp?agencyID=9700&PIID=N6426724P5048&modNumber=0&idvAgencyID=&idvPIID=&contractType=AWARD,"POLITICO, LLC",POLITICO PRO PLUS- DIGITIAL ACCESS 8-USE
2/7/2025,W9127S23P0102,Department of Defense,101820,64620,2/12/2025,EXERCISE AN OPTION,https://www.fpds.gov/ezsearch/jsp/viewLinkController.jsp?agencyID=9700&PIID=W9127S23P0102&modNumber=P00001&idvAgencyID=&idvPIID=&contractType=AWARD,"POLITICO, LLC","THE SOUTHWEST DIVISION HAS A REQUIREMENT TO PROCURE THE POLITICO PRO PLUS SUBSCRIPTION THROUGH POLITICO, LLC. POLITICO PRO ALLOWS DIVISION TO RECEIVE INFORMATION ON REGULATORY AND LEGISLATIVE NEWS THAT IMPACTS OUR AGENCY."
2/7/2025,W912HQ23P0024,Department of Defense,134100,73421,2/12/2025,EXERCISE AN OPTION,https://www.fpds.gov/ezsearch/jsp/viewLinkController.jsp?agencyID=9700&PIID=W912HQ23P0024&modNumber=P00001&idvAgencyID=&idvPIID=&contractType=AWARD,"POLITICO, LLC",SUBSCRIPTION RENEWAL TO E&E NEWS
1/23/2025,91003123F0013,Department of Education,46300,16700,1/23/2025,TERMINATE FOR CONVENIENCE (COMPLETE OR PARTIAL),https://www.fpds.gov/ezsearch/jsp/viewLinkController.jsp?agencyID=9100&PIID=91003123F0013&modNumber=P00002&idvAgencyID=&idvPIID=GS00F404GA&contractType=AWARD,IVY PLANNING GROUP LLC,THIS TASK ORDER IS TO PROVIDE DIVERSITY EQUITY INCLUSION AND ACCESSIBILITY DEIA TRAINING.
2/4/2025,91990024F0040,Department of Education,623191,498553,2/5/2025,TERMINATE FOR CONVENIENCE (COMPLETE OR PARTIAL),https://www.fpds.gov/ezsearch/jsp/viewLinkController.jsp?agencyID=9100&PIID=91990024F0040&modNumber=P00001&idvAgencyID=&idvPIID=47QTCA20D003Q&contractType=AWARD,"THE INSTITUTE FOR APPLIED NETWORK SECURITY, LLC",DECISION SUPPORT SERVICES AND CYBERSECURITY STRATEGY SUBSCRIPTION
2/4/2025,91990025F0013,Department of Education,23497752,18808185,2/5/2025,TERMINATE FOR CONVENIENCE (COMPLETE OR PARTIAL),https://www.fpds.gov/ezsearch/jsp/viewLinkController.jsp?agencyID=9100&PIID=91990025F0013&modNumber=P00002&idvAgencyID=&idvPIID=91990020A0002&contractType=AWARD,GRANT THORNTON LLP,DIGITAL MODERNIZATION PROGRAM MANAGEMENT OFFICE SUPPORT
2/4/2025,91990024C0038,Department of Education,4461320,3458816,2/5/2025,TERMINATE FOR CONVENIENCE (COMPLETE OR PARTIAL),https://www.fpds.gov/ezsearch/jsp/viewLinkController.jsp?agencyID=9100&PIID=91990024C0038&modNumber=P00001&idvAgencyID=&idvPIID=&contractType=AWARD,SRI CONSULTING SERVICES LLC,CONTINUATION OF PROGRAM MANAGEMENT SERVICES FOR THE NEXT GENERATION FULL LIFE CYCLE GRANTS MANAGEMENT AND PAYMENT SYSTEM
2/4/2025,91990024P0007,Department of Education,1346916,1091916,2/5/2025,TERMINATE FOR CONVENIENCE (COMPLETE OR PARTIAL),https://www.fpds.gov/ezsearch/jsp/viewLinkController.jsp?agencyID=9100&PIID=91990024P0007&modNumber=P00001&idvAgencyID=&idvPIID=&contractType=AWARD,CISION US INC,DAILY NEWS DIGEST
2/4/2025,91990022F0031,Department of Education,307542,0,2/5/2025,TERMINATE FOR CONVENIENCE (COMPLETE OR PARTIAL),https://www.fpds.gov/ezsearch/jsp/viewLinkController.jsp?agencyID=9100&PIID=91990022F0031&modNumber=P00004&idvAgencyID=&idvPIID=GS35F0119Y&contractType=AWARD,CARAHSOFT TECHNOLOGY CORP,"ACCESS TO A CATALOG OF TRAINING OPPORTUNITIES DESIGNED TO DEVELOP THE ED WORKFORCE COMPETENCIES AT VARIOUS LEVELS, INCLUDING ENTRY-LEVEL EMPLOYEES, TEAM LEADERS, SUPERVISORS, MANAGERS, AND SENIOR EXECUTIVES."
2/7/2025,91990022C0024,Department of Education,4498436,1839655,2/11/2025,TERMINATE FOR CONVENIENCE (COMPLETE OR PARTIAL),https://www.fpds.gov/ezsearch/jsp/viewLinkController.jsp?agencyID=9100&PIID=91990022C0024&modNumber=P00005&idvAgencyID=&idvPIID=&contractType=AWARD,"EXPEDITEINFOTECH, INC.",SUPPORT FOR EDUCATION DEPARTMENT'S CENTRAL AUTOMATED PROCESSING SYSTEM (EDCAPS) TECHNICAL PROGRAM MANAGEMENT SERVICES.
2/7/2025,91990023C0051,Department of Education,3406477,1169264,2/11/2025,TERMINATE FOR CONVENIENCE (COMPLETE OR PARTIAL),https://www.fpds.gov/ezsearch/jsp/viewLinkController.jsp?agencyID=9100&PIID=91990023C0051&modNumber=P00002&idvAgencyID=&idvPIID=&contractType=AWARD,AKIMA DATA MANAGEMENT LLC,INFORMATION ASSURANCE SUPPORT SERVICES (IASS).
2/7/2025,91990022C0016,Department of Education,3153440,642883,2/11/2025,TERMINATE FOR CONVENIENCE (COMPLETE OR PARTIAL),https://www.fpds.gov/ezsearch/jsp/viewLinkController.jsp?agencyID=9100&PIID=91990022C0016&modNumber=P00007&idvAgencyID=&idvPIID=&contractType=AWARD,CONSTITUENT SERVICES WORLDWIDE PUBLIC BENEFIT CORPORATION,8(A) SOLE SOURCE CONTRACT TO OBTAIN PORTFOLIO OF INTEGRATED VALUE-ORIENTED TECHNOLOGIES - ADMINISTRATION SUPPORT SERVICES IN ACCORDANCE WITH THE PERFORMANCE WORK STATEMENT (PWS).
2/7/2025,91990023F0050,Department of Education,192825,0,2/11/2025,TERMINATE FOR CONVENIENCE (COMPLETE OR PARTIAL),https://www.fpds.gov/ezsearch/jsp/viewLinkController.jsp?agencyID=9100&PIID=91990023F0050&modNumber=P00003&idvAgencyID=&idvPIID=47QRAA19D001T&contractType=AWARD,"FM TALENT SOURCE, LLC",HR SUPPORT SPECIALIST FOR OIG 24-MONTH PERIOD FOR BASE AND ONE OPTION.  POP:  09/30/2023 TO 09/29/2024  (NAICS CODE 561320)
2/7/2025,91990023F0051,Department of Education,1546848,950938,2/11/2025,TERMINATE FOR CONVENIENCE (COMPLETE OR PARTIAL),https://www.fpds.gov/ezsearch/jsp/viewLinkController.jsp?agencyID=9100&PIID=91990023F0051&modNumber=P00003&idvAgencyID=&idvPIID=91990018A0002&contractType=AWARD,"COLLABRALINK TECHNOLOGIES, INCORPORATED",SENIOR DATABASE ADMINISTRATOR
2/7/2025,91990023F0359,Department of Education,737665,300901,2/11/2025,TERMINATE FOR CONVENIENCE (COMPLETE OR PARTIAL),https://www.fpds.gov/ezsearch/jsp/viewLinkController.jsp?agencyID=9100&PIID=91990023F0359&modNumber=P00002&idvAgencyID=&idvPIID=91990018A0002&contractType=AWARD,"COLLABRALINK TECHNOLOGIES, INCORPORATED",SHAREPOINT CUSTOMER SUPPORT AND BUSINESS PROCESS ENHANCEMENT
2/7/2025,91990023F0358,Department of Education,674503,71609,2/11/2025,TERMINATE FOR CONVENIENCE (COMPLETE OR PARTIAL),https://www.fpds.gov/ezsearch/jsp/viewLinkController.jsp?agencyID=9100&PIID=91990023F0358&modNumber=P00003&idvAgencyID=&idvPIID=91990020A0039&contractType=AWARD,THE LDM GROUP LLC,HUMAN RESOURCES (HR) SURGE SUPPORT AND SERVICES IN LABOR RELATIONS.
2/10/2025,91990024F0331,Department of Education,39369398,31053150,2/11/2025,TERMINATE FOR CONVENIENCE (COMPLETE OR PARTIAL),https://www.fpds.gov/ezsearch/jsp/viewLinkController.jsp?agencyID=9100&PIID=91990024F0331&modNumber=P00001&idvAgencyID=&idvPIID=91990023D0008&contractType=AWARD,APPLIED ENTERPRISE MANAGEMENT CORPORATION,ED FACTS DATA AND DISSEMINATION SUPPORT SERVICES
2/10/2025,91990019C0078,Department of Education,54271412,22474868,2/11/2025,TERMINATE FOR CONVENIENCE (COMPLETE OR PARTIAL),https://www.fpds.gov/ezsearch/jsp/viewLinkController.jsp?agencyID=9100&PIID=91990019C0078&modNumber=P00009&idvAgencyID=&idvPIID=&contractType=AWARD,AMERICAN INSTITUTES FOR RESEARCH IN THE BEHAVIORAL SCIENCES,"THIS CONTRACT IS  TO CONDUCT AN IMPLEMENTATION AND IMPACT EVALUATION STUDY OF TRANSITION SERVICES FOR STUDENTS WITH DISABILITIES, SPECIFICALLY THEIR EFFECTS ON IMPROVING POST-HIGH SCHOOL OUTCOMES."
2/10/2025,91990025F0014,Department of Education,23319641,17849220,2/11/2025,TERMINATE FOR CONVENIENCE (COMPLETE OR PARTIAL),https://www.fpds.gov/ezsearch/jsp/viewLinkController.jsp?agencyID=9100&PIID=91990025F0014&modNumber=P00001&idvAgencyID=&idvPIID=91990023D0002&contractType=AWARD,ABT GLOBAL LLC,WHAT WORKS CLEARINGHOUSE SUPPORTING AND ANALYZING GRANTEE EVALUATIONS (WWC-SAGE)
2/10/2025,91990024F0301,Department of Education,23184927,13113343,2/11/2025,TERMINATE FOR CONVENIENCE (COMPLETE OR PARTIAL),https://www.fpds.gov/ezsearch/jsp/viewLinkController.jsp?agencyID=9100&PIID=91990024F0301&modNumber=P00003&idvAgencyID=&idvPIID=91990023D0006&contractType=AWARD,AMERICAN INSTITUTES FOR RESEARCH IN THE BEHAVIORAL SCIENCES,INTERNATIONAL ACTIVITIES CORE SUPPORT
2/10/2025,91990022C0066,Department of Education,21375324,9324141,2/11/2025,TERMINATE FOR CONVENIENCE (COMPLETE OR PARTIAL),https://www.fpds.gov/ezsearch/jsp/viewLinkController.jsp?agencyID=9100&PIID=91990022C0066&modNumber=P00011&idvAgencyID=&idvPIID=&contractType=AWARD,"GENERAL DYNAMICS INFORMATION TECHNOLOGY, INC.",ASSISTANCE WITH REVIEW OF GRANT APPLICATIONS.
2/10/2025,91990024F0327,Department of Education,19220083,17188194,2/11/2025,TERMINATE FOR CONVENIENCE (COMPLETE OR PARTIAL),https://www.fpds.gov/ezsearch/jsp/viewLinkController.jsp?agencyID=9100&PIID=91990024F0327&modNumber=P00003&idvAgencyID=&idvPIID=91990023D0046&contractType=AWARD,SANAMETRIX INC,"EDUCATION DEMOGRAPHIC AND GEOGRAPHIC ESTIMATES, GEOSPATIAL IT SUPPORT"
2/10/2025,91990018C0046,Department of Education,40947225,0,2/11/2025,TERMINATE FOR CONVENIENCE (COMPLETE OR PARTIAL),https://www.fpds.gov/ezsearch/jsp/viewLinkController.jsp?agencyID=9100&PIID=91990018C0046&modNumber=P00010&idvAgencyID=&idvPIID=&contractType=AWARD,AMERICAN INSTITUTES FOR RESEARCH IN THE BEHAVIORAL SCIENCES,THIS CONTRACT IS TO EVALUATE THE IMPACT OF OFFERING SCHOOLS TRAINING IN THE IMPLEMENTATION OF MULTI-TIERED SYSTEMS OF SUPPORT FOR READING (MTSS-R) IN EARLY ELEMENTARY SCHOOL ON STAFF PRACTICE AND STUDENT OUTCOMES.  THE TRAINING IS EXPECTED TO BE INTENSIVE AND FOCUSED ON ENABLING SCHOOL STAFF TO SUCCESSFULLY IMPLEMENT THE KEY COMPONENTS OF MTSS-R.
2/10/2025,91990018C0057,Department of Education,16464404,6999520,2/11/2025,TERMINATE FOR CONVENIENCE (COMPLETE OR PARTIAL),https://www.fpds.gov/ezsearch/jsp/viewLinkController.jsp?agencyID=9100&PIID=91990018C0057&modNumber=P00014&idvAgencyID=&idvPIID=&contractType=AWARD,MATHEMATICA INC.,ASSESSING THE EFFECTIVENESS IN EVALUATION OF ADULT EDUCATION STUDY
2/10/2025,91990024F0367,Department of Education,14082522,12044087,2/11/2025,TERMINATE FOR CONVENIENCE (COMPLETE OR PARTIAL),https://www.fpds.gov/ezsearch/jsp/viewLinkController.jsp?agencyID=9100&PIID=91990024F0367&modNumber=P00001&idvAgencyID=&idvPIID=91990023D0008&contractType=AWARD,APPLIED ENTERPRISE MANAGEMENT CORPORATION,COMMON EDUCATION DATA STANDARDS SUPPORT SERVICES
2/10/2025,91990019C0066,Department of Education,14316431,6327067,2/11/2025,TERMINATE FOR CONVENIENCE (COMPLETE OR PARTIAL),https://www.fpds.gov/ezsearch/jsp/viewLinkController.jsp?agencyID=9100&PIID=91990019C0066&modNumber=P00006&idvAgencyID=&idvPIID=&contractType=AWARD,MATHEMATICA INC.,DEP. OF ED. INSTITUTE OF ED. SCIENCES REQUIRES A CONTRACT TO ASSESS THE FEASIBILITY OF CONDUCTING AN IMPACT EVALUATION OF TEACHER RESIDENCY PROGRAMS AND STUDY DESIGN
2/10/2025,91990022F0007,Department of Education,15000236,8217796,2/11/2025,TERMINATE FOR CONVENIENCE (COMPLETE OR PARTIAL),https://www.fpds.gov/ezsearch/jsp/viewLinkController.jsp?agencyID=9100&PIID=91990022F0007&modNumber=P00011&idvAgencyID=&idvPIID=GS35F0329Y&contractType=AWARD,SANAMETRIX INC,"EO14042 TECHNICAL ASSISTANCE AND EXPERT ADVICE TO SUPPORT THE PROJECTS OF THE STATISTICAL STANDARDS AND DATA CONFIDENTIALITY STAFF (SSDCS) RELATED TO STATISTICAL STANDARDS, CONFIDENTIALITY, AND DATA SECURITY."
2/10/2025,91990019C0004,Department of Education,12360291,8055395,2/11/2025,TERMINATE FOR CONVENIENCE (COMPLETE OR PARTIAL),https://www.fpds.gov/ezsearch/jsp/viewLinkController.jsp?agencyID=9100&PIID=91990019C0004&modNumber=P00010&idvAgencyID=&idvPIID=&contractType=AWARD,ABT GLOBAL LLC,RESEARCH STUDY TO SUPPORT SCHOLARSHIPS FOR OPPORTUNITY AND RESULTS REAUTHORIZATION ACT
2/10/2025,91990023F0034,Department of Education,10973208,6854312,2/11/2025,TERMINATE FOR CONVENIENCE (COMPLETE OR PARTIAL),https://www.fpds.gov/ezsearch/jsp/viewLinkController.jsp?agencyID=9100&PIID=91990023F0034&modNumber=P00003&idvAgencyID=&idvPIID=91990023D0006&contractType=AWARD,AMERICAN INSTITUTES FOR RESEARCH IN THE BEHAVIORAL SCIENCES,LONGITUDINAL SURVEYS BRANCH TECHNICAL AND LOGISTICAL SUPPORT
2/10/2025,91990022F0006,Department of Education,11578308,5083879,2/11/2025,TERMINATE FOR CONVENIENCE (COMPLETE OR PARTIAL),https://www.fpds.gov/ezsearch/jsp/viewLinkController.jsp?agencyID=9100&PIID=91990022F0006&modNumber=P00005&idvAgencyID=&idvPIID=GS00F428GA&contractType=AWARD,ACTIVATE RESEARCH INC.,EO14042 - STATISTICAL STANDARDS AND DATA CONFIDENTIALITY STAFF CONTRACT
2/10/2025,91990024F0347,Department of Education,10257928,8627492,2/11/2025,TERMINATE FOR CONVENIENCE (COMPLETE OR PARTIAL),https://www.fpds.gov/ezsearch/jsp/viewLinkController.jsp?agencyID=9100&PIID=91990024F0347&modNumber=P00002&idvAgencyID=&idvPIID=91990023D0042&contractType=AWARD,RESEARCH TRIANGLE INSTITUTE,THE PURPOSE OF THIS PROCUREMENT IS TO PROVIDE IMPLEMENTATION SUPPORT FOR THE PRODUCTION AND DISSEMINATION OF REPORTS AND WEB PRODUCTS ON EDUCATIONAL TOPICS FOR THE ANNUAL REPORTS AND INFORMATION STAFF PROGRAM.
2/10/2025,91990022F0042,Department of Education,14791490,0,2/11/2025,TERMINATE FOR CONVENIENCE (COMPLETE OR PARTIAL),https://www.fpds.gov/ezsearch/jsp/viewLinkController.jsp?agencyID=9100&PIID=91990022F0042&modNumber=P00005&idvAgencyID=&idvPIID=47QTCK18D0036&contractType=AWARD,ACCENTURE FEDERAL SERVICES LLC,IES DIGITAL MODERNIZATION TASK ORDER
2/10/2025,91990019C0056,Department of Education,13359008,2411313,2/11/2025,TERMINATE FOR CONVENIENCE (COMPLETE OR PARTIAL),https://www.fpds.gov/ezsearch/jsp/viewLinkController.jsp?agencyID=9100&PIID=91990019C0056&modNumber=P00017&idvAgencyID=&idvPIID=&contractType=AWARD,MATHEMATICA INC.,"THIS CONTRACT IS CONTRACT TO CONDUCT AN IMPLEMENTATION AND IMPACT EVALUATION STUDY OF THE 21ST CENTURY COMMUNITY LEARNING CENTERS (21ST CCLC) PROGRAM.  THE SERVICES INCLUDE INTERVENTION IMPLEMENTATION, EXECUTION, AND DATA COLLECTION FOR THE IMPACT STUDY."
2/10/2025,91990018C0044,Department of Education,13364740,2782944,2/11/2025,TERMINATE FOR CONVENIENCE (COMPLETE OR PARTIAL),https://www.fpds.gov/ezsearch/jsp/viewLinkController.jsp?agencyID=9100&PIID=91990018C0044&modNumber=P00014&idvAgencyID=&idvPIID=&contractType=AWARD,MATHEMATICA INC.,"THIS CONTRACT IS TO CONDUCT A TWO COMPONENT STUDY WHICH INCLUDES COLLECTING IMPLEMENTATION INFORMATION ABOUT THE TEACHER AND SCHOOL LEADER INCENTIVE FUND PROGRAM FY2017 GRANTS.  THE SECOND COMPONENT INCLUDES AN IMPACT EVALUATION OF A CORE STRATEGY THAT IS COMMON AMONG THE FUNDED TSL FY2017 GRANTS.  IN ADDITION, THE CONTRACTOR SHALL COLLECT DATA TO PROVIDE INFORMATION FOR THE PROGRAM PERFORMANCE INDICATORS."
2/10/2025,91990024C0044,Department of Education,4606863,4114709,2/11/2025,TERMINATE FOR CONVENIENCE (COMPLETE OR PARTIAL),https://www.fpds.gov/ezsearch/jsp/viewLinkController.jsp?agencyID=9100&PIID=91990024C0044&modNumber=P00001&idvAgencyID=&idvPIID=&contractType=AWARD,"CYBER SYNERGY CONSULTING GROUP, LLC",THIS CONTRACT SUPPORTS THE NATIONAL CENTER FOR EDUCATION RESEARCH (NCER) AND THE NATIONAL CENTER FOR SPECIAL EDUCATION RESEARCH TECHNICAL WORKING GROUP (TWG) MEETINGS.
2/10/2025,EDIES15C0046,Department of Education,8662009,0,2/11/2025,TERMINATE FOR CONVENIENCE (COMPLETE OR PARTIAL),https://www.fpds.gov/ezsearch/jsp/viewLinkController.jsp?agencyID=9100&PIID=EDIES15C0046&modNumber=P00013&idvAgencyID=&idvPIID=&contractType=AWARD,RESEARCH TRIANGLE INSTITUTE,"IGF::OT::IGF ""OTHER FUNCTION"" THIS IS A NEW AWARD TO COLLECT ADMINISTRATIVE RECORDS AND DESCRIBE THE SECONDARY SCHOOL, POSTSECONDARY EDUCATION, AND EMPLOYMENT AND EARNING OUTCOMES OF A SAMPLE OF HIGH SCHOOL YOUTH WITH DISABILITIES."
2/10/2025,91990019C0059,Department of Education,5630679,2008105,2/11/2025,TERMINATE FOR CONVENIENCE (COMPLETE OR PARTIAL),https://www.fpds.gov/ezsearch/jsp/viewLinkController.jsp?agencyID=9100&PIID=91990019C0059&modNumber=P00011&idvAgencyID=&idvPIID=&contractType=AWARD,"WESTAT, INC.",THIS CONTRACT TO CONDUCT AN EVALUATION OF UP TO TWO PILOT PROGRAMS AUTHORIZED BY THE EVERY STUDENT SUCCEEDS ACT: (1) INNOVATIVE ASSESSMENT AND ACCOUNTABILITY DEMONSTRATION AUTHORITY; (2) FLEXIBILITY FOR EQUITABLE PER-PUPIL FUNDING.
2/10/2025,91990024F0348,Department of Education,4185611,3161714,2/11/2025,TERMINATE FOR CONVENIENCE (COMPLETE OR PARTIAL),https://www.fpds.gov/ezsearch/jsp/viewLinkController.jsp?agencyID=9100&PIID=91990024F0348&modNumber=P00001&idvAgencyID=&idvPIID=91990023D0005&contractType=AWARD,ACTIVATE RESEARCH INC.,"INTERNATIONAL ACTIVITIES RESEARCH, EVALUATION, AND QUALITY CONTROL SUPPORT CONTRACT"
2/10/2025,91990021C0052,Department of Education,4089422,268744,2/11/2025,TERMINATE FOR CONVENIENCE (COMPLETE OR PARTIAL),https://www.fpds.gov/ezsearch/jsp/viewLinkController.jsp?agencyID=9100&PIID=91990021C0052&modNumber=P00006&idvAgencyID=&idvPIID=&contractType=AWARD,ACTIVATE RESEARCH INC.,"THE TEACHING AND LEARNING INTERNATIONAL SURVEY (TALIS) IS A SURVEY ABOUT TEACHERS, TEACHING, AND LEARNING ENVIRONMENTS AND IS SPONSORED BY THE ORGANIZATION FOR ECONOMIC COOPERATION AND DEVELOPMENT (OECD)."
2/10/2025,91990024F0389,Department of Education,3836117,2653316,2/11/2025,TERMINATE FOR CONVENIENCE (COMPLETE OR PARTIAL),https://www.fpds.gov/ezsearch/jsp/viewLinkController.jsp?agencyID=9100&PIID=91990024F0389&modNumber=P00003&idvAgencyID=&idvPIID=91990023D0049&contractType=AWARD,THE HATCHER GROUP INC,THE PURPOSE OF THIS REQUIREMENT IS TO SUPPORT THE NEWLY ESTABLISHED IES COMMUNICATIONS MANAGEMENT OFFICE BY PROVIDING CONTENT DEVELOPMENT AND DEPLOYMENT SUPPORT.
2/10/2025,91990022F0350,Department of Education,5842394,2438485,2/11/2025,TERMINATE FOR CONVENIENCE (COMPLETE OR PARTIAL),https://www.fpds.gov/ezsearch/jsp/viewLinkController.jsp?agencyID=9100&PIID=91990022F0350&modNumber=P00005&idvAgencyID=&idvPIID=91990020A0014&contractType=AWARD,AMERICAN INSTITUTES FOR RESEARCH IN THE BEHAVIORAL SCIENCES,"THE PURPOSE OF THIS REQUIREMENT IS TO PROVIDE SUPPORT TO THE ADMINISTRATIVE DATA DIVISION (ADD/EL-SEC) STAFF TO ENSURE DATA QUALITY, IMPROVE STATISTICAL METHODOLOGY, AND INCREASE PRODUCTION EFFICIENCY OF DATA FILES AND REPORTS."
2/10/2025,91990024C0015,Department of Education,2860554,2291692,2/11/2025,TERMINATE FOR CONVENIENCE (COMPLETE OR PARTIAL),https://www.fpds.gov/ezsearch/jsp/viewLinkController.jsp?agencyID=9100&PIID=91990024C0015&modNumber=P00002&idvAgencyID=&idvPIID=&contractType=AWARD,DC GLOBAL PLANNING LLC,"LOGISTICAL SUPPORT SERVICES CONTRACT FOR THE PRINCIPAL INVESTIGATOR MEETING, FOR THE NATIONAL CENTER FOR EDUCATION RESEARCH, WITHIN THE INSTITUTE OF EDUCATION SCIENCES."
2/10/2025,91990023F0310,Department of Education,3342213,1883916,2/11/2025,TERMINATE FOR CONVENIENCE (COMPLETE OR PARTIAL),https://www.fpds.gov/ezsearch/jsp/viewLinkController.jsp?agencyID=9100&PIID=91990023F0310&modNumber=P00007&idvAgencyID=&idvPIID=91990020A0031&contractType=AWARD,SAFAL PARTNERS LLC,LOGISTICS AND EVEN PLANNING SUPPORT
2/10/2025,91990024F0376,Department of Education,2758849,1852501,2/11/2025,TERMINATE FOR CONVENIENCE (COMPLETE OR PARTIAL),https://www.fpds.gov/ezsearch/jsp/viewLinkController.jsp?agencyID=9100&PIID=91990024F0376&modNumber=P00003&idvAgencyID=&idvPIID=91990023D0003&contractType=AWARD,ACCENTURE FEDERAL SERVICES LLC,"THE PURPOSE OF THIS REQUIREMENT IS TO SUPPORT THE NEWLY ESTABLISHED IES COMMUNICATIONS MANAGEMENT OFFICE IN COMMUNICATIONS PLANNING, STRATEGY, MANAGEMENT AND IMPLEMENTATION."
2/10/2025,91990024F0321,Department of Education,1999762,1674231,2/11/2025,TERMINATE FOR CONVENIENCE (COMPLETE OR PARTIAL),https://www.fpds.gov/ezsearch/jsp/viewLinkController.jsp?agencyID=9100&PIID=91990024F0321&modNumber=P00001&idvAgencyID=&idvPIID=91990023D0042&contractType=AWARD,RESEARCH TRIANGLE INSTITUTE,HIGH SCHOOL LONGITUDINAL STUDY - 3RD FOLLOW UP
2/10/2025,91990025F0012,Department of Education,2899258,1670465,2/11/2025,TERMINATE FOR CONVENIENCE (COMPLETE OR PARTIAL),https://www.fpds.gov/ezsearch/jsp/viewLinkController.jsp?agencyID=9100&PIID=91990025F0012&modNumber=P00001&idvAgencyID=&idvPIID=91990024D0007&contractType=AWARD,AMERICAN INSTITUTES FOR RESEARCH IN THE BEHAVIORAL SCIENCES,EVALUATION OF GRANT PROGRAMS TO INCREASE SCHOOL BASED MENTAL HEALTH SERVICES: PHASE II ACTIVITIES
2/10/2025,91990024F0386,Department of Education,2082525,1185808,2/11/2025,TERMINATE FOR CONVENIENCE (COMPLETE OR PARTIAL),https://www.fpds.gov/ezsearch/jsp/viewLinkController.jsp?agencyID=9100&PIID=91990024F0386&modNumber=P00001&idvAgencyID=&idvPIID=91990023D0050&contractType=AWARD,"WESTAT, INC.",TASK AWARD AWARD FOR REL EVALUATION
2/10/2025,91990023F0072,Department of Education,3711302,2397026,2/11/2025,TERMINATE FOR CONVENIENCE (COMPLETE OR PARTIAL),https://www.fpds.gov/ezsearch/jsp/viewLinkController.jsp?agencyID=9100&PIID=91990023F0072&modNumber=P00002&idvAgencyID=&idvPIID=91990021A0004&contractType=AWARD,AMERICAN INSTITUTES FOR RESEARCH IN THE BEHAVIORAL SCIENCES,PESTO TO 0005
2/10/2025,91990024F0345,Department of Education,6647530,5972584,2/11/2025,TERMINATE FOR CONVENIENCE (COMPLETE OR PARTIAL),https://www.fpds.gov/ezsearch/jsp/viewLinkController.jsp?agencyID=9100&PIID=91990024F0345&modNumber=P00003&idvAgencyID=&idvPIID=91990023D0029&contractType=AWARD,THE MANHATTAN STRATEGY GROUP LLC,PROVIDE SUPPORT FOR OUTREACH AND DISSEMINATION FOR THE NATIONAL CENTER FOR EDUCATION STATISTICS (NCES) DIFFERENT TYPES OF REPORTS AND DATA PRODUCTS FOR DATA COLLECTIONS AND SURVEYS COVERED BY THE NCES STATISTICS LINE.
2/10/2025,91990024F0387,Department of Education,1239292,1015062,2/11/2025,TERMINATE FOR CONVENIENCE (COMPLETE OR PARTIAL),https://www.fpds.gov/ezsearch/jsp/viewLinkController.jsp?agencyID=9100&PIID=91990024F0387&modNumber=P00001&idvAgencyID=&idvPIID=91990023D0041&contractType=AWARD,"QUALITY INFORMATION PARTNERS, INC.",THE PURPOSE OF THIS PROCUREMENT IS TO PROVIDE SUPPORT FOR REVIEWING MOUS AND LEGAL AGREEMENTS.
2/10/2025,91990023F0325,Department of Education,3688070,901579,2/11/2025,TERMINATE FOR CONVENIENCE (COMPLETE OR PARTIAL),https://www.fpds.gov/ezsearch/jsp/viewLinkController.jsp?agencyID=9100&PIID=91990023F0325&modNumber=P00002&idvAgencyID=&idvPIID=91990021A0004&contractType=AWARD,AMERICAN INSTITUTES FOR RESEARCH IN THE BEHAVIORAL SCIENCES,PESTO TO 0003
2/10/2025,91990023F0336,Department of Education,3742165,927629,2/11/2025,TERMINATE FOR CONVENIENCE (COMPLETE OR PARTIAL),https://www.fpds.gov/ezsearch/jsp/viewLinkController.jsp?agencyID=9100&PIID=91990023F0336&modNumber=P00002&idvAgencyID=&idvPIID=91990021A0003&contractType=AWARD,ABT GLOBAL LLC,PESTO TASK ORDER 0004
2/10/2025,91990024F0342,Department of Education,2599392,799677,2/11/2025,TERMINATE FOR CONVENIENCE (COMPLETE OR PARTIAL),https://www.fpds.gov/ezsearch/jsp/viewLinkController.jsp?agencyID=9100&PIID=91990024F0342&modNumber=P00002&idvAgencyID=&idvPIID=91990021A0005&contractType=AWARD,MATHEMATICA INC.,PESTO TO 7
2/10/2025,91990023F0334,Department of Education,1316869,695127,2/11/2025,TERMINATE FOR CONVENIENCE (COMPLETE OR PARTIAL),https://www.fpds.gov/ezsearch/jsp/viewLinkController.jsp?agencyID=9100&PIID=91990023F0334&modNumber=P00004&idvAgencyID=&idvPIID=91990023D0046&contractType=AWARD,SANAMETRIX INC,ASSISTANCE WITH SURVEYS FOR PROGRAM OFFICE
2/10/2025,91990022F0337,Department of Education,841728,543289,2/11/2025,TERMINATE FOR CONVENIENCE (COMPLETE OR PARTIAL),https://www.fpds.gov/ezsearch/jsp/viewLinkController.jsp?agencyID=9100&PIID=91990022F0337&modNumber=P00007&idvAgencyID=&idvPIID=91990020A0032&contractType=AWARD,"SYNERGY ENTERPRISES, INC","TO SUPPORT THE ACTIVITIES OF THE ANNUAL REPORTS AND INFORMATION STAFF (ARIS) BY DESKTOPPING HIGH-QUALITY, TIMELY, AND RELIABLE STATISTICAL REPORTS AND PRODUCING OTHER WEB-BASED STATISTICAL PRODUCTS"
2/10/2025,91990020F0309,Department of Education,769645,0,2/11/2025,TERMINATE FOR CONVENIENCE (COMPLETE OR PARTIAL),https://www.fpds.gov/ezsearch/jsp/viewLinkController.jsp?agencyID=9100&PIID=91990020F0309&modNumber=P00007&idvAgencyID=&idvPIID=EDESE15A0015&contractType=AWARD,"SYNERGY ENTERPRISES, INC",THE PURPOSE OF THIS REQUIREMENT IS TO OBTAIN TECHNICAL ASSISTANCE SERVICES TO SUPPORT MAILOUT OPERATIONS FOR A NUMBER OF SURVEY COLLECTIONS UNDER THE SAMPLE SURVEY DIVISION OF THE NATIONAL CENTER FOR EDUCATION STATISTICS.
2/10/2025,91990023F0330,Department of Education,517018,315619,2/11/2025,TERMINATE FOR CONVENIENCE (COMPLETE OR PARTIAL),https://www.fpds.gov/ezsearch/jsp/viewLinkController.jsp?agencyID=9100&PIID=91990023F0330&modNumber=P00002&idvAgencyID=&idvPIID=91990023D0046&contractType=AWARD,SANAMETRIX INC,IT INVESTMENT MANAGEMENT SUPPORT
2/10/2025,91990025F0009,Department of Education,757566,266003,2/11/2025,TERMINATE FOR CONVENIENCE (COMPLETE OR PARTIAL),https://www.fpds.gov/ezsearch/jsp/viewLinkController.jsp?agencyID=9100&PIID=91990025F0009&modNumber=P00001&idvAgencyID=&idvPIID=91990023D0005&contractType=AWARD,ACTIVATE RESEARCH INC.,"THE OBJECTIVE OF THIS ORDER IS TO PROVIDE COMMUNICATIONS, RESEARCH, AND COORDINATION-RELATED SUPPORT TO THE NATIONAL CENTER FOR EDUCATION STATISTICS (NCES) RELATED TO DEPARTMENT-WIDE EFFORTS ON OMB'S REVISED STANDARDS FOR MAINTAINING, COLLECTIN"
2/10/2025,91990024F0330,Department of Education,488017,255328,2/11/2025,TERMINATE FOR CONVENIENCE (COMPLETE OR PARTIAL),https://www.fpds.gov/ezsearch/jsp/viewLinkController.jsp?agencyID=9100&PIID=91990024F0330&modNumber=P00001&idvAgencyID=&idvPIID=91990023D0005&contractType=AWARD,ACTIVATE RESEARCH INC.,POST SECONDARY PUBLICATIONS FOR LONGITUDINAL SURVEYS BRANCH
2/10/2025,91990021P0005,Department of Education,147646,32478,2/11/2025,TERMINATE FOR CONVENIENCE (COMPLETE OR PARTIAL),https://www.fpds.gov/ezsearch/jsp/viewLinkController.jsp?agencyID=9100&PIID=91990021P0005&modNumber=P00007&idvAgencyID=&idvPIID=&contractType=AWARD,"EC AMERICA, INC",APPIAN MAINTENANCE SOFTWARE AND SUPPORT RENEWAL.
2/10/2025,91990020F0369,Department of Education,1821657,48030,2/11/2025,TERMINATE FOR CONVENIENCE (COMPLETE OR PARTIAL),https://www.fpds.gov/ezsearch/jsp/viewLinkController.jsp?agencyID=9100&PIID=91990020F0369&modNumber=P00009&idvAgencyID=&idvPIID=91990019D0003&contractType=AWARD,ABT GLOBAL LLC,"FSA REQUIREMENT TO CONDUCT EVALUATIONS OF STRATEGIES DESIGNED TO IMPROVE THE FEDERAL STUDENT AID SYSTEM, PRIMARILY THOSE TESTED UNDER THE EXPERIMENTAL SITES INITIATIVE."
2/10/2025,91990018C0020,Department of Education,14513387,153984,2/11/2025,TERMINATE FOR CONVENIENCE (COMPLETE OR PARTIAL),https://www.fpds.gov/ezsearch/jsp/viewLinkController.jsp?agencyID=9100&PIID=91990018C0020&modNumber=P00009&idvAgencyID=&idvPIID=&contractType=AWARD,AMERICAN INSTITUTES FOR RESEARCH IN THE BEHAVIORAL SCIENCES,"THIS IS A CONTRACT TO EXAMINE THE IMPLEMENTATION OF THE STRIVING READERS COMPREHENSIVE LITERACY (SRCL) PROGRAM AND TO ASSESS THE FEASIBILITY OF AN IMPACT EVALUATION OF THE COMPREHENSIVE LITERACY STATE DEVELOPMENT (CLD) PROGRAM (WITH AN OPTION TO CONDUCT THE IMPACT EVALUATION, IN OPTION PERIOD I, IF DEEMED FEASIBLE)."
2/10/2025,91990018C0039,Department of Education,76241771,27744830,2/11/2025,TERMINATE FOR CONVENIENCE (COMPLETE OR PARTIAL),https://www.fpds.gov/ezsearch/jsp/viewLinkController.jsp?agencyID=9100&PIID=91990018C0039&modNumber=P00020&idvAgencyID=&idvPIID=&contractType=AWARD,RESEARCH TRIANGLE INSTITUTE,"2019-20 NATIONAL POSTSECONDARY STUDENT AID STUDY (NPSAS 2020). THE NPSAS 2020 CONTRACT IS DESIGNED TO FULFILL A REQUIREMENT TO CONDUCT A SERIES OF STUDIES, BASED LARGELY ON ADMINISTRATIVE DATA COLLECTIONS AND SOME STUDENT INTERVIEWS, TO COMPLY WITH THE HIGHER EDUCATION OPPORTUNITY ACT OF 2008. THESE STUDIES ARE DESIGNED TO DESCRIBE (1) HOW STUDENTS AND THEIR FAMILIES FINANCE POSTSECONDARY EDUCATION AND (2) STUDENTS' PERSISTENCE, ATTAINMENT, AND WORKFORCE OUTCOMES."
2/10/2025,91990018F0018,Department of Education,98525000,54274065,2/11/2025,TERMINATE FOR CONVENIENCE (COMPLETE OR PARTIAL),https://www.fpds.gov/ezsearch/jsp/viewLinkController.jsp?agencyID=9100&PIID=91990018F0018&modNumber=P00021&idvAgencyID=&idvPIID=GS00Q14OADU217&contractType=AWARD,RESEARCH TRIANGLE INSTITUTE,"THE HIGH SCHOOL AND BEYOND LONGITUDINAL STUDY OF 2020 (HS&B:20)IS A LARGE, COMPLEX DATA COLLECTION USED TO FOLLOW AND STUDY HIGH SCHOOL STUDENTS THROUGHOUT THEIR HIGH SCHOOL CAREERS."
2/10/2025,91990019C0002,Department of Education,105979407,48429578,2/11/2025,TERMINATE FOR CONVENIENCE (COMPLETE OR PARTIAL),https://www.fpds.gov/ezsearch/jsp/viewLinkController.jsp?agencyID=9100&PIID=91990019C0002&modNumber=P00017&idvAgencyID=&idvPIID=&contractType=AWARD,"WESTAT, INC.","THE DESIGN AND CONDUCT OF THE EARLY CHILDHOOD LONGITUDINAL STUDY, KINDERGARTEN CLASS OF 2022 THROUGH 2023 PROVIDES IMPORTANT INFORMATION ON EARLY LEARNING AND DEVELOPMENT, PRESCHOOL, EARLY CARE AND EDUCATION EXPERIENCES, TRANSITION INTO KINDERGARTEN, AND PROGRESS THROUGH THE ELEMENTARY GRADES, BUILDING UPON KNOWLEDGE ACQUIRED FROM THE PREVIOUS EARLY CHILDHOOD LONGITUDINAL STUDIES."
2/10/2025,91990019F0001,Department of Education,20297142,10010463,2/11/2025,TERMINATE FOR CONVENIENCE (COMPLETE OR PARTIAL),https://www.fpds.gov/ezsearch/jsp/viewLinkController.jsp?agencyID=9100&PIID=91990019F0001&modNumber=P00018&idvAgencyID=&idvPIID=GS35F0329Y&contractType=AWARD,SANAMETRIX INC,THE DEVELOPMENT AND TECHNICAL ASSISTANCE IN LEVERAGING ANALYSIS BASED WEBSITES (DATALAB) REQUIREMENT PROVIDES WEB-BASED DATA ANALYSIS TOOLS FOR SURVEY STUDIES FIELDED BY THE NATIONAL CENTER FOR EDUCATION STATISTICS (NCES).
2/10/2025,91990019F0025,Department of Education,67589195,26014048,2/11/2025,TERMINATE FOR CONVENIENCE (COMPLETE OR PARTIAL),https://www.fpds.gov/ezsearch/jsp/viewLinkController.jsp?agencyID=9100&PIID=91990019F0025&modNumber=P00028&idvAgencyID=&idvPIID=GS00Q14OADU223&contractType=AWARD,"WESTAT, INC.","FIRST INTERNATIONAL STUDIES CONSOLIDATED NATIONAL CONTRACT  PROGRAM FOR INTERNATIONAL STUDENT ASSESSMENT (PISA), PROGRESS IN INTERNATIONAL READING STUDY (PIRLS), AND PROGRAM FOR THE INTERNATIONAL ASSESSMENT OF ADULT COMPETENCIES (PIAAC).  PIRLS IS AN INTERNATIONAL ASSESSMENT THAT FOCUSES ON THE READING KNOWLEDGE AND SKILLS OF FOURTH-GRADERS.  PISA IS AN INTERNATIONAL ASSESSMENT OF 15-YEAR-OLD STUDENTS READING, MATHEMATICS, AND SCIENCE LITERACY, AS WELL AS, OCCASIONALLY, OTHER SUBJECTS SUCH AS, FINANCIAL LITERACY, COLLABORATIVE PROBLEM SOLVING.  PIAAC IS AN INTERNATIONAL HOUSEHOLD STUDY, WHICH IN CYCLE 1-2011-2017 MEASURED ADULTS BASIC SKILLS IN LITERACY, NUMERACY, LITERACY COMPONENTS, AND PROBLEM-SOLVING IN TECHNOLOGY-RICH ENVIRONMENTS.  THIS NATIONAL CENTER FOR EDUCATION STATISTICS (NCES) WITHIN THE INSTITUTE OF EDUCATION SCIENCES (IES) OF THE U.S. DEPARTMENT OF EDUCATION (ED) CONTRACT PROVIDES SERVICES THAT WILL BE PART OF THE LARGER INTERNATIONAL PROGRAM THAT NCES HAS PARTICIPATED IN THROUGH COLLABORATION WITH A VARIETY OF INTERNATIONAL ORGANIZATIONS AND PARTNERS, SUCH AS BUT NOT LIMITED TO THE ORGANIZATION FOR ECONOMIC COOPERATION AND DEVELOPMENT (OECD), THE INTERNATIONAL ASSOCIATION FOR THE EVALUATION OF EDUCATIONAL ACHIEVEMENT (IEA), MINISTRIES OF EDUCATION AND OTHER GOVERNMENT AGENCIES, AND NON-GOVERNMENTAL ORGANIZATIONS, AS WELL AS STATISTICAL AND RESEARCH INSTITUTES THROUGHOUT THE WORLD."
2/10/2025,91990019F0334,Department of Education,1926885,0,2/11/2025,TERMINATE FOR CONVENIENCE (COMPLETE OR PARTIAL),https://www.fpds.gov/ezsearch/jsp/viewLinkController.jsp?agencyID=9100&PIID=91990019F0334&modNumber=P00011&idvAgencyID=&idvPIID=EDPEP16A0003&contractType=AWARD,ABT GLOBAL LLC,"THE PURPOSE OF THIS STUDY IS TO DESCRIBE THE EARLY IMPLEMENTATION OF STUDENT SUPPORT AND ACADEMIC ENRICHMENT (SSAE) GRANTS, A NEW STATE-ADMINISTERED GRANT PROGRAM THAT IS INTENDED TO IMPROVE STUDENT ACADEMIC ACHIEVEMENT BY INCREASING THE CAPACITY OF STATES, SCHOOL DISTRICTS, SCHOOLS, AND LOCAL COMMUNITIES TO: 1) PROVIDE ALL STUDENTS WITH ACCESS TO A WELL-ROUNDED EDUCATION 2) IMPROVE SCHOOL CONDITIONS FOR STUDENT LEARNING AND 3) IMPROVE THE USE OF TECHNOLOGY."
2/10/2025,91990020F0305,Department of Education,4499965,0,2/11/2025,TERMINATE FOR CONVENIENCE (COMPLETE OR PARTIAL),https://www.fpds.gov/ezsearch/jsp/viewLinkController.jsp?agencyID=9100&PIID=91990020F0305&modNumber=P00003&idvAgencyID=&idvPIID=EDESE15A0005&contractType=AWARD,ABT GLOBAL LLC,THIS CONTRACT IS FOR ASSISTANCE TO PROVIDE EVALUATION TECHNICAL ASSISTANCE AND OTHER SUPPORTS TO MAXIMIZE THE STRENGTH OF THE EVALUATIONS FUNDED BY THE COHORT OF EDUCATION INNOVATION AND RESEARCH (EIR) GRANTEES.
2/10/2025,91990020F0346,Department of Education,2337660,0,2/11/2025,TERMINATE FOR CONVENIENCE (COMPLETE OR PARTIAL),https://www.fpds.gov/ezsearch/jsp/viewLinkController.jsp?agencyID=9100&PIID=91990020F0346&modNumber=P00005&idvAgencyID=&idvPIID=91990019D0002&contractType=AWARD,AMERICAN INSTITUTES FOR RESEARCH IN THE BEHAVIORAL SCIENCES,"THIS FIVE-YEAR INDEFINITE DELIVERY-INDEFINITE QUANTITY CONTRACT (IDIQ), AWARDED IN SEPTEMBER 2019, IS INTENDED TO HELP THE INSTITUTE OF EDUCATION SCIENCES (IES) DESIGN AND CONDUCT STUDIES OF CAREER AND TECHNICAL EDUCATION (CTE) THAT TAKE ADVANTAGE OF"
2/10/2025,91990021F0001,Department of Education,28546955,12862952,2/11/2025,TERMINATE FOR CONVENIENCE (COMPLETE OR PARTIAL),https://www.fpds.gov/ezsearch/jsp/viewLinkController.jsp?agencyID=9100&PIID=91990021F0001&modNumber=P00014&idvAgencyID=&idvPIID=GS00Q14OADU217&contractType=AWARD,RESEARCH TRIANGLE INSTITUTE,U.S. PARTICIPATION IN THE TRENDS IN INTERNATIONAL MATHEMATICS AND SCIENCE STUDY (TIMSS) 2023 TO ADMINISTER ASSESSMENTS IN MATH AND SCIENCE DATA COLLECTION.
2/10/2025,91990021F0031,Department of Education,5537215,1160196,2/11/2025,TERMINATE FOR CONVENIENCE (COMPLETE OR PARTIAL),https://www.fpds.gov/ezsearch/jsp/viewLinkController.jsp?agencyID=9100&PIID=91990021F0031&modNumber=P00011&idvAgencyID=&idvPIID=GS10F035AA&contractType=AWARD,"QUALITY INFORMATION PARTNERS, INC.","THE PURPOSE OF THE ADMINISTRATIVE DATA IMPROVEMENT REQUIREMENT IS TO IMPROVE THE QUALITY, COMPARABILITY, AND ACCESSIBILITY OF ELEMENTARY AND SECONDARY EDUCATION DATA."
2/10/2025,91990021F0304,Department of Education,3409982,0,2/11/2025,TERMINATE FOR CONVENIENCE (COMPLETE OR PARTIAL),https://www.fpds.gov/ezsearch/jsp/viewLinkController.jsp?agencyID=9100&PIID=91990021F0304&modNumber=P00003&idvAgencyID=&idvPIID=91990020A0028&contractType=AWARD,ABT GLOBAL LLC,REQUIREMENT TO PROVIDE TECHNICAL ASSISTANCE SUPPORT TO THE 2020 COHORT OF EDUCATION INNOVATION AND RESEARCH (EIR) GRANTEES TO HELP THEM IMPLEMENT AND REPORT FINDINGS FROM THEIR EVALUATIONS.
2/10/2025,91990021F0343,Department of Education,6619035,561388,2/11/2025,TERMINATE FOR CONVENIENCE (COMPLETE OR PARTIAL),https://www.fpds.gov/ezsearch/jsp/viewLinkController.jsp?agencyID=9100&PIID=91990021F0343&modNumber=P00005&idvAgencyID=&idvPIID=EDIES12D0002&contractType=AWARD,AMERICAN INSTITUTES FOR RESEARCH IN THE BEHAVIORAL SCIENCES,THIS TASK ORDER SUPPORTS THE NATIONAL HOUSEHOLD EDUCATION (NHES) AND THE NATIONAL TRAINING AND EDUCATION WORKFORCE SURVEYS (NTEWS) CONDUCTED BY THE CROSS-SECTIONAL SURVEYS BRANCH (CSB) WITHIN THE SAMPLE SURVEYS DIVISION OF THE (NCES).
2/10/2025,91990021F0365,Department of Education,1063310,500000,2/11/2025,TERMINATE FOR CONVENIENCE (COMPLETE OR PARTIAL),https://www.fpds.gov/ezsearch/jsp/viewLinkController.jsp?agencyID=9100&PIID=91990021F0365&modNumber=P00004&idvAgencyID=&idvPIID=91990020D0005&contractType=AWARD,"DEVELOPMENT SERVICES GROUP, INC",NATIONAL CENTER FOR EDUCATION EVALUATION AND REGIONAL ASSISTANCE OF THE INSTITUTE OF EDUCATION SCIENCES REQUIRES A CONTRACTOR TO REVIEW IMPACT STUDIES IN THE FIELD OF EDUCATION AND PROVIDE RELATED SUPPORT
2/10/2025,91990021F0368,Department of Education,500000,0,2/11/2025,TERMINATE FOR CONVENIENCE (COMPLETE OR PARTIAL),https://www.fpds.gov/ezsearch/jsp/viewLinkController.jsp?agencyID=9100&PIID=91990021F0368&modNumber=P00003&idvAgencyID=&idvPIID=91990019D0002&contractType=AWARD,AMERICAN INSTITUTES FOR RESEARCH IN THE BEHAVIORAL SCIENCES,THE PURPOSE OF THIS TASK ORDER IS TO CONDUCTING STUDIES FOR A CONGRESSIONALLY MANDATED EVALUATION OF CAREER AND TECHNICAL EDUCATION (CTE) UNDER THE NEW FEDERAL LAW.
2/10/2025,91990021F0370,Department of Education,3749760,0,2/11/2025,TERMINATE FOR CONVENIENCE (COMPLETE OR PARTIAL),https://www.fpds.gov/ezsearch/jsp/viewLinkController.jsp?agencyID=9100&PIID=91990021F0370&modNumber=P00005&idvAgencyID=&idvPIID=91990021A0003&contractType=AWARD,ABT GLOBAL LLC,TASK ORDER 1: ASSISTING STUDENTS STRUGGLING WITH BEHAVIOR IN GRADES K-12
2/10/2025,91990022C0017,Department of Education,87901218,54798900,2/11/2025,TERMINATE FOR CONVENIENCE (COMPLETE OR PARTIAL),https://www.fpds.gov/ezsearch/jsp/viewLinkController.jsp?agencyID=9100&PIID=91990022C0017&modNumber=P00010&idvAgencyID=&idvPIID=&contractType=AWARD,RESEARCH TRIANGLE INSTITUTE,2023-24 NATIONAL POSTSECONDARY STUDENT AID STUDY (NPSAS: 2024) & POSTSECONDARY LONGITUDINAL STUDIES. NPSAS IS A CROSS-SECTIONAL STUDY THAT PROVIDES INFO ABOUT THE COSTS OF POSTSECONDARY EDUCATION AND HOW STUDENTS AND FAMILIES PAY FOR THESE COSTS.
2/10/2025,91990022C0048,Department of Education,441423,10962,2/11/2025,TERMINATE FOR CONVENIENCE (COMPLETE OR PARTIAL),https://www.fpds.gov/ezsearch/jsp/viewLinkController.jsp?agencyID=9100&PIID=91990022C0048&modNumber=P00003&idvAgencyID=&idvPIID=&contractType=AWARD,AMERICAN INSTITUTES FOR RESEARCH IN THE BEHAVIORAL SCIENCES,THE PURPOSE OF THIS CONTRACT IS TO PROVIDE CONTINUED SUPPORT FOR THE SCHOOL SURVEY ON CRIME AND SAFETY (SSOCS).
2/10/2025,91990022F0051,Department of Education,2082834,0,2/11/2025,TERMINATE FOR CONVENIENCE (COMPLETE OR PARTIAL),https://www.fpds.gov/ezsearch/jsp/viewLinkController.jsp?agencyID=9100&PIID=91990022F0051&modNumber=P00003&idvAgencyID=&idvPIID=91990021D0002&contractType=AWARD,MATHEMATICA INC.,TITLE I II REPORTING
2/10/2025,91990022F0057,Department of Education,6791206,0,2/11/2025,TERMINATE FOR CONVENIENCE (COMPLETE OR PARTIAL),https://www.fpds.gov/ezsearch/jsp/viewLinkController.jsp?agencyID=9100&PIID=91990022F0057&modNumber=P00005&idvAgencyID=&idvPIID=91990021D0004&contractType=AWARD,"WESTAT, INC.",ENGLISH LEARNER
2/10/2025,91990022F0302,Department of Education,10972620,6305671,2/11/2025,TERMINATE FOR CONVENIENCE (COMPLETE OR PARTIAL),https://www.fpds.gov/ezsearch/jsp/viewLinkController.jsp?agencyID=9100&PIID=91990022F0302&modNumber=P00012&idvAgencyID=&idvPIID=91990020A0032&contractType=AWARD,"SYNERGY ENTERPRISES, INC",A REQUIREMENT TO OBTAIN LOGISTICS SUPPORT AND SERVICES TO WORK WITH NCES IN FULFILLING ITS MISSION.
2/10/2025,91990022F0303,Department of Education,4216734,0,2/11/2025,TERMINATE FOR CONVENIENCE (COMPLETE OR PARTIAL),https://www.fpds.gov/ezsearch/jsp/viewLinkController.jsp?agencyID=9100&PIID=91990022F0303&modNumber=P00003&idvAgencyID=&idvPIID=91990020A0028&contractType=AWARD,ABT GLOBAL LLC,"EDGMSS BPA, EVALUATION TECHNICAL ASSISTANCE FOR EIR GRANTS FY 2021 COHORT TASK ORDER"
2/10/2025,91990022F0328,Department of Education,6454598,3415094,2/11/2025,TERMINATE FOR CONVENIENCE (COMPLETE OR PARTIAL),https://www.fpds.gov/ezsearch/jsp/viewLinkController.jsp?agencyID=9100&PIID=91990022F0328&modNumber=P00006&idvAgencyID=&idvPIID=91990020A0014&contractType=AWARD,AMERICAN INSTITUTES FOR RESEARCH IN THE BEHAVIORAL SCIENCES,THE PURPOSE OF THIS TASK ORDER IS TO SUPPORT THE COLLECTION OF DESCRIPTIVE DATA ON THE CONTEXT OF ELEMENTARY AND SECONDARY EDUCATION IN THE UNITED STATES THROUGH THE NATIONAL TEACHER AND PRINCIPAL SURVEY.
2/10/2025,91990022F0342,Department of Education,3413508,0,2/11/2025,TERMINATE FOR CONVENIENCE (COMPLETE OR PARTIAL),https://www.fpds.gov/ezsearch/jsp/viewLinkController.jsp?agencyID=9100&PIID=91990022F0342&modNumber=P00007&idvAgencyID=&idvPIID=91990021A0005&contractType=AWARD,MATHEMATICA INC.,"TASK ORDER 002 FOR WWC-PESTO, PROJECT TITLE: COLLEGE AND CAREER READINESS FOR SECONDARY SCHOOL STUDENTS."
2/10/2025,91990022F0377,Department of Education,1881486,404501,2/11/2025,TERMINATE FOR CONVENIENCE (COMPLETE OR PARTIAL),https://www.fpds.gov/ezsearch/jsp/viewLinkController.jsp?agencyID=9100&PIID=91990022F0377&modNumber=P00003&idvAgencyID=&idvPIID=91990022A0016&contractType=AWARD,ABT GLOBAL LLC,EVALUATING PROGRAMS AND STRATEGIES TO IMPROVE POSTSECONDARY EDUCATION ACCESS AND SUCCESS A STUDY OF STRATEGIES TO PROMOTE ACCESS TO DUAL ENROLLMENT DESIGN AND FEASIBILITY
2/10/2025,91990023C0002,Department of Education,2911726,0,2/11/2025,TERMINATE FOR CONVENIENCE (COMPLETE OR PARTIAL),https://www.fpds.gov/ezsearch/jsp/viewLinkController.jsp?agencyID=9100&PIID=91990023C0002&modNumber=P00001&idvAgencyID=&idvPIID=&contractType=AWARD,STICHTING I.E.A. SECRETARIAAT NEDERLAND,THE INTERNATIONAL ASSOCIATION FOR THE EVALUATION OF EDUCATION ACHIEVEMENT (IEA) DEVELOPS INSTRUMENTS FOR NATIONAL DATA COLLECTION AND CREATES SURVEY ASSESSMENTS TO PROVIDE POLICYMAKERS AND EDUCATORS WITH INFORMATION ON THE STATE OF STUDENT KNOWLEDGE
2/10/2025,91990023F0303,Department of Education,1539526,358849,2/11/2025,TERMINATE FOR CONVENIENCE (COMPLETE OR PARTIAL),https://www.fpds.gov/ezsearch/jsp/viewLinkController.jsp?agencyID=9100&PIID=91990023F0303&modNumber=P00003&idvAgencyID=&idvPIID=91990020A0014&contractType=AWARD,AMERICAN INSTITUTES FOR RESEARCH IN THE BEHAVIORAL SCIENCES,"THE PURPOSE OF THIS PROCUREMENT IS TO PROVIDE SUPPORT FOR THE 2024 NATIONAL TRAINING, EDUCATION, AND WORKFORCE SURVEY (NTEWS:24)."
2/10/2025,91990023F0308,Department of Education,2086995,0,2/11/2025,TERMINATE FOR CONVENIENCE (COMPLETE OR PARTIAL),https://www.fpds.gov/ezsearch/jsp/viewLinkController.jsp?agencyID=9100&PIID=91990023F0308&modNumber=P00001&idvAgencyID=&idvPIID=91990023A0001&contractType=AWARD,MATHEMATICA INC.,TOAST TASK ORDER 0002
2/10/2025,91990023F0316,Department of Education,1158108,537306,2/11/2025,TERMINATE FOR CONVENIENCE (COMPLETE OR PARTIAL),https://www.fpds.gov/ezsearch/jsp/viewLinkController.jsp?agencyID=9100&PIID=91990023F0316&modNumber=P00002&idvAgencyID=&idvPIID=91990020A0017&contractType=AWARD,RESEARCH TRIANGLE INSTITUTE,THE PURPOSE OF THIS PROCUREMENT IS TO PROVIDE SUPPORT FOR THE 2022 & 2025 CRIME AND SAFETY SURVEYS PROGRAM.
2/10/2025,91990024C0043,Department of Education,881996,531073,2/11/2025,TERMINATE FOR CONVENIENCE (COMPLETE OR PARTIAL),https://www.fpds.gov/ezsearch/jsp/viewLinkController.jsp?agencyID=9100&PIID=91990024C0043&modNumber=P00001&idvAgencyID=&idvPIID=&contractType=AWARD,KAPTIVATE LLC,NCSER CROWDSOURCING CAMPAIGN SUPPORT
2/10/2025,91990024F0006,Department of Education,830224,0,2/11/2025,TERMINATE FOR CONVENIENCE (COMPLETE OR PARTIAL),https://www.fpds.gov/ezsearch/jsp/viewLinkController.jsp?agencyID=9100&PIID=91990024F0006&modNumber=P00001&idvAgencyID=&idvPIID=91990024D0007&contractType=AWARD,AMERICAN INSTITUTES FOR RESEARCH IN THE BEHAVIORAL SCIENCES,"EVALUATING PROGRAMS AND STRATEGIES TO IMPROVE STUDENT SUPPORTS, ACADEMIC ENRICHMENT, AND CONDITIONS FOR LEARNING IN AND OUT OF SCHOOL: DESIGN AND LAUNCH OF AN EVALUATION OF GRANT PROGRAMS TO INCREASE SCHOOL-BASED MENTAL HEALTH SERVICES (TIVIDIQ)"
2/10/2025,91990024F0026,Department of Education,41283,0,2/11/2025,TERMINATE FOR CONVENIENCE (COMPLETE OR PARTIAL),https://www.fpds.gov/ezsearch/jsp/viewLinkController.jsp?agencyID=9100&PIID=91990024F0026&modNumber=P00001&idvAgencyID=&idvPIID=03310320D0223&contractType=AWARD,"OCLC, INC",OCLC RENEWAL FOR JULY 2024 THROUGH JUNE 2025.
2/10/2025,91990024F0304,Department of Education,2576286,0,2/11/2025,TERMINATE FOR CONVENIENCE (COMPLETE OR PARTIAL),https://www.fpds.gov/ezsearch/jsp/viewLinkController.jsp?agencyID=9100&PIID=91990024F0304&modNumber=P00002&idvAgencyID=&idvPIID=91990023D0031&contractType=AWARD,MATHEMATICA INC.,PRESTO TASTE AWARD
2/10/2025,91990024F0310,Department of Education,536060,0,2/11/2025,TERMINATE FOR CONVENIENCE (COMPLETE OR PARTIAL),https://www.fpds.gov/ezsearch/jsp/viewLinkController.jsp?agencyID=9100&PIID=91990024F0310&modNumber=P00003&idvAgencyID=&idvPIID=91990020D0005&contractType=AWARD,"DEVELOPMENT SERVICES GROUP, INC",AWARD OF ARISE TASK ORDER 4
2/10/2025,91990024F0316,Department of Education,4974944,0,2/11/2025,TERMINATE FOR CONVENIENCE (COMPLETE OR PARTIAL),https://www.fpds.gov/ezsearch/jsp/viewLinkController.jsp?agencyID=9100&PIID=91990024F0316&modNumber=P00001&idvAgencyID=&idvPIID=91990023A0001&contractType=AWARD,MATHEMATICA INC.,TOAST TASK ORDER 0003
2/10/2025,91990024F0362,Department of Education,3865703,0,2/11/2025,TERMINATE FOR CONVENIENCE (COMPLETE OR PARTIAL),https://www.fpds.gov/ezsearch/jsp/viewLinkController.jsp?agencyID=9100&PIID=91990024F0362&modNumber=P00003&idvAgencyID=&idvPIID=91990021D0001&contractType=AWARD,MDRC,IMPACT STUDY OF STRATEGIES TO ACCELERATE MATH LEARNING: PHASE III ACTIVITIES.
2/10/2025,91990024F0369,Department of Education,2159250,0,2/11/2025,TERMINATE FOR CONVENIENCE (COMPLETE OR PARTIAL),https://www.fpds.gov/ezsearch/jsp/viewLinkController.jsp?agencyID=9100&PIID=91990024F0369&modNumber=P00002&idvAgencyID=&idvPIID=91990022A0017&contractType=AWARD,MATHEMATICA INC.,SATISFACTORY ACADEMIC PROGRESS (SAP): HOW DO SAP REQUIREMENTS AND PROCEDURES VARY BY INSTITUTION
2/10/2025,91990024F0373,Department of Education,322514,0,2/11/2025,TERMINATE FOR CONVENIENCE (COMPLETE OR PARTIAL),https://www.fpds.gov/ezsearch/jsp/viewLinkController.jsp?agencyID=9100&PIID=91990024F0373&modNumber=P00001&idvAgencyID=&idvPIID=91990023D0029&contractType=AWARD,THE MANHATTAN STRATEGY GROUP LLC,STAKEHOLDER'S MEETING TASK ORDER FROM PRESTO
2/10/2025,91990024F0393,Department of Education,1197598,0,2/11/2025,TERMINATE FOR CONVENIENCE (COMPLETE OR PARTIAL),https://www.fpds.gov/ezsearch/jsp/viewLinkController.jsp?agencyID=9100&PIID=91990024F0393&modNumber=P00001&idvAgencyID=&idvPIID=91990021D0004&contractType=AWARD,"WESTAT, INC.",TASK ORDER AWARD FOR STAKEHOLDERS MEETING
2/10/2025,91990024F0394,Department of Education,498984,0,2/11/2025,TERMINATE FOR CONVENIENCE (COMPLETE OR PARTIAL),https://www.fpds.gov/ezsearch/jsp/viewLinkController.jsp?agencyID=9100&PIID=91990024F0394&modNumber=P00001&idvAgencyID=&idvPIID=91990024D0012&contractType=AWARD,MATHEMATICA INC.,TASK ORDER FOR CAREER PATHWAYS AWARD
2/10/2025,91990025F0023,Department of Education,,,2/11/2025,TERMINATE FOR CONVENIENCE (COMPLETE OR PARTIAL),https://www.fpds.gov/ezsearch/jsp/viewLinkController.jsp?agencyID=9100&PIID=91990025F0023&modNumber=P00001&idvAgencyID=&idvPIID=91990021D0001&contractType=AWARD,,
2/10/2025,EDIES17C0066,Department of Education,,,2/11/2025,TERMINATE FOR CONVENIENCE (COMPLETE OR PARTIAL),https://www.fpds.gov/ezsearch/jsp/viewLinkController.jsp?agencyID=9100&PIID=EDIES17C0066&modNumber=P00009&idvAgencyID=&idvPIID=&contractType=AWARD,,"IGF::OT::IGF THE PURPOSE OF THIS CONTRACT IS TO DEVELOP DESIGN OPTIONS AND ASSESS THE FEASIBILITY OF CONDUCTING AN IMPACT STUDY OF MAGNET SCHOOLS, PARTICULARLY THOSE AWARDED GRANTS IN FISCAL YEAR (FY) 2016 AND FY 2017 THROUGH THE FEDERAL MAGNET SCHOOLS ASSISTANCE PROGRAM (MSAP)."
1/23/2025,91990022C0079,Department of Education,180550,103293,1/23/2025,CLOSE OUT,https://www.fpds.gov/ezsearch/jsp/viewLinkController.jsp?agencyID=9100&PIID=91990022C0079&modNumber=P00002&idvAgencyID=&idvPIID=&contractType=AWARD,TRANSPACIFIC COMMUNICATIONS LLC,"DIVERSITY, EQUITY, AND INCLUSION TRAINING FOR AUDIT SERVICES"
1/23/2025,91990020A0003,Department of Education,174327,174327,1/23/2025,CLOSE OUT,https://www.fpds.gov/ezsearch/jsp/viewLinkController.jsp?agencyID=9100&PIID=91990020A0003&modNumber=P10004&idvAgencyID=&idvPIID=GS02F0095T&contractType=IDV,FRANKLIN COVEY CLIENT SALES INC,DIVERSITY TRAINING SERVICES.
1/29/2025,91990023F0071,Department of Education,2215200,1784897,1/29/2025,CHANGE ORDER,https://www.fpds.gov/ezsearch/jsp/viewLinkController.jsp?agencyID=9100&PIID=91990023F0071&modNumber=P00002&idvAgencyID=&idvPIID=GS02F0095T&contractType=AWARD,FRANKLIN COVEY CLIENT SALES INC,DIVERSITY CHANGE AGENT PROGRAM (DCAP)/DEIA TRAINING
2/10/2025,91990024F0344,Department of Education,5904990,5177876,2/11/2025,OTHER ADMINISTRATIVE ACTION,https://www.fpds.gov/ezsearch/jsp/viewLinkController.jsp?agencyID=9100&PIID=91990024F0344&modNumber=P00003&idvAgencyID=&idvPIID=91990023D0039&contractType=AWARD,"OPTIMAL SOLUTIONS GROUP, L.L.C","THE PRIMARY PURPOSE OF THIS CONTRACT IS TO SERVE IN A TECHNICAL ADVISORY CAPACITY, DEVELOPING PROCEDURES AND PROTOCOLS FOR REPORT AND TABLE PRODUCTION THAT CAN BE EASILY FOLLOWED AND EXECUTED AT SCALE BY A THIRD PARTY UNDER A SEPARATE CONTRACT."
2/5/2025,89703022PAR000029,Department of Energy,234210,121230,2/6/2025,TERMINATE FOR CONVENIENCE (COMPLETE OR PARTIAL),https://www.fpds.gov/ezsearch/jsp/viewLinkController.jsp?agencyID=8900&PIID=89703022PAR000029&modNumber=P00004&idvAgencyID=&idvPIID=&contractType=AWARD,"POLITICO, LLC","*****   THE PURPOSE OF THIS ORDER IS TO PROCURE A SUBSCRIPTION TO THE E&E NEWS PUBLICATION PACKAGE.  THE PACKAGE INCLUDES ENERGYWIRE, CLIMATEWIRE, E&E DAILY, GREENWIRE AND E&E NEWS PM FOR 12 MONTHS BEGINNING SEPTEMBER 13, 2022.  USER R"
2/6/2025,89243324PFE000740,Department of Energy,17625,0,2/7/2025,TERMINATE FOR CONVENIENCE (COMPLETE OR PARTIAL),https://www.fpds.gov/ezsearch/jsp/viewLinkController.jsp?agencyID=8900&PIID=89243324PFE000740&modNumber=P00001&idvAgencyID=&idvPIID=&contractType=AWARD,"POLITICO, LLC","ONE-YEAR SUBSCRIPTION TO ENERGYWIRE, PUBLISHED BY E & E NEWS, FOR EIGHT USERS 4/1/2024-3/31/2025.  ENERGYWIRE USERS: SAMUEL.BAYHAM@NETL.DOE.GOV SAMUEL BAYHAM JOHN.WIMER@NETL.DOE.GOV JOHN WIMER BARBARA.CARNEY@NETL.DOE.GOV BARBARA CARNEY JASO"
2/6/2025,89243121PSC000167,Department of Energy,109200,22932,2/7/2025,TERMINATE FOR CONVENIENCE (COMPLETE OR PARTIAL),https://www.fpds.gov/ezsearch/jsp/viewLinkController.jsp?agencyID=8900&PIID=89243121PSC000167&modNumber=P00008&idvAgencyID=&idvPIID=&contractType=AWARD,"POLITICO, LLC",ONLINE E&E PUBLISHING SUBSCRIPTION RENEWAL WITH BASE YEAR PLUS 4 OPTION YEARS
2/7/2025,89503024PWA000458,Department of Energy,40000,0,2/10/2025,TERMINATE FOR CONVENIENCE (COMPLETE OR PARTIAL),https://www.fpds.gov/ezsearch/jsp/viewLinkController.jsp?agencyID=8900&PIID=89503024PWA000458&modNumber=P00001&idvAgencyID=&idvPIID=&contractType=AWARD,"POLITICO, LLC",12-MONTH ENERGYWIRE E&E SUBSCRIPTION FOR 100+ WAPA USERS.
2/7/2025,89503024PWA000454,Department of Energy,12375,0,2/10/2025,TERMINATE FOR CONVENIENCE (COMPLETE OR PARTIAL),https://www.fpds.gov/ezsearch/jsp/viewLinkController.jsp?agencyID=8900&PIID=89503024PWA000454&modNumber=P00001&idvAgencyID=&idvPIID=&contractType=AWARD,"POLITICO, LLC",2024-2025 POLITICO PRO PLUS RENEWAL FOR WLO
1/21/2025,89243423FEE000303,Department of Energy,304243,98842,1/21/2025,CLOSE OUT,https://www.fpds.gov/ezsearch/jsp/viewLinkController.jsp?agencyID=8900&PIID=89243423FEE000303&modNumber=P00002&idvAgencyID=&idvPIID=89243423AEE000005&contractType=AWARD,THE BUILDING PEOPLE LLC,"BUSINESS ADMINISTRATION SUPPORT SERVICES FOR THE EERE FRONT OFFICE, THE ENERGY EQUITY AND ENVIRONMENTAL JUSTICE TEAM AND THE DIVERSITY, EQUITY, AND INCLUSION IN STEM TEAM AT HQ -BASE YEAR ORDER"
1/29/2025,89603023F0084,Department of Energy,443851,0,1/29/2025,OTHER ADMINISTRATIVE ACTION,https://www.fpds.gov/ezsearch/jsp/viewLinkController.jsp?agencyID=8960&PIID=89603023F0084&modNumber=P00004&idvAgencyID=&idvPIID=47QRAA20D0044&contractType=AWARD,INDUSTRIAL ECONOMICS INC,ENVIRONMENTAL JUSTICE AND EQUITY SUPPORT SERVICES HEALTH IMPACT REVIEW REPORT
2/5/2025,89603020P0023,Department of Energy,530681,0,2/5/2025,EXERCISE AN OPTION,https://www.fpds.gov/ezsearch/jsp/viewLinkController.jsp?agencyID=8960&PIID=89603020P0023&modNumber=P00005&idvAgencyID=&idvPIID=&contractType=AWARD,"POLITICO, LLC",POLITICO PRO SUBSCRIPTION
2/10/2025,89503023PWA000423,Department of Energy,22026,0,2/11/2025,CLOSE OUT,https://www.fpds.gov/ezsearch/jsp/viewLinkController.jsp?agencyID=8900&PIID=89503023PWA000423&modNumber=P00001&idvAgencyID=&idvPIID=&contractType=AWARD,"POLITICO, LLC",SUBSCRIPTION TO E&E NEWS ENERGYWIRE PUBLICATION
2/10/2025,89503022PWA000366,Department of Energy,18355,0,2/11/2025,CLOSE OUT,https://www.fpds.gov/ezsearch/jsp/viewLinkController.jsp?agencyID=8900&PIID=89503022PWA000366&modNumber=P00001&idvAgencyID=&idvPIID=&contractType=AWARD,"POLITICO, LLC",SUBSCRIPTION TO E&E NEWS ENERGYWIRE PUBLICATION
1/23/2025,75FCMC23F0159,Department of Health and Human Services,1300000,780000,1/23/2025,TERMINATE FOR CONVENIENCE (COMPLETE OR PARTIAL),https://www.fpds.gov/ezsearch/jsp/viewLinkController.jsp?agencyID=7530&PIID=75FCMC23F0159&modNumber=P00002&idvAgencyID=&idvPIID=GS35F0077R&contractType=AWARD,"PERFORMAX 3, INC.","RFC FOR DIVERSITY, EQUITY AND INCLUSION ASSESSMENT AND TRAINING UNDER 009308 WORKFORCE DEVELOPMENT / RETENTION TO PROVIDE DEI APTITUDE / MATURITY ASSESSMENT AND TAILORED DEI TRAINING. THIS 393 IS BEING PROCESSED TO REPLACE A PREVIOUS 393 THAT WAS CHA"
1/23/2025,75FCMC20F0119,Department of Health and Human Services,8160514,1107841,1/23/2025,TERMINATE FOR CONVENIENCE (COMPLETE OR PARTIAL),https://www.fpds.gov/ezsearch/jsp/viewLinkController.jsp?agencyID=7530&PIID=75FCMC20F0119&modNumber=P00014&idvAgencyID=&idvPIID=GS02F0130W&contractType=AWARD,DELOITTE CONSULTING LLP,"DIVERSITY, EQUITY, AND INCLUSION CONSULTING SERVICES"
1/22/2025,75N97024F00091,Department of Health and Human Services,1004599,675733,1/22/2025,TERMINATE FOR CONVENIENCE (COMPLETE OR PARTIAL),https://www.fpds.gov/ezsearch/jsp/viewLinkController.jsp?agencyID=7529&PIID=75N97024F00091&modNumber=P00001&idvAgencyID=&idvPIID=GS00F404GA&contractType=AWARD,IVY PLANNING GROUP LLC,"DIVERSITY, EQUITY AND ACCESSIBILITY (IDEA) SPONSORED WORKFORCE TRAINING"
1/23/2025,75N92021F00264,Department of Health and Human Services,4779970,0,1/23/2025,TERMINATE FOR CONVENIENCE (COMPLETE OR PARTIAL),https://www.fpds.gov/ezsearch/jsp/viewLinkController.jsp?agencyID=7529&PIID=75N92021F00264&modNumber=P00008&idvAgencyID=&idvPIID=47QRAA18D001P&contractType=AWARD,DELOITTE CONSULTING LLP,"STRATEGIC PLANNING SUPPORT FOR NHLBIS DIVERSITY, EQUITY, AND INCLUSION PROGRAM"
1/22/2025,75P00124F80193,Department of Health and Human Services,1880670,1272078,1/28/2025,TERMINATE FOR CONVENIENCE (COMPLETE OR PARTIAL),https://www.fpds.gov/ezsearch/jsp/viewLinkController.jsp?agencyID=7570&PIID=75P00124F80193&modNumber=P00001&idvAgencyID=&idvPIID=GS35F227DA&contractType=AWARD,WILLIAMS CONSULTING LLC,ADVANCING HEALTH EQUITY THROUGH POLICY ANALYSIS AND SUPPORT
1/22/2025,75N98022F00226,Department of Health and Human Services,6322430,0,1/28/2025,TERMINATE FOR CONVENIENCE (COMPLETE OR PARTIAL),https://www.fpds.gov/ezsearch/jsp/viewLinkController.jsp?agencyID=7529&PIID=75N98022F00226&modNumber=P00007&idvAgencyID=&idvPIID=GS00Q14OADU119&contractType=AWARD,"ICF INCORPORATED, L.L.C.","THE PURPOSE OF THIS CONTRACT IS TO SUPPORT THE CHIEF OFFICER FOR SCIENTIFIC WORKFORCE DIVERSITY (COSWD) AND THE NIH UNITE WORKING GROUP OF THE STEERING COMMITTEE (FORMERLY THE UNITE INITIATIVE) IN ITS KEY FUNCTIONS, INCLUDING, BUT NOT LIMITED TO, STR"
1/23/2025,75ACF121F80031,Department of Health and Human Services,1267113,0,1/27/2025,TERMINATE FOR CONVENIENCE (COMPLETE OR PARTIAL),https://www.fpds.gov/ezsearch/jsp/viewLinkController.jsp?agencyID=7590&PIID=75ACF121F80031&modNumber=P00003&idvAgencyID=&idvPIID=47QRAA19D00DK&contractType=AWARD,"MEF ASSOCIATES, LLC","THE CONTRACTOR SHALL PROVIDE ALL PERSONNEL, EQUIPMENT, SUPPLIES, FACILITIES, TRANSPORTATION, TOOLS, MATERIALS, SUPERVISION, AND  OTHER ITEMS AND NON-PERSONAL SERVICES NECESSARY TO MEET OBJECTIVES OF ADVANCING RACE EQUITY FOR BLACK FATHERS, FAMILIES,"
1/23/2025,75N91024F00114,Department of Health and Human Services,20138,0,1/27/2025,TERMINATE FOR CONVENIENCE (COMPLETE OR PARTIAL),https://www.fpds.gov/ezsearch/jsp/viewLinkController.jsp?agencyID=7529&PIID=75N91024F00114&modNumber=P00001&idvAgencyID=&idvPIID=47QTCA21D00DQ&contractType=AWARD,ACCELGOV LLC,"DEVELOPMENT OF THE NCCIH DEIA TRAINING TRACKER AND REPORTER APPLICATION, IN SUPPORT OF HHS, NIH, NCCIH."
1/23/2025,75ACF123F80062,Department of Health and Human Services,866897,170033,1/27/2025,TERMINATE FOR CONVENIENCE (COMPLETE OR PARTIAL),https://www.fpds.gov/ezsearch/jsp/viewLinkController.jsp?agencyID=7590&PIID=75ACF123F80062&modNumber=P00004&idvAgencyID=&idvPIID=47QRAA20D0008&contractType=AWARD,JAMES BELL ASSOCIATES INC,"ASSIST THE ADMINISTRATION FOR CHILDREN AND FAMILIES, FAMILY AND YOUTH SERVICES BUREAU (FYSB) FULFILL ITS ADMINISTRATIVE RESPONSIBILITY. TWO GRANT PROGRAMS ADMINISTERED BY FYSBS ADOLESCENT PREGNANCY PREVENTION (APP) PROGRAM SEXUAL RISK AVOIDANCE EDUCA"
1/29/2025,75P00122F80225,Department of Health and Human Services,3526433,2670813,1/29/2025,TERMINATE FOR CONVENIENCE (COMPLETE OR PARTIAL),https://www.fpds.gov/ezsearch/jsp/viewLinkController.jsp?agencyID=7570&PIID=75P00122F80225&modNumber=P00001&idvAgencyID=&idvPIID=47QRAA22D0014&contractType=AWARD,AWL STRATEGIES LLC,"THE PURPOSE OF THIS CONTRACT IS TO SUPPORT THE DIVERSITY, EQUITY, INCLUSION, & ACCESSIBILITY (DEIA) PROGRAM OF THE U.S. DEPARTMENT OF HEALTH AND HUMAN SERVICES (HHS OR DEPARTMENT).  THIS PROGRAM WAS ESTABLISHED BY EXECUTIVE ORDER 14035 ISSUED"
1/27/2025,75FCMC24F0190,Department of Health and Human Services,4204519,3480151,1/29/2025,TERMINATE FOR CONVENIENCE (COMPLETE OR PARTIAL),https://www.fpds.gov/ezsearch/jsp/viewLinkController.jsp?agencyID=7530&PIID=75FCMC24F0190&modNumber=P00001&idvAgencyID=&idvPIID=47QRAA24D002K&contractType=AWARD,"AGILEXTENDED, LLC",BASE AWARD- ORGANIZATIONAL CULTURE CHANGE
1/23/2025,75F40123F19067,Department of Health and Human Services,44942,0,1/29/2025,TERMINATE FOR CONVENIENCE (COMPLETE OR PARTIAL),https://www.fpds.gov/ezsearch/jsp/viewLinkController.jsp?agencyID=7524&PIID=75F40123F19067&modNumber=P00002&idvAgencyID=&idvPIID=75F40122A00009&contractType=AWARD,"EAGLE HILL CONSULTING, LLC",(OCE) DEIA WORKSHOPS TRAINING
1/22/2025,75ACF124F80019,Department of Health and Human Services,20397053,16562810,1/30/2025,TERMINATE FOR CONVENIENCE (COMPLETE OR PARTIAL),https://www.fpds.gov/ezsearch/jsp/viewLinkController.jsp?agencyID=7590&PIID=75ACF124F80019&modNumber=P00001&idvAgencyID=&idvPIID=GS10F0064W&contractType=AWARD,BLH TECHNOLOGIES INC,THIS IS A TIME AND MATERIALS CONTRACT WHERE THE CONTRACTOR SHALL PROVIDE TECHNICAL ASSISTANCE/CAPACITY BUILDING COMPONENTS TO IMPROVE THE SERVICES AND WELL-BEING OF THE LGBTQIA2S+ CHILD WELFARE AND THE PREVENTION COMMUNITY. THE CONTRACTOR SHALL PROVI
1/23/2025,75ACF123F80057,Department of Health and Human Services,1064155,0,2/3/2025,TERMINATE FOR CONVENIENCE (COMPLETE OR PARTIAL),https://www.fpds.gov/ezsearch/jsp/viewLinkController.jsp?agencyID=7590&PIID=75ACF123F80057&modNumber=P00002&idvAgencyID=&idvPIID=47QRAA18D00BQ&contractType=AWARD,MATHEMATICA INC.,"THE PURPOSE OF THIS PROJECT IS TO: 1) IDENTIFY THE UNIQUE EXPERIENCES, STRENGTHS, AND ASSETS OF HISPANICS BEING SERVED IN HMRF PROGRAMS, 2) EXAMINE HOW HISTORICAL AND SYSTEMIC INEQUITIES MAY SHAPE DISPARITIES IN THE POPULATION 3) EXPLORE HOW GRANTEES"
2/5/2025,75F40124F80165,Department of Health and Human Services,275625,225750,2/6/2025,TERMINATE FOR CONVENIENCE (COMPLETE OR PARTIAL),https://www.fpds.gov/ezsearch/jsp/viewLinkController.jsp?agencyID=7524&PIID=75F40124F80165&modNumber=P00002&idvAgencyID=&idvPIID=03310323D0056&contractType=AWARD,"POLITICO, LLC",POLITICO PRO PLUS SUBSCRIPTION
2/5/2025,75F40122P00110,Department of Health and Human Services,1072665,632000,2/6/2025,TERMINATE FOR CONVENIENCE (COMPLETE OR PARTIAL),https://www.fpds.gov/ezsearch/jsp/viewLinkController.jsp?agencyID=7524&PIID=75F40122P00110&modNumber=P00003&idvAgencyID=&idvPIID=&contractType=AWARD,"POLITICO, LLC",POLITICO PRO SUBSCRIPTION
2/5/2025,75F40120P00259,Department of Health and Human Services,108975,0,2/6/2025,TERMINATE FOR CONVENIENCE (COMPLETE OR PARTIAL),https://www.fpds.gov/ezsearch/jsp/viewLinkController.jsp?agencyID=7524&PIID=75F40120P00259&modNumber=P00006&idvAgencyID=&idvPIID=&contractType=AWARD,"POLITICO, LLC",FDA POLITICO FOR OC
2/5/2025,75F40120P00124,Department of Health and Human Services,175837,0,2/6/2025,TERMINATE FOR CONVENIENCE (COMPLETE OR PARTIAL),https://www.fpds.gov/ezsearch/jsp/viewLinkController.jsp?agencyID=7524&PIID=75F40120P00124&modNumber=P00005&idvAgencyID=&idvPIID=&contractType=AWARD,"POLITICO, LLC",POLITICO SUBSCRIPTION
2/5/2025,75F40123P00220,Department of Health and Human Services,125300,82300,2/6/2025,TERMINATE FOR CONVENIENCE (COMPLETE OR PARTIAL),https://www.fpds.gov/ezsearch/jsp/viewLinkController.jsp?agencyID=7524&PIID=75F40123P00220&modNumber=P00002&idvAgencyID=&idvPIID=&contractType=AWARD,"POLITICO, LLC",AGENCYIQ SUBSCRIPTION
2/5/2025,75H70420P00013,Department of Health and Human Services,108774,0,2/6/2025,TERMINATE FOR CONVENIENCE (COMPLETE OR PARTIAL),https://www.fpds.gov/ezsearch/jsp/viewLinkController.jsp?agencyID=7527&PIID=75H70420P00013&modNumber=P00005&idvAgencyID=&idvPIID=&contractType=AWARD,"POLITICO, LLC",ONLINE POLITICAL NEWS AND STATE AND FEDERAL LEGISLATIVE TRACKING SERVICES
2/5/2025,75F40120P00453,Department of Health and Human Services,616159,98304,2/6/2025,TERMINATE FOR CONVENIENCE (COMPLETE OR PARTIAL),https://www.fpds.gov/ezsearch/jsp/viewLinkController.jsp?agencyID=7524&PIID=75F40120P00453&modNumber=P00005&idvAgencyID=&idvPIID=&contractType=AWARD,"POLITICO, LLC",POLITICO PRO SUBSCRIPTION FOR 37 USERS
2/5/2025,75F40121P00232,Department of Health and Human Services,234388,56450,2/6/2025,TERMINATE FOR CONVENIENCE (COMPLETE OR PARTIAL),https://www.fpds.gov/ezsearch/jsp/viewLinkController.jsp?agencyID=7524&PIID=75F40121P00232&modNumber=P00006&idvAgencyID=&idvPIID=&contractType=AWARD,"POLITICO, LLC",POLITICO PRO SUBSCRIPTION
2/5/2025,75D30123F18017,Department of Health and Human Services,1544676,530198,2/7/2025,TERMINATE FOR CONVENIENCE (COMPLETE OR PARTIAL),https://www.fpds.gov/ezsearch/jsp/viewLinkController.jsp?agencyID=7523&PIID=75D30123F18017&modNumber=P00006&idvAgencyID=&idvPIID=75D30120A07341&contractType=AWARD,"ICF INCORPORATED, L.L.C.",OCIO BUSINESS SUCCESSION PLANNING
2/5/2025,75F40123F19004,Department of Health and Human Services,125975,0,2/7/2025,TERMINATE FOR CONVENIENCE (COMPLETE OR PARTIAL),https://www.fpds.gov/ezsearch/jsp/viewLinkController.jsp?agencyID=7524&PIID=75F40123F19004&modNumber=P00003&idvAgencyID=&idvPIID=75F40122A00006&contractType=AWARD,MOLECULAR EPIDEMIOLOGY INC,"IDIQ - MICROBIOLOGY OF FDA REGULATED FOODS, AGRICULTURAL WATER, AND COSMETICS. TASK ORDER #4 - ANALYZING LETTUCE SAMPLES FOR STEC AND SALMONELLA"
2/5/2025,75F40123F19047,Department of Health and Human Services,699984,0,2/7/2025,TERMINATE FOR CONVENIENCE (COMPLETE OR PARTIAL),https://www.fpds.gov/ezsearch/jsp/viewLinkController.jsp?agencyID=7524&PIID=75F40123F19047&modNumber=P00005&idvAgencyID=&idvPIID=75F40119A10003&contractType=AWARD,"EAGLE HILL CONSULTING, LLC",CDRH OM DWM HIRING MANAGER
2/5/2025,75F40125F19013,Department of Health and Human Services,605823,458880,2/7/2025,TERMINATE FOR CONVENIENCE (COMPLETE OR PARTIAL),https://www.fpds.gov/ezsearch/jsp/viewLinkController.jsp?agencyID=7524&PIID=75F40125F19013&modNumber=P00001&idvAgencyID=&idvPIID=75F40123A00010&contractType=AWARD,"EAGLE HILL CONSULTING, LLC",OEA EXECUTIVE COACHING
2/5/2025,75F40124F80040,Department of Health and Human Services,252745,202196,2/7/2025,TERMINATE FOR CONVENIENCE (COMPLETE OR PARTIAL),https://www.fpds.gov/ezsearch/jsp/viewLinkController.jsp?agencyID=7524&PIID=75F40124F80040&modNumber=P00004&idvAgencyID=&idvPIID=47QRAA20D002N&contractType=AWARD,SUSAN PETERSON PRODUCTIONS INC.,MEDIA TRAINING SERVICES FDA OFFICE OF MEDIA AFFAIRS
2/5/2025,75F40124F19008,Department of Health and Human Services,1006876,679353,2/7/2025,TERMINATE FOR CONVENIENCE (COMPLETE OR PARTIAL),https://www.fpds.gov/ezsearch/jsp/viewLinkController.jsp?agencyID=7524&PIID=75F40124F19008&modNumber=0&idvAgencyID=&idvPIID=75F40122A00006&contractType=AWARD,VETS SYNERGETIC GROUP LLC,NEW TASK ORDER UNDER FDA-WIDE SCIENTIFIC SUPPORT IDIQ 75F40124D00020 FOR TWO (2) RESEARCHERS TO PROVIDE SUPPORT TO THE COMPUTATIONAL TOXICOLOGY CONSULTATION SERVICE.
2/5/2025,75F40123F19057,Department of Health and Human Services,1193073,234047,2/7/2025,TERMINATE FOR CONVENIENCE (COMPLETE OR PARTIAL),https://www.fpds.gov/ezsearch/jsp/viewLinkController.jsp?agencyID=7524&PIID=75F40123F19057&modNumber=P00004&idvAgencyID=&idvPIID=75F40122A00009&contractType=AWARD,"EAGLE HILL CONSULTING, LLC",SERVICES TO PROVIDE EXECUTIVE COACHING SERVICES FOR THE IMMEDIATE OFFICE OF THE COMMISSIONER
2/5/2025,75F40125F19007,Department of Health and Human Services,734465,563545,2/7/2025,TERMINATE FOR CONVENIENCE (COMPLETE OR PARTIAL),https://www.fpds.gov/ezsearch/jsp/viewLinkController.jsp?agencyID=7524&PIID=75F40125F19007&modNumber=P00001&idvAgencyID=&idvPIID=75F40123A00010&contractType=AWARD,APPLICATION RESEARCH CENTER LLC,DOCXONOMY SOFTWARE WITH MAINTENANCE & TECHNICAL SUPPORT
2/5/2025,75F40123P00432,Department of Health and Human Services,179805,0,2/7/2025,TERMINATE FOR CONVENIENCE (COMPLETE OR PARTIAL),https://www.fpds.gov/ezsearch/jsp/viewLinkController.jsp?agencyID=7524&PIID=75F40123P00432&modNumber=P00004&idvAgencyID=&idvPIID=&contractType=AWARD,COMMUNICATEHEALTH INC,"1-YEAR, FIRM-FIXED-PRICE (FFP) TYPE PURCHASE ORDER FOR COMPREHENSIVE INTERNAL COMMUNICATIONS ASSESSMENT SERVICES TO SUPPORT THE U.S. FOOD AND DRUG ADMINISTRATION (FDA), CENTER FOR DEVICES AND RADIOLOGICAL HEALTH (CDRH), OFFICE OF COMMUNICATION AND ED"
2/5/2025,75R60223F80033,Department of Health and Human Services,706825,343690,2/7/2025,TERMINATE FOR CONVENIENCE (COMPLETE OR PARTIAL),https://www.fpds.gov/ezsearch/jsp/viewLinkController.jsp?agencyID=7526&PIID=75R60223F80033&modNumber=P00008&idvAgencyID=&idvPIID=03310319D0071&contractType=AWARD,"POLITICO, LLC",OL55-C-5315.  PURCHASE HRSA-WIDE POLITICO SUBSCRIPTIONS
2/5/2025,75R60223F34005,Department of Health and Human Services,1118084,0,2/7/2025,TERMINATE FOR CONVENIENCE (COMPLETE OR PARTIAL),https://www.fpds.gov/ezsearch/jsp/viewLinkController.jsp?agencyID=7526&PIID=75R60223F34005&modNumber=0&idvAgencyID=&idvPIID=75R60219D00021&contractType=AWARD,STANTEC CONSULTING SERVICES INC.,CALL ORDER 5
2/5/2025,75R60224F34004,Department of Health and Human Services,8887,0,2/7/2025,TERMINATE FOR CONVENIENCE (COMPLETE OR PARTIAL),https://www.fpds.gov/ezsearch/jsp/viewLinkController.jsp?agencyID=7526&PIID=75R60224F34004&modNumber=P00004&idvAgencyID=&idvPIID=75R60219D00015&contractType=AWARD,"STRAUSS MEDIA STRATEGIES, INC.",OC137 C 6002 SATELLITE AND RADIO MEDIA TOUR - BPA CALL ORDER 04
2/5/2025,75N98022P01762,Department of Health and Human Services,514995,261715,2/7/2025,TERMINATE FOR CONVENIENCE (COMPLETE OR PARTIAL),https://www.fpds.gov/ezsearch/jsp/viewLinkController.jsp?agencyID=7529&PIID=75N98022P01762&modNumber=P00006&idvAgencyID=&idvPIID=&contractType=AWARD,"BLOOMBERG INDUSTRY GROUP, INC.",ANNUAL SUBSCRIPTION
2/5/2025,75N98023F00339,Department of Health and Human Services,449999,0,2/7/2025,TERMINATE FOR CONVENIENCE (COMPLETE OR PARTIAL),https://www.fpds.gov/ezsearch/jsp/viewLinkController.jsp?agencyID=7529&PIID=75N98023F00339&modNumber=P00003&idvAgencyID=&idvPIID=47QSMA20D08NJ&contractType=AWARD,"APPLICA SOLUTIONS, INC.","APPLICA SOLUTIONS INC: SPACE PLANNING, DESIGN AND RECONFIGURATIONS IN ALIGNMENT WITH THE NEW AND FLUID REALITIES WITH RESPECT TO TELEWORK, OFFICE SHARING, AND DISTANCING, AND PROCURE FURNISHINGS THAT ENSURE CONTINUITY ACROSS SPACES WHILE ALIGNING WIT"
2/5/2025,75N98025F00002,Department of Health and Human Services,55384,0,2/7/2025,TERMINATE FOR CONVENIENCE (COMPLETE OR PARTIAL),https://www.fpds.gov/ezsearch/jsp/viewLinkController.jsp?agencyID=7529&PIID=75N98025F00002&modNumber=P00001&idvAgencyID=&idvPIID=75N98020D00086&contractType=AWARD,"PANAMERICA COMPUTERS, INC.",PANAMERICA COMPUTERS INC:1108918 [25-000383]
2/5/2025,75N98024P02386,Department of Health and Human Services,168707,0,2/7/2025,TERMINATE FOR CONVENIENCE (COMPLETE OR PARTIAL),https://www.fpds.gov/ezsearch/jsp/viewLinkController.jsp?agencyID=7529&PIID=75N98024P02386&modNumber=P00002&idvAgencyID=&idvPIID=&contractType=AWARD,BLAIR INC,"FAUCI EXHIBIT THIS PRICE INCLUDES: 1. PROJECT MANAGEMENT A. PROJECT MANAGEMENT 2. SITE VISITS DESIGN CONSULTATION 3. DETAILING AND SAMPLES 4. FABRICATION A. BACK WALLS, INTRO PANEL AND RELATED SUPPORT STRUCTURE B. COLUMNS, INNER WALLS WITH LE"
2/5/2025,75N93024F00001,Department of Health and Human Services,31151,0,2/7/2025,TERMINATE FOR CONVENIENCE (COMPLETE OR PARTIAL),https://www.fpds.gov/ezsearch/jsp/viewLinkController.jsp?agencyID=7529&PIID=75N93024F00001&modNumber=P00003&idvAgencyID=&idvPIID=75N98023D00018&contractType=AWARD,"IDEAL SYSTEM SOLUTIONS, INC.",BRIGHT CLUSTER MANAGEMENT SOFTWARE SUPPORT
2/5/2025,75N96024F00002,Department of Health and Human Services,50000,0,2/7/2025,TERMINATE FOR CONVENIENCE (COMPLETE OR PARTIAL),https://www.fpds.gov/ezsearch/jsp/viewLinkController.jsp?agencyID=7529&PIID=75N96024F00002&modNumber=P00001&idvAgencyID=&idvPIID=75N96022D00005&contractType=AWARD,LINDE GAS & EQUIPMENT INC.,MISCELLANEOUS BULK GASES IN ACCORDANCE WITH THE CONTRACT STATEMENT OF WORK 9/01/2024-08/31/2025
2/5/2025,75N92E25F00007,Department of Health and Human Services,84297,0,2/7/2025,TERMINATE FOR CONVENIENCE (COMPLETE OR PARTIAL),https://www.fpds.gov/ezsearch/jsp/viewLinkController.jsp?agencyID=7529&PIID=75N92E25F00007&modNumber=P00001&idvAgencyID=&idvPIID=47QRAA24D00CY&contractType=AWARD,BANNER STAFFING LLC,BANNER STAFFING LLC:1159549 [25-000229]
2/5/2025,75N98024F00016,Department of Health and Human Services,355931,0,2/7/2025,TERMINATE FOR CONVENIENCE (COMPLETE OR PARTIAL),https://www.fpds.gov/ezsearch/jsp/viewLinkController.jsp?agencyID=7529&PIID=75N98024F00016&modNumber=0&idvAgencyID=&idvPIID=75N98023D00042&contractType=AWARD,"MID-ATLANTIC SERVICES GROUP, INC.","MID-ATLANTIC SERVICES GROUP, INC:1253564 [24-003411]"
2/5/2025,75N98025F00001,Department of Health and Human Services,163205,0,2/7/2025,TERMINATE FOR CONVENIENCE (COMPLETE OR PARTIAL),https://www.fpds.gov/ezsearch/jsp/viewLinkController.jsp?agencyID=7529&PIID=75N98025F00001&modNumber=0&idvAgencyID=&idvPIID=75N98023D00042&contractType=AWARD,ECONOMIC SYSTEMS INC,EEO TREND AND BARRIER ANALYSIS
2/5/2025,75N98024F00017,Department of Health and Human Services,692987,0,2/7/2025,TERMINATE FOR CONVENIENCE (COMPLETE OR PARTIAL),https://www.fpds.gov/ezsearch/jsp/viewLinkController.jsp?agencyID=7529&PIID=75N98024F00017&modNumber=0&idvAgencyID=&idvPIID=75N98023D00042&contractType=AWARD,STERLING COMPUTERS CORPORATION,STERLING COMPUTERS:1110316 [24-002624]
2/6/2025,75S20323F80013,Department of Health and Human Services,1783747,610536,2/7/2025,TERMINATE FOR CONVENIENCE (COMPLETE OR PARTIAL),https://www.fpds.gov/ezsearch/jsp/viewLinkController.jsp?agencyID=7522&PIID=75S20323F80013&modNumber=P00003&idvAgencyID=&idvPIID=GS00F120DA&contractType=AWARD,JEFFERSON CONSULTING GROUP LLC,TO PROVIDE CONSULTATION SERVICES AND RECOMMEND ACTIVITIES FOR SAMHSA LEADERSHIP TO IMPROVE STAFF ENGAGEMENT
1/22/2025,75P00124P00072,Department of Health and Human Services,48500,0,2/7/2025,TERMINATE FOR CONVENIENCE (COMPLETE OR PARTIAL),https://www.fpds.gov/ezsearch/jsp/viewLinkController.jsp?agencyID=7570&PIID=75P00124P00072&modNumber=P00001&idvAgencyID=&idvPIID=&contractType=AWARD,"PROFESSIONAL DIVERSITY NETWORK, INC","HUMAN CAPITAL ENTERPRISE DIGITAL PLATFORM SUBSCRIPTION ? PROFESSIONAL DIVERSITY NETWORK  AUTOMATED FULL JOB FEED/SCRAPE TO THE ENTIRE PDN NETWORK AND PARTNERS (NAACP, NATIONAL URBAN LEAGUE, TECHLATINO, ETC), INCLUDES A DEDICATED CUSTOMER SUCCESS RE"
1/23/2025,75F40122C00207,Department of Health and Human Services,4494558,0,2/7/2025,TERMINATE FOR CONVENIENCE (COMPLETE OR PARTIAL),https://www.fpds.gov/ezsearch/jsp/viewLinkController.jsp?agencyID=7524&PIID=75F40122C00207&modNumber=P00006&idvAgencyID=&idvPIID=&contractType=AWARD,"PO`OKELA SOLUTIONS, LLC",HEALTH OUTREACH AND RESEARCH TO IMPROVE HEALTH EQUITY FOR RACIAL AND ETHNIC MINORITIES AND TRIBAL POPULATIONS
1/31/2025,75N91020P00937,Department of Health and Human Services,235000,0,2/7/2025,TERMINATE FOR CONVENIENCE (COMPLETE OR PARTIAL),https://www.fpds.gov/ezsearch/jsp/viewLinkController.jsp?agencyID=7529&PIID=75N91020P00937&modNumber=P00006&idvAgencyID=&idvPIID=&contractType=AWARD,SAMANTHA SUTTON,PROCUREMENT OF SERVICES TO HOST NCI DIVERSITY CAREER DEVELOPMENT PROGRAM (DCDP)
1/23/2025,75ACF123F59005,Department of Health and Human Services,3163457,0,2/10/2025,TERMINATE FOR CONVENIENCE (COMPLETE OR PARTIAL),https://www.fpds.gov/ezsearch/jsp/viewLinkController.jsp?agencyID=7590&PIID=75ACF123F59005&modNumber=P00001&idvAgencyID=&idvPIID=75ACF121A00005&contractType=AWARD,"KEARNEY & COMPANY, P.C.",GRANTS MANAGEMENT COMPLIANCE
1/23/2025,75F40121F80053,Department of Health and Human Services,305770,0,2/10/2025,TERMINATE FOR CONVENIENCE (COMPLETE OR PARTIAL),https://www.fpds.gov/ezsearch/jsp/viewLinkController.jsp?agencyID=7524&PIID=75F40121F80053&modNumber=P00007&idvAgencyID=&idvPIID=GS02F0110Y&contractType=AWARD,HISPANIC ASSOCIATION OF COLLEGES & UNIVERSITIES,FIVE (5) INTERNS
1/23/2025,75F40120F19025,Department of Health and Human Services,18780593,732797,2/10/2025,TERMINATE FOR CONVENIENCE (COMPLETE OR PARTIAL),https://www.fpds.gov/ezsearch/jsp/viewLinkController.jsp?agencyID=7524&PIID=75F40120F19025&modNumber=P00002&idvAgencyID=&idvPIID=75F40119A10003&contractType=AWARD,SUNTIVA LLC,EQUAL EMPLOYMENT OPPORTUNITY STRATEGIC SUPPORT SERVICES
1/23/2025,75ACF121F80036,Department of Health and Human Services,2031813,87902,2/10/2025,TERMINATE FOR CONVENIENCE (COMPLETE OR PARTIAL),https://www.fpds.gov/ezsearch/jsp/viewLinkController.jsp?agencyID=7590&PIID=75ACF121F80036&modNumber=P00004&idvAgencyID=&idvPIID=47QRAA18D003Z&contractType=AWARD,THE URBAN INSTITUTE,ADVANCING CONTEXTUAL ANALYSIS AND METHODS OF PARTICIPANT ENGAGEMENT IN OPRE (CAMPE)
1/23/2025,75F40123F19053,Department of Health and Human Services,595692,0,2/10/2025,TERMINATE FOR CONVENIENCE (COMPLETE OR PARTIAL),https://www.fpds.gov/ezsearch/jsp/viewLinkController.jsp?agencyID=7524&PIID=75F40123F19053&modNumber=P00004&idvAgencyID=&idvPIID=75F40119A10003&contractType=AWARD,"EAGLE HILL CONSULTING, LLC",PDUFA VII CLOUD ASSESSMENT
1/23/2025,75F40125F19009,Department of Health and Human Services,11667481,7890073,2/10/2025,TERMINATE FOR CONVENIENCE (COMPLETE OR PARTIAL),https://www.fpds.gov/ezsearch/jsp/viewLinkController.jsp?agencyID=7524&PIID=75F40125F19009&modNumber=P00001&idvAgencyID=&idvPIID=75F40123A00010&contractType=AWARD,"EAGLE HILL CONSULTING, LLC",DHC/DPS/DMPA AND CENTER OPERATIONAL SUPPORT
1/30/2025,75D30124F19892,Department of Health and Human Services,77600,0,2/10/2025,TERMINATE FOR CONVENIENCE (COMPLETE OR PARTIAL),https://www.fpds.gov/ezsearch/jsp/viewLinkController.jsp?agencyID=7523&PIID=75D30124F19892&modNumber=P00001&idvAgencyID=&idvPIID=47QRAA18D00F1&contractType=AWARD,TECHNICAL MANAGEMENT SERVICES LLC,ADVANCE LEADERSHIP & CULTURE DEVELOPMENT TRAINING
1/31/2025,75N91024F00003,Department of Health and Human Services,61062,18998,2/10/2025,TERMINATE FOR CONVENIENCE (COMPLETE OR PARTIAL),https://www.fpds.gov/ezsearch/jsp/viewLinkController.jsp?agencyID=7529&PIID=75N91024F00003&modNumber=P00002&idvAgencyID=&idvPIID=75N91021A00001&contractType=AWARD,"EN-NET SERVICES, L.L.C.","PROCUREMENT OF BRAND NAME HEWLETT PACKARD (HP) LAPTOPS, IN SUPPORT OF THE HHS, NIH, NATIONAL CENTER FOR COMPLEMENTARY AND INTEGRATIVE HEALTH (NCCIH)."
1/27/2025,75ACF123F80067,Department of Health and Human Services,965862,627371,2/13/2025,TERMINATE FOR CONVENIENCE (COMPLETE OR PARTIAL),https://www.fpds.gov/ezsearch/jsp/viewLinkController.jsp?agencyID=7590&PIID=75ACF123F80067&modNumber=P00003&idvAgencyID=&idvPIID=NNG15SD80B&contractType=AWARD,"AUGUST SCHELL ENTERPRISES, INC.",ZEROFOX SOCIAL MEDIA BRAND INTELLIGENCE SOFTWARE
2/12/2025,75N98023F00331,Department of Health and Human Services,2237500,0,2/13/2025,TERMINATE FOR CONVENIENCE (COMPLETE OR PARTIAL),https://www.fpds.gov/ezsearch/jsp/viewLinkController.jsp?agencyID=7529&PIID=75N98023F00331&modNumber=P00002&idvAgencyID=&idvPIID=75FCMC18D0047&contractType=AWARD,THE MITRE CORPORATION,EQUITY ASSESSMENT OF EXISTING PROGRAM POLICIES OF ACF
1/22/2025,75N96024F00045,Department of Health and Human Services,209394,0,1/22/2025,OTHER ADMINISTRATIVE ACTION,https://www.fpds.gov/ezsearch/jsp/viewLinkController.jsp?agencyID=7529&PIID=75N96024F00045&modNumber=P00002&idvAgencyID=&idvPIID=GS02Q16DCR0026&contractType=AWARD,"POWERTRAIN, INC.",DEIA TRAINING TASK ORDER
1/29/2025,75P00122F80221,Department of Health and Human Services,3598655,750000,1/29/2025,SUPPLEMENTAL AGREEMENT FOR WORK WITHIN SCOPE,https://www.fpds.gov/ezsearch/jsp/viewLinkController.jsp?agencyID=7570&PIID=75P00122F80221&modNumber=P00003&idvAgencyID=&idvPIID=GS10F106CA&contractType=AWARD,CG STRATEGY INC,OHIC EQUITY STRATEGIC PROGRAM & ORGANIZATION IMPROVEMENT
1/23/2025,75N98021F00362,Department of Health and Human Services,2327736,1122845,2/3/2025,OTHER ADMINISTRATIVE ACTION,https://www.fpds.gov/ezsearch/jsp/viewLinkController.jsp?agencyID=7529&PIID=75N98021F00362&modNumber=P00009&idvAgencyID=&idvPIID=GS00F009DA&contractType=AWARD,"WESTAT, INC.",NIH CLIMATE SURVEY SUPPORT SERVICES
2/6/2025,75H70122F80003,Department of Health and Human Services,777776,355801,2/6/2025,SUPPLEMENTAL AGREEMENT FOR WORK WITHIN SCOPE,https://www.fpds.gov/ezsearch/jsp/viewLinkController.jsp?agencyID=7527&PIID=75H70122F80003&modNumber=P00006&idvAgencyID=&idvPIID=47QRAA18D00DH&contractType=AWARD,SOLV LLC,"THE PURPOSE OF THIS CONTRACT IS TO PROVIDE THE INDIAN HEALTH SERVICE (IHS), OFFICE OF ENVIRONMENTAL HEALTH AND ENGINEERING (OEHE), A CONSULTANT THAT CAN ASSIST WITH MANAGEMENT OF THE IHS SUSTAINABILITY PROGRAM, FACILITATION OF THE IHS SUSTAINABILITY"
2/6/2025,75P00124F80129,Department of Health and Human Services,127505,105560,2/7/2025,BLANK REASON FOR MODIFICATION IN FPDS,https://www.fpds.gov/ezsearch/jsp/viewLinkController.jsp?agencyID=7570&PIID=75P00124F80129&modNumber=0&idvAgencyID=&idvPIID=03310323D0056&contractType=AWARD,"POLITICO, LLC",PRO PLUS SUBSCRIPTION FOR ACL
2/6/2025,75P00121P00012,Department of Health and Human Services,329739,57653,2/7/2025,EXERCISE AN OPTION,https://www.fpds.gov/ezsearch/jsp/viewLinkController.jsp?agencyID=7570&PIID=75P00121P00012&modNumber=P00004&idvAgencyID=&idvPIID=&contractType=AWARD,"POLITICO, LLC",POLITICO PRO 15 USER LICENSES FOR ASSISTANT SECRETARY FOR PUBLIC AFFAIRS (ASPA)
2/5/2025,75D30123P17848,Department of Health and Human Services,934700,590780,2/7/2025,EXERCISE AN OPTION,https://www.fpds.gov/ezsearch/jsp/viewLinkController.jsp?agencyID=7523&PIID=75D30123P17848&modNumber=P00002&idvAgencyID=&idvPIID=&contractType=AWARD,"POLITICO, LLC",CDC LIBRARY  POLITICO SUBSCRIPTION
2/5/2025,75D30124P19780,Department of Health and Human Services,229625,176330,2/7/2025,BLANK REASON FOR MODIFICATION IN FPDS,https://www.fpds.gov/ezsearch/jsp/viewLinkController.jsp?agencyID=7523&PIID=75D30124P19780&modNumber=0&idvAgencyID=&idvPIID=&contractType=AWARD,"POLITICO, LLC",POLITICO PRO SUBSCRIPTION
2/5/2025,75D30124P19681,Department of Health and Human Services,105610,0,2/7/2025,OTHER ADMINISTRATIVE ACTION,https://www.fpds.gov/ezsearch/jsp/viewLinkController.jsp?agencyID=7523&PIID=75D30124P19681&modNumber=P00001&idvAgencyID=&idvPIID=&contractType=AWARD,"VERITAS MANAGEMENT GROUP, INC.","DIVERSITY, EQUITY, BELONGING, INCLUSION AND ACCESSIBILITY (DEBIA)"
2/5/2025,75D30124C18340,Department of Health and Human Services,583758,360562,2/7/2025,EXERCISE AN OPTION,https://www.fpds.gov/ezsearch/jsp/viewLinkController.jsp?agencyID=7523&PIID=75D30124C18340&modNumber=P00002&idvAgencyID=&idvPIID=&contractType=AWARD,"SYNERGY AMERICA, INC.",ADMINISTRATIVE SUPPORT SERVICES
2/5/2025,75D30124F00006,Department of Health and Human Services,73691,0,2/7/2025,EXERCISE AN OPTION,https://www.fpds.gov/ezsearch/jsp/viewLinkController.jsp?agencyID=7523&PIID=75D30124F00006&modNumber=P00001&idvAgencyID=&idvPIID=75D30123D16080&contractType=AWARD,"MTNT CONSTRUCTION, LLC",CONSTRUCTION IDIQ
2/5/2025,75D30124F00007,Department of Health and Human Services,688606,238365,2/7/2025,EXERCISE AN OPTION,https://www.fpds.gov/ezsearch/jsp/viewLinkController.jsp?agencyID=7523&PIID=75D30124F00007&modNumber=P00001&idvAgencyID=&idvPIID=75D30123D15913&contractType=AWARD,"CHENEGA ENTERPRISE SYSTEMS & SOLUTIONS, LLC",APP PROGRAMMER SERVICES
2/5/2025,75D30124C18687,Department of Health and Human Services,90908,46367,2/7/2025,EXERCISE AN OPTION,https://www.fpds.gov/ezsearch/jsp/viewLinkController.jsp?agencyID=7523&PIID=75D30124C18687&modNumber=P00001&idvAgencyID=&idvPIID=&contractType=AWARD,"LIVING INVIGORATING VALUABLE EXPERIENCES, LLC (LIVE)",LEADERSHIP CONSULTING SERVICES
2/5/2025,75D30124P18530,Department of Health and Human Services,68125,56400,2/7/2025,BLANK REASON FOR MODIFICATION IN FPDS,https://www.fpds.gov/ezsearch/jsp/viewLinkController.jsp?agencyID=7523&PIID=75D30124P18530&modNumber=0&idvAgencyID=&idvPIID=&contractType=AWARD,"POLITICO, LLC",POLITICO PRO SUBSCRIPTION
2/5/2025,75D30124P18701,Department of Health and Human Services,22375,0,2/7/2025,BLANK REASON FOR MODIFICATION IN FPDS,https://www.fpds.gov/ezsearch/jsp/viewLinkController.jsp?agencyID=7523&PIID=75D30124P18701&modNumber=0&idvAgencyID=&idvPIID=&contractType=AWARD,"POLITICO, LLC",PRO PREMIUM SUBSCRIPTION
2/5/2025,75D30124P18978,Department of Health and Human Services,52639,0,2/7/2025,SUPPLEMENTAL AGREEMENT FOR WORK WITHIN SCOPE,https://www.fpds.gov/ezsearch/jsp/viewLinkController.jsp?agencyID=7523&PIID=75D30124P18978&modNumber=P00002&idvAgencyID=&idvPIID=&contractType=AWARD,"POLITICO, LLC",POLITICO SUBSCRIPTION RENEWAL
2/5/2025,75D30121P10201,Department of Health and Human Services,57012,12995,2/7/2025,EXERCISE AN OPTION,https://www.fpds.gov/ezsearch/jsp/viewLinkController.jsp?agencyID=7523&PIID=75D30121P10201&modNumber=P00003&idvAgencyID=&idvPIID=&contractType=AWARD,"POLITICO, LLC",POLITICO PRO PREMIUM SUBSCRIPTION
2/5/2025,75D30124C20205,Department of Health and Human Services,2308691,1561758,2/7/2025,DEFINITIZE CHANGE ORDER,https://www.fpds.gov/ezsearch/jsp/viewLinkController.jsp?agencyID=7523&PIID=75D30124C20205&modNumber=P00001&idvAgencyID=&idvPIID=&contractType=AWARD,PCI GOVERNMENT SERVICES LLC,OC HEALTH COMMUNICATIONS AND SPEECH WRITING
2/5/2025,75N95024F00001,Department of Health and Human Services,962486,0,2/7/2025,EXERCISE AN OPTION,https://www.fpds.gov/ezsearch/jsp/viewLinkController.jsp?agencyID=7529&PIID=75N95024F00001&modNumber=0&idvAgencyID=&idvPIID=75N95024D00018&contractType=AWARD,UNIVERSITY OF EXETER,CLINICAL EVALUATION OF PHENSERINE TARTRATE EXTENDED CONTROLLED RELEASE TABLET (ECRT) FORMULATION IN EARLY MILD ALZHEIMER'S DISEASE AND MILD TO MODERATE TRAUMATIC BRAIN INJURY.
2/5/2025,75N92024F00002,Department of Health and Human Services,17479,0,2/7/2025,FUNDING ONLY ACTION,https://www.fpds.gov/ezsearch/jsp/viewLinkController.jsp?agencyID=7529&PIID=75N92024F00002&modNumber=P00002&idvAgencyID=&idvPIID=HHSN263201500284B&contractType=AWARD,"LEYDIG, VOIT & MAYER, LTD.","24-004934 NIBIB, UNDER CONTRACT #75N98020D00054, REQUIRES THE VENDOR TO DRAFT AND FILE A PCT APPLICATION, IN ORDER TO SECURE PATENT PROTECTION FOR THE INVENTION DESCRIBED IN E-040-2023-1-PC-01."
2/5/2025,75N92024F00001,Department of Health and Human Services,9298220,0,2/7/2025,SUPPLEMENTAL AGREEMENT FOR WORK WITHIN SCOPE,https://www.fpds.gov/ezsearch/jsp/viewLinkController.jsp?agencyID=7529&PIID=75N92024F00001&modNumber=P00002&idvAgencyID=&idvPIID=75N92019D00027&contractType=AWARD,NATIONAL JEWISH HEALTH,GENETIC EPIDEMIOLOGY OF COPD (COPD GENE)   2024 - 2025 TASK ORDER FOR TASK AREA A: COLLECTION OF COPDGENE STUDY DATA AND BIOSPECIMENS AND OVERSIGHT OF THE COPDGENE STUDY.
2/5/2025,75N92024F00033,Department of Health and Human Services,198442,0,2/7/2025,SUPPLEMENTAL AGREEMENT FOR WORK WITHIN SCOPE,https://www.fpds.gov/ezsearch/jsp/viewLinkController.jsp?agencyID=7529&PIID=75N92024F00033&modNumber=P00002&idvAgencyID=&idvPIID=75N92020A00002&contractType=AWARD,"GAP SOLUTIONS, INC.",[24-009886] THE NHLBI OFFICE OF THE SCIENTIFIC DIRECTOR (OSD) REQUIRES AN EXECUTIVE ASSISTANT IN ORDER TO OBTAIN ADMINISTRATIVE SUPPORT SERVICES. POP 05/03/2024 - 05/02/2025.
2/5/2025,75N94025F00009,Department of Health and Human Services,139699,0,2/7/2025,BLANK REASON FOR MODIFICATION IN FPDS,https://www.fpds.gov/ezsearch/jsp/viewLinkController.jsp?agencyID=7529&PIID=75N94025F00009&modNumber=0&idvAgencyID=&idvPIID=75N98019D00044&contractType=AWARD,"CONTEMPORARIES, INC.",NIMHD DEPUTY DIRECTOR EXECUTIVE ASSISTANT
2/5/2025,75N92024F00069,Department of Health and Human Services,104529,0,2/7/2025,FUNDING ONLY ACTION,https://www.fpds.gov/ezsearch/jsp/viewLinkController.jsp?agencyID=7529&PIID=75N92024F00069&modNumber=P00003&idvAgencyID=&idvPIID=GS00F076CA&contractType=AWARD,"GAP SOLUTIONS, INC.",NIH NHLBI DIVISION OF EXTRAMURAL RESEARCH ACTIVITIES REQUIRES AN EXECUTIVE ASSISTANT IN ORDER TO OBTAIN ADMINISTRATIVE SUPPORT SERVICES.[24-006898]
2/5/2025,75N98025F00004,Department of Health and Human Services,760000,0,2/7/2025,BLANK REASON FOR MODIFICATION IN FPDS,https://www.fpds.gov/ezsearch/jsp/viewLinkController.jsp?agencyID=7529&PIID=75N98025F00004&modNumber=P00001&idvAgencyID=&idvPIID=75N98019D00042&contractType=AWARD,"JS TECHNOLOGY, INC","JS TECHNOLOGY, INC:1172021 [25-000855]"
2/5/2025,75N92025F00009,Department of Health and Human Services,18009,0,2/7/2025,FUNDING ONLY ACTION,https://www.fpds.gov/ezsearch/jsp/viewLinkController.jsp?agencyID=7529&PIID=75N92025F00009&modNumber=0&idvAgencyID=&idvPIID=GS00F076CA&contractType=AWARD,MCCOY RUSSELL LLP,"25-002988 NIBIB UNDER CONTRACT 75N98020D00065 REQUIRES THE VENDOR TO RESPOND TO ORAL SUMMONS FOR EUROPEAN PATENT APPLICATION ARISING FROM NON-EXCLUSIVELY LICENSED TECHNOLOGY TITLED ""MULTI-FOCAL STRUCTURED ILLUMINATION MICROSCOPY SYSTEMS AND METH"
2/5/2025,75N98025F00005,Department of Health and Human Services,10989,0,2/7/2025,BLANK REASON FOR MODIFICATION IN FPDS,https://www.fpds.gov/ezsearch/jsp/viewLinkController.jsp?agencyID=7529&PIID=75N98025F00005&modNumber=0&idvAgencyID=&idvPIID=75N98019D00044&contractType=AWARD,GOVERNMENT SCIENTIFIC SOURCE INC,CHEMICAL ANALYSIS INSTRUMENTS
2/5/2025,75N98025F00003,Department of Health and Human Services,104190,0,2/7/2025,BLANK REASON FOR MODIFICATION IN FPDS,https://www.fpds.gov/ezsearch/jsp/viewLinkController.jsp?agencyID=7529&PIID=75N98025F00003&modNumber=P00001&idvAgencyID=&idvPIID=75N98019D00042&contractType=AWARD,CAPITOL CARBONIC CORP,DRY ICE
2/5/2025,75N98025F00007,Department of Health and Human Services,17745,0,2/7/2025,BLANK REASON FOR MODIFICATION IN FPDS,https://www.fpds.gov/ezsearch/jsp/viewLinkController.jsp?agencyID=7529&PIID=75N98025F00007&modNumber=0&idvAgencyID=&idvPIID=75N98019D00044&contractType=AWARD,QUALITY BIOLOGICAL INC,CHEMICALS
2/5/2025,75N98025F00006,Department of Health and Human Services,150007,0,2/7/2025,BLANK REASON FOR MODIFICATION IN FPDS,https://www.fpds.gov/ezsearch/jsp/viewLinkController.jsp?agencyID=7529&PIID=75N98025F00006&modNumber=0&idvAgencyID=&idvPIID=75N98019D00044&contractType=AWARD,ASTRIX TECHNOLOGY LLC,"ASTRIX SOFTWARE TECHNOLOGY, INC:1204486 [25-001147] PROJECT MANAGER"
2/5/2025,75P00123F37006,Department of Health and Human Services,178617,0,2/7/2025,OTHER ADMINISTRATIVE ACTION,https://www.fpds.gov/ezsearch/jsp/viewLinkController.jsp?agencyID=7570&PIID=75P00123F37006&modNumber=0&idvAgencyID=&idvPIID=HHSP233201500086I&contractType=AWARD,INSI CLOUD INC,ADMINISTRATIVE ASSISTANT-VEHICLE OPERATOR
2/5/2025,75P00120P00063,Department of Health and Human Services,187553,0,2/7/2025,EXERCISE AN OPTION,https://www.fpds.gov/ezsearch/jsp/viewLinkController.jsp?agencyID=7570&PIID=75P00120P00063&modNumber=P00004&idvAgencyID=&idvPIID=&contractType=AWARD,"POLITICO, LLC",POLITICO PRO SUBSCRIPTION
2/6/2025,75P00120P00144,Department of Health and Human Services,244723,0,2/7/2025,EXERCISE AN OPTION,https://www.fpds.gov/ezsearch/jsp/viewLinkController.jsp?agencyID=7570&PIID=75P00120P00144&modNumber=P00004&idvAgencyID=&idvPIID=&contractType=AWARD,"POLITICO, LLC",POLITICO PRO PLUS
1/22/2025,75N93022F00001,Department of Health and Human Services,2254164,1127082,2/10/2025,CLOSE OUT,https://www.fpds.gov/ezsearch/jsp/viewLinkController.jsp?agencyID=7529&PIID=75N93022F00001&modNumber=P00005&idvAgencyID=&idvPIID=HHSN272201700039I&contractType=AWARD,UNIVERSITY OF NORTH CAROLINA AT CHAPEL HILL,"CONTRACT HSN272201700036I; UNIVERSITY OF NORTH CAROLINA AT CHAPEL HILL; SCREENING VACCINE (AND OTHER BIOLOGICS) BASE AWARD; CAN 8470038; TOTAL $563,541.00"
1/27/2025,75N96023F00065,Department of Health and Human Services,323445,0,2/10/2025,FUNDING ONLY ACTION,https://www.fpds.gov/ezsearch/jsp/viewLinkController.jsp?agencyID=7529&PIID=75N96023F00065&modNumber=P00007&idvAgencyID=&idvPIID=47QRAA21D005Y&contractType=AWARD,TACTEGRA LLC,TACTEGRA LLC:1363307 [23-008371]
2/12/2025,75D30122C13873,Department of Health and Human Services,580621,364184,2/13/2025,CHANGE ORDER,https://www.fpds.gov/ezsearch/jsp/viewLinkController.jsp?agencyID=7523&PIID=75D30122C13873&modNumber=P00002&idvAgencyID=&idvPIID=&contractType=AWARD,"SYNERGY AMERICA, INC.",EA SUPPORT  SERVICES
2/12/2025,75D30122C14777,Department of Health and Human Services,993143,0,2/13/2025,SUPPLEMENTAL AGREEMENT FOR WORK WITHIN SCOPE,https://www.fpds.gov/ezsearch/jsp/viewLinkController.jsp?agencyID=7523&PIID=75D30122C14777&modNumber=P00004&idvAgencyID=&idvPIID=&contractType=AWARD,"PEERS AND PARTNERS, INC.",EXECUTIVE OFFICE CONSULTATION
2/12/2025,75D30124F20149,Department of Health and Human Services,2778504,2244606,2/13/2025,OTHER ADMINISTRATIVE ACTION,https://www.fpds.gov/ezsearch/jsp/viewLinkController.jsp?agencyID=7523&PIID=75D30124F20149&modNumber=P00001&idvAgencyID=&idvPIID=47QRAD20D8141&contractType=AWARD,"CHEROKEE NATION STRATEGIC PROGRAMS, L.L.C.",OCOO IOD MANAGEMENT CONSULTATION SERVICES
2/12/2025,75D30120F08891,Department of Health and Human Services,1854317,0,2/13/2025,SUPPLEMENTAL AGREEMENT FOR WORK WITHIN SCOPE,https://www.fpds.gov/ezsearch/jsp/viewLinkController.jsp?agencyID=7523&PIID=75D30120F08891&modNumber=P00005&idvAgencyID=&idvPIID=GS35F0165Y&contractType=AWARD,PERATON INC.,OCOO DIGITIAL&WEB MEDIA MANAGEMENT
2/11/2025,75D30124P19897,Department of Health and Human Services,166106,0,2/13/2025,BLANK REASON FOR MODIFICATION IN FPDS,https://www.fpds.gov/ezsearch/jsp/viewLinkController.jsp?agencyID=7523&PIID=75D30124P19897&modNumber=0&idvAgencyID=&idvPIID=&contractType=AWARD,ACADEMY HEALTH,DATA VISUALIZATION CHALLENGE
2/11/2025,75D30124P18994,Department of Health and Human Services,100000,80000,2/13/2025,BLANK REASON FOR MODIFICATION IN FPDS,https://www.fpds.gov/ezsearch/jsp/viewLinkController.jsp?agencyID=7523&PIID=75D30124P18994&modNumber=0&idvAgencyID=&idvPIID=&contractType=AWARD,ACADEMY HEALTH,ARM MEETINGS FOR FY 24-FY29
2/11/2025,75D30123F00020,Department of Health and Human Services,815955,78291,2/13/2025,EXERCISE AN OPTION,https://www.fpds.gov/ezsearch/jsp/viewLinkController.jsp?agencyID=7523&PIID=75D30123F00020&modNumber=P00003&idvAgencyID=&idvPIID=75D30119D05352&contractType=AWARD,"KAPILI SERVICES, LLC",PUBLIC HEALTH INFRASTRUCTURE CENTER EXECUTIVE ASSISTANT SUPPORT
2/11/2025,75D30122C13402,Department of Health and Human Services,791851,5000,2/13/2025,EXERCISE AN OPTION,https://www.fpds.gov/ezsearch/jsp/viewLinkController.jsp?agencyID=7523&PIID=75D30122C13402&modNumber=P00007&idvAgencyID=&idvPIID=&contractType=AWARD,"VERITAS MANAGEMENT GROUP, INC.",ADMINISTRATIVE SUPPORT AND HEALTH COMMUNICATION SUPPORT SERVICES
2/12/2025,75D30124F19690,Department of Health and Human Services,2813064,2246962,2/13/2025,BLANK REASON FOR MODIFICATION IN FPDS,https://www.fpds.gov/ezsearch/jsp/viewLinkController.jsp?agencyID=7523&PIID=75D30124F19690&modNumber=0&idvAgencyID=&idvPIID=GS00F067CA&contractType=AWARD,"ADVANCED TECHNOLOGIES AND LABORATORIES (ATL) INTERNATIONAL, INC.",WORKER OUTREACH
2/12/2025,75D30122P14182,Department of Health and Human Services,63036,45466,2/13/2025,SUPPLEMENTAL AGREEMENT FOR WORK WITHIN SCOPE,https://www.fpds.gov/ezsearch/jsp/viewLinkController.jsp?agencyID=7523&PIID=75D30122P14182&modNumber=P00001&idvAgencyID=&idvPIID=&contractType=AWARD,ARIA SOLUTIONS LLC,GENERAL CLERK SERVICES
2/12/2025,75D30124P18349,Department of Health and Human Services,148742,0,2/13/2025,EXERCISE AN OPTION,https://www.fpds.gov/ezsearch/jsp/viewLinkController.jsp?agencyID=7523&PIID=75D30124P18349&modNumber=P00001&idvAgencyID=&idvPIID=&contractType=AWARD,ARIA SOLUTIONS LLC,ADMINISTRATIVE SUPPORT SEERVICES
9/24/2025,75H70120C00023,Department of Health and Human Services,2652610,462316,2/13/2025,EXERCISE AN OPTION,https://www.fpds.gov/ezsearch/jsp/viewLinkController.jsp?agencyID=7527&PIID=75H70120C00023&modNumber=P00006&idvAgencyID=&idvPIID=&contractType=AWARD,THE REGENTS OF THE UNIV. OF COLORADO,MONITORING OF THE TRIBAL INJURY PREVENTION COOPERATIVE AGREEMENT PROGRAM (TIPCAP) FOR THE DIVISION OF ENVIRONMENTAL HEALTH SERVICES (DEHS)
2/12/2025,75D30124P19056,Department of Health and Human Services,19500,0,2/13/2025,BLANK REASON FOR MODIFICATION IN FPDS,https://www.fpds.gov/ezsearch/jsp/viewLinkController.jsp?agencyID=7523&PIID=75D30124P19056&modNumber=0&idvAgencyID=&idvPIID=&contractType=AWARD,"JOHNSTON, CLIFFORD T",ANALYTICAL ENHANCEMENT OF THE RAPID QUARTZ ANALYSIS OF RESPIRABLE MINE DUST
2/12/2025,75D30123P16767,Department of Health and Human Services,65172,0,2/13/2025,SUPPLEMENTAL AGREEMENT FOR WORK WITHIN SCOPE,https://www.fpds.gov/ezsearch/jsp/viewLinkController.jsp?agencyID=7523&PIID=75D30123P16767&modNumber=P00001&idvAgencyID=&idvPIID=&contractType=AWARD,VIRGINIA POLYTECHNIC INSTITUTE & STATE UNIVERSITY,QUALITATIVE ANALYSIS  OF HAUL TRUCK OPERATION COGNITIVE TASK ANALYSIS
2/12/2025,75D30123P16772,Department of Health and Human Services,10000,0,2/13/2025,SUPPLEMENTAL AGREEMENT FOR WORK WITHIN SCOPE,https://www.fpds.gov/ezsearch/jsp/viewLinkController.jsp?agencyID=7523&PIID=75D30123P16772&modNumber=P00001&idvAgencyID=&idvPIID=&contractType=AWARD,UNIVERSITY OF MISSOURI SYSTEM,EVALUATE THE PERFORMANCE OF THE DOFS TOOLS
2/12/2025,75D30124P19335,Department of Health and Human Services,7150,0,2/13/2025,BLANK REASON FOR MODIFICATION IN FPDS,https://www.fpds.gov/ezsearch/jsp/viewLinkController.jsp?agencyID=7523&PIID=75D30124P19335&modNumber=0&idvAgencyID=&idvPIID=&contractType=AWARD,TAKIMO VENTURES LLC,FFC MODELING
2/12/2025,75D30120F07439,Department of Health and Human Services,103812,0,2/13/2025,EXERCISE AN OPTION,https://www.fpds.gov/ezsearch/jsp/viewLinkController.jsp?agencyID=7523&PIID=75D30120F07439&modNumber=P00010&idvAgencyID=&idvPIID=47QRAA18D00EC&contractType=AWARD,"PELTON, HOLLY J",GRAPHIC SUPPORT SERVICE
2/12/2025,75D30120C07974,Department of Health and Human Services,249647,0,2/13/2025,SUPPLEMENTAL AGREEMENT FOR WORK WITHIN SCOPE,https://www.fpds.gov/ezsearch/jsp/viewLinkController.jsp?agencyID=7523&PIID=75D30120C07974&modNumber=P00004&idvAgencyID=&idvPIID=&contractType=AWARD,THE FEINSTEIN INSTITUTES FOR MEDICAL RESEARCH,STUDY OF CANCER INCIDENCE AMONG PACE UNIVERSITY EMPLOYEES
2/12/2025,75D30122P15204,Department of Health and Human Services,257518,0,2/13/2025,OTHER ADMINISTRATIVE ACTION,https://www.fpds.gov/ezsearch/jsp/viewLinkController.jsp?agencyID=7523&PIID=75D30122P15204&modNumber=P00003&idvAgencyID=&idvPIID=&contractType=AWARD,CITY OF NEW YORK FIRE DEPARTMENT,MAINTENANCE OF THE CAREER FIREFIGHTER HEALTH STUDY
2/10/2025,75D30124F00005,Department of Health and Human Services,1903669,1748381,2/13/2025,OTHER ADMINISTRATIVE ACTION,https://www.fpds.gov/ezsearch/jsp/viewLinkController.jsp?agencyID=7523&PIID=75D30124F00005&modNumber=0&idvAgencyID=&idvPIID=75D30123D17609&contractType=AWARD,"GOLDBELT PROFESSIONAL SERVICES, LLC",NATIONAL CENTER FOR IMMUNIZATION AND RESPIRATORY DISEASES COMPREHENSIVE SUPPORT SERVICES
2/10/2025,75D30124F00011,Department of Health and Human Services,2564978,1748194,2/13/2025,OTHER ADMINISTRATIVE ACTION,https://www.fpds.gov/ezsearch/jsp/viewLinkController.jsp?agencyID=7523&PIID=75D30124F00011&modNumber=P00001&idvAgencyID=&idvPIID=75D30123D15913&contractType=AWARD,ICE TECHNICAL SERVICES INC,GEN CLERK-HR SEPC-HR ASST SERVICES
2/10/2025,75D30124F00014,Department of Health and Human Services,57931,47475,2/13/2025,BLANK REASON FOR MODIFICATION IN FPDS,https://www.fpds.gov/ezsearch/jsp/viewLinkController.jsp?agencyID=7523&PIID=75D30124F00014&modNumber=0&idvAgencyID=&idvPIID=75D30123D15913&contractType=AWARD,"JOHNSON CONTROLS, INC",C-CURE 9000 AND HID PIVCLASS SOFTWARE MAINTENANCE AND SERVICE.
2/10/2025,75D30124F00010,Department of Health and Human Services,609872,415668,2/13/2025,BLANK REASON FOR MODIFICATION IN FPDS,https://www.fpds.gov/ezsearch/jsp/viewLinkController.jsp?agencyID=7523&PIID=75D30124F00010&modNumber=0&idvAgencyID=&idvPIID=75D30123D16080&contractType=AWARD,ICE TECHNICAL SERVICES INC,HRO GENERAL SERVICES
2/10/2025,75D30124F00008,Department of Health and Human Services,11153341,3858344,2/13/2025,OTHER ADMINISTRATIVE ACTION,https://www.fpds.gov/ezsearch/jsp/viewLinkController.jsp?agencyID=7523&PIID=75D30124F00008&modNumber=0&idvAgencyID=&idvPIID=75D30123D16080&contractType=AWARD,NATIONAL OPINION RESEARCH CENTER,NATIONAL IMMUNIZATION SURVEY 2023-2029
2/10/2025,75D30124F00009,Department of Health and Human Services,2654876,0,2/13/2025,OTHER ADMINISTRATIVE ACTION,https://www.fpds.gov/ezsearch/jsp/viewLinkController.jsp?agencyID=7523&PIID=75D30124F00009&modNumber=0&idvAgencyID=&idvPIID=75D30123D17609&contractType=AWARD,NATIONAL OPINION RESEARCH CENTER,NATIONAL IMMUNIZATION SURVEY 2023-2029
2/10/2025,75D30124F00012,Department of Health and Human Services,160157,0,2/13/2025,BLANK REASON FOR MODIFICATION IN FPDS,https://www.fpds.gov/ezsearch/jsp/viewLinkController.jsp?agencyID=7523&PIID=75D30124F00012&modNumber=0&idvAgencyID=&idvPIID=75D30123D15913&contractType=AWARD,ICE TECHNICAL SERVICES INC,HRO GENERAL SERVICES
2/10/2025,75D30124F20023,Department of Health and Human Services,2557171,1832737,2/13/2025,BLANK REASON FOR MODIFICATION IN FPDS,https://www.fpds.gov/ezsearch/jsp/viewLinkController.jsp?agencyID=7523&PIID=75D30124F20023&modNumber=0&idvAgencyID=&idvPIID=GS02F013GA&contractType=AWARD,GOVSTRIVE LLC,SUBSCRIPTION -AUTOMATE ORGANIZATIONAL CHARTS
2/11/2025,75D30124F00002,Department of Health and Human Services,11766,0,2/13/2025,SUPPLEMENTAL AGREEMENT FOR WORK WITHIN SCOPE,https://www.fpds.gov/ezsearch/jsp/viewLinkController.jsp?agencyID=7523&PIID=75D30124F00002&modNumber=0&idvAgencyID=&idvPIID=75D30124D20037&contractType=AWARD,"INFOTECH NORTHSTAR, L.L.C.",RESPIRATORY PROTECTIVE DEVICES- ON-SITE COMPLIANCE AUDIT ASSISTANCE
2/11/2025,75D30124F00003,Department of Health and Human Services,2468739,0,2/13/2025,OTHER ADMINISTRATIVE ACTION,https://www.fpds.gov/ezsearch/jsp/viewLinkController.jsp?agencyID=7523&PIID=75D30124F00003&modNumber=P00001&idvAgencyID=&idvPIID=75D30123D18030&contractType=AWARD,"TANAQ SUPPORT SERVICES, LLC",SUPPORT SERVICES
2/11/2025,75D30124F00004,Department of Health and Human Services,22250,0,2/13/2025,SUPPLEMENTAL AGREEMENT FOR WORK WITHIN SCOPE,https://www.fpds.gov/ezsearch/jsp/viewLinkController.jsp?agencyID=7523&PIID=75D30124F00004&modNumber=P00002&idvAgencyID=&idvPIID=75D30123D17609&contractType=AWARD,"BRAND CONSULTING GROUP, INC.",RESPIRATORY PROTECTIVE DEVICES- ON-SITE COMPLIANCE AUDIT ASSISTANCE
9/30/2024,75P00124C00048,Department of Health and Human Services,1914290,0,2/13/2025,BLANK REASON FOR MODIFICATION IN FPDS,https://www.fpds.gov/ezsearch/jsp/viewLinkController.jsp?agencyID=7570&PIID=75P00124C00048&modNumber=0&idvAgencyID=&idvPIID=&contractType=AWARD,PARTNERSHIP FOR INCLUSIVE DISASTER STRATEGIES THE,DEVELOP AN AGGRESSIVE STRATEGIC PLAN WITH MEASURABLE GOALS AND OBJECTIVES TO ASSESS THE IL T&TA EFFECTIVENESS AND DEMONSTRATE IMPROVEMENTS IN IL GRANTEE OUTCOMES. RESPONSIBLE FOR COORDINATING AND PARTNERING WITH OTHER IL T&TA CENTERS FUNDED B
2/12/2025,75D30124C19974,Department of Health and Human Services,1316941,1063803,2/13/2025,BLANK REASON FOR MODIFICATION IN FPDS,https://www.fpds.gov/ezsearch/jsp/viewLinkController.jsp?agencyID=7523&PIID=75D30124C19974&modNumber=0&idvAgencyID=&idvPIID=&contractType=AWARD,GINTECH LLC,OPPE STRATEGIC PROGRAM SERVICES AND SUPPORT
2/28/2025,75P00124C00051,Department of Health and Human Services,1020224,518245,2/13/2025,SUPPLEMENTAL AGREEMENT FOR WORK WITHIN SCOPE,https://www.fpds.gov/ezsearch/jsp/viewLinkController.jsp?agencyID=7570&PIID=75P00124C00051&modNumber=P00001&idvAgencyID=&idvPIID=&contractType=AWARD,"THE PARNIN GROUP, LLC",PROGRAM MANAGEMENT OFFICE SUPPORT SERVICES
2/12/2025,75D30124F19949,Department of Health and Human Services,116667,0,2/13/2025,BLANK REASON FOR MODIFICATION IN FPDS,https://www.fpds.gov/ezsearch/jsp/viewLinkController.jsp?agencyID=7523&PIID=75D30124F19949&modNumber=0&idvAgencyID=&idvPIID=47QRAA18D00GU&contractType=AWARD,K.L. SCOTT & ASSOCIATES LLC,EVALUATION SUPPORT FOR OHE
2/11/2025,75D30122P15344,Department of Health and Human Services,140536,37597,2/13/2025,EXERCISE AN OPTION,https://www.fpds.gov/ezsearch/jsp/viewLinkController.jsp?agencyID=7523&PIID=75D30122P15344&modNumber=P00002&idvAgencyID=&idvPIID=&contractType=AWARD,"A-1 ANHERMA, LLC",WRITER-EDITOR
2/11/2025,75D30123C16626,Department of Health and Human Services,13776107,8507977,2/13/2025,EXERCISE AN OPTION,https://www.fpds.gov/ezsearch/jsp/viewLinkController.jsp?agencyID=7523&PIID=75D30123C16626&modNumber=P00002&idvAgencyID=&idvPIID=&contractType=AWARD,"ORACLE HEALTH GOVERNMENT SERVICES, INC.",PROFESSIONAL SUPPORT SERVICES FOR THE HIV OUTPATIENT STUDY (HOPS)
2/11/2025,75D30122C15676,Department of Health and Human Services,4185177,1720549,2/13/2025,EXERCISE AN OPTION,https://www.fpds.gov/ezsearch/jsp/viewLinkController.jsp?agencyID=7523&PIID=75D30122C15676&modNumber=P00002&idvAgencyID=&idvPIID=&contractType=AWARD,WILLIAMS CONSULTING LLC,HIV NHM&E SERVICE CENTER
2/11/2025,75D30124P00071,Department of Health and Human Services,56370,46395,2/13/2025,OTHER ADMINISTRATIVE ACTION,https://www.fpds.gov/ezsearch/jsp/viewLinkController.jsp?agencyID=7523&PIID=75D30124P00071&modNumber=P00001&idvAgencyID=&idvPIID=&contractType=AWARD,"PEERS AND PARTNERS, INC.",TO CONDUCT EXIT INTERVIEWS ON DEPARTING STAFF FROM THE DIVISION OF GLOBAL HIV AND TB.  QUOTE FROM RFQ#2024-00231
2/11/2025,75D30123C17675,Department of Health and Human Services,1508716,931833,2/13/2025,EXERCISE AN OPTION,https://www.fpds.gov/ezsearch/jsp/viewLinkController.jsp?agencyID=7523&PIID=75D30123C17675&modNumber=P00002&idvAgencyID=&idvPIID=&contractType=AWARD,"LONG & ASSOCIATES, LLC",FINANCIAL SUPPORT
2/11/2025,75D30123F18323,Department of Health and Human Services,599359,370198,2/13/2025,OTHER ADMINISTRATIVE ACTION,https://www.fpds.gov/ezsearch/jsp/viewLinkController.jsp?agencyID=7523&PIID=75D30123F18323&modNumber=P00002&idvAgencyID=&idvPIID=47QRAA18D00FH&contractType=AWARD,"LONG & ASSOCIATES, LLC",GID SCIENTIFIC WRITER-EDITOR SERVICES
2/11/2025,75D30123C18206,Department of Health and Human Services,2790778,1722684,2/13/2025,EXERCISE AN OPTION,https://www.fpds.gov/ezsearch/jsp/viewLinkController.jsp?agencyID=7523&PIID=75D30123C18206&modNumber=P00001&idvAgencyID=&idvPIID=&contractType=AWARD,ALEXTON INCORPORATED,GLOBAL NONCOMMUNICABLE DISEASE BRANCH PUBLIC HEALTH SCIENTIST SUPPORT
2/11/2025,75D30123P18174,Department of Health and Human Services,1015481,642456,2/13/2025,SUPPLEMENTAL AGREEMENT FOR WORK WITHIN SCOPE,https://www.fpds.gov/ezsearch/jsp/viewLinkController.jsp?agencyID=7523&PIID=75D30123P18174&modNumber=P00002&idvAgencyID=&idvPIID=&contractType=AWARD,METAS SOLUTIONS LLC,INSTRUCTIONAL DESIGNER
2/12/2025,75D30121P10404,Department of Health and Human Services,144526,0,2/13/2025,EXERCISE AN OPTION,https://www.fpds.gov/ezsearch/jsp/viewLinkController.jsp?agencyID=7523&PIID=75D30121P10404&modNumber=P00003&idvAgencyID=&idvPIID=&contractType=AWARD,"SYNERGY AMERICA, INC.",SCIENTIFIC CONSULTING / RESEARCH ENGINEERING SUPPORT SERVICES MINING RESEARCH
2/12/2025,75D30122P13868,Department of Health and Human Services,37800,0,2/13/2025,SUPPLEMENTAL AGREEMENT FOR WORK WITHIN SCOPE,https://www.fpds.gov/ezsearch/jsp/viewLinkController.jsp?agencyID=7523&PIID=75D30122P13868&modNumber=P00003&idvAgencyID=&idvPIID=&contractType=AWARD,"SYNERGY AMERICA, INC.",SCIENTIFIC CONSULTING - PSYCHOLOGIST
2/12/2025,75D30124P18695,Department of Health and Human Services,193108,97984,2/13/2025,BLANK REASON FOR MODIFICATION IN FPDS,https://www.fpds.gov/ezsearch/jsp/viewLinkController.jsp?agencyID=7523&PIID=75D30124P18695&modNumber=0&idvAgencyID=&idvPIID=&contractType=AWARD,"SYNERGY AMERICA, INC.",BEHAVIORAL RESEARCH ASSSITANT
2/12/2025,75D30123C17132,Department of Health and Human Services,219150,47910,2/13/2025,EXERCISE AN OPTION,https://www.fpds.gov/ezsearch/jsp/viewLinkController.jsp?agencyID=7523&PIID=75D30123C17132&modNumber=P00002&idvAgencyID=&idvPIID=&contractType=AWARD,"SYNERGY AMERICA, INC.",SYNERGY - GIS ANALYST
2/12/2025,75D30121P10272,Department of Health and Human Services,96898,20929,2/13/2025,EXERCISE AN OPTION,https://www.fpds.gov/ezsearch/jsp/viewLinkController.jsp?agencyID=7523&PIID=75D30121P10272&modNumber=P00008&idvAgencyID=&idvPIID=&contractType=AWARD,SIMULATIONS PLUS INC,SOFTWARE ANNUAL LICENSE 1 USER FOR ADMET AND GASTROPLUS
2/12/2025,75D30123P16320,Department of Health and Human Services,146857,94344,2/13/2025,EXERCISE AN OPTION,https://www.fpds.gov/ezsearch/jsp/viewLinkController.jsp?agencyID=7523&PIID=75D30123P16320&modNumber=P00002&idvAgencyID=&idvPIID=&contractType=AWARD,CLARIVATE ANALYTICS (US) LLC,METACORE/METADRUG LICENSES
2/12/2025,75D30124C18551,Department of Health and Human Services,378000,0,2/13/2025,BLANK REASON FOR MODIFICATION IN FPDS,https://www.fpds.gov/ezsearch/jsp/viewLinkController.jsp?agencyID=7523&PIID=75D30124C18551&modNumber=0&idvAgencyID=&idvPIID=&contractType=AWARD,"COPIAL BUSINESS STRATEGISTS, LLC",AGGREGATED MOBILITY DATA
2/12/2025,75N98120F00004,Department of Health and Human Services,1144640,0,2/13/2025,SUPPLEMENTAL AGREEMENT FOR WORK WITHIN SCOPE,https://www.fpds.gov/ezsearch/jsp/viewLinkController.jsp?agencyID=7529&PIID=75N98120F00004&modNumber=P00002&idvAgencyID=&idvPIID=HHSN316201200028W&contractType=AWARD,AUROTECH LLC,"MICROSERVICE ARCHITECTURE IS AN ARCHITECTURAL STYLE THAT STRUCTURES AN APPLICATION AS A COLLECTION OF LOOSELY COUPLED SERVICES, WHICH IMPLEMENT BUSINESS CAPABILITIES. THE MICROSERVICE ARCHITECTURE ENABLES THE CONTINUOUS DELIVERY/DEPLOYMENT OF LARGE,"
2/12/2025,75D30120A07341,Department of Health and Human Services,0,0,2/13/2025,BLANK REASON FOR MODIFICATION IN FPDS,https://www.fpds.gov/ezsearch/jsp/viewLinkController.jsp?agencyID=7523&PIID=75D30120A07341&modNumber=0&idvAgencyID=&idvPIID=&contractType=IDV,"ICF INCORPORATED, L.L.C.",ADVANCING THE FUTURE OF WORK AT CDC
2/11/2025,75D30123P17594,Department of Health and Human Services,91550,32500,2/13/2025,OTHER ADMINISTRATIVE ACTION,https://www.fpds.gov/ezsearch/jsp/viewLinkController.jsp?agencyID=7523&PIID=75D30123P17594&modNumber=P00002&idvAgencyID=&idvPIID=&contractType=AWARD,LC PLUS CONSULTING INC,"REGULATORY AND CHEMISTRY, MAUFACTURING AND CONTROL SUPPORT"
2/11/2025,75D30124C20075,Department of Health and Human Services,17935133,14557050,2/13/2025,BLANK REASON FOR MODIFICATION IN FPDS,https://www.fpds.gov/ezsearch/jsp/viewLinkController.jsp?agencyID=7523&PIID=75D30124C20075&modNumber=0&idvAgencyID=&idvPIID=&contractType=AWARD,"OJIBWE HAZARDOUS ABATEMENT, LLC",CONSULTATION & PROFESSIONAL SERVICES
2/12/2025,75D30124F20134,Department of Health and Human Services,3999772,1252329,2/13/2025,BLANK REASON FOR MODIFICATION IN FPDS,https://www.fpds.gov/ezsearch/jsp/viewLinkController.jsp?agencyID=7523&PIID=75D30124F20134&modNumber=0&idvAgencyID=&idvPIID=47QRAA18D001P&contractType=AWARD,DELOITTE CONSULTING LLP,DITA SUPPORT SERVICES
2/12/2025,75D30124F20295,Department of Health and Human Services,520665,0,2/13/2025,BLANK REASON FOR MODIFICATION IN FPDS,https://www.fpds.gov/ezsearch/jsp/viewLinkController.jsp?agencyID=7523&PIID=75D30124F20295&modNumber=0&idvAgencyID=&idvPIID=GS00F312CA&contractType=AWARD,"SAPIENT GOVERNMENT SERVICES, INC.",UNDERSTANDING PROVIDER CONVERSATIONS AROUND COVID-19 VACCINATION
2/12/2025,75D30122F15261,Department of Health and Human Services,13591163,0,2/13/2025,OTHER ADMINISTRATIVE ACTION,https://www.fpds.gov/ezsearch/jsp/viewLinkController.jsp?agencyID=7523&PIID=75D30122F15261&modNumber=P00006&idvAgencyID=&idvPIID=75D30119A04871&contractType=AWARD,DELOITTE CONSULTING LLP,NCIRD REORGANIZATION SUPPORT
2/12/2025,75D30123F17492,Department of Health and Human Services,6264182,0,2/13/2025,EXERCISE AN OPTION,https://www.fpds.gov/ezsearch/jsp/viewLinkController.jsp?agencyID=7523&PIID=75D30123F17492&modNumber=P00002&idvAgencyID=&idvPIID=75D30120A07340&contractType=AWARD,DELOITTE CONSULTING LLP,NCIRD TRANSFORMATION MANAGEMENT SPT SVCS
2/11/2025,75D30124F19817,Department of Health and Human Services,676988,0,2/13/2025,BLANK REASON FOR MODIFICATION IN FPDS,https://www.fpds.gov/ezsearch/jsp/viewLinkController.jsp?agencyID=7523&PIID=75D30124F19817&modNumber=0&idvAgencyID=&idvPIID=75D30120A07341&contractType=AWARD,"ICF INCORPORATED, L.L.C.",PDIB ORGANIZATIONAL EFFECTIVENESS
2/11/2025,75D30124F20237,Department of Health and Human Services,60816,0,2/13/2025,BLANK REASON FOR MODIFICATION IN FPDS,https://www.fpds.gov/ezsearch/jsp/viewLinkController.jsp?agencyID=7523&PIID=75D30124F20237&modNumber=0&idvAgencyID=&idvPIID=75D30124A19661&contractType=AWARD,"CADENCE GROUP ASSOCIATES, INC.",FILE PLAN DEVELOPMENT FOR RECORDS MANAGEMENT WITHIN THE CDC NCHHSTP/DTE.
2/12/2025,75D30122F15512,Department of Health and Human Services,500743,1000,2/13/2025,EXERCISE AN OPTION,https://www.fpds.gov/ezsearch/jsp/viewLinkController.jsp?agencyID=7523&PIID=75D30122F15512&modNumber=P00003&idvAgencyID=&idvPIID=GS10F0401R&contractType=AWARD,"RESOLVE, INC",DEVELOPMENT OF A LEAD-FREE CITIES INITIATIVE AND TOOLKIT
2/14/2025,75D30123C17450,Department of Health and Human Services,198253,0,2/13/2025,BLANK REASON FOR MODIFICATION IN FPDS,https://www.fpds.gov/ezsearch/jsp/viewLinkController.jsp?agencyID=7523&PIID=75D30123C17450&modNumber=0&idvAgencyID=&idvPIID=&contractType=AWARD,"TM3 SOLUTIONS, INC.",DISASTER RELATED RAPIDS NEEDS ASSESSMENT
2/13/2025,47QRAA18D00DH,Department of Health and Human Services,34540000,34540000,2/13/2025,OTHER ADMINISTRATIVE ACTION,https://www.fpds.gov/ezsearch/jsp/viewLinkController.jsp?agencyID=4732&PIID=47QRAA18D00DH&modNumber=PSA888&idvAgencyID=&idvPIID=&contractType=IDV,SOLV LLC,FEDERAL SUPPLY SCHEDULE CONTRACT
2/12/2025,75D30120C07301,Department of Health and Human Services,3456017,514437,2/13/2025,EXERCISE AN OPTION,https://www.fpds.gov/ezsearch/jsp/viewLinkController.jsp?agencyID=7523&PIID=75D30120C07301&modNumber=P00008&idvAgencyID=&idvPIID=&contractType=AWARD,"VISTRA COMMUNICATIONS, LLC",CONTRACT FOR INTERNAL/BUSINESS COMMUNICATION SERVICES
2/11/2025,75D30123C15890,Department of Health and Human Services,1083783,462509,2/13/2025,SUPPLEMENTAL AGREEMENT FOR WORK WITHIN SCOPE,https://www.fpds.gov/ezsearch/jsp/viewLinkController.jsp?agencyID=7523&PIID=75D30123C15890&modNumber=P00004&idvAgencyID=&idvPIID=&contractType=AWARD,"KATMAI RESOURCE MANAGEMENT, LLC",NCIPC PROGRAM SUPPORT
2/12/2025,75D30124C18949,Department of Health and Human Services,436723,221703,2/13/2025,BLANK REASON FOR MODIFICATION IN FPDS,https://www.fpds.gov/ezsearch/jsp/viewLinkController.jsp?agencyID=7523&PIID=75D30124C18949&modNumber=0&idvAgencyID=&idvPIID=&contractType=AWARD,"ASRT, INC.",SHAREPOINT/APPLICATION DEVELOPER
2/13/2025,75D30122P15194,Department of Health and Human Services,48600,12600,2/13/2025,EXERCISE AN OPTION,https://www.fpds.gov/ezsearch/jsp/viewLinkController.jsp?agencyID=7523&PIID=75D30122P15194&modNumber=P00002&idvAgencyID=&idvPIID=&contractType=AWARD,"MOVEMENT RX PHYSICAL THERAPY, P.C.",HALTHIEST NIOSH WELL-BEING EDUCATION
2/13/2025,75D30123P17101,Department of Health and Human Services,100000,0,2/13/2025,BLANK REASON FOR MODIFICATION IN FPDS,https://www.fpds.gov/ezsearch/jsp/viewLinkController.jsp?agencyID=7523&PIID=75D30123P17101&modNumber=0&idvAgencyID=&idvPIID=&contractType=AWARD,"THE VOICE OF YOUR CUSTOMER, LLC",CUSTOMER DISCOVERY INTERVIEWS TO BETTER UNDERSTAND NIOSH AUDIENCES AND MESSAGING
2/11/2025,75D30123C15765,Department of Health and Human Services,352369,188983,2/13/2025,SUPPLEMENTAL AGREEMENT FOR WORK WITHIN SCOPE,https://www.fpds.gov/ezsearch/jsp/viewLinkController.jsp?agencyID=7523&PIID=75D30123C15765&modNumber=P00001&idvAgencyID=&idvPIID=&contractType=AWARD,CHENEGA RELIABLE SERVICES LLC,COVID-19 CASE REPORTING
2/11/2025,75D30120C09569,Department of Health and Human Services,1589602,0,2/13/2025,FUNDING ONLY ACTION,https://www.fpds.gov/ezsearch/jsp/viewLinkController.jsp?agencyID=7523&PIID=75D30120C09569&modNumber=P00008&idvAgencyID=&idvPIID=&contractType=AWARD,"CHENEGA ENTERPRISE SYSTEMS & SOLUTIONS, LLC",ADMINISTRATIVE SUPPORT SERVICES
2/11/2025,75D30124C19113,Department of Health and Human Services,1193504,1001662,2/13/2025,BLANK REASON FOR MODIFICATION IN FPDS,https://www.fpds.gov/ezsearch/jsp/viewLinkController.jsp?agencyID=7523&PIID=75D30124C19113&modNumber=0&idvAgencyID=&idvPIID=&contractType=AWARD,STRATEGIC INNOVATIVE SOLUTIONS LLC,OMS WORKFORCE RELATIONS & CONSULTANT SERVICES
2/12/2025,75D30123F18103,Department of Health and Human Services,926717,475984,2/13/2025,SUPPLEMENTAL AGREEMENT FOR WORK WITHIN SCOPE,https://www.fpds.gov/ezsearch/jsp/viewLinkController.jsp?agencyID=7523&PIID=75D30123F18103&modNumber=P00001&idvAgencyID=&idvPIID=75D30121A10022&contractType=AWARD,GUIDEHOUSE LLP,OCOO SBI COMMUNICATIONS SUPPORT SERVICES
2/12/2025,75D30123F17296,Department of Health and Human Services,2703183,1708999,2/13/2025,EXERCISE AN OPTION,https://www.fpds.gov/ezsearch/jsp/viewLinkController.jsp?agencyID=7523&PIID=75D30123F17296&modNumber=P00002&idvAgencyID=&idvPIID=75D30121A10023&contractType=AWARD,DELOITTE CONSULTING LLP,OA BUDGETARY SUPPORT
2/12/2025,75D30122F14569,Department of Health and Human Services,997972,412852,2/13/2025,EXERCISE AN OPTION,https://www.fpds.gov/ezsearch/jsp/viewLinkController.jsp?agencyID=7523&PIID=75D30122F14569&modNumber=P00003&idvAgencyID=&idvPIID=75D30121A10024&contractType=AWARD,"E.F. KEARNEY, LIMITED",FINANCIAL MANAGEMENT AND BUDGETARY SUPPORT
2/12/2025,75D30122F15040,Department of Health and Human Services,1737971,1062465,2/13/2025,OTHER ADMINISTRATIVE ACTION,https://www.fpds.gov/ezsearch/jsp/viewLinkController.jsp?agencyID=7523&PIID=75D30122F15040&modNumber=P00003&idvAgencyID=&idvPIID=75D30121A10023&contractType=AWARD,DELOITTE CONSULTING LLP,FINANCIAL SUPPORT SERVICES
2/12/2025,75D30123F17790,Department of Health and Human Services,1698545,592794,2/13/2025,EXERCISE AN OPTION,https://www.fpds.gov/ezsearch/jsp/viewLinkController.jsp?agencyID=7523&PIID=75D30123F17790&modNumber=P00001&idvAgencyID=&idvPIID=75D30121A10023&contractType=AWARD,DELOITTE CONSULTING LLP,FINANCIAL MANAGEMENT AND PLANNING SUPPORT
2/12/2025,75D30123C16117,Department of Health and Human Services,9114592,6189209,2/13/2025,SUPPLEMENTAL AGREEMENT FOR WORK WITHIN SCOPE,https://www.fpds.gov/ezsearch/jsp/viewLinkController.jsp?agencyID=7523&PIID=75D30123C16117&modNumber=P00001&idvAgencyID=&idvPIID=&contractType=AWARD,"CHENEGA ENTERPRISE SYSTEMS & SOLUTIONS, LLC",GMS SUPPORT SERVICES
2/12/2025,75D30123C17071,Department of Health and Human Services,5249243,3536264,2/13/2025,SUPPLEMENTAL AGREEMENT FOR WORK WITHIN SCOPE,https://www.fpds.gov/ezsearch/jsp/viewLinkController.jsp?agencyID=7523&PIID=75D30123C17071&modNumber=P00001&idvAgencyID=&idvPIID=&contractType=AWARD,"GOLDBELT PROFESSIONAL SERVICES, LLC",OGS MPA SUPPORT SERVICES
2/12/2025,75D30124F20339,Department of Health and Human Services,240000,0,2/13/2025,OTHER ADMINISTRATIVE ACTION,https://www.fpds.gov/ezsearch/jsp/viewLinkController.jsp?agencyID=7523&PIID=75D30124F20339&modNumber=P00001&idvAgencyID=&idvPIID=75D30121A12815&contractType=AWARD,EASTERN RESEARCH GROUP INC,SOIL VAPOR INTRUSION TOOLBOX
2/12/2025,75D30123F18042,Department of Health and Human Services,249152,0,2/13/2025,SUPPLEMENTAL AGREEMENT FOR WORK WITHIN SCOPE,https://www.fpds.gov/ezsearch/jsp/viewLinkController.jsp?agencyID=7523&PIID=75D30123F18042&modNumber=P00002&idvAgencyID=&idvPIID=75D30121A12815&contractType=AWARD,EASTERN RESEARCH GROUP INC,MEDICAL MANAGEMENT GUIDES UPDATE
2/12/2025,75D30124F20337,Department of Health and Human Services,46761,0,2/13/2025,BLANK REASON FOR MODIFICATION IN FPDS,https://www.fpds.gov/ezsearch/jsp/viewLinkController.jsp?agencyID=7523&PIID=75D30124F20337&modNumber=0&idvAgencyID=&idvPIID=75D30121A12815&contractType=AWARD,EASTERN RESEARCH GROUP INC,ENVIRONMENTAL HEALTH AND LAND REUSE WEBINARS
2/12/2025,75D30123F17568,Department of Health and Human Services,111720,22614,2/13/2025,SUPPLEMENTAL AGREEMENT FOR WORK WITHIN SCOPE,https://www.fpds.gov/ezsearch/jsp/viewLinkController.jsp?agencyID=7523&PIID=75D30123F17568&modNumber=P00001&idvAgencyID=&idvPIID=75D30121A12815&contractType=AWARD,EASTERN RESEARCH GROUP INC,HEALTH EFFECTS CHART WEBINARS
2/12/2025,75D30123F17996,Department of Health and Human Services,244191,0,2/13/2025,SUPPLEMENTAL AGREEMENT FOR WORK WITHIN SCOPE,https://www.fpds.gov/ezsearch/jsp/viewLinkController.jsp?agencyID=7523&PIID=75D30123F17996&modNumber=P00002&idvAgencyID=&idvPIID=75D30121A12815&contractType=AWARD,EASTERN RESEARCH GROUP INC,COMMERCIAL LAUNDROMAT SHOWER MODEL
2/12/2025,75D30124F19135,Department of Health and Human Services,106999,0,2/13/2025,OTHER ADMINISTRATIVE ACTION,https://www.fpds.gov/ezsearch/jsp/viewLinkController.jsp?agencyID=7523&PIID=75D30124F19135&modNumber=P00001&idvAgencyID=&idvPIID=75D30123A17950&contractType=AWARD,ABT GLOBAL LLC,TOX DASHBOARD MAINTENANCE AND ENHANCEMENTS
1/22/2025,75P00123P00067,Department of Health and Human Services,6529605,3652830,2/13/2025,EXERCISE AN OPTION,https://www.fpds.gov/ezsearch/jsp/viewLinkController.jsp?agencyID=7570&PIID=75P00123P00067&modNumber=P00005&idvAgencyID=&idvPIID=&contractType=AWARD,"TIMOTHY J LONDAGIN, LLC","DIVERSITY, EQUITY, INCLUSION & ACCESSIBILITY CONTRACT"
1/23/2025,75P00123C00042,Department of Health and Human Services,2031994,600005,2/13/2025,FUNDING ONLY ACTION,https://www.fpds.gov/ezsearch/jsp/viewLinkController.jsp?agencyID=7570&PIID=75P00123C00042&modNumber=P00002&idvAgencyID=&idvPIID=&contractType=AWARD,ILLUMEN GROUP INC,DATA ANALYSIS AND REPORTING SUPPORT
2/12/2025,75D30122P13197,Department of Health and Human Services,224451,93779,2/13/2025,EXERCISE AN OPTION,https://www.fpds.gov/ezsearch/jsp/viewLinkController.jsp?agencyID=7523&PIID=75D30122P13197&modNumber=P00002&idvAgencyID=&idvPIID=&contractType=AWARD,4ES CORPORATION,WRITER AND EDITOR SERVICES
2/13/2025,75D30123C16323,Department of Health and Human Services,3848892,1896418,2/13/2025,OTHER ADMINISTRATIVE ACTION,https://www.fpds.gov/ezsearch/jsp/viewLinkController.jsp?agencyID=7523&PIID=75D30123C16323&modNumber=P00004&idvAgencyID=&idvPIID=&contractType=AWARD,BEVERA SOLUTIONS LLC,TECH AND ADMIN SUPPORT
2/11/2025,75D30122C14725,Department of Health and Human Services,874474,366218,2/13/2025,EXERCISE AN OPTION,https://www.fpds.gov/ezsearch/jsp/viewLinkController.jsp?agencyID=7523&PIID=75D30122C14725&modNumber=P00002&idvAgencyID=&idvPIID=&contractType=AWARD,"CHENEGA ENTERPRISE SYSTEMS & SOLUTIONS, LLC",OHSO BUDGET SUPPORT SERVICES
2/11/2025,75D30123C16062,Department of Health and Human Services,978140,609985,2/13/2025,EXERCISE AN OPTION,https://www.fpds.gov/ezsearch/jsp/viewLinkController.jsp?agencyID=7523&PIID=75D30123C16062&modNumber=P00001&idvAgencyID=&idvPIID=&contractType=AWARD,"CHENEGA ENTERPRISE SYSTEMS & SOLUTIONS, LLC",OCC SAFETY MANAGER
2/11/2025,75D30123P17725,Department of Health and Human Services,22568,4403,2/13/2025,EXERCISE AN OPTION,https://www.fpds.gov/ezsearch/jsp/viewLinkController.jsp?agencyID=7523&PIID=75D30123P17725&modNumber=P00001&idvAgencyID=&idvPIID=&contractType=AWARD,PERRY JOHNSON REGISTRARS INC,OHSO ISO CERTIFICATION - PJR
2/11/2025,HHSD2002015M88163B,Department of Health and Human Services,0,0,2/13/2025,EXERCISE AN OPTION,https://www.fpds.gov/ezsearch/jsp/viewLinkController.jsp?agencyID=7523&PIID=HHSD2002015M88163B&modNumber=8&idvAgencyID=&idvPIID=&contractType=IDV,SENSIS INC.,IGF::OT::IGF FOR OTHER FUNCTIONS HEALTH MARKETING SERVICES BPA
2/11/2025,75D30122P13127,Department of Health and Human Services,112260,25306,2/13/2025,EXERCISE AN OPTION,https://www.fpds.gov/ezsearch/jsp/viewLinkController.jsp?agencyID=7523&PIID=75D30122P13127&modNumber=P00004&idvAgencyID=&idvPIID=&contractType=AWARD,"DATAWORKS DEVELOPMENT, INC",CCP-21AS AND CCP-UAS - CUSTOMER CARE PROGRAM
1/22/2025,70RDA224FR0000065,Department of Homeland Security,2761383,1747269,1/28/2025,TERMINATE FOR CONVENIENCE (COMPLETE OR PARTIAL),https://www.fpds.gov/ezsearch/jsp/viewLinkController.jsp?agencyID=7001&PIID=70RDA224FR0000065&modNumber=P00001&idvAgencyID=&idvPIID=GS07F135BA&contractType=AWARD,ECU COMMUNICATIONS LLC,NEW GSA FSS ORDER WITH DHS/OPE FOR SEESAY (S4) CAMPAIGN SUPPORT
1/22/2025,70RDAD22FR0000139,Department of Homeland Security,15882719,2378156,1/28/2025,TERMINATE FOR CONVENIENCE (COMPLETE OR PARTIAL),https://www.fpds.gov/ezsearch/jsp/viewLinkController.jsp?agencyID=7001&PIID=70RDAD22FR0000139&modNumber=P00008&idvAgencyID=&idvPIID=GS07F180AA&contractType=AWARD,THE DISTRICT COMMUNICATIONS GROUP LLC,CP3 STRATEGIC COMMUNICATIONS SUPPORT
1/28/2025,70CMSD22A00000008,Department of Homeland Security,8000000,8000000,1/28/2025,TERMINATE FOR CONVENIENCE (COMPLETE OR PARTIAL),https://www.fpds.gov/ezsearch/jsp/viewLinkController.jsp?agencyID=7012&PIID=70CMSD22A00000008&modNumber=0&transactionNumber=&idvAgencyID=4732&idvPIID=GS00F131DA&actionSource=searchScreen&actionCode=&documentVersion=1.5&contractType=IDV&docType=E%27,D&G SUPPORT SERVICES LLC,PROGRAM AND TECHNICAL SUPPORT SERVICES FOR OFFICE OF DIVERSITY AND CIVIL RIGHTS (ODCR)
1/29/2025,70CMSD22A00000007,Department of Homeland Security,2960000,2960000,1/30/2025,TERMINATE FOR CONVENIENCE (COMPLETE OR PARTIAL),https://www.fpds.gov/ezsearch/jsp/viewLinkController.jsp?agencyID=7012&PIID=70CMSD22A00000007&modNumber=P00003&idvAgencyID=&idvPIID=GS02F108BA&contractType=IDV,MIND YOUR BUSINESS INC,"EQUAL EMPLOYMENT OPPORTUNITY (EEO) SUPPORT SERVICES, IN SUPPORT OF THE OFFICE OF DIVERSITY AND CIVIL RIGHTS (ODCR)"
1/29/2025,70CMSD24FC0000003,Department of Homeland Security,1674009,0,1/30/2025,TERMINATE FOR CONVENIENCE (COMPLETE OR PARTIAL),https://www.fpds.gov/ezsearch/jsp/viewLinkController.jsp?agencyID=7012&PIID=70CMSD24FC0000003&modNumber=P00003&idvAgencyID=&idvPIID=70CMSD22A00000008&contractType=AWARD,D&G SUPPORT SERVICES LLC,PROGRAM AND TECHNICAL SUPPORT SERVICES FOR OFFICE OF DIVERSITY AND CIVIL RIGHTS (ODCR)
1/24/2025,70RDAD22FR0000133,Department of Homeland Security,11050476,6893452,1/30/2025,TERMINATE FOR CONVENIENCE (COMPLETE OR PARTIAL),https://www.fpds.gov/ezsearch/jsp/viewLinkController.jsp?agencyID=7001&PIID=70RDAD22FR0000133&modNumber=P00005&idvAgencyID=&idvPIID=GS02Q16DCR0101&contractType=AWARD,"PERFORMANCE EXCELLENCE PARTNERS, LLC","INTELLIGENCE AND CYBERSECURITY DIVERSITY FELLOWSHIP (ICDF) IS DESIGNED TO HELP DHS MEET CURRENT AND FUTURE MISSION DRIVEN WORKFORCE NEEDS IN SCIENCE, TECHNOLOGY, ENGINEERING, AND MATHEMATICS (STEM) FIELDS BY CREATING A PIPELINE OF HIGHLY QUALIFIED TA"
1/22/2025,70SBUR24F00000297,Department of Homeland Security,36126,24084,1/30/2025,TERMINATE FOR CONVENIENCE (COMPLETE OR PARTIAL),https://www.fpds.gov/ezsearch/jsp/viewLinkController.jsp?agencyID=7003&PIID=70SBUR24F00000297&modNumber=P00001&idvAgencyID=&idvPIID=47QREA18D000Y&contractType=AWARD,"MANAGEMENT CONCEPTS, INC","DIVERSITY, EQUITY, INCLUSION AND ACCESSIBILITY TRAINING FOR LEADERSHIP AND SUPERVISORS WHO MANAGE TEAMS."
1/29/2025,70RDAD23FC0000062,Department of Homeland Security,455078,194196,2/3/2025,TERMINATE FOR CONVENIENCE (COMPLETE OR PARTIAL),https://www.fpds.gov/ezsearch/jsp/viewLinkController.jsp?agencyID=7001&PIID=70RDAD23FC0000062&modNumber=P00007&idvAgencyID=&idvPIID=70RDAD23A00000004&contractType=AWARD,"OPTIMAL SOLUTIONS GROUP, L.L.C",THIS IS A BPA CALL AGAINST THE PROGRAM ANALYSIS AND EVALUATION (PA&E) BLANKET PURCHASE AGREEMENT (BPA) REGARDING THE CITIZENSHIP AND INTEGRATION GRANT PROGRAM (CIGP) EVALUATION EFFORT.
1/28/2025,70RDAD23A00000002,Department of Homeland Security,30000000,30000000,2/3/2025,TERMINATE FOR CONVENIENCE (COMPLETE OR PARTIAL),https://www.fpds.gov/ezsearch/jsp/viewLinkController.jsp?agencyID=7001&PIID=70RDAD23A00000002&modNumber=P00004&idvAgencyID=&idvPIID=GS00F346CA&contractType=IDV,"FI CONSULTING, INC.","OCFO, PA&E EVALUATION SERVICES  MULTIPLE AWARD, BLANKET PURCHASE AGREEMENT"
1/28/2025,70RDAD23A00000001,Department of Homeland Security,30000000,30000000,2/3/2025,TERMINATE FOR CONVENIENCE (COMPLETE OR PARTIAL),https://www.fpds.gov/ezsearch/jsp/viewLinkController.jsp?agencyID=7001&PIID=70RDAD23A00000001&modNumber=P00004&idvAgencyID=&idvPIID=GS00F101CA&contractType=IDV,"ECONOMETRICA, INC.","OCFO, PA&E EVALUATION SERVICES  MULTIPLE AWARD, BLANKET PURCHASE AGREEMENT"
1/28/2025,70RDAD23A00000004,Department of Homeland Security,30000000,30000000,2/3/2025,TERMINATE FOR CONVENIENCE (COMPLETE OR PARTIAL),https://www.fpds.gov/ezsearch/jsp/viewLinkController.jsp?agencyID=7001&PIID=70RDAD23A00000004&modNumber=P00004&idvAgencyID=&idvPIID=47QRAA18D00GN&contractType=IDV,"OPTIMAL SOLUTIONS GROUP, L.L.C","OCFO, PA&E EVALUATION SERVICES  MULTIPLE AWARD, BLANKET PURCHASE AGREEMENT"
1/28/2025,70RDAD23FC0000023,Department of Homeland Security,2354043,494787,2/3/2025,TERMINATE FOR CONVENIENCE (COMPLETE OR PARTIAL),https://www.fpds.gov/ezsearch/jsp/viewLinkController.jsp?agencyID=7001&PIID=70RDAD23FC0000023&modNumber=P00006&idvAgencyID=&idvPIID=70RDAD23A00000003&contractType=AWARD,THE MANHATTAN STRATEGY GROUP LLC,PROGRAM ANALYSIS & EVALUATION (PA&E) SUPPORT SERVICES MULTI-AWARD BLANKET PURCHASE AGREEMENT (BPA).
1/28/2025,70RDAD23A00000003,Department of Homeland Security,30000000,30000000,2/3/2025,TERMINATE FOR CONVENIENCE (COMPLETE OR PARTIAL),https://www.fpds.gov/ezsearch/jsp/viewLinkController.jsp?agencyID=7001&PIID=70RDAD23A00000003&modNumber=P00004&idvAgencyID=&idvPIID=47QTCA18D00KV&contractType=IDV,THE MANHATTAN STRATEGY GROUP LLC,"OCFO, PA&E EVALUATION SERVICES  MULTIPLE AWARD, BLANKET PURCHASE AGREEMENT"
1/23/2025,70T05024F5000N001,Department of Homeland Security,765965,452188,2/3/2025,TERMINATE FOR CONVENIENCE (COMPLETE OR PARTIAL),https://www.fpds.gov/ezsearch/jsp/viewLinkController.jsp?agencyID=7013&PIID=70T05024F5000N001&modNumber=P00002&idvAgencyID=&idvPIID=GS35F013CA&contractType=AWARD,"FEDERAL MANAGEMENT PARTNERS, LLC",CLIMATE SURVEY SUPPORT SERVICES
1/22/2025,70RDA124FC0000067,Department of Homeland Security,1428854,5090,2/3/2025,TERMINATE FOR CONVENIENCE (COMPLETE OR PARTIAL),https://www.fpds.gov/ezsearch/jsp/viewLinkController.jsp?agencyID=7001&PIID=70RDA124FC0000067&modNumber=P00004&idvAgencyID=&idvPIID=70RDAD20A00000011&contractType=AWARD,"AECOM TECHNICAL SERVICES, INC.","EXPLANATION OF REQUEST/REQUIREMENT: THE SUSTAINABILITY AND ENVIRONMENTAL PROGRAMS OFFICE, ENVIRONMENTAL PLANNING AND HISTORIC PRESERVATION PROGRAM REQUIRES A COMPREHENSIVE AND EFFICIENT CONTRACTING VEHICLE FOR OBTAINING POLICY RELATED CONSULTING AND"
2/6/2025,70RDAD20A00000011,Department of Homeland Security,0,0,2/6/2025,TERMINATE FOR CONVENIENCE (COMPLETE OR PARTIAL),https://www.fpds.gov/ezsearch/jsp/viewLinkController.jsp?agencyID=7001&PIID=70RDAD20A00000011&modNumber=P00010&idvAgencyID=&idvPIID=GS00F188CA&contractType=IDV,"AECOM TECHNICAL SERVICES, INC.",SUSTAINABILITY AND ENVIRONMENTAL SUPPORT SERVICES
2/5/2025,70FBR324F00000014,Department of Homeland Security,7470,0,2/6/2025,TERMINATE FOR CONVENIENCE (COMPLETE OR PARTIAL),https://www.fpds.gov/ezsearch/jsp/viewLinkController.jsp?agencyID=7022&PIID=70FBR324F00000014&modNumber=P00002&idvAgencyID=&idvPIID=03310319D0071&contractType=AWARD,"POLITICO, LLC",ANNUAL POLITICO PRO SUBSCRIPTION
2/5/2025,70B04C22P00000336,Department of Homeland Security,227667,109100,2/6/2025,TERMINATE FOR CONVENIENCE (COMPLETE OR PARTIAL),https://www.fpds.gov/ezsearch/jsp/viewLinkController.jsp?agencyID=7014&PIID=70B04C22P00000336&modNumber=P00003&idvAgencyID=&idvPIID=&contractType=AWARD,"POLITICO, LLC",THIS IS FOR THE PURCHASE OF ACCESS TO THE POLITICO PRO INFORMATION DATABASE.
2/5/2025,70RCSJ23FR0000005,Department of Homeland Security,298575,0,2/6/2025,TERMINATE FOR CONVENIENCE (COMPLETE OR PARTIAL),https://www.fpds.gov/ezsearch/jsp/viewLinkController.jsp?agencyID=7001&PIID=70RCSJ23FR0000005&modNumber=P00004&idvAgencyID=&idvPIID=03310319D0071&contractType=AWARD,"POLITICO, LLC",POLITICOPRO SUBSCRIPTION SERVICES IN SUPPORT OF CYBERSECURITY & INFRASTRUCTURE SECURITY AGENCY (CISA).
2/5/2025,70T05024F5500N001,Department of Homeland Security,39000,0,2/7/2025,TERMINATE FOR CONVENIENCE (COMPLETE OR PARTIAL),https://www.fpds.gov/ezsearch/jsp/viewLinkController.jsp?agencyID=7013&PIID=70T05024F5500N001&modNumber=P00001&idvAgencyID=&idvPIID=03310323D0056&contractType=AWARD,"POLITICO, LLC",POLITICO ONLINE SUBSCRIPTIONS
2/6/2025,70FA4022F00000369,Department of Homeland Security,3947502,1637708,2/7/2025,TERMINATE FOR CONVENIENCE (COMPLETE OR PARTIAL),https://www.fpds.gov/ezsearch/jsp/viewLinkController.jsp?agencyID=7022&PIID=70FA4022F00000369&modNumber=P00004&idvAgencyID=&idvPIID=70FA4022A00000009&contractType=AWARD,"TCS INTERPRETING, INC.",THE SERVICE OBJECTIVE OF THIS CALL ORDER IS TO PROCURE AMERICAN SIGN LANGUAGE (ASL) INTERPRETATION SERVICES THAT MEET THE OBJECTIVES IN THE BELOW PERFORMANCE WORK STATEMENT (PWS).  THIS BPA CALL ORDER FOR ASL SUPPORT SERVICES FOR THE OFFICE OF EQUAL
2/6/2025,70FA4022C00000009,Department of Homeland Security,3269725,1355775,2/7/2025,TERMINATE FOR CONVENIENCE (COMPLETE OR PARTIAL),https://www.fpds.gov/ezsearch/jsp/viewLinkController.jsp?agencyID=7022&PIID=70FA4022C00000009&modNumber=P00004&idvAgencyID=&idvPIID=&contractType=AWARD,"MONTAGE MARKETING GROUP, LLC",OFFICE OF EQUAL RIGHTS ORGANIZATIONAL HEALTH ASSESSMENT SUPPORT SERVICES
2/6/2025,70FA4022F00000379,Department of Homeland Security,993523,409255,2/7/2025,TERMINATE FOR CONVENIENCE (COMPLETE OR PARTIAL),https://www.fpds.gov/ezsearch/jsp/viewLinkController.jsp?agencyID=7022&PIID=70FA4022F00000379&modNumber=P00004&idvAgencyID=&idvPIID=70FA4022A00000009&contractType=AWARD,"TCS INTERPRETING, INC.",THE SERVICE OBJECTIVE OF THIS CALL ORDER IS TO PROCURE COMMUNICATION ACCESS REAL-TIME (CART) TRANSLATION SERVICES THAT MEET THE OBJECTIVES IN THE BELOW PERFORMANCE WORK STATEMENT (PWS).  THIS BPA CALL  ORDER FOR CART SERVICES FOR THE OFFICE OF EQUAL
2/10/2025,70RDAD23FC0000099,Department of Homeland Security,779734,0,2/11/2025,TERMINATE FOR CONVENIENCE (COMPLETE OR PARTIAL),https://www.fpds.gov/ezsearch/jsp/viewLinkController.jsp?agencyID=7001&PIID=70RDAD23FC0000099&modNumber=P00006&idvAgencyID=&idvPIID=70RDAD23A00000003&contractType=AWARD,THE MANHATTAN STRATEGY GROUP LLC,"DHS, FEMA FLOOD MITIGATION ASSISTANCE (FMA) SWIFT CURRENT INITIATIVE EVALUATION"
2/10/2025,70RDAD23FC0000087,Department of Homeland Security,761657,204634,2/11/2025,TERMINATE FOR CONVENIENCE (COMPLETE OR PARTIAL),https://www.fpds.gov/ezsearch/jsp/viewLinkController.jsp?agencyID=7001&PIID=70RDAD23FC0000087&modNumber=P00006&idvAgencyID=&idvPIID=70RDAD23A00000003&contractType=AWARD,THE MANHATTAN STRATEGY GROUP LLC,"DHS, CRCL CASE MANAGEMENT PILOT PROGRAM (CMPP) EVALUATION"
,70RSAT23FR0000139,Department of Homeland Security,7496834,5426382,2/12/2025,TERMINATE FOR CONVENIENCE (COMPLETE OR PARTIAL),https://www.fpds.gov/ezsearch/jsp/viewLinkController.jsp?agencyID=7001&PIID=70RSAT23FR0000139&modNumber=P00002&idvAgencyID=&idvPIID=GS02Q16DCR0109&contractType=AWARD,"THE MILLENNIUM GROUP INTERNATIONAL, LLC","DIVERSITY, EQUITY, INCLUSION AND ACCESSIBILITY (DEIA) PROFESSIONAL SUPPORT SERVICES"
2/11/2025,70RDA124FC0000073,Department of Homeland Security,405986,0,2/12/2025,TERMINATE FOR CONVENIENCE (COMPLETE OR PARTIAL),https://www.fpds.gov/ezsearch/jsp/viewLinkController.jsp?agencyID=7001&PIID=70RDA124FC0000073&modNumber=P00001&idvAgencyID=&idvPIID=70RDAD20A00000011&contractType=AWARD,"AECOM TECHNICAL SERVICES, INC.","RESILIENCE, ENERGY, AND SUSTAINABILITY MANAGEMENT (RESM) PROGRAM SUPPORT SERVICES"
1/23/2025,70SBUR24P00000053,Department of Homeland Security,192500,0,2/12/2025,TERMINATE FOR CONVENIENCE (COMPLETE OR PARTIAL),https://www.fpds.gov/ezsearch/jsp/viewLinkController.jsp?agencyID=7003&PIID=70SBUR24P00000053&modNumber=P00002&idvAgencyID=&idvPIID=&contractType=AWARD,RUSHFORD & ASSOCIATES LLC,"RAIO VOICE FOR DIVERSITY, EQUITY, INCLUSION, ACCESSIBILITY, AND BELONGING TRAINING"
2/7/2025,70RCSJ24FR0000043,Department of Homeland Security,2584102,1326465,2/12/2025,TERMINATE FOR CONVENIENCE (COMPLETE OR PARTIAL),https://www.fpds.gov/ezsearch/jsp/viewLinkController.jsp?agencyID=7001&PIID=70RCSJ24FR0000043&modNumber=P00002&idvAgencyID=&idvPIID=70RSAT22D00000001&contractType=AWARD,THE RAND CORPORATION,NATIONAL CRITICAL FUNCTION CLIMATE CHANGE IN ACCORDANCE WITH E.O. 14008.
1/29/2025,70CTD023FR0000057,Department of Homeland Security,263743,135765,2/4/2025,OTHER ADMINISTRATIVE ACTION,https://www.fpds.gov/ezsearch/jsp/viewLinkController.jsp?agencyID=7012&PIID=70CTD023FR0000057&modNumber=P00005&idvAgencyID=&idvPIID=47QREB19D0019&contractType=AWARD,"TADE GROUP, LLC","DIVERSITY, EQUITY, INCLUSION, AND ACCESSIBILITY (DEIA), PRE-RETIREMENT, AND TEAM BUILDING TRAINING FOR FEDERAL EMPLOYEES FOR THE OCIO WORKFORCE MANAGEMENT BRANCH (WMB)"
2/4/2025,70CMSD23FC0000003,Department of Homeland Security,1627377,0,2/5/2025,CLOSE OUT,https://www.fpds.gov/ezsearch/jsp/viewLinkController.jsp?agencyID=7012&PIID=70CMSD23FC0000003&modNumber=P00002&idvAgencyID=&idvPIID=70CMSD22A00000008&contractType=AWARD,D&G SUPPORT SERVICES LLC,PROGRAM AND TECHNICAL SUPPORT SERVICES FOR OFFICE OF DIVERSITY AND CIVIL RIGHTS (ODCR)
1/27/2025,70SBUR24P00000019,Department of Homeland Security,103575,69050,2/6/2025,CLOSE OUT,https://www.fpds.gov/ezsearch/jsp/viewLinkController.jsp?agencyID=7003&PIID=70SBUR24P00000019&modNumber=P00002&idvAgencyID=&idvPIID=&contractType=AWARD,BLANCHARD TRAINING & DEVELOPMENT INC,"VIRTUAL AND IN PERSON, DIVERSITY, INCLUSION,EQUITY AND ACCESSIBILTY TRAINING TO POLICY & STRATEGY STAFF"
2/2/2025,70FBR924P00000002,Department of Homeland Security,161999,0,2/6/2025,CLOSE OUT,https://www.fpds.gov/ezsearch/jsp/viewLinkController.jsp?agencyID=7022&PIID=70FBR924P00000002&modNumber=P00011&idvAgencyID=&idvPIID=&contractType=AWARD,"MO'OLELO GROUP LLC, THE",THE PURPOSE OF THIS ACTION IS TO CREATE AND PROVIDE CULTURAL AWARENESS TRAINING TO FEMA STAFF IN SUPPORT OF THE MAUI WILDFIRES DR-4724-HI.
,70SBUR24F00000037,Department of Homeland Security,5950867,5113887,2/12/2025,EXERCISE AN OPTION,https://www.fpds.gov/ezsearch/jsp/viewLinkController.jsp?agencyID=7003&PIID=70SBUR24F00000037&modNumber=P00004&idvAgencyID=&idvPIID=47QREA19D0010&contractType=AWARD,"CROSSROADS MEDIATION SERVICES, INC","USCIS OFFICE OF EQUAL OPPORTUNITY AND INCLUSION (OEOI), CONFLICT RESOLUTION DIVISION (CRD) EEO INVESTIGATION AND COUNSELING SERVICES CONTRACT"
,70B06C23F00000248,Department of Homeland Security,965072,482536,2/12/2025,EXERCISE AN OPTION,https://www.fpds.gov/ezsearch/jsp/viewLinkController.jsp?agencyID=7014&PIID=70B06C23F00000248&modNumber=P00001&idvAgencyID=&idvPIID=47QTCB22D0402&contractType=AWARD,PINNACLE FEDERAL ADVISORY LLC,CBP OFFICE OF TRADE PERFORMANCE MANAGEMENT (PM) EVALUATION CONSISTENCY ACCOUNTABILITY TRANSPARENCY (E-CAT) SUSTAINABILITY SUPPORT SERVICES
,70CMSW24FR0000034,Department of Homeland Security,1407824,0,2/12/2025,BLANK REASON FOR MODIFICATION IN FPDS,https://www.fpds.gov/ezsearch/jsp/viewLinkController.jsp?agencyID=7012&PIID=70CMSW24FR0000034&modNumber=0&idvAgencyID=&idvPIID=47QRAA18D00DH&contractType=AWARD,SOLV LLC,ENERGY AND SUSTAINABILITY AND ENVIRONMENTAL SERVICES FOR THE OFFICE OF ASSET AND FACILITIES MANAGEMENT (OAFM)
,70FA6023F00000015,Department of Homeland Security,8939381,2716076,2/12/2025,OTHER ADMINISTRATIVE ACTION,https://www.fpds.gov/ezsearch/jsp/viewLinkController.jsp?agencyID=7022&PIID=70FA6023F00000015&modNumber=P00004&idvAgencyID=&idvPIID=70FA4021A00000023&contractType=AWARD,STRATEGIC RESOLUTION EXPERTS INC,CLIMATE RESILIENCE SUPPORT SERVICES
,70RDAD22FC0000077,Department of Homeland Security,336871,0,2/12/2025,FUNDING ONLY ACTION,https://www.fpds.gov/ezsearch/jsp/viewLinkController.jsp?agencyID=7001&PIID=70RDAD22FC0000077&modNumber=P00006&idvAgencyID=&idvPIID=70RDAD20A00000011&contractType=AWARD,"AECOM TECHNICAL SERVICES, INC.",DEVELOPMENT OF CLIMATE CHANGE ON-LINE TRAINING
,70RTAC24FC0000012,Department of Homeland Security,4402765,2686145,2/12/2025,SUPPLEMENTAL AGREEMENT FOR WORK WITHIN SCOPE,https://www.fpds.gov/ezsearch/jsp/viewLinkController.jsp?agencyID=7001&PIID=70RTAC24FC0000012&modNumber=P00004&idvAgencyID=&idvPIID=70RTAC20A00000003&contractType=AWARD,"CACI NSS, LLC","THE PURPOSE OF THIS PR IS TO ESTABLISH A NEW CALL ORDER UNDER THE DSS 2.0 BPA FOR OCIO COMMUNICATIONS SUPPORT, WITH A TOTAL VALUE OF $3,988,213.08, AND INCREMENTALLY FUND BASE PERIOD SUPPORT. A.ESTABLISH CLIN 0001 (BASE LABOR) WITH A TOTAL VALUE OF"
2/7/2025,86614822C00010,Department of Housing and Urban Development,2264147,936315,2/11/2025,TERMINATE FOR CONVENIENCE (COMPLETE OR PARTIAL),https://www.fpds.gov/ezsearch/jsp/viewLinkController.jsp?agencyID=8600&PIID=86614822C00010&modNumber=P00005&idvAgencyID=&idvPIID=&contractType=AWARD,FRANKLIN COVEY CLIENT SALES INC,TRAINING MATERIALS FRANKLINCOVEY ALL ACCESS PASS & FRANKLINCOVEY TRAINING CONSULTANT DAYS
2/10/2025,86614824P00001,Department of Housing and Urban Development,173992,139194,2/11/2025,TERMINATE FOR CONVENIENCE (COMPLETE OR PARTIAL),https://www.fpds.gov/ezsearch/jsp/viewLinkController.jsp?agencyID=8600&PIID=86614824P00001&modNumber=P00002&idvAgencyID=&idvPIID=&contractType=AWARD,CARAHSOFT TECHNOLOGY CORP,"407 USER LICENSING AGREEMENTS GRANTING ACCESS TO OVER 15,000 DIGITAL COURSES ACROSS ALL ONLINE LEARNING PLATFORMS, THIS PLATFORM SERVES AS THE IDEAL EDUCATIONAL SETTING."
2/10/2025,86615624C00011,Department of Housing and Urban Development,3795086,3087377,2/11/2025,TERMINATE FOR CONVENIENCE (COMPLETE OR PARTIAL),https://www.fpds.gov/ezsearch/jsp/viewLinkController.jsp?agencyID=8600&PIID=86615624C00011&modNumber=P00001&idvAgencyID=&idvPIID=&contractType=AWARD,BCT PARTNERS LLC,ON-LINE ELECTRONIC POLICY PLATFORM
2/10/2025,86615719C00006,Department of Housing and Urban Development,8992469,0,2/11/2025,TERMINATE FOR CONVENIENCE (COMPLETE OR PARTIAL),https://www.fpds.gov/ezsearch/jsp/viewLinkController.jsp?agencyID=8600&PIID=86615719C00006&modNumber=P00019&idvAgencyID=&idvPIID=&contractType=AWARD,SEBA PROFESSIONAL SERVICES LLC,POST CLOSING PORTFOLIO MANAGEMENT (PCPM) SUPPORT SERVICES.
2/10/2025,86615622C00010,Department of Housing and Urban Development,6820551,2749018,2/11/2025,TERMINATE FOR CONVENIENCE (COMPLETE OR PARTIAL),https://www.fpds.gov/ezsearch/jsp/viewLinkController.jsp?agencyID=8600&PIID=86615622C00010&modNumber=P00009&idvAgencyID=&idvPIID=&contractType=AWARD,RED CARROT INC,"AWARENESS, COMMUNICATION, EDUCATION, AND VISIBILITY"
2/10/2025,86615724C00025,Department of Housing and Urban Development,4213139,3403550,2/11/2025,TERMINATE FOR CONVENIENCE (COMPLETE OR PARTIAL),https://www.fpds.gov/ezsearch/jsp/viewLinkController.jsp?agencyID=8600&PIID=86615724C00025&modNumber=P00001&idvAgencyID=&idvPIID=&contractType=AWARD,2NDWAVE LLC,"SUPPORT TO PROVIDE STANDARD OPERATING PROCEDURES, ROUTINE, AND AD HOC TASKS WITHIN FAB TO ENSURE ALL PROCESSES ARE DOCUMENTED AND PROVIDE CONSISTENT, REPEATABLE, AND EFFICIENT PERFORMANCE ACROSS THE PROGRAM."
2/10/2025,86615721C00005,Department of Housing and Urban Development,1550384,984016,2/11/2025,TERMINATE FOR CONVENIENCE (COMPLETE OR PARTIAL),https://www.fpds.gov/ezsearch/jsp/viewLinkController.jsp?agencyID=8600&PIID=86615721C00005&modNumber=P00007&idvAgencyID=&idvPIID=&contractType=AWARD,SRI CONSULTING SERVICES LLC,HUD HANDBOOK 4350.1
1/30/2025,86615124C00006,Department of Housing and Urban Development,1973575,887127,2/11/2025,OTHER ADMINISTRATIVE ACTION,https://www.fpds.gov/ezsearch/jsp/viewLinkController.jsp?agencyID=8600&PIID=86615124C00006&modNumber=P00001&idvAgencyID=&idvPIID=&contractType=AWARD,"MMC INVESTMENTS I, LLC",OCPO SEEKS THE ASSISTANCE OF THE CONTRACTOR TO SUPPORT A STRATEGIC ORGANIZATIONAL ASSESSMENT AND WORKFORCE PLANNING PROJECT TO PROVIDE RECOMMENDATIONS TO SUPPORT NEXT STEPS FOR A FORWARD-LOOKING VISION FOR THE OCPO.
2/6/2025,86614324P00002,Department of Housing and Urban Development,82500,49500,2/11/2025,EXERCISE AN OPTION,https://www.fpds.gov/ezsearch/jsp/viewLinkController.jsp?agencyID=8600&PIID=86614324P00002&modNumber=P00001&idvAgencyID=&idvPIID=&contractType=AWARD,PARTNERSHIP FOR PUBLIC SERVICE INC,FEDERAL HUMAN CAPITAL COLLABORATIVE MEMBERSHIPS
2/6/2025,86614324F00051,Department of Housing and Urban Development,348360,0,2/11/2025,BLANK REASON FOR MODIFICATION IN FPDS,https://www.fpds.gov/ezsearch/jsp/viewLinkController.jsp?agencyID=8600&PIID=86614324F00051&modNumber=0&idvAgencyID=&idvPIID=86614324A00007&contractType=AWARD,THE ARBINGER COMPANY,OUTWARD MINDSET TM TRAINING SERVICES FOR HUD STAFF ENTERPRISE WIDE
2/6/2025,86614323C00001,Department of Housing and Urban Development,702501,0,2/11/2025,EXERCISE AN OPTION,https://www.fpds.gov/ezsearch/jsp/viewLinkController.jsp?agencyID=8600&PIID=86614323C00001&modNumber=P00003&idvAgencyID=&idvPIID=&contractType=AWARD,NATIVE AMERICAN INDUSTRIAL SOLUTIONS LLC,ORGANIZATIONAL CULTURE
2/6/2025,86614324F00040,Department of Housing and Urban Development,161055,0,2/11/2025,BLANK REASON FOR MODIFICATION IN FPDS,https://www.fpds.gov/ezsearch/jsp/viewLinkController.jsp?agencyID=8600&PIID=86614324F00040&modNumber=0&idvAgencyID=&idvPIID=03310324D0001&contractType=AWARD,"GARTNER, INC.",ENTERPRISE-WIDE SOLUTION FOR RESEARCH SUBSCRIPTION SERVICES RENEWAL
2/6/2025,86614324P00024,Department of Housing and Urban Development,1648486,1337986,2/11/2025,BLANK REASON FOR MODIFICATION IN FPDS,https://www.fpds.gov/ezsearch/jsp/viewLinkController.jsp?agencyID=8600&PIID=86614324P00024&modNumber=0&idvAgencyID=&idvPIID=&contractType=AWARD,"BETTERUP, INC.",BETTERUP LEADERSHIP LICENSES
2/6/2025,86615124F00018,Department of Housing and Urban Development,1532430,694235,2/11/2025,OTHER ADMINISTRATIVE ACTION,https://www.fpds.gov/ezsearch/jsp/viewLinkController.jsp?agencyID=8600&PIID=86615124F00018&modNumber=P00002&idvAgencyID=&idvPIID=86615124A00010&contractType=AWARD,ERNST & YOUNG LLP,"TO IMPROVE HUD'S STRATEGIC APPROACH FOR HUD FORWARD INITIATIVES INCLUDING MEETING REQUIREMENTS OUTLINED IN VARIOUS EXECUTIVE ORDERS, POLICIES, AND DIRECTIVES."
2/6/2025,86615124C00008,Department of Housing and Urban Development,1083405,873123,2/11/2025,SUPPLEMENTAL AGREEMENT FOR WORK WITHIN SCOPE,https://www.fpds.gov/ezsearch/jsp/viewLinkController.jsp?agencyID=8600&PIID=86615124C00008&modNumber=P00001&idvAgencyID=&idvPIID=&contractType=AWARD,RIVIDIUM INC.,NEGOTIATION AND LABOR CONSULTATION SERVICES FOR AMERICAN FEDERATION OF GOVERNMENT EMPLOYEES (AFGE)/COLLECTIVE BARGAINING AGREEMENT (CBA)
2/6/2025,86615124F00019,Department of Housing and Urban Development,2968874,1968874,2/11/2025,OTHER ADMINISTRATIVE ACTION,https://www.fpds.gov/ezsearch/jsp/viewLinkController.jsp?agencyID=8600&PIID=86615124F00019&modNumber=P00001&idvAgencyID=&idvPIID=86615124A00010&contractType=AWARD,ERNST & YOUNG LLP,"TO IMPROVE HUD'S STRATEGIC APPROACH FOR HUD FORWARD INITIATIVES INCLUDING MEETING REQUIREMENTS OUTLINED IN VARIOUS EXECUTIVE ORDERS, POLICIES, AND DIRECTIVES."
2/5/2025,86615122P00004,Department of Housing and Urban Development,80900,0,2/11/2025,SUPPLEMENTAL AGREEMENT FOR WORK WITHIN SCOPE,https://www.fpds.gov/ezsearch/jsp/viewLinkController.jsp?agencyID=8600&PIID=86615122P00004&modNumber=P00004&idvAgencyID=&idvPIID=&contractType=AWARD,"POLITICO, LLC",POLITICO PRO TO PROVIDE POLITICAL FEDERAL NEWS COVERAGE AND OTHER RELATED SERVICES.
2/7/2025,86614324F00052,Department of Housing and Urban Development,567809,0,2/11/2025,BLANK REASON FOR MODIFICATION IN FPDS,https://www.fpds.gov/ezsearch/jsp/viewLinkController.jsp?agencyID=8600&PIID=86614324F00052&modNumber=0&idvAgencyID=&idvPIID=86614324A00004&contractType=AWARD,"KNOLL, INC.",CALL ORDER FOR PURCHASE AND INSTALLATION OF OFFICE FURNITURE IN VARIOUS OFFICE LOCATIONS.
2/7/2025,86614323F00052,Department of Housing and Urban Development,1115300,0,2/11/2025,SUPPLEMENTAL AGREEMENT FOR WORK WITHIN SCOPE,https://www.fpds.gov/ezsearch/jsp/viewLinkController.jsp?agencyID=8600&PIID=86614323F00052&modNumber=P00001&idvAgencyID=&idvPIID=86614319A00002&contractType=AWARD,"KNOLL, INC.",FURNITURE INSTALLATION FOR THE HUD GREENSBORO AND RICHMOND OFFICES.
2/10/2025,86615624F00007,Department of Housing and Urban Development,3470436,2822896,2/11/2025,OTHER ADMINISTRATIVE ACTION,https://www.fpds.gov/ezsearch/jsp/viewLinkController.jsp?agencyID=8600&PIID=86615624F00007&modNumber=P00001&idvAgencyID=&idvPIID=47QRAA21D0026&contractType=AWARD,"ALLMOND & CO, LLC",FINANCIAL QUALITY CONTROL AND TECHNICAL ASSISTANCE
2/10/2025,86614320C00001,Department of Housing and Urban Development,592949,0,2/11/2025,EXERCISE AN OPTION,https://www.fpds.gov/ezsearch/jsp/viewLinkController.jsp?agencyID=8600&PIID=86614320C00001&modNumber=P00007&idvAgencyID=&idvPIID=&contractType=AWARD,EAST HILL VIDEO PRODUCTION COMPANY LLC,WEBINAR SERVICES FOR PHILADELPHIA HOC
2/10/2025,86614121F00033,Department of Housing and Urban Development,950746,205432,2/11/2025,OTHER ADMINISTRATIVE ACTION,https://www.fpds.gov/ezsearch/jsp/viewLinkController.jsp?agencyID=8600&PIID=86614121F00033&modNumber=P00006&idvAgencyID=&idvPIID=GS23F0032U&contractType=AWARD,"CORELOGIC SOLUTIONS, LLC",ONLINE DATABASE SUBSCRIPTION SERVICES FOR ALL FOUR (4) HOMEOWNERSHIP CENTERS
2/10/2025,86615621C00011,Department of Housing and Urban Development,1191186,247684,2/11/2025,EXERCISE AN OPTION,https://www.fpds.gov/ezsearch/jsp/viewLinkController.jsp?agencyID=8600&PIID=86615621C00011&modNumber=P00006&idvAgencyID=&idvPIID=&contractType=AWARD,BERN RESOURCE GROUP LLC,242 PROGRAM FEASIBILITY STUDIES DATA WEB-BASED SUBSCRIPTION SERVICES
2/10/2025,86615623C00021,Department of Housing and Urban Development,484200,0,2/11/2025,OTHER ADMINISTRATIVE ACTION,https://www.fpds.gov/ezsearch/jsp/viewLinkController.jsp?agencyID=8600&PIID=86615623C00021&modNumber=P00002&idvAgencyID=&idvPIID=&contractType=AWARD,NATIONAL COUNCIL FOR BEHAVIORAL HEALTH,MENTAL HEALTH FIRST AID TRAINING
2/10/2025,86615624C00006,Department of Housing and Urban Development,3025292,2425105,2/11/2025,OTHER ADMINISTRATIVE ACTION,https://www.fpds.gov/ezsearch/jsp/viewLinkController.jsp?agencyID=8600&PIID=86615624C00006&modNumber=P00002&idvAgencyID=&idvPIID=&contractType=AWARD,RED CARROT INC,OFFICE OF HOUSING COUNSELING (OHC) MEDIA ADVERTISEMENT
2/10/2025,86614620F00009,Department of Housing and Urban Development,2199962,0,2/11/2025,OTHER ADMINISTRATIVE ACTION,https://www.fpds.gov/ezsearch/jsp/viewLinkController.jsp?agencyID=8600&PIID=86614620F00009&modNumber=P00010&idvAgencyID=&idvPIID=GS00F252CA&contractType=AWARD,ABT GLOBAL LLC,MTW COHORT 1
2/10/2025,86614623C00003,Department of Housing and Urban Development,936488,0,2/11/2025,OTHER ADMINISTRATIVE ACTION,https://www.fpds.gov/ezsearch/jsp/viewLinkController.jsp?agencyID=8600&PIID=86614623C00003&modNumber=P00002&idvAgencyID=&idvPIID=&contractType=AWARD,"EXCELOUS, LLC",BROADBAND ACCESS IN HUD-ASSISTED BUILDINGS ASSESSMENT
2/10/2025,86614924F00047,Department of Housing and Urban Development,1521942,127579,2/11/2025,SUPPLEMENTAL AGREEMENT FOR WORK WITHIN SCOPE,https://www.fpds.gov/ezsearch/jsp/viewLinkController.jsp?agencyID=8600&PIID=86614924F00047&modNumber=P00003&idvAgencyID=&idvPIID=86614924A00001&contractType=AWARD,SUMMIT CONSULTING LLC,NEW BPA CALL UNDER HUD SPECIAL STUDIES BPA  EVALUATION OF THE GREEN AND RESILIENT RETROFIT PROGRAM  SCOPING AND DESIGN AND POST-CONSTRUCTION STUDIES
2/10/2025,86614924F00026,Department of Housing and Urban Development,739301,0,2/11/2025,BLANK REASON FOR MODIFICATION IN FPDS,https://www.fpds.gov/ezsearch/jsp/viewLinkController.jsp?agencyID=8600&PIID=86614924F00026&modNumber=0&idvAgencyID=&idvPIID=86614924A00001&contractType=AWARD,SUMMIT CONSULTING LLC,NEW BPA CALL UNDER HUD SPECIAL STUDIES BPA TO CONDUCT SURVEYS AND INTERVIEWS WITH ELIGIBLE APPLICANTS AND NON-APPLICANTS TO THE GREEN AND RESILIENT RETROFIT PROGRAM TO EVALUATE THE APPLICATION PROCESS.
2/10/2025,86614922C00003,Department of Housing and Urban Development,1596334,0,2/11/2025,OTHER ADMINISTRATIVE ACTION,https://www.fpds.gov/ezsearch/jsp/viewLinkController.jsp?agencyID=8600&PIID=86614922C00003&modNumber=P00002&idvAgencyID=&idvPIID=&contractType=AWARD,THE URBAN INSTITUTE,COMPLETE THE EVALUATION OF YEARS 6-7 OF THE HUD-DOJ PFS PSH DEMONSTRATION.
2/10/2025,86614624C00005,Department of Housing and Urban Development,1471649,1173249,2/11/2025,SUPPLEMENTAL AGREEMENT FOR WORK WITHIN SCOPE,https://www.fpds.gov/ezsearch/jsp/viewLinkController.jsp?agencyID=8600&PIID=86614624C00005&modNumber=P00002&idvAgencyID=&idvPIID=&contractType=AWARD,"SCHATZ PUBLISHING GROUP, LLC",INNOVATION IN AFFORDABLE HOUSING STUDENT DESIGN AND PLANNING COMPETITION
2/10/2025,86615620P00005,Department of Housing and Urban Development,1912191,100008,2/11/2025,TERMINATE FOR CONVENIENCE (COMPLETE OR PARTIAL),https://www.fpds.gov/ezsearch/jsp/viewLinkController.jsp?agencyID=8600&PIID=86615620P00005&modNumber=P00009&idvAgencyID=&idvPIID=&contractType=AWARD,IBIS SOFTWARE CORPORATION,PROVIDE AN ONLINE INTERVIEW CLIENT BUDGET AND RESOURCE IDENTITY TOOL (CBRIT) FOR HOME EQUITY CONVERSION MORTGAGE (HECM) ROSTER COUNSELORS WITH SECURE ONLINE ACCESS.
2/10/2025,86615123F00005,Department of Housing and Urban Development,4200086,837443,2/11/2025,OTHER ADMINISTRATIVE ACTION,https://www.fpds.gov/ezsearch/jsp/viewLinkController.jsp?agencyID=8600&PIID=86615123F00005&modNumber=P00002&idvAgencyID=&idvPIID=86615121A00003&contractType=AWARD,DELOITTE CONSULTING LLP,EO14042  PROJECT MANAGEMENT AND BUSINESS ANALYSIS SUPPORT SERVICES TO HUD'S EFFORT TO MODERNIZE ITS IT SYSTEMS.
2/6/2025,15JL1B24F00000658,Department of Justice,13000,0,2/7/2025,TERMINATE FOR CONVENIENCE (COMPLETE OR PARTIAL),https://www.fpds.gov/ezsearch/jsp/viewLinkController.jsp?agencyID=1501&PIID=15JL1B24F00000658&modNumber=P00001&idvAgencyID=&idvPIID=03310323D0056&contractType=AWARD,"POLITICO, LLC","POLITICO PRO PLUS, ONLINE LOGINS"
2/6/2025,15JENR25P00000001,Department of Justice,91000,0,2/7/2025,TERMINATE FOR CONVENIENCE (COMPLETE OR PARTIAL),https://www.fpds.gov/ezsearch/jsp/viewLinkController.jsp?agencyID=1501&PIID=15JENR25P00000001&modNumber=P00002&idvAgencyID=&idvPIID=&contractType=AWARD,"POLITICO, LLC",FY25 E&E PUBLICATIONS
2/6/2025,15JL1B24F00000592,Department of Justice,21115,0,2/7/2025,TERMINATE FOR CONVENIENCE (COMPLETE OR PARTIAL),https://www.fpds.gov/ezsearch/jsp/viewLinkController.jsp?agencyID=1501&PIID=15JL1B24F00000592&modNumber=P00001&idvAgencyID=&idvPIID=03310323D0056&contractType=AWARD,"POLITICO, LLC","POLITICO PRO PLUS, ONLINE LOGINS"
2/7/2025,15JL1B25P00000154,Department of Justice,13320,0,2/12/2025,TERMINATE FOR CONVENIENCE (COMPLETE OR PARTIAL),https://www.fpds.gov/ezsearch/jsp/viewLinkController.jsp?agencyID=1501&PIID=15JL1B25P00000154&modNumber=P00001&idvAgencyID=&idvPIID=&contractType=AWARD,NEW YORK TIMES CO,LOGINS TO THE NEW YORK TIMES ONLINE
2/7/2025,15JL1B25F00000014,Department of Justice,10989,0,2/12/2025,BLANK REASON FOR MODIFICATION IN FPDS,https://www.fpds.gov/ezsearch/jsp/viewLinkController.jsp?agencyID=1501&PIID=15JL1B25F00000014&modNumber=0&idvAgencyID=&idvPIID=03310323D0024&contractType=AWARD,PROQUEST LLC,HISTORIC NEW YORK TIMES AND HISTORIC WASHINGTON POST
2/12/2025,15F06725P0000093,Department of Justice,35000,0,2/13/2025,CLOSE OUT,https://www.fpds.gov/ezsearch/jsp/viewLinkController.jsp?agencyID=1549&PIID=15F06725P0000093&modNumber=P00001&idvAgencyID=&idvPIID=&contractType=AWARD,VAN WAGNER SPORTS & ENTERTAINMENT LLC,SPONSORSHIP
1/24/2025,1605C224F00021,Department of Labor,9679268,7856119,1/24/2025,TERMINATE FOR CONVENIENCE (COMPLETE OR PARTIAL),https://www.fpds.gov/ezsearch/jsp/viewLinkController.jsp?agencyID=1605&PIID=1605C224F00021&modNumber=P00001&idvAgencyID=&idvPIID=1605C223A0010&contractType=AWARD,ECONOMIC SYSTEMS INC,REQUEST FOR A LIMITED SMALL BUSINESS COMPETITION FOR OA EQUITY SUPPORT CONTRACT. PROGRAM OFFICE APPROVES REQUEST.
2/5/2025,1605C524F00012,Department of Labor,118380,96780,2/6/2025,TERMINATE FOR CONVENIENCE (COMPLETE OR PARTIAL),https://www.fpds.gov/ezsearch/jsp/viewLinkController.jsp?agencyID=1605&PIID=1605C524F00012&modNumber=P00001&idvAgencyID=&idvPIID=03310323D0056&contractType=AWARD,"POLITICO, LLC","THIS REQUIREMENT IS TO PROVIDE FOR MULTI-USER SUBSCRIPTION SERVICE TO SEARCH FOR REAL-TIME UPDATES ON ANALYSIS OF POLICY AT FEDERAL, STATE AND LOCAL LEVELS AND THE ABILITY TO CUSTOMIZE RESEARCH TOOLS TO INVESTIGATE PERTINENT SECTOR-SPECIFIC NEWS."
1/22/2025,1605C124P00006,Department of Labor,40840,0,2/7/2025,TERMINATE FOR CONVENIENCE (COMPLETE OR PARTIAL),https://www.fpds.gov/ezsearch/jsp/viewLinkController.jsp?agencyID=1605&PIID=1605C124P00006&modNumber=P00002&idvAgencyID=&idvPIID=&contractType=AWARD,DEETTA JONES AND ASSOCIATES LIMITED LIABILITY COMPANY,NEW PURCHASE ORDER FOR TEAMBUILDING AND DEIA TRAINING SERVICES FOR SOL REGION III STAFF
1/22/2025,1605C222C0020,Department of Labor,4097657,0,2/7/2025,TERMINATE FOR CONVENIENCE (COMPLETE OR PARTIAL),https://www.fpds.gov/ezsearch/jsp/viewLinkController.jsp?agencyID=1605&PIID=1605C222C0020&modNumber=P00011&idvAgencyID=&idvPIID=&contractType=AWARD,"CALCO ENTERPRISES, LLC","DIVERSITY, EQUITY, INCLUSION, AND ACCESSIBILITY (DEIA) CONSULTATION SERVICES AND TRAINING FOR THE JOB CORPS PROGRAM."
1/22/2025,1605C324F00035,Department of Labor,154083,0,2/7/2025,TERMINATE FOR CONVENIENCE (COMPLETE OR PARTIAL),https://www.fpds.gov/ezsearch/jsp/viewLinkController.jsp?agencyID=1605&PIID=1605C324F00035&modNumber=P00001&idvAgencyID=&idvPIID=1605C322A0002&contractType=AWARD,"AMERICAN PARTNER TECHNOLOGIES, LLC","NEW TASK TO BE ESTABLISHED OFF BPA # 1605C3-22-A-0002  DIVERSITY, EQUITY, INCLUSION AND ACCESSIBILITY TRAINING FOR OASAM / CIVIL RIGHTS CENTER TRAINING ON BYSTANDER INTERVENTION, TRAUMA-INFORMED INVESTIGATIVE SKILLS, DISRUPTING MICROAGGRESSIONS AND"
2/13/2025,1605C323C0009,Department of Labor,486327,305897,2/14/2025,TERMINATE FOR CONVENIENCE (COMPLETE OR PARTIAL),https://www.fpds.gov/ezsearch/jsp/viewLinkController.jsp?agencyID=1605&PIID=1605C323C0009&modNumber=P00002&idvAgencyID=&idvPIID=&contractType=AWARD,EBSCO INDUSTRIES INC,"GENERAL BUSINESS DATABASE, A GENERAL SOCIOLOGY FULL-TEXT DATABASE, AND THE ECONLIT DATABASES WITH FULL TEXT ACCESS.(ACQ-23-0430)"
2/13/2025,1605C124P00020,Department of Labor,149325,119460,2/14/2025,TERMINATE FOR CONVENIENCE (COMPLETE OR PARTIAL),https://www.fpds.gov/ezsearch/jsp/viewLinkController.jsp?agencyID=1605&PIID=1605C124P00020&modNumber=P00001&idvAgencyID=&idvPIID=&contractType=AWARD,TALKWALKER INC.,"TO OBTAIN A 12-MONTH BASE, PLUS FOUR 12-MONTH OPTION PERIODS FOR TALKWALKER SOCIAL MEDIA LISTENING TOOL FOR OSHA"
1/27/2025,16PBGC21F0007,Department of Labor,89370,19710,1/27/2025,OTHER ADMINISTRATIVE ACTION,https://www.fpds.gov/ezsearch/jsp/viewLinkController.jsp?agencyID=1665&PIID=16PBGC21F0007&modNumber=P00004&idvAgencyID=&idvPIID=GS00F404GA&contractType=AWARD,IVY PLANNING GROUP LLC,DIVERSITY COUNCIL FACILITATION SERVICES
2/5/2025,1605C123F00031,Department of Labor,81478,51950,2/6/2025,OTHER ADMINISTRATIVE ACTION,https://www.fpds.gov/ezsearch/jsp/viewLinkController.jsp?agencyID=1605&PIID=1605C123F00031&modNumber=P00004&idvAgencyID=&idvPIID=03310319D0071&contractType=AWARD,"POLITICO, LLC","SUBSCRIPTION FOR POLITICO PRO PLUS WHICH INCLUDES: PRO EDGE PLATFORM, TOOLS (DIRECTORIES, DOCUMENT DRAWER, POLICY CALENDAR, CAMPAIGN RACE DASHBOARD, LEGISLATIVE COMPASS, REGULATORY COMPASS), CUSTOMIZABLE S FOR TOOLS INCLUDED IN THE PLATFORM, SUB"
2/5/2025,1605C423C0006,Department of Labor,47312,24762,2/13/2025,OTHER ADMINISTRATIVE ACTION,https://www.fpds.gov/ezsearch/jsp/viewLinkController.jsp?agencyID=1605&PIID=1605C423C0006&modNumber=P00006&idvAgencyID=&idvPIID=&contractType=AWARD,"POLITICO, LLC","A UNIQUE FUNCTION IN WASHINGTON, DC, AS A LEADER IN REPORTING CUTTING-EDGE AND IN-DEPTH NEWS RELEVANT TO FEDERAL POLICY, BILL TRACKING, AND DAILY LEGISLATIVE UPDATES. THERE ARE OTHER VENDORS THAT PROVIDE SIMILAR WORK, BUT NOT WITH THE COMBINATION OF"
2/5/2025,19AQMM19C0035,Department of State,2192958,2,2/5/2025,TERMINATE FOR CONVENIENCE (COMPLETE OR PARTIAL),https://www.fpds.gov/ezsearch/jsp/viewLinkController.jsp?agencyID=1900&PIID=19AQMM19C0035&modNumber=P00012&idvAgencyID=&idvPIID=&contractType=AWARD,THE ASSOCIATED PRESS,ENHANCED MULTIMEDIA CONTENT USAGE AGREEMENT
2/5/2025,19AQMM24C0137,Department of State,101573,0,2/5/2025,TERMINATE FOR CONVENIENCE (COMPLETE OR PARTIAL),https://www.fpds.gov/ezsearch/jsp/viewLinkController.jsp?agencyID=1900&PIID=19AQMM24C0137&modNumber=P00001&idvAgencyID=&idvPIID=&contractType=AWARD,HOWARD UNIVERSITY,DEIA CHAMPIONS PROGRAM HOWARD UNIVERSITY
2/5/2025,19FS1A24P0124,Department of State,10000,0,2/5/2025,TERMINATE FOR CONVENIENCE (COMPLETE OR PARTIAL),https://www.fpds.gov/ezsearch/jsp/viewLinkController.jsp?agencyID=1900&PIID=19FS1A24P0124&modNumber=P00002&idvAgencyID=&idvPIID=&contractType=AWARD,"THE GOV GEEKS, LLC",DEIA TRAIN THE TRAINER WORKSHOP
1/30/2025,19ES6024P1221,Department of State,20000,0,2/6/2025,TERMINATE FOR CONVENIENCE (COMPLETE OR PARTIAL),https://www.fpds.gov/ezsearch/jsp/viewLinkController.jsp?agencyID=1900&PIID=19ES6024P1221&modNumber=P00001&idvAgencyID=&idvPIID=&contractType=AWARD,FUNDACION LABORATORIO DE SOLUCIONES COLABORATIVAS DE POLITICAS PUBLICAS,7203.1 LABCO DEIA
1/21/2025,19BR2525P0248,Department of State,13662,0,2/12/2025,TERMINATE FOR CONVENIENCE (COMPLETE OR PARTIAL),https://www.fpds.gov/ezsearch/jsp/viewLinkController.jsp?agencyID=1900&PIID=19BR2525P0248&modNumber=P00001&idvAgencyID=&idvPIID=&contractType=AWARD,MISCELLANEOUS FOREIGN AWARDEES,BSB|FAS| DATAGRO SUBSCRIPTION FOR FAS OFFICE
1/29/2025,19PK3324C1020,Department of State,49892,26134,2/13/2025,TERMINATE FOR CONVENIENCE (COMPLETE OR PARTIAL),https://www.fpds.gov/ezsearch/jsp/viewLinkController.jsp?agencyID=1900&PIID=19PK3324C1020&modNumber=P00001&idvAgencyID=&idvPIID=&contractType=AWARD,MISCELLANEOUS FOREIGN AWARDEES,MGT. OF SOCIAL MEDIA PAGES
,19AQMM20C0060,Department of State,886139,414510,2/14/2025,TERMINATE FOR CONVENIENCE (COMPLETE OR PARTIAL),https://www.fpds.gov/ezsearch/jsp/viewLinkController.jsp?agencyID=1900&PIID=19AQMM20C0060&modNumber=P00014&idvAgencyID=&idvPIID=&contractType=AWARD,REUTERS NEWS & MEDIA INC,OTHER QC/TEST/INSPECT- MISCELLANEOUS
,19AQMM24P0724,Department of State,141816,0,2/14/2025,TERMINATE FOR CONVENIENCE (COMPLETE OR PARTIAL),https://www.fpds.gov/ezsearch/jsp/viewLinkController.jsp?agencyID=1900&PIID=19AQMM24P0724&modNumber=P00001&idvAgencyID=&idvPIID=&contractType=AWARD,REUTERS NEWS & MEDIA INC,IT AND TELECOM - BUSINESS APPLICATION SOFTWARE (PERPETUAL LICENSE SOFTWARE)
1/28/2025,19AQMM22F2835,Department of State,2135157,1555374,1/28/2025,OTHER ADMINISTRATIVE ACTION,https://www.fpds.gov/ezsearch/jsp/viewLinkController.jsp?agencyID=1900&PIID=19AQMM22F2835&modNumber=P00003&idvAgencyID=&idvPIID=47QTCB21D0025&contractType=AWARD,ANALYTICX LLC,CULTURAL HERITAGE SUPPORT
1/29/2025,19AQMM22F1859,Department of State,636456,279829,1/30/2025,OTHER ADMINISTRATIVE ACTION,https://www.fpds.gov/ezsearch/jsp/viewLinkController.jsp?agencyID=1900&PIID=19AQMM22F1859&modNumber=P00006&idvAgencyID=&idvPIID=47QRAA18D005Z&contractType=AWARD,"FEDERAL MANAGEMENT PARTNERS, LLC",DEIA CLIMATE SURVEY SERVICES
2/5/2025,19AQMM21F4397,Department of State,222821284,77674381,2/5/2025,FUNDING ONLY ACTION,https://www.fpds.gov/ezsearch/jsp/viewLinkController.jsp?agencyID=1900&PIID=19AQMM21F4397&modNumber=P00132&idvAgencyID=&idvPIID=47QTCK18D0029&contractType=AWARD,DELOITTE CONSULTING LLP,"THIS IS A TASK ORDER FOR PROVIDING IT BUSINESS, PLANNING, AND TECHNICAL ADVISORY SUPPORT SERVICES."
2/5/2025,19AQMM23F0861,Department of State,13844899,7002350,2/5/2025,FUNDING ONLY ACTION,https://www.fpds.gov/ezsearch/jsp/viewLinkController.jsp?agencyID=1900&PIID=19AQMM23F0861&modNumber=P00017&idvAgencyID=&idvPIID=19AQMM18D0105&contractType=AWARD,TUVLI LLC,GEC PROFESSIONAL SUPPORT SERVICES
2/5/2025,19AQMM25F0078,Department of State,3278204,2328634,2/5/2025,OTHER ADMINISTRATIVE ACTION,https://www.fpds.gov/ezsearch/jsp/viewLinkController.jsp?agencyID=1900&PIID=19AQMM25F0078&modNumber=P00003&idvAgencyID=&idvPIID=19AQMM24D0058&contractType=AWARD,"BERING STRAITS PROFESSIONAL SERVICES, LLC",ADMINISTRATIVE SERVICES
2/5/2025,19AQMM23F7616,Department of State,3990387,0,2/5/2025,OTHER ADMINISTRATIVE ACTION,https://www.fpds.gov/ezsearch/jsp/viewLinkController.jsp?agencyID=1900&PIID=19AQMM23F7616&modNumber=P00002&idvAgencyID=&idvPIID=19AQMM20A0500&contractType=AWARD,DELOITTE & TOUCHE LLP,ENR TO BALKANS CLEAN ENERGY
2/5/2025,19AQMM24F7483,Department of State,2855877,0,2/5/2025,OTHER ADMINISTRATIVE ACTION,https://www.fpds.gov/ezsearch/jsp/viewLinkController.jsp?agencyID=1900&PIID=19AQMM24F7483&modNumber=P00001&idvAgencyID=&idvPIID=19AQMM20A0500&contractType=AWARD,DELOITTE & TOUCHE LLP,PSP BPA CALL 55 UKRAINE CLEAN HYDROGEN
2/5/2025,19AQMM22F7703,Department of State,2513783,0,2/5/2025,OTHER ADMINISTRATIVE ACTION,https://www.fpds.gov/ezsearch/jsp/viewLinkController.jsp?agencyID=1900&PIID=19AQMM22F7703&modNumber=P00005&idvAgencyID=&idvPIID=19AQMM20A0500&contractType=AWARD,DELOITTE & TOUCHE LLP,PSP CESI-PACC
2/5/2025,19AQMM23F7560,Department of State,2302721,0,2/5/2025,BLANK REASON FOR MODIFICATION IN FPDS,https://www.fpds.gov/ezsearch/jsp/viewLinkController.jsp?agencyID=1900&PIID=19AQMM23F7560&modNumber=0&idvAgencyID=&idvPIID=19AQMM20A0500&contractType=AWARD,DELOITTE & TOUCHE LLP,ENR BPA TO GLOBAL METHANE 2023
2/5/2025,19AQMM23F7585,Department of State,1974221,0,2/5/2025,OTHER ADMINISTRATIVE ACTION,https://www.fpds.gov/ezsearch/jsp/viewLinkController.jsp?agencyID=1900&PIID=19AQMM23F7585&modNumber=P00002&idvAgencyID=&idvPIID=19AQMM20A0500&contractType=AWARD,DELOITTE & TOUCHE LLP,ENR BPA TO CLEAN HYDROGEN_ INDUSTRIAL DECARBONIZATION
2/5/2025,19AQMM24F1969,Department of State,258610,0,2/5/2025,BLANK REASON FOR MODIFICATION IN FPDS,https://www.fpds.gov/ezsearch/jsp/viewLinkController.jsp?agencyID=1900&PIID=19AQMM24F1969&modNumber=0&idvAgencyID=&idvPIID=03310323D0056&contractType=AWARD,"POLITICO, LLC","ONE-YEAR ORDER WITH THE POLITICO PRO OFF OF THE EXISTING IDIQ CONTRACT FROM FEDLINK FOR POLITICO PRO, FEDLINK CONTRACT NUMBER LCFDL23D0056 FOR ACCESS TO THE POLITICO PRO US, POLITICO PRO EU, AND E&E NEWS PLATFORMS AND EXCLUSIVE REPORTING AND ANALYSIS"
2/5/2025,19AQMM22F7734,Department of State,1186915,0,2/5/2025,OTHER ADMINISTRATIVE ACTION,https://www.fpds.gov/ezsearch/jsp/viewLinkController.jsp?agencyID=1900&PIID=19AQMM22F7734&modNumber=P00004&idvAgencyID=&idvPIID=19AQMM20A0500&contractType=AWARD,DELOITTE & TOUCHE LLP,MIDSTREAM DIVERSIFICATION AND CAPACITY BUILDING BPA CALL
2/5/2025,19AQMM24F7484,Department of State,928927,0,2/5/2025,OTHER ADMINISTRATIVE ACTION,https://www.fpds.gov/ezsearch/jsp/viewLinkController.jsp?agencyID=1900&PIID=19AQMM24F7484&modNumber=P00001&idvAgencyID=&idvPIID=19AQMM20A0500&contractType=AWARD,DELOITTE & TOUCHE LLP,PSP BALKANS CLEAN HYDROGEN
2/5/2025,19AQMM22F7762,Department of State,886655,0,2/5/2025,OTHER ADMINISTRATIVE ACTION,https://www.fpds.gov/ezsearch/jsp/viewLinkController.jsp?agencyID=1900&PIID=19AQMM22F7762&modNumber=P00002&idvAgencyID=&idvPIID=19AQMM20A0500&contractType=AWARD,DELOITTE & TOUCHE LLP,RENEWABLE ENERGY DEVELOPMENT FOR BALKANS BPA CALL
2/5/2025,19AQMM24P0625,Department of State,13000,0,2/5/2025,BLANK REASON FOR MODIFICATION IN FPDS,https://www.fpds.gov/ezsearch/jsp/viewLinkController.jsp?agencyID=1900&PIID=19AQMM24P0625&modNumber=0&idvAgencyID=&idvPIID=&contractType=AWARD,"POLITICO, LLC",AWARD OF THE POLITICO PRO SUBSCRIPTION. INCORPORATING QUOTE AND TERMS AND CONDITIONS DATED 07/12/2024. PERIOD OF PERFORMANCE IS 07/12/2024 -07/11/2025.
2/5/2025,19AQMM23F7127,Department of State,2190057,0,2/5/2025,OTHER ADMINISTRATIVE ACTION,https://www.fpds.gov/ezsearch/jsp/viewLinkController.jsp?agencyID=1900&PIID=19AQMM23F7127&modNumber=P00003&idvAgencyID=&idvPIID=19AQMM20A0500&contractType=AWARD,DELOITTE & TOUCHE LLP,ENR BPA TO OFFSHORE BALKANS WIND TECH ASSIST
2/5/2025,19AQMM22F7750,Department of State,256194,0,2/5/2025,OTHER ADMINISTRATIVE ACTION,https://www.fpds.gov/ezsearch/jsp/viewLinkController.jsp?agencyID=1900&PIID=19AQMM22F7750&modNumber=P00004&idvAgencyID=&idvPIID=19AQMM20A0500&contractType=AWARD,DELOITTE & TOUCHE LLP,GLOBAL OFFSHORE WIND DEVELOPMENT BPA CALL
2/5/2025,19AQMM24C0001,Department of State,300301,211617,2/5/2025,OTHER ADMINISTRATIVE ACTION,https://www.fpds.gov/ezsearch/jsp/viewLinkController.jsp?agencyID=1900&PIID=19AQMM24C0001&modNumber=P00002&idvAgencyID=&idvPIID=&contractType=AWARD,THE ASSOCIATED PRESS,"THE ASSOCIATED PRESS AWARD IN THE AMOUNT OF $300,301.69 FOR A BASE YEAR PLUS FOUR OPTION YEARS."
2/5/2025,19AQMM24F1150,Department of State,447204,274044,2/5/2025,OTHER ADMINISTRATIVE ACTION,https://www.fpds.gov/ezsearch/jsp/viewLinkController.jsp?agencyID=1900&PIID=19AQMM24F1150&modNumber=P00001&idvAgencyID=&idvPIID=19AQMM22D0021&contractType=AWARD,"GOLDBELT C6, LLC","GOLDBELT C6, LLC PROFESSIONAL SUPPORT SERVICES - CLEAN ENERGY POLICY SUPPORT AND PROJECT MANAGER / SUBJECT MATTER EXPERT I OES/EGC"
2/5/2025,19AQMM20C0162,Department of State,301150,0,2/5/2025,OTHER ADMINISTRATIVE ACTION,https://www.fpds.gov/ezsearch/jsp/viewLinkController.jsp?agencyID=1900&PIID=19AQMM20C0162&modNumber=P00006&idvAgencyID=&idvPIID=&contractType=AWARD,THE ASSOCIATED PRESS,ENHANCED MULTIMEDIA CONTENT USAGE AGREEMENT
1/31/2025,692M1522D00002,Department of Transportation,3251353,3251353,1/31/2025,TERMINATE FOR CONVENIENCE (COMPLETE OR PARTIAL),https://www.fpds.gov/ezsearch/jsp/viewLinkController.jsp?agencyID=6920&PIID=692M1522D00002&modNumber=P00005&idvAgencyID=&idvPIID=&contractType=IDV,"KUSI GLOBAL, INC","THIS CONTRACT IS FOR THE PROVISION OF TRAINING AND TRAINING SUPPORT SERVICES TECHNICAL SUPPORT SERVICES TO ASSIST ASP-003 WORKFORCE DEVELOPMENT TEAM IN DESIGN, DEVELOPMENT, DELIVERY AND FACILITATION FOR AIT EMPLOYEE AND LEADERSHIP TRAININGS THAT ALIG"
2/10/2025,693KA924P00087,Department of Transportation,39300,0,2/11/2025,TERMINATE FOR CONVENIENCE (COMPLETE OR PARTIAL),https://www.fpds.gov/ezsearch/jsp/viewLinkController.jsp?agencyID=6920&PIID=693KA924P00087&modNumber=P00001&idvAgencyID=&idvPIID=&contractType=AWARD,"POLITICO, LLC",PROCURE E&E NEWS PUBLICATIONS
2/11/2025,693JJ423F00073N,Department of Transportation,3861496,1366795,2/12/2025,TERMINATE FOR CONVENIENCE (COMPLETE OR PARTIAL),https://www.fpds.gov/ezsearch/jsp/viewLinkController.jsp?agencyID=6953&PIID=693JJ423F00073N&modNumber=P00003&idvAgencyID=&idvPIID=GS00F105DA&contractType=AWARD,"A-G ASSOCIATES, INC.",DEIA PROGRAM AND PROJECT MANAGEMENT SUPPORT SERVICES SPEND PLAN ID FY23-S-023
,69319524F30122N,Department of Transportation,1299440,0,2/14/2025,TERMINATE FOR CAUSE,https://www.fpds.gov/ezsearch/jsp/viewLinkController.jsp?agencyID=6955&PIID=69319524F30122N&modNumber=P00001&idvAgencyID=&idvPIID=69319519D000009&contractType=AWARD,CDI/DCI JOINT VENTURE,CORTAP TASK ORDER FY 2025 REVIEWS - PACKAGE 8
2/5/2025,693JJ924F00177N,Department of Transportation,284808,0,2/5/2025,BLANK REASON FOR MODIFICATION IN FPDS,https://www.fpds.gov/ezsearch/jsp/viewLinkController.jsp?agencyID=6940&PIID=693JJ924F00177N&modNumber=0&idvAgencyID=&idvPIID=GS00F216GA&contractType=AWARD,2M RESEARCH SERVICES LLC,SPEED SAFETY CAMERA LOCATIONS AND EQUITY TASK ORDER
2/6/2025,693JJ322A000021,Department of Transportation,15000000,15000000,2/6/2025,SUPPLEMENTAL AGREEMENT FOR WORK WITHIN SCOPE,https://www.fpds.gov/ezsearch/jsp/viewLinkController.jsp?agencyID=6925&PIID=693JJ322A000021&modNumber=P00001&idvAgencyID=&idvPIID=GS00F010CA&contractType=IDV,"ICF INCORPORATED, L.L.C.","GSA FEDERAL SUPPLY SCHEDULE BLANKET PURCHASE AGREEMENT IS ESTABLISHED BETWEEN THE FEDERAL HIGHWAY ADMINISTRATION (FHWA) AND ICF INCORPORATED, LLC TO ISSUE FIRM FIXED PRICE, TIME & MATERIAL, AND LABOR HOUR ORDERS."
2/6/2025,693JJ322A000004,Department of Transportation,94000000,94000000,2/6/2025,SUPPLEMENTAL AGREEMENT FOR WORK WITHIN SCOPE,https://www.fpds.gov/ezsearch/jsp/viewLinkController.jsp?agencyID=6925&PIID=693JJ322A000004&modNumber=P00004&idvAgencyID=&idvPIID=GS00F010CA&contractType=IDV,"ICF INCORPORATED, L.L.C.","FIRM FIXED PRICE (FFP)/ TIME AND MATERIALS (T&M) BLANKET PURCHASE AGREEMENT IS ESTABLISHED BETWEEN THE FEDERAL HIGHWAY ADMINISTRATION (FHWA) AND ICF INCORPORATED, LLC.   THIS BPA WILL PROVIDE FUNDING FOR ICF INCORPORATED, LLC TO SUPPORT FHWA IN"
2/6/2025,693JJ324F00436N,Department of Transportation,559507,394472,2/6/2025,BLANK REASON FOR MODIFICATION IN FPDS,https://www.fpds.gov/ezsearch/jsp/viewLinkController.jsp?agencyID=6925&PIID=693JJ324F00436N&modNumber=0&idvAgencyID=&idvPIID=47QREB19D0025&contractType=AWARD,"SYNOVIX, INC.",CREATE A NEW DELIVERY TASK ORDER FOR COURSE 142095 ENVIRONMENTAL JUSTICE ANALYSIS IN THE NATIONAL ENVIRONMENTAL POLICY ACT (NEPA).
2/6/2025,693JJ420F000017,Department of Transportation,5482786,356376,2/6/2025,EXERCISE AN OPTION,https://www.fpds.gov/ezsearch/jsp/viewLinkController.jsp?agencyID=6953&PIID=693JJ420F000017&modNumber=P00007&idvAgencyID=&idvPIID=GS29F0003Y&contractType=AWARD,"ELOCEN GROUP, LLC (THE)",PROFESSIONAL SUPPORT SERVICES FOR FMCSA'S SPACE MANAGEMENT PROGRAM
2/6/2025,693JJ922F00194N,Department of Transportation,5048145,349257,2/6/2025,EXERCISE AN OPTION,https://www.fpds.gov/ezsearch/jsp/viewLinkController.jsp?agencyID=6940&PIID=693JJ922F00194N&modNumber=P00002&idvAgencyID=&idvPIID=GS00Q14OADU119&contractType=AWARD,"ICF INCORPORATED, L.L.C.",ENVIRONMENTAL IMPACT STATEMENT FOR MY2024 TO MY2035
2/6/2025,693JK324F00009N,Department of Transportation,295000,0,2/6/2025,OTHER ADMINISTRATIVE ACTION,https://www.fpds.gov/ezsearch/jsp/viewLinkController.jsp?agencyID=6957&PIID=693JK324F00009N&modNumber=P00001&idvAgencyID=&idvPIID=47QRAA19D003K&contractType=AWARD,"RESEARCH PLANNING, INC.","THE PURPOSE OF THIS DELIVERY ORDER IS TO ACQUIRE A THIRD-PARTY SUBJECT MATTER EXPERT (SME) FOR AN ECOLOGICAL UNUSUALLY SENSITIVE AREA (ECO USA) DATA UPDATE TO ENSURE DATA PRODUCTION METHODOLOGIES, DATA ACCURACY AND DOCUMENTATION FOR THE PROJECT AND D"
2/12/2025,693JK323P00021,Department of Transportation,18770,0,2/13/2025,CLOSE OUT,https://www.fpds.gov/ezsearch/jsp/viewLinkController.jsp?agencyID=6957&PIID=693JK323P00021&modNumber=P00003&idvAgencyID=&idvPIID=&contractType=AWARD,"POLITICO, LLC",SUBSCRIPTION SERVICES FOR PHMSA PERSONNEL
,6923G521P0043,Department of Transportation,109256,25000,2/14/2025,SUPPLEMENTAL AGREEMENT FOR WORK WITHIN SCOPE,https://www.fpds.gov/ezsearch/jsp/viewLinkController.jsp?agencyID=6947&PIID=6923G521P0043&modNumber=P00008&idvAgencyID=&idvPIID=&contractType=AWARD,REID DAVID F,"CONSULTING SERVICES FOR ENVIRONMENTAL MATTERS SPECIFICALLY IN THE AREAS OF INVASIVE SPECIES BALLAST WATER TREATMENT, MANAGEMENT AND POLICY AND BATHYMETRIC MAPPING OF THE GREAT LAKES."
,693JK423C900004,Department of Transportation,510818,0,2/14/2025,FUNDING ONLY ACTION,https://www.fpds.gov/ezsearch/jsp/viewLinkController.jsp?agencyID=6901&PIID=693JK423C900004&modNumber=P00002&idvAgencyID=&idvPIID=&contractType=AWARD,"CP MARINE, LLC",TO SOLE SOURCE AWARD A BASE YEAR LABOR HOUR TASK ORDER WITH TWO CONTRACT LINE ITEMS (00001 AND 00002) TO CP MARINE LLC BASED UPON THEIR STATUS AS AN PARTICIPANT IN THE 8(A) PROGRAM AND ALASKA-NATIVE CORPORATION. THE NEW AWARD ASSISTS THE STB IN MEETI
,693JJ923F000270,Department of Transportation,4388665,0,2/14/2025,EXERCISE AN OPTION,https://www.fpds.gov/ezsearch/jsp/viewLinkController.jsp?agencyID=6940&PIID=693JJ923F000270&modNumber=P00002&idvAgencyID=&idvPIID=47QRAA19D00A6&contractType=AWARD,TRUST CONSULTING SERVICES INC.,"FINANCIAL, BUDGETARY, AND OAMS SUPPORT SERVICES"
,693JJ924F00043N,Department of Transportation,733562,270195,2/14/2025,BLANK REASON FOR MODIFICATION IN FPDS,https://www.fpds.gov/ezsearch/jsp/viewLinkController.jsp?agencyID=6940&PIID=693JJ924F00043N&modNumber=0&idvAgencyID=&idvPIID=693JJ924D000004&contractType=AWARD,UNIVERSITY OF NORTH CAROLINA AT CHAPEL HILL,"TITLE: COMMUNITY ENHANCED TRAFFIC ENFORCEMENT (CENTRE) PRMSID 320 (RPEVIUOSLY 23RQ000375)  PURPOSE: THIS IS A TASK ORDER UNDER AN IDIQ FOR EJS NOT AWARDED YET. THE OBJECTIVE OF THIS AWARD IS TO DEVELOP GUIDANCE AND TRAINING FOR FEDERAL, STATE, LOC"
,693KA921F00013,Department of Transportation,7873252,5592671,2/14/2025,EXERCISE AN OPTION,https://www.fpds.gov/ezsearch/jsp/viewLinkController.jsp?agencyID=6920&PIID=693KA921F00013&modNumber=P00012&idvAgencyID=&idvPIID=DTFAWA13A00225&contractType=AWARD,"SUPREME SOLUTIONS, INC",OFFICE OF CIVIL RIGHTS (ACR) SUPPORT SERVICES
,693JK321F00019,Department of Transportation,154480,19392,2/14/2025,EXERCISE AN OPTION,https://www.fpds.gov/ezsearch/jsp/viewLinkController.jsp?agencyID=6957&PIID=693JK321F00019&modNumber=P00007&idvAgencyID=&idvPIID=GS10F0165V&contractType=AWARD,CAREERSTONE GROUP LLC,"THE U.S. DEPARTMENT OF TRANSPORTATION (DOT), PIPELINE AND HAZARDOUS MATERIALS SAFETY ADMINISTRATION (PHMSA), HAS A REQUIREMENT TO PROCURE TWO (2), 1-DAY WORKSHOPS FOR AN ESTIMATE 20-30 PARTICIPANTS, ENCOMPASSING PHMSA CORE VALUES"
,693JK422C600005,Department of Transportation,1730900,445663,2/14/2025,EXERCISE AN OPTION,https://www.fpds.gov/ezsearch/jsp/viewLinkController.jsp?agencyID=6901&PIID=693JK422C600005&modNumber=P00002&idvAgencyID=&idvPIID=&contractType=AWARD,"SCB MANAGEMENT SOLUTIONS, INC.","REQUSISTION: THE PURPOSE OF THIS REQUISITION BETWEEN THE U.S DEPARTMENT OF TRANSPORTATION/OFFICE OF THE SECRETARY/OST-B1 AND SCB MANAGEMENT SOLUTIONS, INC. IS TO PROVIDE EXECUTIVE COACHING AND PROFESSIONAL DEVELOPMENT TO THE BUDGET, PERFORMANCE AND F"
,693JK422P800003,Department of Transportation,1788319,0,2/14/2025,OTHER ADMINISTRATIVE ACTION,https://www.fpds.gov/ezsearch/jsp/viewLinkController.jsp?agencyID=6901&PIID=693JK422P800003&modNumber=P00005&idvAgencyID=&idvPIID=&contractType=AWARD,FEDERATION OF AMERICAN SCIENTISTS,FEDERATION OF AMERICAN SCIENTISTS (FAS) CONTRACT OST-R
,693JK422F96500N,Department of Transportation,1445553,872877,2/14/2025,CHANGE ORDER,https://www.fpds.gov/ezsearch/jsp/viewLinkController.jsp?agencyID=6901&PIID=693JK422F96500N&modNumber=P00005&idvAgencyID=&idvPIID=693JK422D600001&contractType=AWARD,"CHENEGA ENTERPRISE SYSTEMS & SOLUTIONS, LLC",ESTABLISH A NEW TASK ORDER UNDER IDIQ NUMBER 693JK422D600001 IN SUPPORT OF ADMINISTRATIVE SUPPORT SERVICES.  THE CONTRACTOR SHALL PROVIDE TWO (2) CORRESPONDENCE ANALYSTS I IN SUPPORT OF IN SUPPORT OF THE REBUILDING AMERICAN INFRASTRUCTURE WITH SUSTAI
,693JK424F96008N,Department of Transportation,2573644,1053588,2/14/2025,OTHER ADMINISTRATIVE ACTION,https://www.fpds.gov/ezsearch/jsp/viewLinkController.jsp?agencyID=6901&PIID=693JK424F96008N&modNumber=P00004&idvAgencyID=&idvPIID=693JK418A600024&contractType=AWARD,GRANT THORNTON LLP,"BPA CALL:  THE PURPOSE OF THIS CALL ORDER 693JK424F96008N ESTABLISHED UNDER BLANKET PURCHASE AGREEMENT 693JK418A600024, IS TO PROVIDE PROJECT MANAGEMENT SUPPORT FOR OST S3, ORGANIZATIONAL ASSESSMENT, FUTURE STATE OPERATION MODEL, AND IMPLEMENTATION S"
,693JK424P600065,Department of Transportation,19100,0,2/14/2025,BLANK REASON FOR MODIFICATION IN FPDS,https://www.fpds.gov/ezsearch/jsp/viewLinkController.jsp?agencyID=6901&PIID=693JK424P600065&modNumber=0&idvAgencyID=&idvPIID=&contractType=AWARD,CARAHSOFT TECHNOLOGY CORP,"PURCHASE ORDER 693JK424P600065 IS FOR ONE YEAR OF 10 JOB SLOT POSTINGS FOR PROFESSIONAL AND ADMINISTRATIVE SUPPORT SERVICES ON LINKEDIN TO AID WITH OUTREACH WHEN HIRING NEW POSITIONS.    THE PERIOD OF PERFORMANCE IS AUGUST 28, 2024 - AUGUST 27, 202"
,693JJ324F00119N,Department of Transportation,155233,0,2/14/2025,BLANK REASON FOR MODIFICATION IN FPDS,https://www.fpds.gov/ezsearch/jsp/viewLinkController.jsp?agencyID=6925&PIID=693JJ324F00119N&modNumber=0&idvAgencyID=&idvPIID=693JJ319D300008&contractType=AWARD,PFM FINANCIAL ADVISORS LLC,NEW BUREAU PROCUREMENT (TIFIA REVENUE ACCT) FOR A FINANCIAL ADVISORY SERVICES TASK ORDER FOR THE ART NORTH-SOUTH CORRIDOR (GREEN LINE) PROJECT.
,693JJ324F00215N,Department of Transportation,149367,0,2/14/2025,SUPPLEMENTAL AGREEMENT FOR WORK WITHIN SCOPE,https://www.fpds.gov/ezsearch/jsp/viewLinkController.jsp?agencyID=6925&PIID=693JJ324F00215N&modNumber=P00001&idvAgencyID=&idvPIID=693JK418A600024&contractType=AWARD,GRANT THORNTON LLP,THIS IS A NEW BPA CALL WITH GUIDEHOUSE FOR THE TECHNICAL ASSISTANCE ORGANIZATIONAL ASSESSMENT AND FUTURE-STATE OPERATING MODEL FOR THE BUILD AMERICA BUREAU.
,693JK423C600005,Department of Transportation,1671916,1043372,2/14/2025,EXERCISE AN OPTION,https://www.fpds.gov/ezsearch/jsp/viewLinkController.jsp?agencyID=6901&PIID=693JK423C600005&modNumber=P00002&idvAgencyID=&idvPIID=&contractType=AWARD,"TM SERVICES AND CONSULTANTS, LLC","THE PURPOSE OF THIS CONTRACT IS THAT THE CONTRACTOR PERSONNEL SHALL SUPPORT DOT DOCR AND MUST POSSESS HBCU AND MSI KNOWLEDGE, INCLUDING EXPOSURE AND EXPERTISE IN HIGHER EDUCATION.  CONTRACT PERSONNEL MUST ALSO POSSESS EXPERIENCE COORDINATING AND SOLI"
,693JK423C600007,Department of Transportation,1771898,969468,2/14/2025,EXERCISE AN OPTION,https://www.fpds.gov/ezsearch/jsp/viewLinkController.jsp?agencyID=6901&PIID=693JK423C600007&modNumber=P00003&idvAgencyID=&idvPIID=&contractType=AWARD,STRATEGIX MANAGEMENT LLC,THE PURPOSE OF THIS CONTRACT IS TO SEEK THE SERVICES OF THE CONTRACTOR PERSONNEL TO SUPPORT THE DEPARTMENT OF TRANSPORTATION DEPARTMENTAL OFFICE OF CIVIL RIGHTS (DOCR) BY REESTABLISHING AN ADVISORY COMMITTEE ON TRANSPORTATION EQUITY (ACTE)
,693JK424C600005,Department of Transportation,265512,215512,2/14/2025,BLANK REASON FOR MODIFICATION IN FPDS,https://www.fpds.gov/ezsearch/jsp/viewLinkController.jsp?agencyID=6901&PIID=693JK424C600005&modNumber=0&idvAgencyID=&idvPIID=&contractType=AWARD,"AURORA TECHNICAL SYSTEMS, LLC",THE PURPOSE OF THIS CONTRACT IS TO SEEK THE SERVICES OF THE CONTRACTOR TO PROVIDE WRITING COACH SERVICES (FADS REVIEWER) SERVICES. THE FAD REVIEWER IS A HIGHLY SKILLED EXPERIENCED PROFESSIONAL WHOSE RESPONSIBILITY IS TO CRAFT FINAL AGENCY DECISIONS A
,693JK424C600007,Department of Transportation,2087139,1686078,2/14/2025,BLANK REASON FOR MODIFICATION IN FPDS,https://www.fpds.gov/ezsearch/jsp/viewLinkController.jsp?agencyID=6901&PIID=693JK424C600007&modNumber=0&idvAgencyID=&idvPIID=&contractType=AWARD,"GREY STREET CONSULTING, LLC",THE PURPOSE OF THIS CONTRACT IS THAT THE CONTRACTOR SHALL PROVIDE EXPERIENCED PERSONNEL TO EFFICIENTLY MANAGE AND COORDINATE ADMINISTRATIVE ACTIVITIES.  THESE RESPONSIBILITIES INCLUDE SUPPORTING THE SENIOR MANAGEMENT TEAM AND PERSONNEL OVERSEEING A V
,693JK424F96022N,Department of Transportation,327714,0,2/14/2025,BLANK REASON FOR MODIFICATION IN FPDS,https://www.fpds.gov/ezsearch/jsp/viewLinkController.jsp?agencyID=6901&PIID=693JK424F96022N&modNumber=0&idvAgencyID=&idvPIID=693JK423A600001&contractType=AWARD,SUMMOME NATIVE VENTURES LLC,THE PURPOSE OF THIS BPA CALL ORDER NO. 693JK424F96022N IS THAT THE CONTRACTOR SHALL PROVIDE LEADERSHIP DEVELOPMENT PROGRAMMING SUPPORT (BUILDING TRUST AND COMMUNITY TRAINING FRAMEWORK SUPPORT) FOR DEPARTMENTAL OFFICE OF HUMAN RESOURCES MANAGEMENT DEP
,693JJ421F000015,Department of Transportation,969052,0,2/14/2025,SUPPLEMENTAL AGREEMENT FOR WORK WITHIN SCOPE,https://www.fpds.gov/ezsearch/jsp/viewLinkController.jsp?agencyID=6953&PIID=693JJ421F000015&modNumber=P00004&idvAgencyID=&idvPIID=693JJ418A000001&contractType=AWARD,FEDERAL INTEGRATED SYSTEMS CORPORATION,OPTION YEAR 2 FOR SUPPORT SERVICES
,693JK425F96006N,Department of Transportation,,,2/14/2025,BLANK REASON FOR MODIFICATION IN FPDS,https://www.fpds.gov/ezsearch/jsp/viewLinkController.jsp?agencyID=6901&PIID=693JK425F96006N&modNumber=0&idvAgencyID=&idvPIID=693JK424D600005&contractType=AWARD,,
,693JK424P600073,Department of Transportation,249600,0,2/14/2025,BLANK REASON FOR MODIFICATION IN FPDS,https://www.fpds.gov/ezsearch/jsp/viewLinkController.jsp?agencyID=6901&PIID=693JK424P600073&modNumber=0&idvAgencyID=&idvPIID=&contractType=AWARD,GOLDMAN EDWARDS INC.,NEW PURCHASE ORDER FOR THE OFFICE OF THE ASSISTANT SECRETARY FOR ADMINISTRATION (OST-M) TO SEEK ASSISTANCE FROM A CONTRACTOR GOLDMAN EDWARDS TO PREPARE FOR THE PRESIDENTIAL TRANSITION.    THIS WILL INCLUDE PROVIDING COMMUNICATION TOOLS AND BENCHMAR
,693JK423C600012,Department of Transportation,447563,363338,2/14/2025,BLANK REASON FOR MODIFICATION IN FPDS,https://www.fpds.gov/ezsearch/jsp/viewLinkController.jsp?agencyID=6901&PIID=693JK423C600012&modNumber=0&idvAgencyID=&idvPIID=&contractType=AWARD,"RMS NICKLAUS JV, LLC",A NEW ENERGY AND SUSTAINABILITY CONTRACT WITH RMS NICKLAUS JV LLC
,693JK422P600015,Department of Transportation,148900,0,2/14/2025,BLANK REASON FOR MODIFICATION IN FPDS,https://www.fpds.gov/ezsearch/jsp/viewLinkController.jsp?agencyID=6901&PIID=693JK422P600015&modNumber=0&idvAgencyID=&idvPIID=&contractType=AWARD,BURO HAPPOLD CONSULTNG ENGINEERS PC,PROVIDE DOT OST WITH A FEASIBILITY STUDY AND ARC RE-CERTIFICATION OF THE GOLD LEVEL CERTIFICATION AND PROVIDE A PERFORMANCE PLAN THAT WILL LEAD TO OBTAINING THE PLATINUM LEVEL CERTIFICATION. (ENERGY AND WATER)
,693JK424P500015,Department of Transportation,137500,0,2/14/2025,BLANK REASON FOR MODIFICATION IN FPDS,https://www.fpds.gov/ezsearch/jsp/viewLinkController.jsp?agencyID=6901&PIID=693JK424P500015&modNumber=0&idvAgencyID=&idvPIID=&contractType=AWARD,PARTNERSHIP FOR PUBLIC SERVICE INC,"ESTABLISH A PURCHASE ORDER FOR CONSULTANT FOR MANAGEMENT AND FULL EXECUTION OF THE DEPARTMENT OF TRANSPORTATIONS SENIOR EXECUTIVE ONBOARDING PROGRAM FOR NEWLY HIRED CAREER AND NON-CAREER SENIOR EXECUTIVE SERVICE (SES), SENIOR LEVEL (SL), AND SCIENCE"
,693JK423F50007N,Department of Transportation,1744275,700000,2/14/2025,OTHER ADMINISTRATIVE ACTION,https://www.fpds.gov/ezsearch/jsp/viewLinkController.jsp?agencyID=6901&PIID=693JK423F50007N&modNumber=P00004&idvAgencyID=&idvPIID=693JJ318A000007&contractType=AWARD,GUIDEHOUSE INC.,THE PURPOSE OF THIS PURCHASE REQUISITION IS TO REQUEST THE AWARD OF A NEW TASK ORDER ON FHWA BPA #696JJ318A000007 WITH GUIDEHOUSE
,693JF722C000032,Department of Transportation,1293021,568600,2/14/2025,EXERCISE AN OPTION,https://www.fpds.gov/ezsearch/jsp/viewLinkController.jsp?agencyID=6938&PIID=693JF722C000032&modNumber=P00003&idvAgencyID=&idvPIID=&contractType=AWARD,"SERJON, LLC","SERJON LLC - TEMP FINANCIAL ANALYST FOR TITLE XI. ADDING AN ADDITIONAL $14,000.00."
,69056724F00079N,Department of Transportation,12618,0,2/14/2025,SUPPLEMENTAL AGREEMENT FOR WORK WITHIN SCOPE,https://www.fpds.gov/ezsearch/jsp/viewLinkController.jsp?agencyID=6925&PIID=69056724F00079N&modNumber=P00001&idvAgencyID=&idvPIID=47QRAA21D0098&contractType=AWARD,CYNURIA CONSULTING LLC,PROFESSIONAL EXECUTIVE LEVEL COACHING SERVICES FOR FEDERAL LANDS LEADERSHIP TEAM MEMBERS
,693JJ322F00248N,Department of Transportation,285000,114000,2/14/2025,EXERCISE AN OPTION,https://www.fpds.gov/ezsearch/jsp/viewLinkController.jsp?agencyID=6925&PIID=693JJ322F00248N&modNumber=P00002&idvAgencyID=&idvPIID=GS10F0140V&contractType=AWARD,PARTNERSHIP FOR PUBLIC SERVICE INC,A NEW AWARD FOR THE EXCELLENCE IN GOVERNMENT AWARD.
,693JJ323F00061N,Department of Transportation,494162,169659,2/14/2025,FUNDING ONLY ACTION,https://www.fpds.gov/ezsearch/jsp/viewLinkController.jsp?agencyID=6925&PIID=693JJ323F00061N&modNumber=P00003&idvAgencyID=&idvPIID=693JJ322A000019&contractType=AWARD,THE CADMUS GROUP LLC,FHWA BPA ORDER FOR HEP MARKETING AND OUTREACH SUPPORT SERVICES
,693JJ323F00161N,Department of Transportation,2605643,661500,2/14/2025,SUPPLEMENTAL AGREEMENT FOR WORK WITHIN SCOPE,https://www.fpds.gov/ezsearch/jsp/viewLinkController.jsp?agencyID=6925&PIID=693JJ323F00161N&modNumber=P00002&idvAgencyID=&idvPIID=693JJ322A000021&contractType=AWARD,"ICF INCORPORATED, L.L.C.",THE PURPOSE OF THIS EFFORT IS TO AWARD A TASK ORDER FOR EDC-7 INTEGRATING GREENHOUSE GAS ASSESSMENT AND REDUCTION TARGETS IN TRANSPORTATION PLANNING.
,693JJ323F00397N,Department of Transportation,798956,0,2/14/2025,SUPPLEMENTAL AGREEMENT FOR WORK WITHIN SCOPE,https://www.fpds.gov/ezsearch/jsp/viewLinkController.jsp?agencyID=6925&PIID=693JJ323F00397N&modNumber=P00001&idvAgencyID=&idvPIID=693JJ322A000021&contractType=AWARD,"ICF INCORPORATED, L.L.C.","THE PURPOSE OF THIS TASK ORDER IS TO PROVIDE ASSISTANCE ON TASKS THAT WOULD SUPPORT THE IMPLEMENTATION OF THE NATIONAL ELECTRIC VEHICLE INFRASTRUCTURE (NEVI) FORMULA PROGRAM (INCLUDING 10 PERCENT SET-ASIDE GRANT PROGRAM), THE CFI DISCRETIONARY GRANT"
,693JJ323F00405N,Department of Transportation,389592,54029,2/14/2025,SUPPLEMENTAL AGREEMENT FOR WORK WITHIN SCOPE,https://www.fpds.gov/ezsearch/jsp/viewLinkController.jsp?agencyID=6925&PIID=693JJ323F00405N&modNumber=P00001&idvAgencyID=&idvPIID=693JJ322A000019&contractType=AWARD,THE CADMUS GROUP LLC,NEW TASK ORDER AWARD ENTITLED: DISPLACEMENT PREVENTION AND MITIGATION TOOLKIT: STRATEGIES TO ADDRESS DIRECT AND INDIRECT DISPLACEMENT FROM TRANSPORTATION INFRASTRUCTURE INVESTMENT.
,693JJ324F00128N,Department of Transportation,1314379,884850,2/14/2025,BLANK REASON FOR MODIFICATION IN FPDS,https://www.fpds.gov/ezsearch/jsp/viewLinkController.jsp?agencyID=6925&PIID=693JJ324F00128N&modNumber=0&idvAgencyID=&idvPIID=693JJ320A000022&contractType=AWARD,AEIO LLC,BLANKET PURCHASE AGREEMENT ORDER FOR HUMAN RESOURCES SUPPORT SERVICES
,693JJ324F00217N,Department of Transportation,565470,458970,2/14/2025,EXERCISE AN OPTION,https://www.fpds.gov/ezsearch/jsp/viewLinkController.jsp?agencyID=6925&PIID=693JJ324F00217N&modNumber=P00001&idvAgencyID=&idvPIID=47QRAA18D00F1&contractType=AWARD,TECHNICAL MANAGEMENT SERVICES LLC,"TASK ORDER FOR ""SUPPORT OF THE 360 DEGREE LEADERSHIP ASSESSMENT PROGRAM"""
,693JJ324F00273N,Department of Transportation,1062728,715433,2/14/2025,BLANK REASON FOR MODIFICATION IN FPDS,https://www.fpds.gov/ezsearch/jsp/viewLinkController.jsp?agencyID=6925&PIID=693JJ324F00273N&modNumber=0&idvAgencyID=&idvPIID=693JJ320A000024&contractType=AWARD,BUSINESS MANAGEMENT ASSOCIATES INC.,"THIS IS A NEW AWARD FOR THREE- YEAR TASK ORDER (BASE + TWO OPTIONS) TO FOR HR SUPPORT UNDER THE HR SERVICES BPA SET, FOR EXECUTIVE AGENT SUPPORT SERVICES."
,693JJ324F00463N,Department of Transportation,284983,0,2/14/2025,BLANK REASON FOR MODIFICATION IN FPDS,https://www.fpds.gov/ezsearch/jsp/viewLinkController.jsp?agencyID=6925&PIID=693JJ324F00463N&modNumber=0&idvAgencyID=&idvPIID=693JJ321D000017&contractType=AWARD,"ICF INCORPORATED, L.L.C.",THE PURPOSE OF THIS TASK ORDER IS TO DEVELOP AN EQUITY IN TRANSPORTATION PLANNING GUIDEBOOK.
,6923G523P0015,Department of Transportation,64205,0,2/14/2025,FUNDING ONLY ACTION,https://www.fpds.gov/ezsearch/jsp/viewLinkController.jsp?agencyID=6947&PIID=6923G523P0015&modNumber=P00002&idvAgencyID=&idvPIID=&contractType=AWARD,"LAVIGNE, THOMAS",ADVISING SERVICES TO ASSOCIATE ADMINISTRATOR & SENIOR STAFF
,693KA920F00179,Department of Transportation,812512,37798,2/14/2025,EXERCISE AN OPTION,https://www.fpds.gov/ezsearch/jsp/viewLinkController.jsp?agencyID=6920&PIID=693KA920F00179&modNumber=P00007&idvAgencyID=&idvPIID=DTFAWA10A00073&contractType=AWARD,NATIONWIDE IT SERVICES INC,"TECHNICAL SERVICES CONTRACT FOR ASO, AEA AND ANE REGIONS"
,693JK324F00035N,Department of Transportation,18832,0,2/14/2025,OTHER ADMINISTRATIVE ACTION,https://www.fpds.gov/ezsearch/jsp/viewLinkController.jsp?agencyID=6957&PIID=693JK324F00035N&modNumber=P00001&idvAgencyID=&idvPIID=693JK324A000002&contractType=AWARD,"STAFFORD CONSULTING COMPANY, INC.",ADMINISTRATIVE ANALYST II TO SUPPORT PHMSA ACQUISITION SERVICES.
,693JJ621F000037,Department of Transportation,165491,34544,2/14/2025,EXERCISE AN OPTION,https://www.fpds.gov/ezsearch/jsp/viewLinkController.jsp?agencyID=6930&PIID=693JJ621F000037&modNumber=P00004&idvAgencyID=&idvPIID=GS10F0037P&contractType=AWARD,ARCBRIDGE CONSULTING & TRAINING INCORPORATED,SHORTLINE PILOT - DEVELOP A PROOF OF CONCEPT/PILOT PROJECT FOR THE SHORTLINES TO DEVELOP USE CASES BASED ON THE FRA NORTH AMERICAN RAIL NETWORK (NARN) AND SETUP A VIEWER AND PROCESSES TO ALLOW FRA TO OBTAIN UPDATES TO THE NARN FROM THE SHORTLINES IND
,693JK422C600004,Department of Transportation,2254886,1715914,2/14/2025,OTHER ADMINISTRATIVE ACTION,https://www.fpds.gov/ezsearch/jsp/viewLinkController.jsp?agencyID=6901&PIID=693JK422C600004&modNumber=P00003&idvAgencyID=&idvPIID=&contractType=AWARD,"BLUE SKY INNOVATIVE SOLUTIONS, LLC",SECTOR RISK MANAGEMENT AGENCY SUPPORT SERVICES
,693JK424P600003,Department of Transportation,282960,0,2/14/2025,FUNDING ONLY ACTION,https://www.fpds.gov/ezsearch/jsp/viewLinkController.jsp?agencyID=6901&PIID=693JK424P600003&modNumber=P00002&idvAgencyID=&idvPIID=&contractType=AWARD,FURTHER STRATEGIES LLC,THE PURPOSE OF THIS NEW PURCHASE ORDER IS TO ACQUIRE PHILANTHROPIC OUTREACH CONSULTANT SERVICES FOR THE OFFICE OF PUBLIC ENGAGEMENT.
,69319523PO00044,Department of Transportation,470704,0,2/14/2025,FUNDING ONLY ACTION,https://www.fpds.gov/ezsearch/jsp/viewLinkController.jsp?agencyID=6955&PIID=69319523PO00044&modNumber=P00001&idvAgencyID=&idvPIID=&contractType=AWARD,THE WASHINGTON CENTER FOR INTERNSHIPS AND ACADEMIC SEMINARS,FEDERAL TRANSIT ADMINISTRATION'S (FTA) DIVERSITY IN FEDERAL TRANSIT (DFT) INTERNSHIP PROGRAM.
,693JK424F95036N,Department of Transportation,65000,0,2/14/2025,BLANK REASON FOR MODIFICATION IN FPDS,https://www.fpds.gov/ezsearch/jsp/viewLinkController.jsp?agencyID=6901&PIID=693JK424F95036N&modNumber=0&idvAgencyID=&idvPIID=693JK420D500003&contractType=AWARD,SYNTHESIS TECHNOLOGY ASSESSMENT & RESEARCH LLC,"THE PURPOSE OF THIS TASK ORDER IS TO PROVIDE 360-DEGREE LEADERSHIP ASSESSMENT TOOL TO PROVIDE FEEDBACK, TO DOT LEADERS, SUPERVISORS OR THEIR EQUIVALENTS, ON THEIR LEADERSHIP SKILLS AND STYLES"
,693JK424P500008,Department of Transportation,153676,118566,2/14/2025,OTHER ADMINISTRATIVE ACTION,https://www.fpds.gov/ezsearch/jsp/viewLinkController.jsp?agencyID=6901&PIID=693JK424P500008&modNumber=P00002&idvAgencyID=&idvPIID=&contractType=AWARD,CARAHSOFT TECHNOLOGY CORP,THE PURPOSE OF THIS PURCHASE ORDER IS TO ESTABLISH A SERVICE CONTRACT FOR VENDOR TO PROVIDE AN ENVIRONMENT TOOL IN WHICH EMPLOYEES IN THE OFFICE OF THE SECRETARY OF TRANSPORTATION (OST) AND THE DOT HR COMMUNITY HAVE ACCESS TO ONLINE TRAINING AND COMP
1/22/2025,2032H325F00024,Department of Treasury,32200,0,1/22/2025,TERMINATE FOR CONVENIENCE (COMPLETE OR PARTIAL),https://www.fpds.gov/ezsearch/jsp/viewLinkController.jsp?agencyID=2001&PIID=2032H325F00024&modNumber=P00001&idvAgencyID=&idvPIID=2032H321A00002&contractType=AWARD,HISPANIC ASSOCIATION OF COLLEGES & UNIVERSITIES,"THE PURPOSE IS FOR OMWI'S SPRING 2025 TREASURY SCHOLARS PROGRAM INTERNSHIP TOTALING #32,200.00 FOR (2) TWO STUDENTS:  1. TU DINH 2. LUIS URRUTIA DE LA CRUZ  THE PERIOD OF PERFORMANCE IS 01/06/2025 - 04/21/2025."
1/22/2025,2032H325F00031,Department of Treasury,,,1/22/2025,TERMINATE FOR CONVENIENCE (COMPLETE OR PARTIAL),https://www.fpds.gov/ezsearch/jsp/viewLinkController.jsp?agencyID=2001&PIID=2032H325F00031&modNumber=P00001&idvAgencyID=&idvPIID=2032H321A00003&contractType=AWARD,,
1/23/2025,2032H823F00190,Department of Treasury,3056146,2171218,1/23/2025,TERMINATE FOR CONVENIENCE (COMPLETE OR PARTIAL),https://www.fpds.gov/ezsearch/jsp/viewLinkController.jsp?agencyID=2050&PIID=2032H823F00190&modNumber=P00004&idvAgencyID=&idvPIID=GS02Q17DCR0010&contractType=AWARD,"COLLEAGUE CONSULTING, LLC",LEADING LEADER'S READINESS COURSE (LLRC)
1/22/2025,2032H824F00064,Department of Treasury,5265565,2323823,1/22/2025,TERMINATE FOR CONVENIENCE (COMPLETE OR PARTIAL),https://www.fpds.gov/ezsearch/jsp/viewLinkController.jsp?agencyID=2050&PIID=2032H824F00064&modNumber=P00003&idvAgencyID=&idvPIID=GS35F329DA&contractType=AWARD,"STEEL POINT SOLUTIONS, LLC",EDI TRANSFORMATION - IMPLEMENTATION
1/23/2025,2032H824F00122,Department of Treasury,950000,0,1/23/2025,TERMINATE FOR CONVENIENCE (COMPLETE OR PARTIAL),https://www.fpds.gov/ezsearch/jsp/viewLinkController.jsp?agencyID=2050&PIID=2032H824F00122&modNumber=P00001&idvAgencyID=&idvPIID=2032H820A00001&contractType=AWARD,"MANAGEMENT CONCEPTS, INC",TRAINING CLASSES FOR PROGRAM MANAGEMENT CERTIFICATION
1/22/2025,2033H624F00163,Department of Treasury,88733,0,1/22/2025,TERMINATE FOR CONVENIENCE (COMPLETE OR PARTIAL),https://www.fpds.gov/ezsearch/jsp/viewLinkController.jsp?agencyID=2036&PIID=2033H624F00163&modNumber=P00001&idvAgencyID=&idvPIID=2032H321A00004&contractType=AWARD,THE WASHINGTON CENTER FOR INTERNSHIPS AND ACADEMIC SEMINARS,FY24 FALL TREASURY SCHOLARS PROGRAM INTERNS
1/22/2025,2032H321A00002,Department of Treasury,6500000,6500000,1/22/2025,TERMINATE FOR CONVENIENCE (COMPLETE OR PARTIAL),https://www.fpds.gov/ezsearch/jsp/viewLinkController.jsp?agencyID=2001&PIID=2032H321A00002&modNumber=P00005&idvAgencyID=&idvPIID=GS02F0110Y&contractType=IDV,HISPANIC ASSOCIATION OF COLLEGES & UNIVERSITIES,TREASURY SCHOLARS PROGRAM SERVICES
1/22/2025,2032H321A00003,Department of Treasury,6500000,6500000,1/22/2025,TERMINATE FOR CONVENIENCE (COMPLETE OR PARTIAL),https://www.fpds.gov/ezsearch/jsp/viewLinkController.jsp?agencyID=2001&PIID=2032H321A00003&modNumber=P00005&idvAgencyID=&idvPIID=47QREA20D000A&contractType=IDV,"INROADS, INC.","THIS IS A FIRM FIXED PRICE BPA FOR TREASURY COMMITMENT TO WORKFORCE DIVERSITY AND INCLUSION THROUGH THE TREASURY SCHOLARS PROGRAM SERVICES. THE CONTRACTOR SHALL MARKET, PROVIDE POTENTIAL CANDIDATES AND MANAGE INTERNS FOR TREASURY'S INTERN PROGRAM TO"
1/22/2025,2032H321A00004,Department of Treasury,6500000,6500000,1/28/2025,TERMINATE FOR CONVENIENCE (COMPLETE OR PARTIAL),https://www.fpds.gov/ezsearch/jsp/viewLinkController.jsp?agencyID=2001&PIID=2032H321A00004&modNumber=P00005&idvAgencyID=&idvPIID=GS02F0078P&contractType=IDV,THE WASHINGTON CENTER FOR INTERNSHIPS AND ACADEMIC SEMINARS,"THIS IS A FIRM FIXED PRICE BPA FOR TREASURY COMMITMENT TO WORKFORCE DIVERSITY AND INCLUSION THROUGH THE TREASURY SCHOLARS PROGRAM SERVICES. THE CONTRACTOR SHALL MARKET, PROVIDE POTENTIAL CANDIDATES AND MANAGE INTERNS FOR TREASURY'S INTERN PROGRA"
1/28/2025,205AE924F00039,Department of Treasury,98750,0,1/30/2025,TERMINATE FOR CONVENIENCE (COMPLETE OR PARTIAL),https://www.fpds.gov/ezsearch/jsp/viewLinkController.jsp?agencyID=2050&PIID=205AE924F00039&modNumber=P00001&idvAgencyID=&idvPIID=GS10F099AA&contractType=AWARD,THE ARBINGER COMPANY,OUTWARD INCLUSION DIGITAL WORKBOOKS
1/22/2025,20341223F00033,Department of Treasury,1322403,811769,1/30/2025,TERMINATE FOR CONVENIENCE (COMPLETE OR PARTIAL),https://www.fpds.gov/ezsearch/jsp/viewLinkController.jsp?agencyID=2036&PIID=20341223F00033&modNumber=P00002&idvAgencyID=&idvPIID=47QRAA21D007H&contractType=AWARD,"SCIRE STRATEGIES, LLC",DIVERSITY AND INCLUSION TRAINING AND SUPPORT SERVICES
2/5/2025,20341423F00010,Department of Treasury,81600,53400,2/6/2025,TERMINATE FOR CONVENIENCE (COMPLETE OR PARTIAL),https://www.fpds.gov/ezsearch/jsp/viewLinkController.jsp?agencyID=2036&PIID=20341423F00010&modNumber=P00002&idvAgencyID=&idvPIID=03310319D0071&contractType=AWARD,"POLITICO, LLC",POLITICO PRO SUBSCRIPTIONS
2/5/2025,20343021P00015,Department of Treasury,90101,0,2/6/2025,TERMINATE FOR CONVENIENCE (COMPLETE OR PARTIAL),https://www.fpds.gov/ezsearch/jsp/viewLinkController.jsp?agencyID=2036&PIID=20343021P00015&modNumber=P00008&idvAgencyID=&idvPIID=&contractType=AWARD,NEW YORK TIMES CO,ENTERPRISE DIGITAL ACCESS TO NYTIMES ONLINE - BASE PERIOD
2/5/2025,2032H324C00029,Department of Treasury,107861,87544,2/6/2025,TERMINATE FOR CONVENIENCE (COMPLETE OR PARTIAL),https://www.fpds.gov/ezsearch/jsp/viewLinkController.jsp?agencyID=2001&PIID=2032H324C00029&modNumber=P00001&idvAgencyID=&idvPIID=&contractType=AWARD,"BLOOMBERG INDUSTRY GROUP, INC.",BLOOMBERG LAW FOR TAX POLICY
2/5/2025,20341524F00016,Department of Treasury,216007,161111,2/6/2025,TERMINATE FOR CONVENIENCE (COMPLETE OR PARTIAL),https://www.fpds.gov/ezsearch/jsp/viewLinkController.jsp?agencyID=2036&PIID=20341524F00016&modNumber=P00003&idvAgencyID=&idvPIID=03310323D0068&contractType=AWARD,"BLOOMBERG INDUSTRY GROUP, INC.",BLOOMBERG BGOV
2/5/2025,20340624F00003,Department of Treasury,20785,7156,2/6/2025,TERMINATE FOR CONVENIENCE (COMPLETE OR PARTIAL),https://www.fpds.gov/ezsearch/jsp/viewLinkController.jsp?agencyID=2036&PIID=20340624F00003&modNumber=P00003&idvAgencyID=&idvPIID=03310323D0068&contractType=AWARD,"BLOOMBERG INDUSTRY GROUP, INC.",BLOOMBERG ELECTRONIC DATABASE/PUBLICATION SUBSCRIPTION
2/5/2025,2031JW21P00009,Department of Treasury,129143,0,2/6/2025,TERMINATE FOR CONVENIENCE (COMPLETE OR PARTIAL),https://www.fpds.gov/ezsearch/jsp/viewLinkController.jsp?agencyID=2046&PIID=2031JW21P00009&modNumber=P00007&idvAgencyID=&idvPIID=&contractType=AWARD,"BLOOMBERG INDUSTRY GROUP, INC.",BLOOMBERG GOVERNMENT SUBSCRIPTION RENEWAL
2/5/2025,2032H322C00003,Department of Treasury,490759,183255,2/6/2025,TERMINATE FOR CONVENIENCE (COMPLETE OR PARTIAL),https://www.fpds.gov/ezsearch/jsp/viewLinkController.jsp?agencyID=2001&PIID=2032H322C00003&modNumber=P00010&idvAgencyID=&idvPIID=&contractType=AWARD,"BLOOMBERG INDUSTRY GROUP, INC.","SUBSCRIPTIONS TO THE BUREAU OF NATIONAL AFFAIRS INC. BLOOMBERG TAX (100 USERS) FOR OFFICE OF TAX POLICY, AND BLOOMBERG LAW INTERNATIONAL TRADE NEWS (10 USERS) FOR OFFICE OF INTERNATIONAL AFFAIRS"
2/5/2025,2033H624F00081,Department of Treasury,59641,40471,2/6/2025,TERMINATE FOR CONVENIENCE (COMPLETE OR PARTIAL),https://www.fpds.gov/ezsearch/jsp/viewLinkController.jsp?agencyID=2036&PIID=2033H624F00081&modNumber=P00001&idvAgencyID=&idvPIID=03310323D0068&contractType=AWARD,"BLOOMBERG INDUSTRY GROUP, INC.",BLOOMBERG GOVERNMENT SUBSCRIPTION
2/5/2025,2031JW21P00003,Department of Treasury,115630,0,2/6/2025,TERMINATE FOR CONVENIENCE (COMPLETE OR PARTIAL),https://www.fpds.gov/ezsearch/jsp/viewLinkController.jsp?agencyID=2046&PIID=2031JW21P00003&modNumber=P00007&idvAgencyID=&idvPIID=&contractType=AWARD,"POLITICO, LLC",POLITICO PRO SUBSCRIPTIONS
2/5/2025,20341521P00017,Department of Treasury,349668,89587,2/6/2025,TERMINATE FOR CONVENIENCE (COMPLETE OR PARTIAL),https://www.fpds.gov/ezsearch/jsp/viewLinkController.jsp?agencyID=2036&PIID=20341521P00017&modNumber=P00011&idvAgencyID=&idvPIID=&contractType=AWARD,"POLITICO, LLC",POLITICOPRO SUBSCRIPTIONS
2/5/2025,2032H324P00006,Department of Treasury,20982,0,2/6/2025,TERMINATE FOR CONVENIENCE (COMPLETE OR PARTIAL),https://www.fpds.gov/ezsearch/jsp/viewLinkController.jsp?agencyID=2001&PIID=2032H324P00006&modNumber=P00002&idvAgencyID=&idvPIID=&contractType=AWARD,"POLITICO, LLC",SUBSCRIPTION TO POLITICO PRO FOR THE TREASURY LIBRARY
2/5/2025,20341124F00056,Department of Treasury,16600,0,2/6/2025,TERMINATE FOR CONVENIENCE (COMPLETE OR PARTIAL),https://www.fpds.gov/ezsearch/jsp/viewLinkController.jsp?agencyID=2036&PIID=20341124F00056&modNumber=P00002&idvAgencyID=&idvPIID=03310323D0056&contractType=AWARD,"POLITICO, LLC",POLITICO PRO SUBSCRIPTION
1/22/2025,2031JW22F00011,Department of Treasury,121039,0,2/7/2025,TERMINATE FOR CONVENIENCE (COMPLETE OR PARTIAL),https://www.fpds.gov/ezsearch/jsp/viewLinkController.jsp?agencyID=2046&PIID=2031JW22F00011&modNumber=P00008&idvAgencyID=&idvPIID=03310321D0001&contractType=AWARD,"GARTNER, INC.",DIVERSITY AND INCLUSION WORKING COUNCIL MEMBERSHIP
1/22/2025,2032H323C00018,Department of Treasury,139958,39532,2/7/2025,TERMINATE FOR CONVENIENCE (COMPLETE OR PARTIAL),https://www.fpds.gov/ezsearch/jsp/viewLinkController.jsp?agencyID=2001&PIID=2032H323C00018&modNumber=P00004&idvAgencyID=&idvPIID=&contractType=AWARD,"FEDERAL MANAGEMENT PARTNERS, LLC","DIVERSITY, EQUITY, INCLUSION, AND ACCESSIBILITY (DEIA) SERVICES"
2/6/2025,20343024F00010,Department of Treasury,952215,589276,2/7/2025,TERMINATE FOR CONVENIENCE (COMPLETE OR PARTIAL),https://www.fpds.gov/ezsearch/jsp/viewLinkController.jsp?agencyID=2036&PIID=20343024F00010&modNumber=P00003&idvAgencyID=&idvPIID=03310323D0068&contractType=AWARD,"BLOOMBERG INDUSTRY GROUP, INC.",BLOOMBERG LAW SUBSCRIPTION
2/6/2025,20343224F00012,Department of Treasury,220181,178732,2/7/2025,TERMINATE FOR CONVENIENCE (COMPLETE OR PARTIAL),https://www.fpds.gov/ezsearch/jsp/viewLinkController.jsp?agencyID=2036&PIID=20343224F00012&modNumber=P00001&idvAgencyID=&idvPIID=03310323D0068&contractType=AWARD,"BLOOMBERG INDUSTRY GROUP, INC.",BLOOMBERG LAW SUBSCRIPTION
2/5/2025,2032H321C00023,Department of Treasury,158008,35738,2/10/2025,TERMINATE FOR CONVENIENCE (COMPLETE OR PARTIAL),https://www.fpds.gov/ezsearch/jsp/viewLinkController.jsp?agencyID=2001&PIID=2032H321C00023&modNumber=P00004&idvAgencyID=&idvPIID=&contractType=AWARD,NEW YORK TIMES CO,"SUBSCRIPTION WITH THE NEW YORK TIMES FOR THE OFFICE OF PTR, LIBRARY SERVICES"
1/22/2025,2031JW25P00001,Department of Treasury,213548,177548,2/10/2025,TERMINATE FOR CONVENIENCE (COMPLETE OR PARTIAL),https://www.fpds.gov/ezsearch/jsp/viewLinkController.jsp?agencyID=2046&PIID=2031JW25P00001&modNumber=P00001&idvAgencyID=&idvPIID=&contractType=AWARD,"THE CONFERENCE BOARD, INC.",RENEWAL OF THE CONFERENCE BOARD MEMBERSHIPS FOR HUMAN CAPITAL CENTER AND DATA & ANALYTICS EXECUTIVES COUNCIL
1/23/2025,2032H820A00001,Department of Treasury,7000000,7000000,2/10/2025,TERMINATE FOR CONVENIENCE (COMPLETE OR PARTIAL),https://www.fpds.gov/ezsearch/jsp/viewLinkController.jsp?agencyID=2050&PIID=2032H820A00001&modNumber=P00014&idvAgencyID=&idvPIID=47QREA18D000Y&contractType=IDV,"MANAGEMENT CONCEPTS, INC",TRAINING CLASSES FOR PROGRAM MANAGEMENT CERTIFICATION
1/28/2025,2031ZA25F00001,Department of Treasury,86448,0,2/10/2025,TERMINATE FOR CONVENIENCE (COMPLETE OR PARTIAL),https://www.fpds.gov/ezsearch/jsp/viewLinkController.jsp?agencyID=2041&PIID=2031ZA25F00001&modNumber=P00001&idvAgencyID=&idvPIID=2031ZA20A00018&contractType=AWARD,"INROADS, INC.",PRINTING SCHOLARS INTERNSHIP
1/28/2025,2031ZA25F00002,Department of Treasury,67149,0,2/10/2025,TERMINATE FOR CONVENIENCE (COMPLETE OR PARTIAL),https://www.fpds.gov/ezsearch/jsp/viewLinkController.jsp?agencyID=2041&PIID=2031ZA25F00002&modNumber=P00001&idvAgencyID=&idvPIID=2031ZA20A00019&contractType=AWARD,HISPANIC ASSOCIATION OF COLLEGES & UNIVERSITIES,PRINTING SCHOLARS INTERNSHIP
2/5/2025,2032H324F00060,Department of Treasury,41642,0,2/11/2025,TERMINATE FOR CONVENIENCE (COMPLETE OR PARTIAL),https://www.fpds.gov/ezsearch/jsp/viewLinkController.jsp?agencyID=2001&PIID=2032H324F00060&modNumber=P00001&idvAgencyID=&idvPIID=2032H320A00002&contractType=AWARD,"NNA, INC.",NEWSPAPER AND MAGAZINE DELIVERY SERVICES
2/5/2025,2032H324F00061,Department of Treasury,4998,0,2/11/2025,TERMINATE FOR CONVENIENCE (COMPLETE OR PARTIAL),https://www.fpds.gov/ezsearch/jsp/viewLinkController.jsp?agencyID=2001&PIID=2032H324F00061&modNumber=P00001&idvAgencyID=&idvPIID=2032H320A00002&contractType=AWARD,"NNA, INC.",BPA FOR NEWSPAPER AND MAGAZINE DELIVERY SERVICES TO TREASURY  DEPARTMENTAL OFFICES
1/29/2025,20346424A00009,Department of Treasury,6900000,6900000,2/12/2025,TERMINATE FOR CONVENIENCE (COMPLETE OR PARTIAL),https://www.fpds.gov/ezsearch/jsp/viewLinkController.jsp?agencyID=2036&PIID=20346424A00009&modNumber=P00002&idvAgencyID=&idvPIID=GS35F0481Y&contractType=IDV,FEDTEC LLC,BPA SET-UP FOR CLIMATE CORPS
2/12/2025,20343021F00071,Department of Treasury,515301,0,2/13/2025,TERMINATE FOR CONVENIENCE (COMPLETE OR PARTIAL),https://www.fpds.gov/ezsearch/jsp/viewLinkController.jsp?agencyID=2036&PIID=20343021F00071&modNumber=P00010&idvAgencyID=&idvPIID=NNG15SC83B&contractType=AWARD,NORSEMAN INC,SOCIAL MEDIA PUBLISHING AND ANALYSIS TOOL- SPRINKLR
2/13/2025,20343024C00002,Department of Treasury,693961,357236,2/14/2025,TERMINATE FOR CONVENIENCE (COMPLETE OR PARTIAL),https://www.fpds.gov/ezsearch/jsp/viewLinkController.jsp?agencyID=2036&PIID=20343024C00002&modNumber=P00003&idvAgencyID=&idvPIID=&contractType=AWARD,PRACTISING LAW INSTITUTE,ENTERPRISE PRIVILEGED MEMBERSHIP AND DISCOVERY PLUS ELIBRARY
1/23/2025,2023H218F00058,Department of Treasury,222145,0,1/23/2025,CLOSE OUT,https://www.fpds.gov/ezsearch/jsp/viewLinkController.jsp?agencyID=2050&PIID=2023H218F00058&modNumber=P00002&idvAgencyID=&idvPIID=GS27F011AA&contractType=AWARD,"RANDALL BUSINESS INTERIORS, INC.",PURCHASE OF INSTALLATION AND DE-INSTALLATION OF EXISTING WORKSTATIONS TO BE PERFORM IN TWO PHASES ON VARIOUS DESIGNATED FLOORS AT 999 NORTH CAPITAL STREET 5TH FLOOR WASHINGTON DC. PLEASE SEE DETAILS IN ATTACHED STATEMENT OF WORK AND AS STATED ON CONTRACTOR'S QUOTE.
1/27/2025,2023H220F00031,Department of Treasury,12477,0,1/27/2025,CLOSE OUT,https://www.fpds.gov/ezsearch/jsp/viewLinkController.jsp?agencyID=2050&PIID=2023H220F00031&modNumber=P00003&idvAgencyID=&idvPIID=GS33F0002V&contractType=AWARD,"CRS-CORPORATE RELOCATION SYSTEMS, INC",DE-INSTALL DISPOSAL  REINSTALL EXIXTING FURNITURE
1/27/2025,2031JW20F00024,Department of Treasury,4696224,0,1/27/2025,CLOSE OUT,https://www.fpds.gov/ezsearch/jsp/viewLinkController.jsp?agencyID=2046&PIID=2031JW20F00024&modNumber=P00011&idvAgencyID=&idvPIID=47QTCA18D0081&contractType=AWARD,"EXECUTIVE INFORMATION SYSTEMS, L.L.C.",SAS ANNUAL SOFTWARE RENEWAL
1/24/2025,2031ZA20A00019,Department of Treasury,255613,255613,1/24/2025,OTHER ADMINISTRATIVE ACTION,https://www.fpds.gov/ezsearch/jsp/viewLinkController.jsp?agencyID=2041&PIID=2031ZA20A00019&modNumber=P00008&idvAgencyID=&idvPIID=GS02F0110Y&contractType=IDV,HISPANIC ASSOCIATION OF COLLEGES & UNIVERSITIES,PRINTING SCHOLARS INTERNSHIP PROGRAM BPA
1/23/2025,2032H323F00026,Department of Treasury,12605,0,1/23/2025,CLOSE OUT,https://www.fpds.gov/ezsearch/jsp/viewLinkController.jsp?agencyID=2001&PIID=2032H323F00026&modNumber=P00001&idvAgencyID=&idvPIID=2032H319A00002&contractType=AWARD,"MARTIN - MISER ASSOCIATES, INC",EEO INVESTIGATION SERVICES CALL ORDER
1/23/2025,2032H323F00031,Department of Treasury,8490,0,1/23/2025,CLOSE OUT,https://www.fpds.gov/ezsearch/jsp/viewLinkController.jsp?agencyID=2001&PIID=2032H323F00031&modNumber=P00001&idvAgencyID=&idvPIID=2032H319A00002&contractType=AWARD,"MARTIN - MISER ASSOCIATES, INC",EEO INVESTIGATION SERVICES CALL ORDER 5
1/23/2025,2032H323F00062,Department of Treasury,28300,0,1/23/2025,CLOSE OUT,https://www.fpds.gov/ezsearch/jsp/viewLinkController.jsp?agencyID=2001&PIID=2032H323F00062&modNumber=P00001&idvAgencyID=&idvPIID=2032H319A00002&contractType=AWARD,"MARTIN - MISER ASSOCIATES, INC",EEO SERVICES CALL ORDER 6
1/24/2025,2032H323F00107,Department of Treasury,139921,0,1/24/2025,CLOSE OUT,https://www.fpds.gov/ezsearch/jsp/viewLinkController.jsp?agencyID=2001&PIID=2032H323F00107&modNumber=P00001&idvAgencyID=&idvPIID=2032H321A00010&contractType=AWARD,"BETAH ASSOCIATES, INC.",TREASURY ADMINISTRATIVE SERVICES CALL ORDER 8
1/24/2025,2032H323F00118,Department of Treasury,8537,0,1/24/2025,CLOSE OUT,https://www.fpds.gov/ezsearch/jsp/viewLinkController.jsp?agencyID=2001&PIID=2032H323F00118&modNumber=P00001&idvAgencyID=&idvPIID=2032H321A00010&contractType=AWARD,"BETAH ASSOCIATES, INC.",TREASURY ADMINISTRATIVE SERVICES CALL ORDER 10
1/22/2025,2033H624F00144,Department of Treasury,82590,0,1/22/2025,FUNDING ONLY ACTION,https://www.fpds.gov/ezsearch/jsp/viewLinkController.jsp?agencyID=2036&PIID=2033H624F00144&modNumber=P00003&idvAgencyID=&idvPIID=2032H321A00003&contractType=AWARD,"INROADS, INC.","PROVIDE DIVISION OF DIVERSITY, EQUITY, INCLUSION AND ACCESSIBILITY OUTREACH"
1/29/2025,47QFMA25F0005,Department of Treasury,2337505,1956691,1/29/2025,BLANK REASON FOR MODIFICATION IN FPDS,https://www.fpds.gov/ezsearch/jsp/viewLinkController.jsp?agencyID=4732&PIID=47QFMA25F0005&modNumber=0&idvAgencyID=&idvPIID=47QFMA20A0001&contractType=AWARD,APTIVE RESOURCES LLC,OPM RECRUITMENT AND BRANDING BPA - DEPARTMENT OF TREASURY OFFICE OF FINANCIAL RESEARCH OFR - CALL 30
1/29/2025,36C25722F0129,Department of Veterans Affairs,73200,31013,1/29/2025,TERMINATE FOR CONVENIENCE (COMPLETE OR PARTIAL),https://www.fpds.gov/ezsearch/jsp/viewLinkController.jsp?agencyID=3600&PIID=36C25722F0129&modNumber=P00003&idvAgencyID=&idvPIID=47QSEA20D000C&contractType=AWARD,"EBSCO INDUSTRIES, INC.",SWRC & LGBTQ+ DATABASE SUBSCRIPTION
2/6/2025,36C10X20C0062,Department of Veterans Affairs,178202,0,2/7/2025,TERMINATE FOR CONVENIENCE (COMPLETE OR PARTIAL),https://www.fpds.gov/ezsearch/jsp/viewLinkController.jsp?agencyID=3600&PIID=36C10X20C0062&modNumber=P00006&idvAgencyID=&idvPIID=&contractType=AWARD,"POLITICO, LLC","THE PURPOSE OF THIS AWARD IF TO OBTAIN VHA, WEB-BASED DATABASE SUBSCRIPTION NEWS SERVICES FOCUSED ON VETERAN'S HEALTHCARE LEGISLATIVE AND REGULATORY POLICY."
1/22/2025,36C10X24C0035,Department of Veterans Affairs,289778,0,2/10/2025,TERMINATE FOR CONVENIENCE (COMPLETE OR PARTIAL),https://www.fpds.gov/ezsearch/jsp/viewLinkController.jsp?agencyID=3600&PIID=36C10X24C0035&modNumber=P00001&idvAgencyID=&idvPIID=&contractType=AWARD,EMPLOYMENT LEARNING INNOVATIONS INC,CIVIL TREATMENT TRAINING COURSES
2/7/2025,36C10X24P0056,Department of Veterans Affairs,15000,0,2/10/2025,TERMINATE FOR CONVENIENCE (COMPLETE OR PARTIAL),https://www.fpds.gov/ezsearch/jsp/viewLinkController.jsp?agencyID=3600&PIID=36C10X24P0056&modNumber=P00002&idvAgencyID=&idvPIID=&contractType=AWARD,OUT & EQUAL,"GOVERNMENT PLUS MEMBERSHIP/SPONSORSHIP PACKAGE OR DEPARTMENT OF VETERANS AFFAIRS, OFFICE OF THE SECRETARY"
1/31/2025,36C25723F0016,Department of Veterans Affairs,1089850,461736,2/11/2025,TERMINATE FOR CONVENIENCE (COMPLETE OR PARTIAL),https://www.fpds.gov/ezsearch/jsp/viewLinkController.jsp?agencyID=3600&PIID=36C25723F0016&modNumber=P00003&idvAgencyID=&idvPIID=47QSEA20D000C&contractType=AWARD,"EBSCO INDUSTRIES, INC.","HEALTHCARE DATABASE SUBSCRIPTION, LIBRARY SERVICES"
1/29/2025,36C26123F0486,Department of Veterans Affairs,298021,175141,1/29/2025,OTHER ADMINISTRATIVE ACTION,https://www.fpds.gov/ezsearch/jsp/viewLinkController.jsp?agencyID=3600&PIID=36C26123F0486&modNumber=P00004&idvAgencyID=&idvPIID=47QRAA18D007Y&contractType=AWARD,"DYNAMIC INTEGRATED SERVICES, LLC",WOMEN'S CLINIC EQUITY BOOST SAN FRANCISCO VA MEDICAL CENTER
2/5/2025,140L0123P0018,Department of the Interior,719271,383931,2/5/2025,TERMINATE FOR CONVENIENCE (COMPLETE OR PARTIAL),https://www.fpds.gov/ezsearch/jsp/viewLinkController.jsp?agencyID=1422&PIID=140L0123P0018&modNumber=P00002&idvAgencyID=&idvPIID=&contractType=AWARD,"POLITICO, LLC",E&E NEWS SUITE SUBSCRIPTION FOR THE BLM
2/5/2025,140T0124P0015,Department of the Interior,14520,0,2/5/2025,TERMINATE FOR CONVENIENCE (COMPLETE OR PARTIAL),https://www.fpds.gov/ezsearch/jsp/viewLinkController.jsp?agencyID=1404&PIID=140T0124P0015&modNumber=P00002&idvAgencyID=&idvPIID=&contractType=AWARD,"POLITICO, LLC",E&E NEWS SERVICE SUBSCRIPTION AS DESCRIBED IN THE ATTACHED QUOTE.
2/5/2025,140F0422P0026,Department of the Interior,797756,175486,2/5/2025,TERMINATE FOR CONVENIENCE (COMPLETE OR PARTIAL),https://www.fpds.gov/ezsearch/jsp/viewLinkController.jsp?agencyID=1448&PIID=140F0422P0026&modNumber=P00004&idvAgencyID=&idvPIID=&contractType=AWARD,"POLITICO, LLC",ON-LINE NEWS SUBSCRIPTION
2/6/2025,140M0122P0013,Department of the Interior,120500,51752,2/6/2025,TERMINATE FOR CONVENIENCE (COMPLETE OR PARTIAL),https://www.fpds.gov/ezsearch/jsp/viewLinkController.jsp?agencyID=1435&PIID=140M0122P0013&modNumber=P00003&idvAgencyID=&idvPIID=&contractType=AWARD,"POLITICO, LLC",E&E NEWS ONLINE PUBLICATION SUBSCRIPTION
2/6/2025,140M0121P0036,Department of the Interior,81720,24745,2/6/2025,TERMINATE FOR CONVENIENCE (COMPLETE OR PARTIAL),https://www.fpds.gov/ezsearch/jsp/viewLinkController.jsp?agencyID=1435&PIID=140M0121P0036&modNumber=P00004&idvAgencyID=&idvPIID=&contractType=AWARD,"POLITICO, LLC",E&E NEWS DIRECTOR'S OFFICE
2/6/2025,140M0122P0034,Department of the Interior,66324,41730,2/6/2025,TERMINATE FOR CONVENIENCE (COMPLETE OR PARTIAL),https://www.fpds.gov/ezsearch/jsp/viewLinkController.jsp?agencyID=1435&PIID=140M0122P0034&modNumber=P00002&idvAgencyID=&idvPIID=&contractType=AWARD,"POLITICO, LLC",E & E NEWS
2/4/2025,140L5725F0007,Department of the Interior,,,2/10/2025,TERMINATE FOR CONVENIENCE (COMPLETE OR PARTIAL),https://www.fpds.gov/ezsearch/jsp/viewLinkController.jsp?agencyID=1422&PIID=140L5725F0007&modNumber=P00001&idvAgencyID=&idvPIID=140L0623A0012&contractType=AWARD,,
1/29/2025,47QFMA24F0008,Department of the Interior,3708799,3145324,1/29/2025,FUNDING ONLY ACTION,https://www.fpds.gov/ezsearch/jsp/viewLinkController.jsp?agencyID=4732&PIID=47QFMA24F0008&modNumber=P00004&idvAgencyID=&idvPIID=47QFMA20A0001&contractType=AWARD,APTIVE RESOURCES LLC,NATIONAL PARK SERVICE NPS RECRUITMENT AND BRANDING SUPPORT OPM BPA CALL 24
1/27/2025,140L0123F0118,Department of the Interior,389493,0,1/29/2025,CLOSE OUT,https://www.fpds.gov/ezsearch/jsp/viewLinkController.jsp?agencyID=1422&PIID=140L0123F0118&modNumber=P00003&idvAgencyID=&idvPIID=47QRAA18D00EN&contractType=AWARD,CIRCUIT MEDIA LLC,DIVERSITY MARKETING SUPPORT SERVICES
Termination in progress,140D0422F0941,Department of the Interior,579949,0,2/3/2025,OTHER ADMINISTRATIVE ACTION,https://www.fpds.gov/ezsearch/jsp/viewLinkController.jsp?agencyID=1406&PIID=140D0422F0941&modNumber=P00001&idvAgencyID=&idvPIID=GS10F0136X&contractType=AWARD,"INSIGHT POLICY RESEARCH, INC.",THE UNITED STATES DEPARTMENT OF AGRICULTURE (USDA) FOOD AND NUTRITION SERVICE (FNS) IS SEEKING A QUALIFIED CONTRACTOR TO CONDUCT A STUDY THAT WILL RESULT IN A ROAD MAP OF OPTIONS FOR FNS TO CONSIDER IN DEVELOPING A PLAN TO ASSESS AND MONITOR EQUITY I
Termination in progress,140D0422F0961,Department of the Interior,550942,0,2/3/2025,BLANK REASON FOR MODIFICATION IN FPDS,https://www.fpds.gov/ezsearch/jsp/viewLinkController.jsp?agencyID=1406&PIID=140D0422F0961&modNumber=0&idvAgencyID=&idvPIID=47QRAA18D003Z&contractType=AWARD,THE URBAN INSTITUTE,RACIAL AND ETHNIC DISPARITIES IN HUMAN SERVICES ANALYSIS EXECUTION PROJECT OR RED-X 2.0
Termination in progress,140D0423F1306,Department of the Interior,248065,0,2/3/2025,OTHER ADMINISTRATIVE ACTION,https://www.fpds.gov/ezsearch/jsp/viewLinkController.jsp?agencyID=1406&PIID=140D0423F1306&modNumber=P00002&idvAgencyID=&idvPIID=GS10F0281S&contractType=AWARD,SOCIAL POLICY RESEARCH ASSOCIATES INC,USDA FNS BUILDING EQUITY IN RESEARCH.
2/4/2025,140G0123C0005,Department of the Interior,4210000,0,2/5/2025,FUNDING ONLY ACTION,https://www.fpds.gov/ezsearch/jsp/viewLinkController.jsp?agencyID=1434&PIID=140G0123C0005&modNumber=P00002&idvAgencyID=&idvPIID=&contractType=AWARD,NEW MEXICO STATE UNIVERSITY,GROUNDWATER EXPLORATION AND ASSESSMENT IN THE ISLAMIC REPUBLIC OF MAURITANIA
2/5/2025,140D0425F0086,Department of the Interior,152545,124940,2/5/2025,BLANK REASON FOR MODIFICATION IN FPDS,https://www.fpds.gov/ezsearch/jsp/viewLinkController.jsp?agencyID=1406&PIID=140D0425F0086&modNumber=0&idvAgencyID=&idvPIID=03310323D0056&contractType=AWARD,"POLITICO, LLC",E&E NEWS SUBSCRIPTION SERVICES
2/5/2025,140D0424F0093,Department of the Interior,147227,96584,2/5/2025,EXERCISE AN OPTION,https://www.fpds.gov/ezsearch/jsp/viewLinkController.jsp?agencyID=1406&PIID=140D0424F0093&modNumber=P00001&idvAgencyID=&idvPIID=03310323D0056&contractType=AWARD,"POLITICO, LLC","ONLINE E-SUBSCRIPTION SERVICES TO INCLUDE : ENERGYWIRE, CLIMATEWIRE, E&E DAILY, GREENWIRE, E&E NEWS PM,  ENERGYWIRE PROVIDES BROAD COVERAGE OF BUSINESS AND POLITICAL ISSUES SURROUNDING THE  UNCONVENTIONAL ENERGY INDUSTRY, BOTH NATIONALLY AN"
2/5/2025,140D0424F0919,Department of the Interior,8000,0,2/5/2025,OTHER ADMINISTRATIVE ACTION,https://www.fpds.gov/ezsearch/jsp/viewLinkController.jsp?agencyID=1406&PIID=140D0424F0919&modNumber=P00001&idvAgencyID=&idvPIID=03310323D0056&contractType=AWARD,"POLITICO, LLC","E&E NEWS SUBSCRIPTION TO INCLUDE CLIMATEWIRE, ENERGYWIRE, GREENWIRE, DAILY, AND NEWS PM."
2/5/2025,140R8124P0060,Department of the Interior,62500,0,2/5/2025,BLANK REASON FOR MODIFICATION IN FPDS,https://www.fpds.gov/ezsearch/jsp/viewLinkController.jsp?agencyID=1425&PIID=140R8124P0060&modNumber=0&idvAgencyID=&idvPIID=&contractType=AWARD,"POLITICO, LLC",E&E NEWS SUBSCRIPTION RENEWAL
2/5/2025,140R8125P0034,Department of the Interior,,,2/5/2025,BLANK REASON FOR MODIFICATION IN FPDS,https://www.fpds.gov/ezsearch/jsp/viewLinkController.jsp?agencyID=1425&PIID=140R8125P0034&modNumber=0&idvAgencyID=&idvPIID=&contractType=AWARD,,
2/5/2025,140G0124P0113,Department of the Interior,86026,71935,2/5/2025,BLANK REASON FOR MODIFICATION IN FPDS,https://www.fpds.gov/ezsearch/jsp/viewLinkController.jsp?agencyID=1434&PIID=140G0124P0113&modNumber=0&idvAgencyID=&idvPIID=&contractType=AWARD,"POLITICO, LLC",E&E PUBLISHING SUBSCRIPTION
2/5/2025,140G0124P0034,Department of the Interior,146517,96119,2/5/2025,EXERCISE AN OPTION,https://www.fpds.gov/ezsearch/jsp/viewLinkController.jsp?agencyID=1434&PIID=140G0124P0034&modNumber=P00001&idvAgencyID=&idvPIID=&contractType=AWARD,"POLITICO, LLC",E&E ANNUAL SUBSCRIPTION
2/5/2025,140D0422F0787,Department of the Interior,215897,92723,2/5/2025,EXERCISE AN OPTION,https://www.fpds.gov/ezsearch/jsp/viewLinkController.jsp?agencyID=1406&PIID=140D0422F0787&modNumber=P00003&idvAgencyID=&idvPIID=03310319D0071&contractType=AWARD,"POLITICO, LLC",E&E SUBSCRIPTION SERVICES
2/5/2025,140D0423F0094,Department of the Interior,148670,99676,2/5/2025,EXERCISE AN OPTION,https://www.fpds.gov/ezsearch/jsp/viewLinkController.jsp?agencyID=1406&PIID=140D0423F0094&modNumber=P00001&idvAgencyID=&idvPIID=03310319D0071&contractType=AWARD,"POLITICO, LLC","OBTAIN ONLINE PUBLICATION SERVICES FROM POLITICAL LLC FOR A BASE YEAR AND FOUR OPTION YEAR SUBSCRIPTIONS FOR THE DEPARTMENT OF THE INTERIOR (DOI) OFFICE OF THE SOLICITOR, WHICH WILL ACCOMMODATE APPROXIMATELY 500 USERS."
2/5/2025,140D0422F0009,Department of the Interior,232875,51175,2/5/2025,EXERCISE AN OPTION,https://www.fpds.gov/ezsearch/jsp/viewLinkController.jsp?agencyID=1406&PIID=140D0422F0009&modNumber=P00005&idvAgencyID=&idvPIID=03310319D0071&contractType=AWARD,"POLITICO, LLC",FIRM-FIXED PRICE TASK ORDER FOR ANNUAL SUBSCRIPTION TO THE GOVERNMENT RELATIONS WEB SERVICE POLITICO  PRO PLUS ON BEHALF OF THE DOI IMMEDIATE OFFICE OF THE SECRETARY (IOS).
2/5/2025,140D0423F0735,Department of the Interior,65813,43175,2/5/2025,OTHER ADMINISTRATIVE ACTION,https://www.fpds.gov/ezsearch/jsp/viewLinkController.jsp?agencyID=1406&PIID=140D0423F0735&modNumber=P00002&idvAgencyID=&idvPIID=03310319D0071&contractType=AWARD,"POLITICO, LLC",OFFICE OF RESTORATION AND DAMAGE ASSESSMENT'S PROCUREMENT OF SUBSCRIPTIONS FOR POLITICO
2/5/2025,140G0121P0421,Department of the Interior,72814,25855,2/5/2025,EXERCISE AN OPTION,https://www.fpds.gov/ezsearch/jsp/viewLinkController.jsp?agencyID=1434&PIID=140G0121P0421&modNumber=P00003&idvAgencyID=&idvPIID=&contractType=AWARD,"POLITICO, LLC",E&E NEWS SUBSCRIPTION
2/5/2025,140P2121P0047,Department of the Interior,1105125,243100,2/5/2025,EXERCISE AN OPTION,https://www.fpds.gov/ezsearch/jsp/viewLinkController.jsp?agencyID=1443&PIID=140P2121P0047&modNumber=P00004&idvAgencyID=&idvPIID=&contractType=AWARD,"POLITICO, LLC",NR-IOA-55-NEW CONTRACT E&E SUBSCRIPTION
2/6/2025,140D0424F1165,Department of the Interior,555958,445017,2/6/2025,SUPPLEMENTAL AGREEMENT FOR WORK WITHIN SCOPE,https://www.fpds.gov/ezsearch/jsp/viewLinkController.jsp?agencyID=1406&PIID=140D0424F1165&modNumber=P00003&idvAgencyID=&idvPIID=140D0423A0072&contractType=AWARD,"BB&E, INC.",ENVIRONMENTAL AND SUSTAINABILITY PROGRAM
2/6/2025,140L5423F0004,Department of the Interior,915739,58607,2/6/2025,OTHER ADMINISTRATIVE ACTION,https://www.fpds.gov/ezsearch/jsp/viewLinkController.jsp?agencyID=1422&PIID=140L5423F0004&modNumber=P00003&idvAgencyID=&idvPIID=47QRAA23D0018&contractType=AWARD,ENVIRONMENTAL MANAGEMENT & PLANNING SOLUTIONS LLC,UNCOMPAHGRE FIELD OFFICE RESOURCE MANAGEMENT PLAN (RMP)  AMENDMENT AND ENVIRONMENTAL IMPACT STUDY (EIS)
2/5/2025,140D0421P0137,Department of the Interior,448373,109395,2/6/2025,EXERCISE AN OPTION,https://www.fpds.gov/ezsearch/jsp/viewLinkController.jsp?agencyID=1406&PIID=140D0421P0137&modNumber=P00007&idvAgencyID=&idvPIID=&contractType=AWARD,"POLITICO, LLC",E&E NEWS
2/6/2025,140G0124P0035,Department of the Interior,268088,194048,2/6/2025,EXERCISE AN OPTION,https://www.fpds.gov/ezsearch/jsp/viewLinkController.jsp?agencyID=1434&PIID=140G0124P0035&modNumber=P00001&idvAgencyID=&idvPIID=&contractType=AWARD,"POLITICO, LLC",POLITICO - EMA
2/6/2025,140S0323P0004,Department of the Interior,164672,125162,2/6/2025,EXERCISE AN OPTION,https://www.fpds.gov/ezsearch/jsp/viewLinkController.jsp?agencyID=1438&PIID=140S0323P0004&modNumber=P00001&idvAgencyID=&idvPIID=&contractType=AWARD,"POLITICO, LLC",POLITICO E&E PUBLISHING RENEWAL
2/6/2025,140D0423F0336,Department of the Interior,89962,64236,2/6/2025,EXERCISE AN OPTION,https://www.fpds.gov/ezsearch/jsp/viewLinkController.jsp?agencyID=1406&PIID=140D0423F0336&modNumber=P00002&idvAgencyID=&idvPIID=03310319D0071&contractType=AWARD,"POLITICO, LLC",POLITICO  - E&E NEWS AND GREENWIRE OFFICE OF NATURAL RESOURCES REVENUE (ONRR)
2/6/2025,140D0423P0138,Department of the Interior,64282,42356,2/6/2025,OTHER ADMINISTRATIVE ACTION,https://www.fpds.gov/ezsearch/jsp/viewLinkController.jsp?agencyID=1406&PIID=140D0423P0138&modNumber=P00004&idvAgencyID=&idvPIID=&contractType=AWARD,"POLITICO, LLC","ONLINE SUBSCRIPTION TO POLITICO LLC, E&E NEWS SERVICE (UP TO 6 LICENSES)"
2/6/2025,140P2123P0022,Department of the Interior,61127,21575,2/6/2025,EXERCISE AN OPTION,https://www.fpds.gov/ezsearch/jsp/viewLinkController.jsp?agencyID=1443&PIID=140P2123P0022&modNumber=P00001&idvAgencyID=&idvPIID=&contractType=AWARD,"POLITICO, LLC",LEGISLATIVE RESEARCH TOOL
2/6/2025,140D0424F0302,Department of the Interior,59190,48690,2/6/2025,EXERCISE AN OPTION,https://www.fpds.gov/ezsearch/jsp/viewLinkController.jsp?agencyID=1406&PIID=140D0424F0302&modNumber=P00003&idvAgencyID=&idvPIID=03310323D0056&contractType=AWARD,"POLITICO, LLC","DOI, POB"
2/6/2025,140D0423P0077,Department of the Interior,36500,0,2/6/2025,OTHER ADMINISTRATIVE ACTION,https://www.fpds.gov/ezsearch/jsp/viewLinkController.jsp?agencyID=1406&PIID=140D0423P0077&modNumber=P00004&idvAgencyID=&idvPIID=&contractType=AWARD,"POLITICO, LLC","ONLINE SUBSCRIPTION TO POLITICO LLC, E&E NEWS SERVICE (UP TO 20 LICENSES)"
1/30/2025,140R3022F0053,Department of the Interior,81175,0,2/12/2025,CLOSE OUT,https://www.fpds.gov/ezsearch/jsp/viewLinkController.jsp?agencyID=1425&PIID=140R3022F0053&modNumber=P00004&idvAgencyID=&idvPIID=INR17PA00028&contractType=AWARD,TIERRA RIGHT OF WAY SERVICES LTD,"PHOENIX AREA OFFICE (PXAO) PROPOSES TO CONDUCT A CLASS III (INTENSIVE) CULTURAL RESOURCES SURVEY OF BETWEEN 329.26 AND 1,440.94 ACRES OF RECLAMATION FEE LAND (FIGURE 1).  THE PROJECT AREA IS LOCATED WITHIN THE BOUNDARY OF THE TUCSON MITIGATION CORRID"
1/24/2025,68HERC24A0012,Environmental Protection Agency,15000000,15000000,1/24/2025,TERMINATE FOR CONVENIENCE (COMPLETE OR PARTIAL),https://www.fpds.gov/ezsearch/jsp/viewLinkController.jsp?agencyID=6800&PIID=68HERC24A0012&modNumber=P00002&idvAgencyID=&idvPIID=GS02F156AA&contractType=IDV,BUSINESS MANAGEMENT ASSOCIATES INC.,"DIVERSITY, EQUITY, INCLUSION, AND ACCESSIBILITY (DEIA) ENTERPRISE SERVICES BLANKET PURCHASE AGREEMENTS (BPAS)"
1/24/2025,68HERC24A0014,Environmental Protection Agency,15000000,15000000,1/24/2025,TERMINATE FOR CONVENIENCE (COMPLETE OR PARTIAL),https://www.fpds.gov/ezsearch/jsp/viewLinkController.jsp?agencyID=6800&PIID=68HERC24A0014&modNumber=P00002&idvAgencyID=&idvPIID=GS00F120DA&contractType=IDV,JEFFERSON CONSULTING GROUP LLC,"DIVERSITY, EQUITY, INCLUSION, AND ACCESSIBILITY (DEIA) ENTERPRISE SERVICES BLANKET PURCHASE AGREEMENTS (BPAS)"
1/24/2025,68HERC24A0013,Environmental Protection Agency,15000000,15000000,1/24/2025,TERMINATE FOR CONVENIENCE (COMPLETE OR PARTIAL),https://www.fpds.gov/ezsearch/jsp/viewLinkController.jsp?agencyID=6800&PIID=68HERC24A0013&modNumber=P00002&idvAgencyID=&idvPIID=GS35F013CA&contractType=IDV,"FEDERAL MANAGEMENT PARTNERS, LLC","DIVERSITY, EQUITY, INCLUSION, AND ACCESSIBILITY (DEIA) ENTERPRISE SERVICES BLANKET PURCHASE AGREEMENTS (BPAS)"
1/24/2025,68HERC23P0042,Environmental Protection Agency,95922,0,2/7/2025,TERMINATE FOR CONVENIENCE (COMPLETE OR PARTIAL),https://www.fpds.gov/ezsearch/jsp/viewLinkController.jsp?agencyID=6800&PIID=68HERC23P0042&modNumber=P00004&idvAgencyID=&idvPIID=&contractType=AWARD,"GARTNER, INC.","TO PURCHASE A TWO YEAR SUBSCRIPTION WITH GARTNER HR LEADERS TO OBTAIN RESEARCH AND ADVISORY SERVICES COVERING EMPLOYEE EXPERIENCE, DIVERSITY, EQUITY, INCLUSION AND ACCESSIBILITY, AND WORK LIFE INTEGRATION."
2/7/2025,68HERH24P0156,Environmental Protection Agency,179409,0,2/10/2025,TERMINATE FOR CONVENIENCE (COMPLETE OR PARTIAL),https://www.fpds.gov/ezsearch/jsp/viewLinkController.jsp?agencyID=6800&PIID=68HERH24P0156&modNumber=P00001&idvAgencyID=&idvPIID=&contractType=AWARD,"POLITICO, LLC",POLITICO PRO PLUS/PRO ANALYSIS SUBSCRIPTION TO CONSOLIDATE 4 PROGRAM OFFICES FOR 117 USERS-1-YEAR SUBSCRIPTION.
2/7/2025,68HERD23P0034,Environmental Protection Agency,545710,0,2/10/2025,TERMINATE FOR CONVENIENCE (COMPLETE OR PARTIAL),https://www.fpds.gov/ezsearch/jsp/viewLinkController.jsp?agencyID=6800&PIID=68HERD23P0034&modNumber=P00003&idvAgencyID=&idvPIID=&contractType=AWARD,"POLITICO, LLC","E&E NEWS 12 MONTH BASE PERIOD AND 12 MONTH OPTION PERIOD SUBSCRIPTION ACCESS FOR FIVE SCIENTIFIC AND POLICY PUBLICATIONS: ENERGYWIRE, CLIMATEWIRE, GREENWIRE, E&E DAILY, AND E&E NEWSPM."
1/24/2025,68HERH24P0143,Environmental Protection Agency,180000,0,1/24/2025,OTHER ADMINISTRATIVE ACTION,https://www.fpds.gov/ezsearch/jsp/viewLinkController.jsp?agencyID=6800&PIID=68HERH24P0143&modNumber=P00002&idvAgencyID=&idvPIID=&contractType=AWARD,LIGHTHOUSE STRATEGY CONSULTING LLC,"CONSULTING SERVICES TO DEVELOP A COMPREHENSIVE PLAN AND STRATEGY WHICH ADDRESSES DIVERSITY, EQUITY, INCLUSION, ACCESSIBILITY, AND STAFF ENGAGEMENT IN A WAY THAT IS MEANINGFUL, RELEVANT, AND APPROPRIATE FOR A STEM AUDIENCE. TRAINING OFFERED SHOULD BE"
2/6/2025,89243623FCD000005,Environmental Protection Agency,328561,191199,2/13/2025,OTHER ADMINISTRATIVE ACTION,https://www.fpds.gov/ezsearch/jsp/viewLinkController.jsp?agencyID=8900&PIID=89243623FCD000005&modNumber=P00006&idvAgencyID=&idvPIID=03310319D0071&contractType=AWARD,"POLITICO, LLC","20, ONE-YEAR E&E PUBLISHING LLC (DBA POLITICO LLC) SUBSCRIPTIONS FOR 5 PUBLICATIONS"
2/6/2025,89303021CLP000012,Environmental Protection Agency,165768,36465,2/13/2025,OTHER ADMINISTRATIVE ACTION,https://www.fpds.gov/ezsearch/jsp/viewLinkController.jsp?agencyID=8900&PIID=89303021CLP000012&modNumber=P00004&idvAgencyID=&idvPIID=&contractType=AWARD,"POLITICO, LLC","SUBSCRIPTION TO E&E NEWS (POLITICO) LLC FOR ENERGYWIRE, CLIMATEWIRE, E&E DAILY, GREENWIRE, AND E&E NEWS PM FOR LPO'S USE PROGRAM-WIDE."
2/6/2025,89303022CIM000010,Environmental Protection Agency,184915,55610,2/13/2025,EXERCISE AN OPTION,https://www.fpds.gov/ezsearch/jsp/viewLinkController.jsp?agencyID=8900&PIID=89303022CIM000010&modNumber=P00004&idvAgencyID=&idvPIID=&contractType=AWARD,"POLITICO, LLC",THIS IS A FIRM FIXED PRICE SINGLE SOURCE ACQUISITION TO RECEIVE E&E NEWS PUBLICATIONS.
2/6/2025,89303022PMA000265,Environmental Protection Agency,98665,0,2/13/2025,FUNDING ONLY ACTION,https://www.fpds.gov/ezsearch/jsp/viewLinkController.jsp?agencyID=8900&PIID=89303022PMA000265&modNumber=P00003&idvAgencyID=&idvPIID=&contractType=AWARD,"POLITICO, LLC","AWARD 30 USER SEAT LICENSE CONTRACT TO POLITICO LLC DBA E&E NEWS FOR 12 MOS DIGITAL SUBSCRIPTIONS WITHIN THE OFFICE OF THE SECRETARY IN THE AMOUNT OF $29,808.00 FOR THE PERIOD 05/04/2022-05/03-2022.  ATTACHED: E&E QUOTE AND SUBSCRIBER LIST"
2/6/2025,89303023PFE000093,Environmental Protection Agency,115180,0,2/13/2025,FUNDING ONLY ACTION,https://www.fpds.gov/ezsearch/jsp/viewLinkController.jsp?agencyID=8900&PIID=89303023PFE000093&modNumber=P00001&idvAgencyID=&idvPIID=&contractType=AWARD,"POLITICO, LLC",POLITICO PRO PLUS ONE YEAR SUBSCRIPTION FOR 25 USERS.
2/6/2025,89303023PPA000011,Environmental Protection Agency,50274,0,2/13/2025,CLOSE OUT,https://www.fpds.gov/ezsearch/jsp/viewLinkController.jsp?agencyID=8900&PIID=89303023PPA000011&modNumber=P00002&idvAgencyID=&idvPIID=&contractType=AWARD,"POLITICO, LLC",TWELVE (12) MONTH SUBSCRIPTION TO E&E NEW FOR THE OFFICE OF PUBLIC AFFAIRS.(PA)
2/6/2025,89303024PCI000010,Environmental Protection Agency,29239,0,2/13/2025,BLANK REASON FOR MODIFICATION IN FPDS,https://www.fpds.gov/ezsearch/jsp/viewLinkController.jsp?agencyID=8900&PIID=89303024PCI000010&modNumber=0&idvAgencyID=&idvPIID=&contractType=AWARD,"POLITICO, LLC",E&E NEWS ELECTRONIC SUBSCRIPTION RENEWAL 3/11/24-3/10/25
2/6/2025,89303024PED000058,Environmental Protection Agency,29040,0,2/13/2025,BLANK REASON FOR MODIFICATION IN FPDS,https://www.fpds.gov/ezsearch/jsp/viewLinkController.jsp?agencyID=8900&PIID=89303024PED000058&modNumber=0&idvAgencyID=&idvPIID=&contractType=AWARD,"POLITICO, LLC","SUBSCRIPTION FOR DAILY COMPREHENSIVE, TIMELY, OBJECTIVE JOURNALISTIC ANALYSIS, NEWS AND INFORMATION ON SIGNIFICANT POLICY, LEGISLATION, SCIENCE, LEGAL, REGULATORY AFFAIRS, AND INDUSTRY DEVELOPMENTS ACROSS THE ENVIRONMENT AND ENERGY SPECTRUM."
2/6/2025,89303024PEI000105,Environmental Protection Agency,13575,0,2/13/2025,BLANK REASON FOR MODIFICATION IN FPDS,https://www.fpds.gov/ezsearch/jsp/viewLinkController.jsp?agencyID=8900&PIID=89303024PEI000105&modNumber=0&idvAgencyID=&idvPIID=&contractType=AWARD,"POLITICO, LLC",THE PURPOSE OF THIS REQUIREMENT IS TO PROCURE AN ANNUAL POLITICO PRO PLUS SUBSCRIPTION FOR RTM AND OA USERS.
2/6/2025,89303024PFE000116,Environmental Protection Agency,40499,0,2/13/2025,BLANK REASON FOR MODIFICATION IN FPDS,https://www.fpds.gov/ezsearch/jsp/viewLinkController.jsp?agencyID=8900&PIID=89303024PFE000116&modNumber=0&idvAgencyID=&idvPIID=&contractType=AWARD,"POLITICO, LLC","E&E NEWS, PURCHASE ONE-YEAR SUBSCRIPTION FOR 45 FOSSIL ENERGY (FE) HQ WITH ACCESS AVAILABLE TO FE HQ STAFF. PERIOD OF PERFORMANCE 06/28/2024-06/27/2025."
2/6/2025,89303024PGC000024,Environmental Protection Agency,281786,232786,2/13/2025,BLANK REASON FOR MODIFICATION IN FPDS,https://www.fpds.gov/ezsearch/jsp/viewLinkController.jsp?agencyID=8900&PIID=89303024PGC000024&modNumber=0&idvAgencyID=&idvPIID=&contractType=AWARD,"POLITICO, LLC",E&E NEWS SUBSCRIPTION SERVICES
2/6/2025,89303024POP000005,Environmental Protection Agency,43560,0,2/13/2025,BLANK REASON FOR MODIFICATION IN FPDS,https://www.fpds.gov/ezsearch/jsp/viewLinkController.jsp?agencyID=8900&PIID=89303024POP000005&modNumber=0&idvAgencyID=&idvPIID=&contractType=AWARD,"POLITICO, LLC","TO SECURE 70 USERS SLOTS FOR E&E NEWS SUBSCRIPTIONS (E&E DAILY, ENERGYWIRE, CLIMATEWIRE, GREENWIRE, AND E&ENEWSPM)."
2/6/2025,89303025FEI400159,Environmental Protection Agency,,,2/13/2025,BLANK REASON FOR MODIFICATION IN FPDS,https://www.fpds.gov/ezsearch/jsp/viewLinkController.jsp?agencyID=8900&PIID=89303025FEI400159&modNumber=0&idvAgencyID=&idvPIID=03310323D0056&contractType=AWARD,,
2/6/2025,89303025PGD000003,Environmental Protection Agency,59475,41155,2/13/2025,BLANK REASON FOR MODIFICATION IN FPDS,https://www.fpds.gov/ezsearch/jsp/viewLinkController.jsp?agencyID=8900&PIID=89303025PGD000003&modNumber=0&idvAgencyID=&idvPIID=&contractType=AWARD,"POLITICO, LLC",8 LICENSES/SUBSCRIPTIONS OF E&E NEWS FOR THE GRID DEPLOYMENT OFFICE.
2/6/2025,89303025PIG000148,Environmental Protection Agency,25800,0,2/13/2025,BLANK REASON FOR MODIFICATION IN FPDS,https://www.fpds.gov/ezsearch/jsp/viewLinkController.jsp?agencyID=8900&PIID=89303025PIG000148&modNumber=0&idvAgencyID=&idvPIID=&contractType=AWARD,"POLITICO, LLC",TO PROCURE A 1-YEAR ONLINE SUBSCRIPTION TO (E&E NEWS) 15 SEATS
2/6/2025,89303025PMA000335,Environmental Protection Agency,399091,0,2/13/2025,FUNDING ONLY ACTION,https://www.fpds.gov/ezsearch/jsp/viewLinkController.jsp?agencyID=8900&PIID=89303025PMA000335&modNumber=P00001&idvAgencyID=&idvPIID=&contractType=AWARD,"POLITICO, LLC",POLITICO PRO RENEWAL FY2025 - 172 SUBSCRIBERS
2/6/2025,11316024F0004OST,Executive Office of the President,37000,0,2/7/2025,TERMINATE FOR CONVENIENCE (COMPLETE OR PARTIAL),https://www.fpds.gov/ezsearch/jsp/viewLinkController.jsp?agencyID=1100&PIID=11316024F0004OST&modNumber=P00001&idvAgencyID=&idvPIID=11316023A0011EOP&contractType=AWARD,"POLITICO, LLC",POLITICO PRO SUBSCRIPTION
2/6/2025,11316024F0002NCD,Executive Office of the President,33525,0,2/7/2025,TERMINATE FOR CONVENIENCE (COMPLETE OR PARTIAL),https://www.fpds.gov/ezsearch/jsp/viewLinkController.jsp?agencyID=1100&PIID=11316024F0002NCD&modNumber=P00001&idvAgencyID=&idvPIID=11316023A0011EOP&contractType=AWARD,"POLITICO, LLC",POLITICO PRO PREMIUM SUBSCRIPTION FOR 15 USERS
2/6/2025,11316025F0003NCD,Executive Office of the President,,,2/7/2025,TERMINATE FOR CONVENIENCE (COMPLETE OR PARTIAL),https://www.fpds.gov/ezsearch/jsp/viewLinkController.jsp?agencyID=1100&PIID=11316025F0003NCD&modNumber=P00001&idvAgencyID=&idvPIID=11316023A0011EOP&contractType=AWARD,,
2/7/2025,11316024F0019OAS,Executive Office of the President,9750,0,2/10/2025,TERMINATE FOR CONVENIENCE (COMPLETE OR PARTIAL),https://www.fpds.gov/ezsearch/jsp/viewLinkController.jsp?agencyID=1100&PIID=11316024F0019OAS&modNumber=P00001&idvAgencyID=&idvPIID=11316023A0011EOP&contractType=AWARD,"POLITICO, LLC",POLITICO PRO SUBSCRIPTION SERVICES
2/7/2025,11316024F0008OVP,Executive Office of the President,10250,0,2/10/2025,TERMINATE FOR CONVENIENCE (COMPLETE OR PARTIAL),https://www.fpds.gov/ezsearch/jsp/viewLinkController.jsp?agencyID=1100&PIID=11316024F0008OVP&modNumber=P00001&idvAgencyID=&idvPIID=11316023A0011EOP&contractType=AWARD,"POLITICO, LLC",SUBSCRIPTION
2/7/2025,11316024F0012WHO,Executive Office of the President,29175,0,2/10/2025,TERMINATE FOR CONVENIENCE (COMPLETE OR PARTIAL),https://www.fpds.gov/ezsearch/jsp/viewLinkController.jsp?agencyID=1100&PIID=11316024F0012WHO&modNumber=P00001&idvAgencyID=&idvPIID=11316023A0011EOP&contractType=AWARD,"POLITICO, LLC",SUBSCRIPTIONS
2/7/2025,11316024F0007OMB,Executive Office of the President,81000,0,2/10/2025,TERMINATE FOR CONVENIENCE (COMPLETE OR PARTIAL),https://www.fpds.gov/ezsearch/jsp/viewLinkController.jsp?agencyID=1100&PIID=11316024F0007OMB&modNumber=P00001&idvAgencyID=&idvPIID=11316023A0011EOP&contractType=AWARD,"POLITICO, LLC",POLITICO PRO
2/7/2025,11316025F0002UST,Executive Office of the President,27230,0,2/10/2025,TERMINATE FOR CONVENIENCE (COMPLETE OR PARTIAL),https://www.fpds.gov/ezsearch/jsp/viewLinkController.jsp?agencyID=1100&PIID=11316025F0002UST&modNumber=P00001&idvAgencyID=&idvPIID=11316023A0011EOP&contractType=AWARD,"POLITICO, LLC",POLITICO PRO PLUS
2/7/2025,11316024F0003CEQ,Executive Office of the President,31450,0,2/10/2025,TERMINATE FOR CONVENIENCE (COMPLETE OR PARTIAL),https://www.fpds.gov/ezsearch/jsp/viewLinkController.jsp?agencyID=1100&PIID=11316024F0003CEQ&modNumber=P00001&idvAgencyID=&idvPIID=11316023A0011EOP&contractType=AWARD,"POLITICO, LLC",POLITICO PRO PLUS
2/7/2025,11316023A0011EOP,Executive Office of the President,2000000,2000000,2/11/2025,TERMINATE FOR CONVENIENCE (COMPLETE OR PARTIAL),https://www.fpds.gov/ezsearch/jsp/viewLinkController.jsp?agencyID=1100&PIID=11316023A0011EOP&modNumber=P00003&idvAgencyID=&idvPIID=&contractType=IDV,"POLITICO, LLC",SUBSCRIPTION
2/7/2025,05GA0A20F0028,Executive Office of the President,808620,196795,2/10/2025,EXERCISE AN OPTION,https://www.fpds.gov/ezsearch/jsp/viewLinkController.jsp?agencyID=0559&PIID=05GA0A20F0028&modNumber=P00004&idvAgencyID=&idvPIID=03310319D0071&contractType=AWARD,"POLITICO, LLC",THE PURPOSE OF THIS DELIVERY ORDER IS TO PROCURE A SUBSCRIPTION TO POLITICOPRO IN ACCORDANCE WITH THE FEDLINK SCHEDULE LCFDL19D0071.
2/7/2025,83310124P0048,Export-Import Bank of the US,184645,151230,2/10/2025,TERMINATE FOR CONVENIENCE (COMPLETE OR PARTIAL),https://www.fpds.gov/ezsearch/jsp/viewLinkController.jsp?agencyID=8300&PIID=83310124P0048&modNumber=P00001&idvAgencyID=&idvPIID=&contractType=AWARD,"POLITICO, LLC","ONLINE SUBSCRIPTION FOR POLITICO PRO (15 USERS), BASE + 4 OPTIONS."
2/6/2025,273FCC21C0016,Federal Communications Commission,261580,0,2/13/2025,TERMINATE FOR CONVENIENCE (COMPLETE OR PARTIAL),https://www.fpds.gov/ezsearch/jsp/viewLinkController.jsp?agencyID=2700&PIID=273FCC21C0016&modNumber=P00005&idvAgencyID=&idvPIID=&contractType=AWARD,"POLITICO, LLC",POLITICO PRO PLUS
1/21/2025,93310023P0021,Federal Mediation and Conciliation Service,440000,145000,2/13/2025,TERMINATE FOR CONVENIENCE (COMPLETE OR PARTIAL),https://www.fpds.gov/ezsearch/jsp/viewLinkController.jsp?agencyID=9300&PIID=93310023P0021&modNumber=A00002&idvAgencyID=&idvPIID=&contractType=AWARD,CORICHIA BRISCO ENTERPRISES LLC,EEO DEIA SUPPORT
2/11/2025,93310024F0011,Federal Mediation and Conciliation Service,182844,73743,2/13/2025,BLANK REASON FOR MODIFICATION IN FPDS,https://www.fpds.gov/ezsearch/jsp/viewLinkController.jsp?agencyID=9300&PIID=93310024F0011&modNumber=0&idvAgencyID=&idvPIID=47QRAA18D00G1&contractType=AWARD,EMY CONSULTING LLC,INTERNAL CONTROLS CONTRACTOR
2/11/2025,93310024F0015,Federal Mediation and Conciliation Service,354969,0,2/13/2025,BLANK REASON FOR MODIFICATION IN FPDS,https://www.fpds.gov/ezsearch/jsp/viewLinkController.jsp?agencyID=9300&PIID=93310024F0015&modNumber=0&idvAgencyID=&idvPIID=GS00F045DA&contractType=AWARD,GUIDEHOUSE INC.,ERM SUPPORT SERVICES
2/11/2025,93310024F0019,Federal Mediation and Conciliation Service,232437,0,2/13/2025,BLANK REASON FOR MODIFICATION IN FPDS,https://www.fpds.gov/ezsearch/jsp/viewLinkController.jsp?agencyID=9300&PIID=93310024F0019&modNumber=0&idvAgencyID=&idvPIID=47QRAA18D00BB&contractType=AWARD,"STRATEGY CONSULTING TEAM, LLC",RECORDS MANAGEMENT SUPPORT SERVICES
2/13/2025,93310023P0025,Federal Mediation and Conciliation Service,3277569,590329,2/13/2025,EXERCISE AN OPTION,https://www.fpds.gov/ezsearch/jsp/viewLinkController.jsp?agencyID=9300&PIID=93310023P0025&modNumber=A00002&idvAgencyID=&idvPIID=&contractType=AWARD,AGELIX CONSULTING LLC,CRM IMPLEMENTATION
1/23/2025,47HAA025C0002,General Services Administration,1978052,1654052,1/23/2025,TERMINATE FOR CONVENIENCE (COMPLETE OR PARTIAL),https://www.fpds.gov/ezsearch/jsp/viewLinkController.jsp?agencyID=4773&PIID=47HAA025C0002&modNumber=AA0001&idvAgencyID=&idvPIID=&contractType=AWARD,STRYDER CORP,ONLINE RECRUITING SERVICES
2/3/2025,47QRAB24F0008,General Services Administration,104564,0,2/3/2025,TERMINATE FOR CONVENIENCE (COMPLETE OR PARTIAL),https://www.fpds.gov/ezsearch/jsp/viewLinkController.jsp?agencyID=4732&PIID=47QRAB24F0008&modNumber=P00001&idvAgencyID=&idvPIID=47QTCB22D0052&contractType=AWARD,"CRONOS CONSULTING GROUP, INC","THE PURPOSE OF THIS TASK ORDER IS TO PROVIDE GSA WITH EXPERTISE AND CONSULTING FOR CONFIGURING SMARTSHEETGOV TO IMPLEMENT PORTFOLIO, PROGRAM AND PROJECT MANAGEMENT, EXPANDING SMARTSHEETGOV USAGE AND IMPLEMENTATION ACROSS MULTIPLE PROGRAM MANAGEMENT O"
2/3/2025,47QRAB24F0009,General Services Administration,593715,401630,2/3/2025,TERMINATE FOR CONVENIENCE (COMPLETE OR PARTIAL),https://www.fpds.gov/ezsearch/jsp/viewLinkController.jsp?agencyID=4732&PIID=47QRAB24F0009&modNumber=P00001&idvAgencyID=&idvPIID=47QRAB23A0003&contractType=AWARD,CONNEXUS HUB INC.,PSHC - INSTRUCTIONAL DESIGN SUPPORT
2/11/2025,47QFDA21F0046,General Services Administration,36464018,20846321,2/12/2025,TERMINATE FOR CONVENIENCE (COMPLETE OR PARTIAL),https://www.fpds.gov/ezsearch/jsp/viewLinkController.jsp?agencyID=4732&PIID=47QFDA21F0046&modNumber=P00007&idvAgencyID=&idvPIID=GS00F045DA&contractType=AWARD,GUIDEHOUSE INC.,GINNIE MAE SECURITIZED TRANSACTION FINANCIAL ADVISOR SERVICES
2/10/2025,47QTCB23P0002,General Services Administration,159480,0,2/12/2025,TERMINATE FOR CONVENIENCE (COMPLETE OR PARTIAL),https://www.fpds.gov/ezsearch/jsp/viewLinkController.jsp?agencyID=4732&PIID=47QTCB23P0002&modNumber=PM0004&idvAgencyID=&idvPIID=&contractType=AWARD,BLOOMBERG FINANCE LP,BLOOMBERG ANYWHERE SUBSCRIPTION FOR IT SECURITY SCRM SUPPORT
1/23/2025,47HAA024F0147,General Services Administration,5979853,3028077,1/23/2025,SUPPLEMENTAL AGREEMENT FOR WORK WITHIN SCOPE,https://www.fpds.gov/ezsearch/jsp/viewLinkController.jsp?agencyID=4773&PIID=47HAA024F0147&modNumber=PS0001&idvAgencyID=&idvPIID=47HAA023A0004&contractType=AWARD,"MANAGEMENT SCIENCE AND INNOVATION, LLC",SUPPORT FOR THE ADMINISTRATOR'S OFFICE
1/23/2025,47QDCB23F0009,General Services Administration,7584,0,1/23/2025,BLANK REASON FOR MODIFICATION IN FPDS,https://www.fpds.gov/ezsearch/jsp/viewLinkController.jsp?agencyID=4732&PIID=47QDCB23F0009&modNumber=P00001&idvAgencyID=&idvPIID=GS00F226DA&contractType=AWARD,ELEVATE USA INC,DEIA TRAINING
1/30/2025,47QSSC25D000A,General Services Administration,3109145,3109145,1/31/2025,LEGAL CONTRACT CANCELLATION,https://www.fpds.gov/ezsearch/jsp/viewLinkController.jsp?agencyID=4732&PIID=47QSSC25D000A&modNumber=PS0002&idvAgencyID=&idvPIID=&contractType=IDV,ADDEV VMS INC,OTHER THAN SCHEDULE
1/30/2025,47QFLA19F0183,General Services Administration,32687527,6863606,1/31/2025,FUNDING ONLY ACTION,https://www.fpds.gov/ezsearch/jsp/viewLinkController.jsp?agencyID=4732&PIID=47QFLA19F0183&modNumber=P00098&idvAgencyID=&idvPIID=GS10F0052R&contractType=AWARD,"CENSEO CONSULTING GROUP, INC.",GOVERNMENT WIDE CATEGORY MANAGEMENT PROGRAM MANAGEMENT OFFICE SUPPORT SERVICES
1/31/2025,GS10F0323Y,General Services Administration,11864766,11864766,1/31/2025,OTHER ADMINISTRATIVE ACTION,https://www.fpds.gov/ezsearch/jsp/viewLinkController.jsp?agencyID=4732&PIID=GS10F0323Y&modNumber=PSA888&idvAgencyID=&idvPIID=&contractType=IDV,"INFORMATION MANAGEMENT RESOURCES, INC.",FEDERAL SUPPLY SCHEDULE CONTRACT
1/31/2025,47QDCB20F0014,General Services Administration,22733950,0,1/31/2025,SUPPLEMENTAL AGREEMENT FOR WORK WITHIN SCOPE,https://www.fpds.gov/ezsearch/jsp/viewLinkController.jsp?agencyID=4732&PIID=47QDCB20F0014&modNumber=P00017&idvAgencyID=&idvPIID=47QDCB19A0007&contractType=AWARD,OCTO CONSULTING GROUP LLC,ORDER FOR JOINT PRODUCT TEAM FOR THE INTEGRATED AWARD ENVIRONMENT
1/31/2025 (contract expired),47HAA024F0028,General Services Administration,13715913,11100135,2/3/2025,CHANGE ORDER,https://www.fpds.gov/ezsearch/jsp/viewLinkController.jsp?agencyID=4773&PIID=47HAA024F0028&modNumber=PS0003&idvAgencyID=&idvPIID=N6600119A0049&contractType=AWARD,"GARTNER, INC.",RESEARCH MEMBERSHIPS & CONSULTING SERVICES
Termination in progress,47HAA024F0083,General Services Administration,352443,168004,2/3/2025,SUPPLEMENTAL AGREEMENT FOR WORK WITHIN SCOPE,https://www.fpds.gov/ezsearch/jsp/viewLinkController.jsp?agencyID=4773&PIID=47HAA024F0083&modNumber=PS0002&idvAgencyID=&idvPIID=47HAA020A0011&contractType=AWARD,"COMMUNICATION INSTITUTE INTERNATIONAL, INC",FACILIATATION CONSULTING AND COACHING SERVICES
,47QFCA22F0036,General Services Administration,54596088,36850645,2/3/2025,FUNDING ONLY ACTION,https://www.fpds.gov/ezsearch/jsp/viewLinkController.jsp?agencyID=4732&PIID=47QFCA22F0036&modNumber=P00004&idvAgencyID=&idvPIID=47QRAA21D000W&contractType=AWARD,"HIVE GROUP, LLC",THE SCOPE OF THIS TO IS TO PROVIDE OPERATIONAL AND BUSINESS SUPPORT TO THE AAS PMO.
Contract expiring and no option to be exercised,47QDCB21F0019,General Services Administration,1250243,566173,2/3/2025,OTHER ADMINISTRATIVE ACTION,https://www.fpds.gov/ezsearch/jsp/viewLinkController.jsp?agencyID=4732&PIID=47QDCB21F0019&modNumber=P00005&idvAgencyID=&idvPIID=GS10F0083V&contractType=AWARD,"EAGLE HILL CONSULTING, LLC",BASE YEAR SERVICE
Contract expiring and no option to be exercised,47QMCB24F000C,General Services Administration,340512,215016,2/3/2025,EXERCISE AN OPTION,https://www.fpds.gov/ezsearch/jsp/viewLinkController.jsp?agencyID=4732&PIID=47QMCB24F000C&modNumber=PA0003&idvAgencyID=&idvPIID=47QMCB22A0002&contractType=AWARD,"INNOVATIVE CONSULTING & MANAGEMENT SERVICES, LLC",ACQUISITION SUPPORT FOR QMA
Contract expiring and no option to be exercised,47HAA024F0022,General Services Administration,353684,1970,,BLANK REASON FOR MODIFICATION IN FPDS,https://www.fpds.gov/ezsearch/jsp/viewLinkController.jsp?agencyID=4773&PIID=47HAA024F0022&modNumber=0&idvAgencyID=&idvPIID=47HAA020A0011&contractType=AWARD,"COMMUNICATION INSTITUTE INTERNATIONAL, INC",FACILITATION AND CONSULTATION SERVICES
Termination in progress,47HAA022F0051,General Services Administration,1611841,426916,2/3/2025,OTHER ADMINISTRATIVE ACTION,https://www.fpds.gov/ezsearch/jsp/viewLinkController.jsp?agencyID=4773&PIID=47HAA022F0051&modNumber=PS0003&idvAgencyID=&idvPIID=47QTCA18D001C&contractType=AWARD,"FORRESTER RESEARCH, INC.","ZERO TRUST TRAINING, CERTIFICATION AND IT RESEARCH AND ADVISORY SERVICES AND SUBSCRIPTIONS FOR A PERIOD OF PERFORMANCE OF ONE (1) YEAR BASE AND FOUR (4) OPTIONS PERIOD."
Termination in progress,47QTCB21A0003,General Services Administration,0,0,2/3/2025,OTHER ADMINISTRATIVE ACTION,https://www.fpds.gov/ezsearch/jsp/viewLinkController.jsp?agencyID=4732&PIID=47QTCB21A0003&modNumber=P00002&idvAgencyID=&idvPIID=&contractType=IDV,"JAVA PRODUCTIONS, INC.",ITC SME PMO SUPPORT
2/3/2025,47QRAB24F0007,General Services Administration,849689,0,2/3/2025,OTHER ADMINISTRATIVE ACTION,https://www.fpds.gov/ezsearch/jsp/viewLinkController.jsp?agencyID=4732&PIID=47QRAB24F0007&modNumber=P00001&idvAgencyID=&idvPIID=47QRAB23A0002&contractType=AWARD,INOVATE SOLUTIONS INC,"THE PURPOSE OF THIS TASK ORDER (TO) IS TO DEVELOP AN ENTERPRISE RISK REPORT, RELATED RISK PROGRAM PROPOSAL, AND SUBSEQUENT RISK PROGRAM IMPLEMENTATION."
1/7/2025,47QRAB24F0010,General Services Administration,185627,22139,2/3/2025,OTHER ADMINISTRATIVE ACTION,https://www.fpds.gov/ezsearch/jsp/viewLinkController.jsp?agencyID=4732&PIID=47QRAB24F0010&modNumber=P00001&idvAgencyID=&idvPIID=47QRAB23A0001&contractType=AWARD,YAKSHNA SOLUTIONS INC,THE CONTRACTOR SHALL SUPPORT PSHC UNIVERSITY INSTRUCTORS IN CONDUCTING END-TO-END INSTRUCTIONAL DESIGN AND DEVELOPMENT ACTIVITIES THAT RESPOND TO INTERNAL PROFESSIONAL LEARNING THAT SUPPORT THE OFFICE OF CONTRACT OPERATIONS ON THE MAS PROGRAM. THE C
Termination in progress,47HAA020F0221,General Services Administration,976226,7154,2/3/2025,EXERCISE AN OPTION,https://www.fpds.gov/ezsearch/jsp/viewLinkController.jsp?agencyID=4773&PIID=47HAA020F0221&modNumber=PO0007&idvAgencyID=&idvPIID=GSH1416AAA0019&contractType=AWARD,"WHEELHOUSE GROUP, INC., THE",EXECUTIVE COACHING AND FACILITATION SERVICES - BASE YEAR
2/3/2025,47QPCA22F0039,General Services Administration,9433515,0,2/3/2025,SUPPLEMENTAL AGREEMENT FOR WORK WITHIN SCOPE,https://www.fpds.gov/ezsearch/jsp/viewLinkController.jsp?agencyID=4732&PIID=47QPCA22F0039&modNumber=P00007&idvAgencyID=&idvPIID=47QPCA21A0008&contractType=AWARD,BIXAL SOLUTIONS INCORPORATED,USAGOV REIMAGINED  TOTAL ORDER FA 2 BIXAL
2/3/2025,47QPCA23F0026,General Services Administration,7068884,4293629,2/3/2025,SUPPLEMENTAL AGREEMENT FOR WORK WITHIN SCOPE,https://www.fpds.gov/ezsearch/jsp/viewLinkController.jsp?agencyID=4732&PIID=47QPCA23F0026&modNumber=P00005&idvAgencyID=&idvPIID=47QRAA21D001T&contractType=AWARD,"CENSEO CONSULTING GROUP, INC.",DIGITALGOV PROGRAM MANAGEMENT SUPPORT
2/3/2025,47QDCB23F0006,General Services Administration,258943,157057,2/3/2025,EXERCISE AN OPTION,https://www.fpds.gov/ezsearch/jsp/viewLinkController.jsp?agencyID=4732&PIID=47QDCB23F0006&modNumber=P00001&idvAgencyID=&idvPIID=GS10F0165V&contractType=AWARD,CAREERSTONE GROUP LLC,FAS 360 DEVELOPMENT PROGRAM TRAINING
2/3/2025,47QPCA22F0042,General Services Administration,9400075,0,2/3/2025,OTHER ADMINISTRATIVE ACTION,https://www.fpds.gov/ezsearch/jsp/viewLinkController.jsp?agencyID=4732&PIID=47QPCA22F0042&modNumber=P00004&idvAgencyID=&idvPIID=GS00F347CA&contractType=AWARD,AMERICAN INSTITUTES FOR RESEARCH IN THE BEHAVIORAL SCIENCES,ARP NATIONAL EVALUATION
2/3/2025,47QPCA24F0050,General Services Administration,275368,151384,2/4/2025,OTHER ADMINISTRATIVE ACTION,https://www.fpds.gov/ezsearch/jsp/viewLinkController.jsp?agencyID=4732&PIID=47QPCA24F0050&modNumber=P00002&idvAgencyID=&idvPIID=47QPCA24A0001&contractType=AWARD,"THE CLEARING, INC.",CALL ORDER 0012  ACCELERATORS PROGRAM SUPPORT
2/3/2025,47QPCA24F0018,General Services Administration,4499790,1914511,2/4/2025,OTHER ADMINISTRATIVE ACTION,https://www.fpds.gov/ezsearch/jsp/viewLinkController.jsp?agencyID=4732&PIID=47QPCA24F0018&modNumber=P00002&idvAgencyID=&idvPIID=47QPCA24A0001&contractType=AWARD,"THE CLEARING, INC.",CALL ORDER 0006 FEDRAMP PMO SUPPORT
2/4/2025,47QPCA24F0058,General Services Administration,1496965,1136165,2/4/2025,OTHER ADMINISTRATIVE ACTION,https://www.fpds.gov/ezsearch/jsp/viewLinkController.jsp?agencyID=4732&PIID=47QPCA24F0058&modNumber=P00002&idvAgencyID=&idvPIID=47QPCA24A0001&contractType=AWARD,"THE CLEARING, INC.",CALL ORDER 0014 PLATFORMS AND SERVICES PMO SUPPORT
2/3/2025,47QPCA24F0036,General Services Administration,1128366,871866,2/4/2025,OTHER ADMINISTRATIVE ACTION,https://www.fpds.gov/ezsearch/jsp/viewLinkController.jsp?agencyID=4732&PIID=47QPCA24F0036&modNumber=P00001&idvAgencyID=&idvPIID=47QPCA24A0001&contractType=AWARD,"THE CLEARING, INC.",CALL ORDER 0010  STRATEGIC PARTNERSHIPS SUPPORT
2/4/2025,47QPCA24F0013,General Services Administration,974476,401068,2/4/2025,OTHER ADMINISTRATIVE ACTION,https://www.fpds.gov/ezsearch/jsp/viewLinkController.jsp?agencyID=4732&PIID=47QPCA24F0013&modNumber=P00002&idvAgencyID=&idvPIID=47QPCA24A0001&contractType=AWARD,"THE CLEARING, INC.",AMERICAN RESCUE PLAN ARP PROGRAM SUPPORT CALL ORDER
2/4/2025,47QPCA24F0046,General Services Administration,561554,337154,2/4/2025,OTHER ADMINISTRATIVE ACTION,https://www.fpds.gov/ezsearch/jsp/viewLinkController.jsp?agencyID=4732&PIID=47QPCA24F0046&modNumber=P00002&idvAgencyID=&idvPIID=47QPCA24A0001&contractType=AWARD,"THE CLEARING, INC.",CALL ORDER 0011 SOLUTIONS AND INTEGRATED AWARD ENVIRONMENT IAE FRONT OFFICE PROGRAM MANAGEMENT SUPPORT
2/4/2025,47QPCA24F0019,General Services Administration,3538037,2698057,2/4/2025,OTHER ADMINISTRATIVE ACTION,https://www.fpds.gov/ezsearch/jsp/viewLinkController.jsp?agencyID=4732&PIID=47QPCA24F0019&modNumber=P00006&idvAgencyID=&idvPIID=47QPCA24A0001&contractType=AWARD,"THE CLEARING, INC.",CALL ORDER 0007  FRONT OFFICE PROGRAM SUPPORT
2/4/2025,47QPCA24F0066,General Services Administration,292099,146957,2/4/2025,SUPPLEMENTAL AGREEMENT FOR WORK WITHIN SCOPE,https://www.fpds.gov/ezsearch/jsp/viewLinkController.jsp?agencyID=4732&PIID=47QPCA24F0066&modNumber=P00001&idvAgencyID=&idvPIID=47QPCA21A0010&contractType=AWARD,AMIVERO LLC,PARTNERSHIPS PROGRAM ANALYST
2/5/2025,47HAA024P0012,General Services Administration,221100,181500,2/5/2025,BLANK REASON FOR MODIFICATION IN FPDS,https://www.fpds.gov/ezsearch/jsp/viewLinkController.jsp?agencyID=4773&PIID=47HAA024P0012&modNumber=0&idvAgencyID=&idvPIID=&contractType=AWARD,"POLITICO, LLC",E&E NEWS
2/4/2025,47QSCC24F7AH8,General Services Administration,,,2/5/2025,BLANK REASON FOR MODIFICATION IN FPDS,https://www.fpds.gov/ezsearch/jsp/viewLinkController.jsp?agencyID=4732&PIID=47QSCC24F7AH8&modNumber=0&idvAgencyID=&idvPIID=47QRAA18D008R&contractType=AWARD,,
2/4/2025,47QPCA23F0011,General Services Administration,9645371,1881229,2/5/2025,EXERCISE AN OPTION,https://www.fpds.gov/ezsearch/jsp/viewLinkController.jsp?agencyID=4732&PIID=47QPCA23F0011&modNumber=P00014&idvAgencyID=&idvPIID=GS10F0065X&contractType=AWARD,"THE CLEARING, INC.",COE STRATEGIC SUPPORT
2/4/2025,47QPCA24F0054,General Services Administration,2169217,1570603,2/5/2025,BLANK REASON FOR MODIFICATION IN FPDS,https://www.fpds.gov/ezsearch/jsp/viewLinkController.jsp?agencyID=4732&PIID=47QPCA24F0054&modNumber=0&idvAgencyID=&idvPIID=47QPCA21A0010&contractType=AWARD,AMIVERO LLC,USDCPIF SUPPORT SERVICES TOTAL CALL ORDER
2/4/2025,47QPCA24F0052,General Services Administration,1440639,1197139,2/5/2025,EXERCISE AN OPTION,https://www.fpds.gov/ezsearch/jsp/viewLinkController.jsp?agencyID=4732&PIID=47QPCA24F0052&modNumber=P00003&idvAgencyID=&idvPIID=47QPCA21A0010&contractType=AWARD,AMIVERO LLC,MARKET DEVELOPMENT MD SUPPORT SERVICES
1/24/2025,47QPCA23F0027,General Services Administration,7348340,844600,2/5/2025,EXERCISE AN OPTION,https://www.fpds.gov/ezsearch/jsp/viewLinkController.jsp?agencyID=4732&PIID=47QPCA23F0027&modNumber=P00002&idvAgencyID=&idvPIID=47QPCA21A0009&contractType=AWARD,"FEARLESS SOLUTIONS, LLC",LOGIN INFRASTRUCTURE
1/28/2025,47QPCA24F0014,General Services Administration,1287692,1088224,2/5/2025,OTHER ADMINISTRATIVE ACTION,https://www.fpds.gov/ezsearch/jsp/viewLinkController.jsp?agencyID=4732&PIID=47QPCA24F0014&modNumber=P00002&idvAgencyID=&idvPIID=47QPCA21A0008&contractType=AWARD,BIXAL SOLUTIONS INCORPORATED,TTS-WIDE USERTESTING LICENSES AND SUPPORT
2/4/2025,47QDCB21F0013,General Services Administration,45851590,38675183,2/5/2025,SUPPLEMENTAL AGREEMENT FOR WORK WITHIN SCOPE,https://www.fpds.gov/ezsearch/jsp/viewLinkController.jsp?agencyID=4732&PIID=47QDCB21F0013&modNumber=P00017&idvAgencyID=&idvPIID=GS10F0083V&contractType=AWARD,"EAGLE HILL CONSULTING, LLC",WORKFORCE TRANSFORMATION PMO SUPPORT
2/5/2025,47QSMA25A0001,General Services Administration,,,2/5/2025,BLANK REASON FOR MODIFICATION IN FPDS,https://www.fpds.gov/ezsearch/jsp/viewLinkController.jsp?agencyID=4732&PIID=47QSMA25A0001&modNumber=0&idvAgencyID=&idvPIID=&contractType=IDV,,
2/5/2025,47QPCA24F0006,General Services Administration,4629752,2852110,2/6/2025,EXERCISE AN OPTION,https://www.fpds.gov/ezsearch/jsp/viewLinkController.jsp?agencyID=4732&PIID=47QPCA24F0006&modNumber=P00006&idvAgencyID=&idvPIID=47QPCA24A0001&contractType=AWARD,"THE CLEARING, INC.",10X PROGRAM AND PROJECT MANAGEMENT SUPPORT BPA - ORDER 1
2/5/2025,47QPCA20F0021,General Services Administration,4638174,800925,2/6/2025,EXERCISE AN OPTION,https://www.fpds.gov/ezsearch/jsp/viewLinkController.jsp?agencyID=4732&PIID=47QPCA20F0021&modNumber=P00017&idvAgencyID=&idvPIID=47QRAA19D00AE&contractType=AWARD,KAPTIVATE LLC,OPEN INNOVATION PMO SUPPORT
2/5/2025,47QPCA24F0061,General Services Administration,835056,608063,2/6/2025,OTHER ADMINISTRATIVE ACTION,https://www.fpds.gov/ezsearch/jsp/viewLinkController.jsp?agencyID=4732&PIID=47QPCA24F0061&modNumber=P00003&idvAgencyID=&idvPIID=47QPCA24A0001&contractType=AWARD,"THE CLEARING, INC.",CALL ORDER 0013  ARP DELIVERY BRANCH PERFORMANCE MEASUREMENT
2/5/2025,47QPCA24F0027,General Services Administration,453196,216596,2/6/2025,CHANGE ORDER,https://www.fpds.gov/ezsearch/jsp/viewLinkController.jsp?agencyID=4732&PIID=47QPCA24F0027&modNumber=P00002&idvAgencyID=&idvPIID=47QPCA24A0001&contractType=AWARD,"THE CLEARING, INC.",CALL ORDER 0008  TTS OUTREACH INTERNAL AND MARKETING SUPPORT
2/5/2025,47QPCA24F0071,General Services Administration,26500,11500,2/6/2025,OTHER ADMINISTRATIVE ACTION,https://www.fpds.gov/ezsearch/jsp/viewLinkController.jsp?agencyID=4732&PIID=47QPCA24F0071&modNumber=P00003&idvAgencyID=&idvPIID=47QPCA24A0001&contractType=AWARD,"THE CLEARING, INC.",CALL ORDER 0015 OROS STRATEGY WORKSHOP
2/5/2025,47QPCA24F0021,General Services Administration,707737,557821,2/6/2025,BLANK REASON FOR MODIFICATION IN FPDS,https://www.fpds.gov/ezsearch/jsp/viewLinkController.jsp?agencyID=4732&PIID=47QPCA24F0021&modNumber=0&idvAgencyID=&idvPIID=GS02F0078P&contractType=AWARD,THE WASHINGTON CENTER FOR INTERNSHIPS AND ACADEMIC SEMINARS,CIVIC DIGITAL FELLOWS SUMMER INTERNSHIPS
2/6/2025,47PA0021F0001,General Services Administration,1763437,352687,2/7/2025,OTHER ADMINISTRATIVE ACTION,https://www.fpds.gov/ezsearch/jsp/viewLinkController.jsp?agencyID=4740&PIID=47PA0021F0001&modNumber=PS0006&idvAgencyID=&idvPIID=GS00F217GA&contractType=AWARD,"FEDWRITERS, INC.","EO14042: 47PA0021F0001, GRAPHIC AND INFOGRAPHIC DESIGN SUPPORT SERVICES FOR THE OFFICE OF ACQUISTION MANAGEMENT, MODIFICATION PS0001 TO INCLUDE COVID-19 SAFETY PROTOCOLS"
1/31/2025,47PA0122F0047,General Services Administration,5712309,2664279,2/7/2025,OTHER ADMINISTRATIVE ACTION,https://www.fpds.gov/ezsearch/jsp/viewLinkController.jsp?agencyID=4740&PIID=47PA0122F0047&modNumber=PS0008&idvAgencyID=&idvPIID=GS10F233AA&contractType=AWARD,MIRACORP INC,PROGRAM SUPPORT FOR THE GREEN PROVING GROUND PROGRAM
2/6/2025,47QPCA23F0030,General Services Administration,684058,112460,2/7/2025,EXERCISE AN OPTION,https://www.fpds.gov/ezsearch/jsp/viewLinkController.jsp?agencyID=4732&PIID=47QPCA23F0030&modNumber=P00006&idvAgencyID=&idvPIID=47QPCA21A0010&contractType=AWARD,AMIVERO LLC,USAGOV COMPLEX FINANCIAL SPREADSHEET  PROJECT SUPPORT
2/4/2025,47QDCB23F0007,General Services Administration,2534026,1718129,2/7/2025,EXERCISE AN OPTION,https://www.fpds.gov/ezsearch/jsp/viewLinkController.jsp?agencyID=4732&PIID=47QDCB23F0007&modNumber=P00002&idvAgencyID=&idvPIID=GS00F045DA&contractType=AWARD,GUIDEHOUSE INC.,INDUSTRIAL BASE AND CLIMATE SUPPORT
7/1/2025,47PA0122F0019,General Services Administration,10480946,4051940,2/10/2025,EXERCISE AN OPTION,https://www.fpds.gov/ezsearch/jsp/viewLinkController.jsp?agencyID=4740&PIID=47PA0122F0019&modNumber=PS0001&idvAgencyID=&idvPIID=47QRAA19D007X&contractType=AWARD,"WASHINGTON BUSINESS DYNAMICS, LLC",RENT BILL MANAGEMENT OCCUPANCY AGREEMENT FINALIZATION SUPPORT
9/27/2025,47PA0122F0046,General Services Administration,3357559,1401960,2/10/2025,EXERCISE AN OPTION,https://www.fpds.gov/ezsearch/jsp/viewLinkController.jsp?agencyID=4740&PIID=47PA0122F0046&modNumber=PO0002&idvAgencyID=&idvPIID=GS00F056CA&contractType=AWARD,SIGNET PARTNERS A CORP,REAL ESTATE VALUATION SUPPORT SERVICES
2/6/2025,47PB0124F0048,General Services Administration,752170,572478,2/10/2025,OTHER ADMINISTRATIVE ACTION,https://www.fpds.gov/ezsearch/jsp/viewLinkController.jsp?agencyID=4740&PIID=47PB0124F0048&modNumber=PO0004&idvAgencyID=&idvPIID=47PB0123A0003&contractType=AWARD,"RIPPLE EFFECT COMMUNICATIONS, INC.","BPA CALL 3 FOR MARKETING AND COMMUNICATION SUPPORT FOR THE GROW OUR VENDOR COMMUNITY INITIATIVE JUNE 10,"
2/10/2025,47HAA022F0061,General Services Administration,29997093,14035082,2/10/2025,CHANGE ORDER,https://www.fpds.gov/ezsearch/jsp/viewLinkController.jsp?agencyID=4773&PIID=47HAA022F0061&modNumber=PS0014&idvAgencyID=&idvPIID=47QRAA20D002S&contractType=AWARD,"REI SYSTEMS, INC.",GOVERNMENT-WIDE PROFESSIONAL SUPPORT SERVICES FOR IT TRANSPARENCY - GPSSIT
2/11/2025,47QPCA24F0030,General Services Administration,6947107,5389840,2/12/2025,CHANGE ORDER,https://www.fpds.gov/ezsearch/jsp/viewLinkController.jsp?agencyID=4732&PIID=47QPCA24F0030&modNumber=P00002&idvAgencyID=&idvPIID=47QPCA24A0011&contractType=AWARD,CELERITY GOVERNMENT SOLUTIONS LLC,LOGINGOVS IDENTITY VERIFICATION SOLUTION FOR FUNCTIONAL AREA 1  DOCUMENT CAPTURE AUTHENTICATION XCELERATE SOLUTIONS
2/11/2025,47QRAB21F0002,General Services Administration,1087518,335440,2/12/2025,OTHER ADMINISTRATIVE ACTION,https://www.fpds.gov/ezsearch/jsp/viewLinkController.jsp?agencyID=4732&PIID=47QRAB21F0002&modNumber=P00008&idvAgencyID=&idvPIID=GS00F280DA&contractType=AWARD,CAMEO CONSULTING GROUP LLC,"OASIS CONTRACT SUPPORT -- ACQUISITION SUPPORT SERVICES FOR THE OASIS PROGRAM MANAGEMENT OFFICE AT THE FORT WORTH, TEXAS LOCATION AND FINANCIAL ANALYST SUPPORT SERVICES AT THEIR WA AND TEXAS LOCATION."
2/10/2025,47QPCA22P0006,General Services Administration,54172,36352,2/12/2025,BLANK REASON FOR MODIFICATION IN FPDS,https://www.fpds.gov/ezsearch/jsp/viewLinkController.jsp?agencyID=4732&PIID=47QPCA22P0006&modNumber=0&idvAgencyID=&idvPIID=&contractType=AWARD,"BLOOMBERG INDUSTRY GROUP, INC.",MIA SUBSCRIPTION
2/10/2025,47HAA023P0006,General Services Administration,288477,184575,2/12/2025,SUPPLEMENTAL AGREEMENT FOR WORK WITHIN SCOPE,https://www.fpds.gov/ezsearch/jsp/viewLinkController.jsp?agencyID=4773&PIID=47HAA023P0006&modNumber=PS0002&idvAgencyID=&idvPIID=&contractType=AWARD,"BLOOMBERG INDUSTRY GROUP, INC.",THE PURCHASE IS FOR BLOOMBERG LEGAL SUBSCRIPTION SERVICES
2/10/2025,47QDCA23F0001,General Services Administration,10722115,6540100,2/13/2025,EXERCISE AN OPTION,https://www.fpds.gov/ezsearch/jsp/viewLinkController.jsp?agencyID=4732&PIID=47QDCA23F0001&modNumber=P00001&idvAgencyID=&idvPIID=GS10F154AA&contractType=AWARD,STRATEGIC RESOLUTION EXPERTS INC,COMMS CHG MNGMT AND USER ANALYSIS
2/7/2025,05GA0A22P0013,Government Accountability Office,448270,197669,2/13/2025,EXERCISE AN OPTION,https://www.fpds.gov/ezsearch/jsp/viewLinkController.jsp?agencyID=0559&PIID=05GA0A22P0013&modNumber=P00002&idvAgencyID=&idvPIID=&contractType=AWARD,"POLITICO, LLC",ENVIRONMENT & ENERGY ELECTRONIC NEWS SOURCE(S) REQUIREMENT
1/30/2025,53987123A0003,Institute of Museum And Library Services,4000000,4000000,2/3/2025,EXERCISE AN OPTION,https://www.fpds.gov/ezsearch/jsp/viewLinkController.jsp?agencyID=5300&PIID=53987123A0003&modNumber=P00002&idvAgencyID=&idvPIID=47QRAA18D00BQ&contractType=IDV,MATHEMATICA INC.,"THIS BLANKET PURCHASE AGREEMENT WILL ALLOW FOR IMLS TO ADVANCE LEARNING AGENDA PRIORITIES THROUGH SPECIFIC RESEARCH AND EVALUATION ACTIVITIES RELATED TO CHILDREN'S LEARNING (TASK 1), EQUITY (TASK 2), AND THE FUTURE OF MUSEUMS (TASK 3).  THE WORK"
2/4/2025,53987123F0022,Institute of Museum And Library Services,429811,0,2/4/2025,EXERCISE AN OPTION,https://www.fpds.gov/ezsearch/jsp/viewLinkController.jsp?agencyID=5300&PIID=53987123F0022&modNumber=P00002&idvAgencyID=&idvPIID=GS02F108BA&contractType=AWARD,MIND YOUR BUSINESS INC,"CONTRACTOR SUPPORT FOR THE OFFICE OF HUMAN RESOURCES AND EQUITY OFFICE, INCLUDING HUMAN RESOURCES SUPPORT SERVICES AND DIVERSITY, EQUITY, INCLUSION AND ACCESSIBILITY SERVICES."
2/4/2025,53987124F0023,Institute of Museum And Library Services,1082616,0,2/4/2025,SUPPLEMENTAL AGREEMENT FOR WORK WITHIN SCOPE,https://www.fpds.gov/ezsearch/jsp/viewLinkController.jsp?agencyID=5300&PIID=53987124F0023&modNumber=P00002&idvAgencyID=&idvPIID=53987123A0003&contractType=AWARD,MATHEMATICA INC.,"EXTEND THE THREE IMLS LEARNING AGENDA STUDIES, EARLY CHILDREN LITERACY, EQUITY, AND FUTURE OF MUSEUMS FOR FY25."
2/11/2025,1305M225F0076,Marine Mammal Commission,,,2/13/2025,BLANK REASON FOR MODIFICATION IN FPDS,https://www.fpds.gov/ezsearch/jsp/viewLinkController.jsp?agencyID=1330&PIID=1305M225F0076&modNumber=0&idvAgencyID=&idvPIID=1305M424D0026&contractType=AWARD,,
2/5/2025,80NSSC24PA609,National Aeronautics and Space Administration,10600,0,2/13/2025,BLANK REASON FOR MODIFICATION IN FPDS,https://www.fpds.gov/ezsearch/jsp/viewLinkController.jsp?agencyID=8000&PIID=80NSSC24PA609&modNumber=0&idvAgencyID=&idvPIID=&contractType=AWARD,"POLITICO, LLC",POLITICO PRO AGREEMENT FOR OCFO
2/10/2025,33301123FSS0108,National Gallery of Art,177109,0,2/12/2025,SUPPLEMENTAL AGREEMENT FOR WORK WITHIN SCOPE,https://www.fpds.gov/ezsearch/jsp/viewLinkController.jsp?agencyID=3355&PIID=33301123FSS0108&modNumber=P00003&idvAgencyID=&idvPIID=GS02F0183P&contractType=AWARD,"NEWPOINT STRATEGIES, LLC",HARASSMENT PREVENTION & LGBTQIA+ AWARENESS TRAINING
1/22/2025,63NLRB23F0136,National Labor Relations Board,192000,96000,1/27/2025,EXERCISE AN OPTION,https://www.fpds.gov/ezsearch/jsp/viewLinkController.jsp?agencyID=6300&PIID=63NLRB23F0136&modNumber=P00001&idvAgencyID=&idvPIID=GS35F0077R&contractType=AWARD,"PERFORMAX 3, INC.",DEIA SUPPORT AND ONLINE PORTAL/SOFTWARE
9/6/2024,63NLRB20F0069,National Labor Relations Board,64937,18621,2/13/2025,EXERCISE AN OPTION,https://www.fpds.gov/ezsearch/jsp/viewLinkController.jsp?agencyID=6300&PIID=63NLRB20F0069&modNumber=P00005&idvAgencyID=&idvPIID=03310319D0071&contractType=AWARD,"POLITICO, LLC",POLITICO PRO PREMIUM 5-WEB BASED SUBSCRIPTION
2/7/2025,49100424P0022,National Science Foundation,12388,0,2/10/2025,TERMINATE FOR CONVENIENCE (COMPLETE OR PARTIAL),https://www.fpds.gov/ezsearch/jsp/viewLinkController.jsp?agencyID=4900&PIID=49100424P0022&modNumber=P00001&idvAgencyID=&idvPIID=&contractType=AWARD,"POLITICO, LLC",RENEWAL SUBSCRIPTION E&E NEWS
1/29/2025,49100423F0087,National Science Foundation,1250000,750000,1/29/2025,EXERCISE AN OPTION,https://www.fpds.gov/ezsearch/jsp/viewLinkController.jsp?agencyID=4900&PIID=49100423F0087&modNumber=P00001&idvAgencyID=&idvPIID=47QTCA19D004S&contractType=AWARD,AE STRATEGIES LLC,"NSF DIVERSITY, EQUITY, INCLUSION, AND ACCESSIBILITY (DEIA) INITIATIVES."
1/22/2025,31310021F0157,Nuclear Regulatory Commission,804716,446631,1/28/2025,TERMINATE FOR CONVENIENCE (COMPLETE OR PARTIAL),https://www.fpds.gov/ezsearch/jsp/viewLinkController.jsp?agencyID=3100&PIID=31310021F0157&modNumber=P00007&idvAgencyID=&idvPIID=GS00F404GA&contractType=AWARD,IVY PLANNING GROUP LLC,DIVERSITY AND INCLUSION SUPPORT SERVICES
2/7/2025,31310022P0035,Nuclear Regulatory Commission,198858,96685,2/10/2025,TERMINATE FOR CONVENIENCE (COMPLETE OR PARTIAL),https://www.fpds.gov/ezsearch/jsp/viewLinkController.jsp?agencyID=3100&PIID=31310022P0035&modNumber=P00003&idvAgencyID=&idvPIID=&contractType=AWARD,"POLITICO, LLC",E&E ELECTRONIC NEWSLETTERS SUBSCRIPTION
1/28/2025,24361821C0201,Office of Personnel Management,7211760,0,2/10/2025,TERMINATE FOR CONVENIENCE (COMPLETE OR PARTIAL),https://www.fpds.gov/ezsearch/jsp/viewLinkController.jsp?agencyID=2400&PIID=24361821C0201&modNumber=P00006&idvAgencyID=&idvPIID=&contractType=AWARD,"FEDERAL MANAGEMENT PARTNERS, LLC",SERVICES IN SUPPORT OF THE IMPLEMENTATION OF EXECUTIVE ORDER 14035
1/28/2025,47QFMA20F0013,Office of Personnel Management,45593373,23744213,1/28/2025,CHANGE ORDER,https://www.fpds.gov/ezsearch/jsp/viewLinkController.jsp?agencyID=4732&PIID=47QFMA20F0013&modNumber=P00015&idvAgencyID=&idvPIID=GS02Q16DCR0072&contractType=AWARD,"YOUR RECRUITING COMPANY, INC.",OPM HRS TALENT ACQUISITION SERVICES
1/29/2025,47QFMA24F0018,Office of Personnel Management,3323309,2141855,1/29/2025,BLANK REASON FOR MODIFICATION IN FPDS,https://www.fpds.gov/ezsearch/jsp/viewLinkController.jsp?agencyID=4732&PIID=47QFMA24F0018&modNumber=0&idvAgencyID=&idvPIID=47QFMA20A0001&contractType=AWARD,APTIVE RESOURCES LLC,OPM HRS RB BPA CALL 28 IHS SFC
2/12/2025,47QFMA24F0005,Office of Personnel Management,2211715,1773141,2/12/2025,SUPPLEMENTAL AGREEMENT FOR WORK WITHIN SCOPE,https://www.fpds.gov/ezsearch/jsp/viewLinkController.jsp?agencyID=4732&PIID=47QFMA24F0005&modNumber=P00001&idvAgencyID=&idvPIID=47QFMA20A0001&contractType=AWARD,APTIVE RESOURCES LLC,ODEIA RECRUITMENT AND BRANDING SUPPORT CALL 23
1/27/2025,47QFEA24K0008,Office of Personnel Management,,,2/13/2025,SOLICITATION,Solicitation,,
1/29/2025,60RRBH22F1104,Railroad Retirement Board,157500,0,1/29/2025,EXERCISE AN OPTION,https://www.fpds.gov/ezsearch/jsp/viewLinkController.jsp?agencyID=6000&PIID=60RRBH22F1104&modNumber=P00002&idvAgencyID=&idvPIID=GS02F0092T&contractType=AWARD,ECONOMIC SYSTEMS INC,BASE YEAR DEIA DATA ANALYTICS AND REPORTING SOLUTION
2/6/2025,50310222P0043,Securities and Exchange Commission,478470,206865,2/7/2025,TERMINATE FOR CONVENIENCE (COMPLETE OR PARTIAL),https://www.fpds.gov/ezsearch/jsp/viewLinkController.jsp?agencyID=5000&PIID=50310222P0043&modNumber=P00002&idvAgencyID=&idvPIID=&contractType=AWARD,"POLITICO, LLC",ACCESS TO POLITICO PRO US AND POLITICO PRO EU
1/30/2025,50310224F0036,Securities and Exchange Commission,512666,0,2/6/2025,CLOSE OUT,https://www.fpds.gov/ezsearch/jsp/viewLinkController.jsp?agencyID=5000&PIID=50310224F0036&modNumber=P00001&idvAgencyID=&idvPIID=50310221A0018&contractType=AWARD,HISPANIC ASSOCIATION OF COLLEGES & UNIVERSITIES,OMWI DIVERSITY AND INCLUSION (DI) PAID STUDENT INTERNSHIP 2024 SUMMER PROGRAM
2/12/2025,50310219F0043,Securities and Exchange Commission,10398260,0,2/13/2025,CLOSE OUT,https://www.fpds.gov/ezsearch/jsp/viewLinkController.jsp?agencyID=5000&PIID=50310219F0043&modNumber=P00008&idvAgencyID=&idvPIID=03310318DL19C0015&contractType=AWARD,WEST PUBLISHING CORPORATION,ACCESS TO THOMSON REUTERS WESTLAW
1/22/2025,73351023F0194,Small Business Administration,553792,0,1/22/2025,CLOSE OUT,https://www.fpds.gov/ezsearch/jsp/viewLinkController.jsp?agencyID=7300&PIID=73351023F0194&modNumber=P00004&idvAgencyID=&idvPIID=73351023A0015&contractType=AWARD,2M RESEARCH SERVICES LLC,EQUITY IN FEDERAL PROCUREMENT EVALUATION AWARD
1/28/2025,73351022F0108,Small Business Administration,255000,225000,2/12/2025,CLOSE OUT,https://www.fpds.gov/ezsearch/jsp/viewLinkController.jsp?agencyID=7300&PIID=73351022F0108&modNumber=P00004&idvAgencyID=&idvPIID=73351022A0011&contractType=AWARD,"NEAL R. GROSS AND COMPANY, INC.","NEAL R GROSS-COURT REPORTING SERVICES FOR THE OFFICE OF DIVERSITY, INCLUSION AND CIVIL RIGHTS"
1/29/2025,28321324FA0010138,Social Security Administration,419022,109224,1/29/2025,OTHER ADMINISTRATIVE ACTION,https://www.fpds.gov/ezsearch/jsp/viewLinkController.jsp?agencyID=2800&PIID=28321324FA0010138&modNumber=P00001&idvAgencyID=&idvPIID=28321324A00040005&contractType=AWARD,THE URBAN INSTITUTE,"SSA SEEKS A CONTRACTOR TO CONVENE AND MODERATE FOCUS GROUPS TO HELP IDENTIFY STRUCTURAL BARRIERS TO WOMENS FINANCIAL ADVANCEMENT, DESIGN SOLUTIONS TO OVERCOMING THESE BARRIERS, AND TO BETTER ADDRESS LABOR MARKET DISPARITIES AND IMPROVE RETIREMENT OUT"
2/1/2025,28321322FDS030130,Social Security Administration,1033638089,231864794,2/1/2025,SUPPLEMENTAL AGREEMENT FOR WORK WITHIN SCOPE,https://www.fpds.gov/ezsearch/jsp/viewLinkController.jsp?agencyID=2800&PIID=28321322FDS030130&modNumber=P00016&idvAgencyID=&idvPIID=SS001760016&contractType=AWARD,"LEIDOS, INC.",ITSSC TASK ORDER FOR SYSTEMS
2/4/2025,28321320FDX030230,Social Security Administration,322455,33823,2/5/2025,EXERCISE AN OPTION,https://www.fpds.gov/ezsearch/jsp/viewLinkController.jsp?agencyID=2800&PIID=28321320FDX030230&modNumber=P00005&idvAgencyID=&idvPIID=GS00F010CA&contractType=AWARD,"ICF INCORPORATED, L.L.C.",SUSTAINABILITY CONSULTING SERVICES
2/5/2025,28321325P00050015,Social Security Administration,14000,0,2/13/2025,BLANK REASON FOR MODIFICATION IN FPDS,https://www.fpds.gov/ezsearch/jsp/viewLinkController.jsp?agencyID=2800&PIID=28321325P00050015&modNumber=0&idvAgencyID=&idvPIID=&contractType=AWARD,"POLITICO, LLC","FOUR (4) POLITICO PRO PLUS ANNUAL LICENSES, THROUGH PERIOD OF PERFORMANCE: 11/15/2024 - 11/14/2025"
,693JK424C900007,Surface Transportation Board,80093,0,2/14/2025,BLANK REASON FOR MODIFICATION IN FPDS,https://www.fpds.gov/ezsearch/jsp/viewLinkController.jsp?agencyID=6901&PIID=693JK424C900007&modNumber=0&idvAgencyID=&idvPIID=&contractType=AWARD,"COUNTERTRADE PRODUCTS, INC.",TO ESTABLISH A CONTRACT VIA NASA SEWP FOR A BASE PLUS TWO OPTIONAL PERIODS. VIA THE CREATION OF CONTRACT LINE ITEMS 00001-00003. THE TASK ORDER WILL CONTINUE TO PROVIDE THE STB MICROSOFT AND MS365 SUPPORT SERVICES FOR ISSUE RESOLUTION.
,693JK424P900008,Surface Transportation Board,307990,0,2/14/2025,BLANK REASON FOR MODIFICATION IN FPDS,https://www.fpds.gov/ezsearch/jsp/viewLinkController.jsp?agencyID=6901&PIID=693JK424P900008&modNumber=0&idvAgencyID=&idvPIID=&contractType=AWARD,NUVOLOGIC CONSULTING INC.,"TO AWARD A TASK ORDER TO NUVOLOGIC CONSULTING, INC. IN THE AMOUNT OF $307,990.83 VIA THE CREATION OF CONTRACT LINE ITEM 00001 FOR A BASE PLUS FOUR OPTIONAL PERIODS. THE AWARD WILL DOCUMENT BUSINESS PROCESSES WITHIN OFFICE OF PROCEEDINGS OR FOR WHICH"
1/28/2025,72051923P00009,US Agency for International Development,250000,0,2/12/2025,TERMINATE FOR CONVENIENCE (COMPLETE OR PARTIAL),https://www.fpds.gov/ezsearch/jsp/viewLinkController.jsp?agencyID=7200&PIID=72051923P00009&modNumber=P00004&idvAgencyID=&idvPIID=&contractType=AWARD,FLORIDA INTERNATIONAL UNIVERSITY,DEIA-M TRAINING SERVICES: CYBERSECURITY CAPACITY STRENGTHENING AND INTEGRATION INTO FOREIGN ASSISTANCE PROGRAMMING
1/29/2025,72048223C00001,US Agency for International Development,45288500,28038500,2/12/2025,TERMINATE FOR CONVENIENCE (COMPLETE OR PARTIAL),https://www.fpds.gov/ezsearch/jsp/viewLinkController.jsp?agencyID=7200&PIID=72048223C00001&modNumber=P00002&idvAgencyID=&idvPIID=&contractType=AWARD,DOMESTIC AWARDEES (UNDISCLOSED),USAID/BURMA DIVERSITY AND INCLUSION SCHOLARSHIP PROGRAM (DISP)
1/30/2025,720BHA23S00034,US Agency for International Development,859057,400371,2/12/2025,TERMINATE FOR CONVENIENCE (COMPLETE OR PARTIAL),https://www.fpds.gov/ezsearch/jsp/viewLinkController.jsp?agencyID=7200&PIID=720BHA23S00034&modNumber=P00003&idvAgencyID=&idvPIID=&contractType=AWARD,NATALIE FELTON,"NEW PSC TO SERVE AS A (DIVERSITY, EQUITY, AND INCLUSION) DEI SPECIALIST, HBMO, YR 1"
1/30/2025,7200AA24S00162,US Agency for International Development,1018354,834889,2/12/2025,TERMINATE FOR CONVENIENCE (COMPLETE OR PARTIAL),https://www.fpds.gov/ezsearch/jsp/viewLinkController.jsp?agencyID=7200&PIID=7200AA24S00162&modNumber=P00001&idvAgencyID=&idvPIID=&contractType=AWARD,DANA GHAZI,"DIVERSITY, EQUITY, AND INCLUSION (DEI) SPECIALIST, HBMO"
1/25/2025,720BHA23S00004,US Agency for International Development,1033842,479522,2/12/2025,TERMINATE FOR CONVENIENCE (COMPLETE OR PARTIAL),https://www.fpds.gov/ezsearch/jsp/viewLinkController.jsp?agencyID=7200&PIID=720BHA23S00004&modNumber=P00003&idvAgencyID=&idvPIID=&contractType=AWARD,ALLISON MOSES,"NEW PSC TO SERVE AS A DEPUTY TEAM LEADER (DTL), ALAC, 5 YR."
1/25/2025,720BHA21S00030,US Agency for International Development,380868,0,2/12/2025,TERMINATE FOR CONVENIENCE (COMPLETE OR PARTIAL),https://www.fpds.gov/ezsearch/jsp/viewLinkController.jsp?agencyID=7200&PIID=720BHA21S00030&modNumber=P00006&idvAgencyID=&idvPIID=&contractType=AWARD,CAITLIN BENTLEY,THE PURPOSE OF THIS PERSONAL SERVICES CONTRACT (PSC) IS TO ESTABLISH AN EMPLOYEE/EMPLOYER RELATIONSHIP WITH THE CONTRACTOR FOR PERFORMANCE OF SERVICES PERSONALLY BY HER AS A JR. DISASTER OPERATIONS SPECIALIST.
1/25/2025,720BHA22S00052,US Agency for International Development,339310,0,2/12/2025,TERMINATE FOR CONVENIENCE (COMPLETE OR PARTIAL),https://www.fpds.gov/ezsearch/jsp/viewLinkController.jsp?agencyID=7200&PIID=720BHA22S00052&modNumber=P00003&idvAgencyID=&idvPIID=&contractType=AWARD,ANGELA M ROBERTS,"NEW PSC TO SERVE AS A MANAGEMENT AND INTEGRATION SPECIALIST, FARO, YR 1."
1/27/2025,720BHA22S00109,US Agency for International Development,1183791,468771,2/12/2025,TERMINATE FOR CONVENIENCE (COMPLETE OR PARTIAL),https://www.fpds.gov/ezsearch/jsp/viewLinkController.jsp?agencyID=7200&PIID=720BHA22S00109&modNumber=P00004&idvAgencyID=&idvPIID=&contractType=AWARD,WOOD ROSS,"NEW PSC TO SERVE AS A SENIOR HUMANITARIAN ADVISOR - ETHIOPIA, AFRICA, YR. 1"
1/30/2025,72062025P00035,US Agency for International Development,,,2/12/2025,TERMINATE FOR CONVENIENCE (COMPLETE OR PARTIAL),https://www.fpds.gov/ezsearch/jsp/viewLinkController.jsp?agencyID=7200&PIID=72062025P00035&modNumber=P00001&idvAgencyID=&idvPIID=&contractType=AWARD,,
1/22/2025,7200AA24M00001,US Agency for International Development,49855124,38709805,1/27/2025,FUNDING ONLY ACTION,https://www.fpds.gov/ezsearch/jsp/viewLinkController.jsp?agencyID=7200&PIID=7200AA24M00001&modNumber=P00002&idvAgencyID=&idvPIID=GS00F356GA&contractType=AWARD,ZEMITEK LLC,"THIS PROCUREMENT IS FOR COMMERCIAL NON-PERSONAL (ISC) SERVICES FOR THE OFFICE OF ADMINISTRATOR (A/AID) AND ASSOCIATE OFFICES (ES, DEIA, OCE, GC, POL, BRM/PLR, DRG, AND IPI) U.S. AGENCY FOR INTERNATIONAL DEVELOPMENT (USAID).  THIS ACTIVITY WILL BE A"
1/28/2025,7200AA22M00006,US Agency for International Development,40730465,26242946,1/28/2025,FUNDING ONLY ACTION,https://www.fpds.gov/ezsearch/jsp/viewLinkController.jsp?agencyID=7200&PIID=7200AA22M00006&modNumber=P00013&idvAgencyID=&idvPIID=GS00F120DA&contractType=AWARD,JEFFERSON CONSULTING GROUP LLC,"THE PURPOSE OF THE GENDEV ISC IS TO ENGAGE SUBJECT MATTER EXPERTS AND TECHNICAL EXPERTISE TO SUPPORT EFFORTS RELATED TO GENDER INTEGRATION AND EQUALITY IN THE DESIGN, IMPLEMENTATION, AND MONITORING AND EVALUATION OF USAID PROGRAMMING. THROUGH THIS IN"
1/27/2025,7200AA22N00003,US Agency for International Development,37997981,17688749,1/28/2025,FUNDING ONLY ACTION,https://www.fpds.gov/ezsearch/jsp/viewLinkController.jsp?agencyID=7200&PIID=7200AA22N00003&modNumber=P00009&idvAgencyID=&idvPIID=GS00Q14OADU138&contractType=AWARD,"TETRA TECH, INC.",THE CLIMATE ADAPTATION SUPPORT ACTIVITY (CASA)AIMS TO ADDRESS IMMEDIATE AND LONG-TERM CLIMATE IMPACTS ACROSS SECTORS AND DIRECTLY CONTRIBUTE TO USAID'S GOALS.
1/24/2025,7200AA22N00007,US Agency for International Development,99078584,62661223,1/28/2025,FUNDING ONLY ACTION,https://www.fpds.gov/ezsearch/jsp/viewLinkController.jsp?agencyID=7200&PIID=7200AA22N00007&modNumber=P00028&idvAgencyID=&idvPIID=GS02Q16DCR0046&contractType=AWARD,DELOITTE CONSULTING LLP,THE CONTRACTOR SHALL PROVIDE HUMAN RESOURCES DELIVERY AND TRANSFORMATION (HRDT) SERVICES TO THE   OFFICE OF HUMAN CAPITAL AND TALENT MANAGEMENT (HCTM).
1/27/2025,7200AA24N00006,US Agency for International Development,39338939,34338939,1/28/2025,FUNDING ONLY ACTION,https://www.fpds.gov/ezsearch/jsp/viewLinkController.jsp?agencyID=7200&PIID=7200AA24N00006&modNumber=P00001&idvAgencyID=&idvPIID=GS00Q14OADU138&contractType=AWARD,"TETRA TECH, INC.",IPI/GEWE ENGENDERING INDUSTRIES
1/28/2025,72061522M00004,US Agency for International Development,51561586,33250258,1/28/2025,OTHER ADMINISTRATIVE ACTION,https://www.fpds.gov/ezsearch/jsp/viewLinkController.jsp?agencyID=7200&PIID=72061522M00004&modNumber=P00015&idvAgencyID=&idvPIID=47QRAA19D005J&contractType=AWARD,"SOCHA, LLC","USAID LOCALIZATION, INCLUSION, AND SUSTAINABILITY ACTIVITY (LISA) THE PURPOSE OF THE USAID INCLUSION AND LOCALIZATION MECHANISM IS TO SUPPORT USAID/KENYA AND EAST AFRICA (KEA) STAFF AND STAKEHOLDERS TO BE MORE EFFICIENT, EFFECTIVE, TRANSPARENT, AND"
1/27/2025,7200AA23N00003,US Agency for International Development,56575516,40499731,1/28/2025,EXERCISE AN OPTION,https://www.fpds.gov/ezsearch/jsp/viewLinkController.jsp?agencyID=7200&PIID=7200AA23N00003&modNumber=P00010&idvAgencyID=&idvPIID=47QRAD20D1143&contractType=AWARD,ECODIT LLC,"UNITED STATES AGENCY FOR INTERNATIONAL DEVELOPMENT GENDER EQUALITY AND WOMEN EMPOWERMENT HUB WITHIN THE BUREAU FOR DEVELOPMENT, DEMOCRACY, AND INNOVATION LEADS THE IMPLEMENTATION AND AGENCY PRIORITIES TO ADVANCE GENDER EQUITY, EQUALITY AND EMPOWERMEN"
1/31/2025,7200AA24C00013,US Agency for International Development,4146235,2846235,1/31/2025,BLANK REASON FOR MODIFICATION IN FPDS,https://www.fpds.gov/ezsearch/jsp/viewLinkController.jsp?agencyID=7200&PIID=7200AA24C00013&modNumber=0&idvAgencyID=&idvPIID=&contractType=AWARD,"STRATEION GROUP, LLC","THE PURPOSE OF THE FEED THE FUTURE DEVELOPMENT INFORMATION SOLUTION SUPPORT CONTRACT (FTFDSC) IS TO PROVIDE USAID STAFF AND IMPLEMENTING PARTNERS WITH TECHNICAL SERVICES, GUIDANCE, SUPPORT, AND TRAINING RELATED TO FEED THE FUTURE (FTF) PERFORMANCE MO"
2/5/2025,72068722P00009,US Agency for International Development,17298,0,2/5/2025,EXERCISE AN OPTION,https://www.fpds.gov/ezsearch/jsp/viewLinkController.jsp?agencyID=7200&PIID=72068722P00009&modNumber=P00004&idvAgencyID=&idvPIID=&contractType=AWARD,,"THIS IS A ANNUAL SUBSCRIPTION TO DEVEX NEWSLETTER FROM FEB 22, 2022 TO FEB 21, 2023. THE GOVERNMENT WILL ISSUE TASK ORDERS THAT ARE EITHER ( FILL IN THE TYPE HERE) OR ( FILL IN THE TYPE HERE). THE CONTRACTOR MUST PERFORM THE SERVICES SET FORTH IN TAS"
1/22/2025,7200AA23F50026,US Agency for International Development,6686160,1794280,2/12/2025,FUNDING ONLY ACTION,https://www.fpds.gov/ezsearch/jsp/viewLinkController.jsp?agencyID=7200&PIID=7200AA23F50026&modNumber=P00002&idvAgencyID=&idvPIID=7200AA22A00006&contractType=AWARD,ENCOMPASS LLC,THE CALL ORDER PERFORMANCE OBJECTIVES CONSIST OF FOUR (4) MAJOR FUNCTIONAL AREAS IN ACHIEVING THE PERFORMANCE OBJECTIVES IN THIS ORDER. THE CONTRACTOR SHALL PERFORM IN ACCORDANCE WITH THE SUBJECT BPA AND  BEST INDUSTRY PRACTICES TO PROVIDE HIGH QUALI
1/22/2025,7200AA24F00010,US Agency for International Development,5821328,3781849,2/12/2025,BLANK REASON FOR MODIFICATION IN FPDS,https://www.fpds.gov/ezsearch/jsp/viewLinkController.jsp?agencyID=7200&PIID=7200AA24F00010&modNumber=0&idvAgencyID=&idvPIID=7200AA24D00002&contractType=AWARD,JEFFERSON CONSULTING GROUP LLC,"THE CCSDP IDIQ  IS DESIGNED TO ENSURE THAT NEW, NONTRADITIONAL, AND LOCAL PARTNERS AND GOVERNMENTS HAVE THE CAPABILITIES AND RESOURCES TO SERVE AS PRIME PARTNERS FOR USAID PROGRAMMING ALONG WITH ENSURING THAT USAID M/OUS ARE EQUIPPED TO WORK WITH MO"
1/22/2025,7200AA24M00019,US Agency for International Development,300439,0,2/12/2025,BLANK REASON FOR MODIFICATION IN FPDS,https://www.fpds.gov/ezsearch/jsp/viewLinkController.jsp?agencyID=7200&PIID=7200AA24M00019&modNumber=0&idvAgencyID=&idvPIID=47QRAA20D0006&contractType=AWARD,"AKYTECH CONSULTING, LLC",REQUEST FOR SOLE SOURCE AWARD TO AKYTECH CONSULTING LLC TO PROVIDE USAID TRAINING ACROSS THE AGENCY AND IN SELECT US EMBASSIES   THE THIS NONCOMPETITIVE ACTION IS TO FULFILL THE AGENCIES OBLIGATION TO THE JANUARY 2021 PRESIDENT BIDEN SIGNED EXEC
1/23/2025,72012224P00001,US Agency for International Development,49667,0,2/12/2025,BLANK REASON FOR MODIFICATION IN FPDS,https://www.fpds.gov/ezsearch/jsp/viewLinkController.jsp?agencyID=7200&PIID=72012224P00001&modNumber=0&idvAgencyID=&idvPIID=&contractType=AWARD,PRAXIS PLUS LLC,USAID/UZBEKISTAN - DEIA FELLOWSHIP - CULTIVATING INCLUSION FELLOWSHIPS
1/23/2025,72016724P00009,US Agency for International Development,20000,0,2/12/2025,BLANK REASON FOR MODIFICATION IN FPDS,https://www.fpds.gov/ezsearch/jsp/viewLinkController.jsp?agencyID=7200&PIID=72016724P00009&modNumber=0&idvAgencyID=&idvPIID=&contractType=AWARD,MISCELLANEOUS FOREIGN AWARDEES,"SUPPORT SERVICES TO USAID AND THE DEIA COUNCIL AT EMBASSY PRISTINA. THE ACTIVITIES UNDER THIS PURCHASE ORDER WILL INCLUDE ORGANIZING INTERNAL ACTIVITIES, WORKSHOPS AND EVENTS FOR USAID, AND FOR THE LARGER EMBASSY STAFF UNDER THE FOLLOWING GUIDING PRI"
1/23/2025,72062423C00002,US Agency for International Development,100000,0,2/12/2025,OTHER ADMINISTRATIVE ACTION,https://www.fpds.gov/ezsearch/jsp/viewLinkController.jsp?agencyID=7200&PIID=72062423C00002&modNumber=P00001&idvAgencyID=&idvPIID=&contractType=AWARD,ZEMITEK LLC,"TO PROCURE SERVICE TO CONDUCT A MISSION-WIDE DEIA SURVEY, DEVELOP AN DEIA ACTION PLAN, AND IMPLEMENT DEIA RELATED TRAINING."
1/23/2025,72068724P00056,US Agency for International Development,20000,0,2/12/2025,BLANK REASON FOR MODIFICATION IN FPDS,https://www.fpds.gov/ezsearch/jsp/viewLinkController.jsp?agencyID=7200&PIID=72068724P00056&modNumber=0&idvAgencyID=&idvPIID=&contractType=AWARD,MISCELLANEOUS FOREIGN AWARDEES,"TO PROCURE ONE LOCAL FIRM TO CONDUCT A DEIA (DIVERSITY, EQUITY, INCLUSION, AND ACCESSIBILITY) INTERNAL ASSESSMENT, AND PROVIDE DEIA STRATEGIC SERVICES AND DEVELOPMENT"
1/24/2025,7200AA22F50016,US Agency for International Development,11214930,3814930,2/12/2025,FUNDING ONLY ACTION,https://www.fpds.gov/ezsearch/jsp/viewLinkController.jsp?agencyID=7200&PIID=7200AA22F50016&modNumber=P00003&idvAgencyID=&idvPIID=7200AA22A00005&contractType=AWARD,SSG-ADVISORS LLC,"DEIA BUY-IN TO M MAPS (RESONANCE) CONTRACT   DEIA CALL ORDER TO MAP BPA TO PROVIDE GENERAL SUPPORT TO THE OFFICE OF DIVERSITY, EQUITY, INCLUSION AND ACCESSIBILITY (DEIA)."
1/24/2025,72048624S00006,US Agency for International Development,703398,585020,2/12/2025,OTHER ADMINISTRATIVE ACTION,https://www.fpds.gov/ezsearch/jsp/viewLinkController.jsp?agencyID=7200&PIID=72048624S00006&modNumber=P00002&idvAgencyID=&idvPIID=&contractType=AWARD,DOMESTIC AWARDEES (UNDISCLOSED),"NEW CONTRACT RH USPSC DEIA SENIOR ADVISOR, GS-14"
1/24/2025,72052324P00007,US Agency for International Development,26800,0,2/12/2025,OTHER ADMINISTRATIVE ACTION,https://www.fpds.gov/ezsearch/jsp/viewLinkController.jsp?agencyID=7200&PIID=72052324P00007&modNumber=P00001&idvAgencyID=&idvPIID=&contractType=AWARD,FOREIGN AWARDEES (UNDISCLOSED),"TO ORGANIZE TWO EVENTS TO SUPPORT THE USAID/MEXICO INTEGRATION STRATEGY, SEEKING TO IMPROVE AND ENHANCE THE APPRECIATION OF DIVERSITY; TO ADVOCATE FOR A CULTURE OF INCLUSION, BELONGING, AND EQUITY; AND TO STRENGTHEN COLLABORATION AND PROMOTE A POSIT"
1/24/2025,72062023P00094,US Agency for International Development,53438,0,2/12/2025,OTHER ADMINISTRATIVE ACTION,https://www.fpds.gov/ezsearch/jsp/viewLinkController.jsp?agencyID=7200&PIID=72062023P00094&modNumber=P00003&idvAgencyID=&idvPIID=&contractType=AWARD,MISCELLANEOUS FOREIGN AWARDEES,TO PURCHASE ORDER FOR A VENDOR/CONSULTANT TO WORK ON THE WISE DEIA INITIATIVE.
1/25/2025,72052723P00065,US Agency for International Development,53400,0,2/12/2025,OTHER ADMINISTRATIVE ACTION,https://www.fpds.gov/ezsearch/jsp/viewLinkController.jsp?agencyID=7200&PIID=72052723P00065&modNumber=P00002&idvAgencyID=&idvPIID=&contractType=AWARD,PERSPEKTIVA ESTRATEGIA SAC,"TO HIRE A CONTRACTOR TO PROVIDE CREATIVE AND LOGISTICAL SUPPORT TO CONDUCT IN PERSON RECRUITMENT EVENTS THROUGHOUT THE COUNTRY. THE CONTRACTOR WILL BE RESPONSIBLE FOR THE DESIGN, COORDINATION, SELECTION OF THE VENUE, MANAGEMENT OF PARTICIPANT INVITAT"
1/30/2025,72026324P00099,US Agency for International Development,27020,0,2/12/2025,BLANK REASON FOR MODIFICATION IN FPDS,https://www.fpds.gov/ezsearch/jsp/viewLinkController.jsp?agencyID=7200&PIID=72026324P00099&modNumber=0&idvAgencyID=&idvPIID=&contractType=AWARD,NEW CENTURY TECHNOLOGIES INC.,EXO/GDPI TABLES& CABINETS
2/10/2025,7200AA20F00012,US Agency for International Development,12840714,7617832,2/12/2025,SUPPLEMENTAL AGREEMENT FOR WORK WITHIN SCOPE,https://www.fpds.gov/ezsearch/jsp/viewLinkController.jsp?agencyID=7200&PIID=7200AA20F00012&modNumber=P00015&idvAgencyID=&idvPIID=7200AA19D00025&contractType=AWARD,DELOITTE CONSULTING LLP,STRENGTHENING UTILITIES AND PROMOTING ENERGY REFORM (SUPER) - ENERGY II IDIQ
2/10/2025,7200AA21C00063,US Agency for International Development,21349558,15883322,2/12/2025,FUNDING ONLY ACTION,https://www.fpds.gov/ezsearch/jsp/viewLinkController.jsp?agencyID=7200&PIID=7200AA21C00063&modNumber=P00009&idvAgencyID=&idvPIID=&contractType=AWARD,"TETRA TECH ES, INC.",THE PURPOSE OF THIS REQUISITION IS TO FUND THE BASE YEAR OF THE WE4F SOUTHERN AND CENTRAL AFRICA REGIONAL INNOVATION HUB
2/10/2025,7200AA22M00005,US Agency for International Development,10206089,0,2/12/2025,SUPPLEMENTAL AGREEMENT FOR WORK WITHIN SCOPE,https://www.fpds.gov/ezsearch/jsp/viewLinkController.jsp?agencyID=7200&PIID=7200AA22M00005&modNumber=P00015&idvAgencyID=&idvPIID=GS00Q14OADU113&contractType=AWARD,DELOITTE CONSULTING LLP,"VERSION 1:  COMMITTED $1,500,000 FROM GREEN CITIES CORE FUNDS IN THE ITEMIZED SECTION OF THE REQ AND $1 MILLION FROM DDI/GENDEV'S FUNDS IN GROUP REQ RGP-DDI-22-000084.  TOTAL TO BE OBLIGATED IS $2.5 MILLION.  USAID'S GREEN CITIES DIVISION"
2/10/2025,7200AA22M00007,US Agency for International Development,3919999,2489213,2/12/2025,EXERCISE AN OPTION,https://www.fpds.gov/ezsearch/jsp/viewLinkController.jsp?agencyID=7200&PIID=7200AA22M00007&modNumber=P00002&idvAgencyID=&idvPIID=GS02Q16DCR0079&contractType=AWARD,PITON SCIENCE & TECHNOLOGY LLC,EO14042 THE LEARNING AND ORGANIZATION DEVELOPMENT AWARD WILL SUPPORT TRAINING AND ORGANIZATIONAL DEVELOPMENT ACTIVITIES IN CPS BUREAU
2/10/2025,7200AA23C00091,US Agency for International Development,96000000,79970524,2/12/2025,OTHER ADMINISTRATIVE ACTION,https://www.fpds.gov/ezsearch/jsp/viewLinkController.jsp?agencyID=7200&PIID=7200AA23C00091&modNumber=P00010&idvAgencyID=&idvPIID=&contractType=AWARD,ENCOMPASS LLC,EPIC IDEAS
2/10/2025,7200AA23C00092,US Agency for International Development,5269382,3543099,2/12/2025,FUNDING ONLY ACTION,https://www.fpds.gov/ezsearch/jsp/viewLinkController.jsp?agencyID=7200&PIID=7200AA23C00092&modNumber=P00005&idvAgencyID=&idvPIID=&contractType=AWARD,COHO CONSULTING GROUP LLC,FINANCIAL MANAGEMENT CONTRACT TO REVIEW AND IMPLEMENT NEW SYSTEM PROCESSES.
2/10/2025,7200AA23C00131,US Agency for International Development,200000000,167430251,2/12/2025,FUNDING ONLY ACTION,https://www.fpds.gov/ezsearch/jsp/viewLinkController.jsp?agencyID=7200&PIID=7200AA23C00131&modNumber=P00007&idvAgencyID=&idvPIID=&contractType=AWARD,THE CADMUS GROUP LLC,DIGITAL STRATEGY IMPLEMENTATION AND PROGRAMS
2/10/2025,7200AA23N00007,US Agency for International Development,64999195,61929203,2/12/2025,FUNDING ONLY ACTION,https://www.fpds.gov/ezsearch/jsp/viewLinkController.jsp?agencyID=7200&PIID=7200AA23N00007&modNumber=P00003&idvAgencyID=&idvPIID=47QRAD20D1072&contractType=AWARD,"INTERNATIONAL DEVELOPMENT GROUP ADVISORY SERVICES, LLC","THE PURPOSE OF ADVANCING LEARNING OUTCOMES IN AFRICA (ALOA) IS TO PROVIDE ANALYTICAL AND IMPLEMENTATION SUPPORT SERVICES TO USAID MISSION IN THE SSA REGION AND THE AFRICA REGIONAL BUREAU EDUCATION TEAM TO ASSIST WITH DESIGNING, IMPLEMENTING, AND EVAL"
2/10/2025,7200AA23P00064,US Agency for International Development,305675,0,2/12/2025,"ADDITIONAL WORK (NEW AGREEMENT, JUSTIFICATION REQUIRED)",https://www.fpds.gov/ezsearch/jsp/viewLinkController.jsp?agencyID=7200&PIID=7200AA23P00064&modNumber=P00001&idvAgencyID=&idvPIID=&contractType=AWARD,RARE COACHING & CONSULTING LLC,TO PROVIDE COACHING AND TRAINING SERVICES TO USAID ASIA BUREAU LEADERSHIP TEAM AND STAFF.
2/10/2025,7200AA24F00003,US Agency for International Development,15799179,13984179,2/12/2025,FUNDING ONLY ACTION,https://www.fpds.gov/ezsearch/jsp/viewLinkController.jsp?agencyID=7200&PIID=7200AA24F00003&modNumber=P00002&idvAgencyID=&idvPIID=7200AA23D00007&contractType=AWARD,"DEMOCRACY INTERNATIONAL, INC","TASK ORDER (RFTOP) FOR CONTRACTOR SUPPORT, UNDER CPS/CVP'S P4P2 IDIQ CONTRACT, TO PROVIDE TIMELY RECRUITING AND DEPLOYMENT OF TECHNICAL EXPERTS IN CONFLICT MITIGATION, VIOLENCE PREVENTION, PEACEBUILDING, STABILIZATION, AND RELATED FIELDS TO SUPP"
2/10/2025,7200AA24M00012,US Agency for International Development,9986678,8192903,2/12/2025,BLANK REASON FOR MODIFICATION IN FPDS,https://www.fpds.gov/ezsearch/jsp/viewLinkController.jsp?agencyID=7200&PIID=7200AA24M00012&modNumber=0&idvAgencyID=&idvPIID=47QRAD20D8119&contractType=AWARD,OCT CONSULTING LLC,NEW M/OAA CLOSEOUT CONTRACT - BASE YEAR AND 4 OPTIONS YEARS.
2/10/2025,72011724P00005,US Agency for International Development,99040,0,2/12/2025,OTHER ADMINISTRATIVE ACTION,https://www.fpds.gov/ezsearch/jsp/viewLinkController.jsp?agencyID=7200&PIID=72011724P00005&modNumber=P00002&idvAgencyID=&idvPIID=&contractType=AWARD,"EMERGING CONSULTING, LLC","PROCUREMENT OF OVERSIGHT AUDIT SERVICES FROM A QUALIFIED CONSULTANT/AUDIT/FIRM TO CONDUCT AN AUDIT (THROUGH AN EXAMINATION ENGAGEMENT) OF DIRECT BUDGET SUPPORT (DBS) PROVIDED TO THE GOVERNMENT OF MOLDOVA (GOM), INCLUDING OBTAINING REASONABLE ASSURANC"
2/10/2025,72026323P00055,US Agency for International Development,249484,0,2/12/2025,OTHER ADMINISTRATIVE ACTION,https://www.fpds.gov/ezsearch/jsp/viewLinkController.jsp?agencyID=7200&PIID=72026323P00055&modNumber=P00001&idvAgencyID=&idvPIID=&contractType=AWARD,CHEMONICS EGYPT CONSULTANTS,CONSTRUCTION MANAGEMENT AND ENGINEERING SUPPORT TO THE INTEGRATED WATER SOLUTIONS SUPPORT (IWSS)
2/10/2025,72039120F00009,US Agency for International Development,2515978,0,2/12/2025,FUNDING ONLY ACTION,https://www.fpds.gov/ezsearch/jsp/viewLinkController.jsp?agencyID=7200&PIID=72039120F00009&modNumber=P00005&idvAgencyID=&idvPIID=72039119D00009&contractType=AWARD,TECHNO CONSULT INTERNATIONAL PVT LTD,ARCHITECT AND ENGINEERING SERVICES FOR THIRD PARTY MONITORING ACTIVITY FOR MUNICIPAL SERVICES PROGRAM-SINDH
2/10/2025,72065621C00002,US Agency for International Development,4896947,1,2/12/2025,FUNDING ONLY ACTION,https://www.fpds.gov/ezsearch/jsp/viewLinkController.jsp?agencyID=7200&PIID=72065621C00002&modNumber=P00010&idvAgencyID=&idvPIID=&contractType=AWARD,EUROSIS CONSULTORIA E FORMACAO EM GESTAO LDA.,"THE AUTHORIZED AGENT IS REQUESTED TO ISSUE A REQUEST FOR PROPOSAL (RFP) FOR THE UPCOMING CAPACITY STRENGTHENING AWARD (LEAD), AND OBLIGATE THE AMOUNT OF $725.000. THE ANTICIPATED TOTAL ESTIMATED AMOUNT OF THE AWARD IS $5,000,000.00 FOR FIVE YEARS."
2/10/2025,72065623F00001,US Agency for International Development,858602,0,2/12/2025,EXERCISE AN OPTION,https://www.fpds.gov/ezsearch/jsp/viewLinkController.jsp?agencyID=7200&PIID=72065623F00001&modNumber=P00002&idvAgencyID=&idvPIID=72065620D00003&contractType=AWARD,"CONSULTEC - CONSULTORES ASSOCIADOS, LDA",TASK ORDER UNDER 7 A&E MISSION IDIQ HOLDERS
2/10/2025,72066020C00002,US Agency for International Development,3990000,0,2/12/2025,OTHER ADMINISTRATIVE ACTION,https://www.fpds.gov/ezsearch/jsp/viewLinkController.jsp?agencyID=7200&PIID=72066020C00002&modNumber=P00008&idvAgencyID=&idvPIID=&contractType=AWARD,JEFFERSON CONSULTING GROUP LLC,THE PURPOSE OF THIS CONTRACT IS TO PROCURE ACQUISITION AND ASSISTANCE SUPPORT UNDER  GENERAL SERVICES ADMINISTRATION (GSA) PROFESSIONAL SERVICES SCHEDULE NO. GS-00F-120DA WITH JEFFERSON CONSULTING GROUP LLC FOR THE USAID/DEMOCRATIC REPUBLIC OF THE CO
2/10/2025,72MC1023C00009,US Agency for International Development,4499174,3039039,2/12/2025,FUNDING ONLY ACTION,https://www.fpds.gov/ezsearch/jsp/viewLinkController.jsp?agencyID=7200&PIID=72MC1023C00009&modNumber=P00009&idvAgencyID=&idvPIID=&contractType=AWARD,FIRST RAY CONSULTING LLC,"TO UTILIZE THE AIDRPA SYSTEM TO DESIGN AND BUILD THE RPA (ROBOTIC PROCESS AUTOMATION) SOLUTIONS TO AUTOMATE REPETITIVE, RULES-BASED TASKS."
2/10/2025,72MC1023N00007,US Agency for International Development,3116825,0,2/12/2025,EXERCISE AN OPTION,https://www.fpds.gov/ezsearch/jsp/viewLinkController.jsp?agencyID=7200&PIID=72MC1023N00007&modNumber=P00002&idvAgencyID=&idvPIID=NNG15SD26B&contractType=AWARD,"THUNDERCAT TECHNOLOGY, LLC",THE PURPOSE OF THIS REQUEST IS TO OBTAIN FUNDING FOR AIRWATCH AND DOCUSIGN LICENSES.
2/11/2025,7200AA22F00013,US Agency for International Development,16263496,3812248,2/12/2025,FUNDING ONLY ACTION,https://www.fpds.gov/ezsearch/jsp/viewLinkController.jsp?agencyID=7200&PIID=7200AA22F00013&modNumber=P00010&idvAgencyID=&idvPIID=7200AA21D00011&contractType=AWARD,GREEN POWERED TECHNOLOGY LLC,"THE PURPOSE OF THIS TASK ORDER, INFRASTRUCTURE FIELD SUPPORT II (IFS II), UNDER THE ARCHITECT & ENGINEER SERVICES III INDEFINITE DELIVERY INDEFINITE QUALITY (A&E III IDIQ) VEHICLE IS TO PROVIDE THE CENTER FOR ENVIRONMENT, ENERGY, AND INFRASTR"
2/11/2025,72011122C00001,US Agency for International Development,8910606,2966225,2/12/2025,FUNDING ONLY ACTION,https://www.fpds.gov/ezsearch/jsp/viewLinkController.jsp?agencyID=7200&PIID=72011122C00001&modNumber=P00006&idvAgencyID=&idvPIID=&contractType=AWARD,DELOITTE CONSULTING LLP,IMPROVED WATER MANAGEMENT FOR SUSTAINABLE ECONOMIC GROWTH ACTIVITY
2/11/2025,72011421F00002,US Agency for International Development,20214040,2080256,2/12/2025,FUNDING ONLY ACTION,https://www.fpds.gov/ezsearch/jsp/viewLinkController.jsp?agencyID=7200&PIID=72011421F00002&modNumber=P00005&idvAgencyID=&idvPIID=7200AA19D00025&contractType=AWARD,DELOITTE CONSULTING LLP,USAID SECURING GEORGIA'S ENERGY FUTURE PROGRAM
2/11/2025,72012125C00001,US Agency for International Development,90000000,79384453,2/12/2025,BLANK REASON FOR MODIFICATION IN FPDS,https://www.fpds.gov/ezsearch/jsp/viewLinkController.jsp?agencyID=7200&PIID=72012125C00001&modNumber=0&idvAgencyID=&idvPIID=&contractType=AWARD,DELOITTE CONSULTING LLP,FURTHERING HEALTH REFORM AND RECOVERY NEW AWARD
2/11/2025,72016820C00001,US Agency for International Development,10517722,5500000,2/12/2025,OTHER ADMINISTRATIVE ACTION,https://www.fpds.gov/ezsearch/jsp/viewLinkController.jsp?agencyID=7200&PIID=72016820C00001&modNumber=P00008&idvAgencyID=&idvPIID=&contractType=AWARD,MILLENNIUM PARTNERS CONSULTING LLC,"1. TO INCREASE TRANSPARENCY AND REDUCE CORRUPTION IN GOVERNMENT-LED PROCESSES. 2. TO STRENGTHEN AND STREAMLINE DEALINGS BETWEEN PUBLIC OFFICIALS AND POTENTIAL INVESTORS, LOCAL BUSINESSES AND CITIZENS THROUGH MINIMIZING DISCRETION OF PUBLIC OFFICIALS"
2/11/2025,72016823C00001,US Agency for International Development,5560392,2459465,2/12/2025,FUNDING ONLY ACTION,https://www.fpds.gov/ezsearch/jsp/viewLinkController.jsp?agencyID=7200&PIID=72016823C00001&modNumber=P00001&idvAgencyID=&idvPIID=&contractType=AWARD,"DEMOCRACY INTERNATIONAL, INC",SUPPORT TO ELECTORAL INTEGRITY IN BIH ACTIVITY AIMS TO IMPROVE THE INTEGRITY OF ELECTIONS IN BOSNIA AND HERZEGOVINA (BIH).
2/11/2025,72029424P00055,US Agency for International Development,71428,0,2/12/2025,BLANK REASON FOR MODIFICATION IN FPDS,https://www.fpds.gov/ezsearch/jsp/viewLinkController.jsp?agencyID=7200&PIID=72029424P00055&modNumber=0&idvAgencyID=&idvPIID=&contractType=AWARD,WEPRO SOLUTIONS & CONSULTANCY,"THE PURPOSE OF THIS PURCHASE ORDER IS TO PURCHASE NEW OFFICE FURNITURE'S FOR AGRON AND MAMILLA OFFICES.  THE ORDER INCLUDES 35 ELECTRIC DESKS, 30 DRAWERS, 12 CABINETS, 22 PANELS, 100 VISITOR CHAIRS, SMALL ROUND TABLE, 4 ROUND TABLE CHAIRS, CONF"
2/11/2025,72036720F00001,US Agency for International Development,18749791,0,2/12/2025,FUNDING ONLY ACTION,https://www.fpds.gov/ezsearch/jsp/viewLinkController.jsp?agencyID=7200&PIID=72036720F00001&modNumber=P00008&idvAgencyID=&idvPIID=7200AA19D00025&contractType=AWARD,DELOITTE CONSULTING LLP,"URJA NEPAL'S GOAL IS TO CREATE A FINANCIALLY VIABLE ELECTRICITY SECTOR THAT PROVIDES AFFORDABLE, RELIABLE AND SECURE POWER AND ENABLES THE ENTRY OF PRIVATE INVESTMENT INTO THE NEPALI MARKET. THIS GOAL MUST BE ATTAINED THROUGH ACHIEVING FOUR OBJE"
2/11/2025,72036722N00001,US Agency for International Development,25975892,9523866,2/12/2025,"ADDITIONAL WORK (NEW AGREEMENT, JUSTIFICATION REQUIRED)",https://www.fpds.gov/ezsearch/jsp/viewLinkController.jsp?agencyID=7200&PIID=72036722N00001&modNumber=P00004&idvAgencyID=&idvPIID=GS00Q14OADU113&contractType=AWARD,DELOITTE CONSULTING LLP,"FISCAL FEDERALISM REMAINS ONE OF THE MOST IMPORTANT DECENTRALIZATION REFORMS IN NEPAL. THE GOVERNMENT OF NEPAL (GON) HAS DEVELOPED THE LEGAL AND REGULATORY FRAMEWORK FOR FISCAL FEDERALISM AT THE NATIONAL LEVEL; HOWEVER, NOTABLE GAPS REMAIN AT THE PRO"
2/11/2025,72038624C00002,US Agency for International Development,4926529,3926529,2/12/2025,OTHER ADMINISTRATIVE ACTION,https://www.fpds.gov/ezsearch/jsp/viewLinkController.jsp?agencyID=7200&PIID=72038624C00002&modNumber=P00002&idvAgencyID=&idvPIID=&contractType=AWARD,CONVERGENT VIEW RESEARCH & CONSULTANCY PRIVATE LIMITED,THE PURPOSE OF THIS CONTRACT IS TO PROVIDE ORGANIZATIONAL AND PROGRAMMATIC MONITORING ASSESSMENTS RESEARCH AND LEARNING TO GENERATE THE DATA ANALYSIS AND COMMUNICATIONS THAT FURTHER ENHANCE THE IMPACT OF USAIDS HEALTH PROGRAMS IN INDIA
2/11/2025,72044021C00001,US Agency for International Development,36310210,3034814,2/12/2025,SUPPLEMENTAL AGREEMENT FOR WORK WITHIN SCOPE,https://www.fpds.gov/ezsearch/jsp/viewLinkController.jsp?agencyID=7200&PIID=72044021C00001&modNumber=P00004&idvAgencyID=&idvPIID=&contractType=AWARD,DELOITTE CONSULTING LLP,"NEW ACTIVITY ""USAID IMPROVING PRIVATE SECTOR COMPETITIVENESS""."
2/11/2025,72048622F00001,US Agency for International Development,40111604,8213100,2/12/2025,OTHER ADMINISTRATIVE ACTION,https://www.fpds.gov/ezsearch/jsp/viewLinkController.jsp?agencyID=7200&PIID=72048622F00001&modNumber=P00009&idvAgencyID=&idvPIID=7200AA19D00025&contractType=AWARD,DELOITTE CONSULTING LLP,USAID/RDMA SOUTHEAST ASIA'S SMART POWER PROGRAM
2/11/2025,72062423M00002,US Agency for International Development,5786504,3365640,2/12/2025,FUNDING ONLY ACTION,https://www.fpds.gov/ezsearch/jsp/viewLinkController.jsp?agencyID=7200&PIID=72062423M00002&modNumber=P00002&idvAgencyID=&idvPIID=GS00F120DA&contractType=AWARD,JEFFERSON CONSULTING GROUP LLC,"ACQUISITION AND ASSISTANCE SUPPORT INCLUDE THE AWARD AND ADMINISTRATION OF GRANTS AND CONTRACTS THROUGHOUT THE ACQUISITION AND ASSISTANCE LIFE CYCLE, FROM PLANNING TO CLOSEOUT."
2/11/2025,72065623P00023,US Agency for International Development,184800,0,2/12/2025,EXERCISE AN OPTION,https://www.fpds.gov/ezsearch/jsp/viewLinkController.jsp?agencyID=7200&PIID=72065623P00023&modNumber=P00001&idvAgencyID=&idvPIID=&contractType=AWARD,"CONSULTORES HODI, LDA","THIS IS TO REQUEST THE OBLIGATION OF $92,400.00 FOR THE PAYMENT OF THE HEAD OF SECRETARIAT FOR THE DEVELOPMENT COOPERATION PLATFORM (DCP) JEANNETTE KEYZER"
2/11/2025,72066323C00008,US Agency for International Development,11901462,6720937,2/12/2025,FUNDING ONLY ACTION,https://www.fpds.gov/ezsearch/jsp/viewLinkController.jsp?agencyID=7200&PIID=72066323C00008&modNumber=P00006&idvAgencyID=&idvPIID=&contractType=AWARD,"HEADLIGHT CONSULTING SERVICES, LLC",TO SUBCOMMIT FUNDS FOR THE INITIAL OBLIGATION FOR THE NEW LEARNING ADAPTATION ACTIVITY
2/11/2025,72067418C00004,US Agency for International Development,18492475,6322604,2/12/2025,FUNDING ONLY ACTION,https://www.fpds.gov/ezsearch/jsp/viewLinkController.jsp?agencyID=7200&PIID=72067418C00004&modNumber=P00043&idvAgencyID=&idvPIID=&contractType=AWARD,JEFFERSON CONSULTING GROUP LLC,IGF::CL::IGF SOUTHERN AFRICA MISSION SUPPORT (SAMS) ACTIVITY.
2/11/2025,72067423C00001,US Agency for International Development,33812067,11166963,2/12/2025,FUNDING ONLY ACTION,https://www.fpds.gov/ezsearch/jsp/viewLinkController.jsp?agencyID=7200&PIID=72067423C00001&modNumber=P00002&idvAgencyID=&idvPIID=&contractType=AWARD,DAI GLOBAL LLC,USAID SOUTHERN AFRICA MOBILIZING INVESTMENT ACTIVITY
2/11/2025,72067424C00001,US Agency for International Development,84642569,62492569,2/12/2025,FUNDING ONLY ACTION,https://www.fpds.gov/ezsearch/jsp/viewLinkController.jsp?agencyID=7200&PIID=72067424C00001&modNumber=P00002&idvAgencyID=&idvPIID=&contractType=AWARD,"CHEMONICS INTERNATIONAL, INC.",EMPOWERING SOUTHERN AFRICA (ESA)
2/11/2025,72067424F00006,US Agency for International Development,1100000,0,2/12/2025,BLANK REASON FOR MODIFICATION IN FPDS,https://www.fpds.gov/ezsearch/jsp/viewLinkController.jsp?agencyID=7200&PIID=72067424F00006&modNumber=0&idvAgencyID=&idvPIID=47QRAD21D1007&contractType=AWARD,GREEN POWERED TECHNOLOGY LLC,THIS ACTIVITY IS FOR PROCUREMENT OF TECHNICAL SERVICES TO PROVIDE COMMUNICATION SUPPORT TO POWER AFRICA COORDINATOR'S OFFICE
2/11/2025,72067424F00007,US Agency for International Development,37491573,22373646,2/12/2025,BLANK REASON FOR MODIFICATION IN FPDS,https://www.fpds.gov/ezsearch/jsp/viewLinkController.jsp?agencyID=7200&PIID=72067424F00007&modNumber=0&idvAgencyID=&idvPIID=7200AA22D00018&contractType=AWARD,"TETRA TECH ES, INC.","USAID SOUTHERN AFRICA RESILIENT CITIES LIMPOPO ACTIVITY, A TASK ORDER UNDER THE WADI II IDIQ. THE OBJECTIVE OF THIS ACTIVITY IS TO IMPROVE ACCESS TO WATER, SANITATION, AND SOLID WASTE MANAGEMENT SERVICES IN URBAN AREAS."
2/11/2025,72068522F00001,US Agency for International Development,13145931,0,2/12/2025,FUNDING ONLY ACTION,https://www.fpds.gov/ezsearch/jsp/viewLinkController.jsp?agencyID=7200&PIID=72068522F00001&modNumber=P00005&idvAgencyID=&idvPIID=7200AA18D00009&contractType=AWARD,DELOITTE CONSULTING LLP,USAID/SENEGAL PUBLIC FINANCIAL MANAGEMENT SUPPORT ACTIVITY  TO THE GOVERNMENT OF SENEGAL TO IMPROVE THEIR PUBLIC FINANCIAL MANAGEMENT AND PUBLIC ACCOUNTABILITY SYSTEM.
2/11/2025,72HCTM24PC00047,US Agency for International Development,24859,0,2/12/2025,BLANK REASON FOR MODIFICATION IN FPDS,https://www.fpds.gov/ezsearch/jsp/viewLinkController.jsp?agencyID=7200&PIID=72HCTM24PC00047&modNumber=0&idvAgencyID=&idvPIID=&contractType=AWARD,"EBSCO INFORMATION SERVICES, LLC",EBSCO SUBSCRIPTION FOR LIBRARY JOURNALS.
2/12/2025,72016722C00001,US Agency for International Development,13197291,1596028,2/12/2025,FUNDING ONLY ACTION,https://www.fpds.gov/ezsearch/jsp/viewLinkController.jsp?agencyID=7200&PIID=72016722C00001&modNumber=P00005&idvAgencyID=&idvPIID=&contractType=AWARD,"DEMOCRACY INTERNATIONAL, INC","THE ACTIVITY WILL INTRODUCE SUSTAINABLE PRACTICES FOR PUBLIC PARTICIPATION IN ORDER TO IMPROVE KOSOVO CITIZENS QUALITY OF LIFE AND STRENGTHEN THEIR PARTNERSHIP WITH THE MUNICIPAL GOVERNMENT. TO THIS PURPOSE, THE ACTIVITY WILL USE A SYSTEMS THINKING A"
2/12/2025,72016725F00001,US Agency for International Development,227438,0,2/12/2025,BLANK REASON FOR MODIFICATION IN FPDS,https://www.fpds.gov/ezsearch/jsp/viewLinkController.jsp?agencyID=7200&PIID=72016725F00001&modNumber=0&idvAgencyID=&idvPIID=72016724D00001&contractType=AWARD,"INTERNATIONAL BUSINESS & TECHNICAL CONSULTANTS, INC.",THE EVALUATION OF THE PERFORMANCE OF THE ENERGY SUSTAINABILITY ACTIVITY AND RESEARCH QUESTIONS RELATED TO THE ENERGY SECTOR. THE OBJECTIVE OF THIS EVALUATION IS TO ASSESS PROGRESS AND RECOMMEND ADJUSTMENTS TO THE IMPLEMENTATION OF THE ENERGY SUSTAINA
2/12/2025,72016922C00002,US Agency for International Development,14454634,4603154,2/12/2025,FUNDING ONLY ACTION,https://www.fpds.gov/ezsearch/jsp/viewLinkController.jsp?agencyID=7200&PIID=72016922C00002&modNumber=P00003&idvAgencyID=&idvPIID=&contractType=AWARD,DELOITTE CONSULTING LLP,SERBIA IMPROVING PUBLIC PROCUREMENT PROJECT
2/12/2025,72026821C00001,US Agency for International Development,115874054,73214054,2/12/2025,OTHER ADMINISTRATIVE ACTION,https://www.fpds.gov/ezsearch/jsp/viewLinkController.jsp?agencyID=7200&PIID=72026821C00001&modNumber=P00007&idvAgencyID=&idvPIID=&contractType=AWARD,DAI GLOBAL LLC,"THIS IS A NEW CONTRACT TO IMPLEMENT A NEW ACTIVITY: ""THE WATER SANITATION AND CONSERVATION' (WSC) ACTIVITY."
2/12/2025,72038319F00001,US Agency for International Development,22965235,0,2/12/2025,FUNDING ONLY ACTION,https://www.fpds.gov/ezsearch/jsp/viewLinkController.jsp?agencyID=7200&PIID=72038319F00001&modNumber=P00009&idvAgencyID=&idvPIID=7200AA18D00009&contractType=AWARD,DELOITTE CONSULTING LLP,PFM+T SRI LANKA AWARD
"All services have been delivered, and payment has been completed. The purchase order is now pending closeout.",7200AA24P00022,US Agency for International Development,21373,0,2/12/2025,BLANK REASON FOR MODIFICATION IN FPDS,https://www.fpds.gov/ezsearch/jsp/viewLinkController.jsp?agencyID=7200&PIID=7200AA24P00022&modNumber=0&idvAgencyID=&idvPIID=&contractType=AWARD,CHARLES C NGUYEN CONSULTING,THE PURPOSE OF THIS REQUISITION IS TO SERVE AS A PRIMARY PUBLIC BOARD MEMBER ON THE SENIOR FOREIGN SERVICE/FOREIGN SERVICE PERFORMANCE AND PROMOTION BOARDS.
"Award expired, no renewal",720LPA24PC00007,US Agency for International Development,22000,0,2/12/2025,BLANK REASON FOR MODIFICATION IN FPDS,https://www.fpds.gov/ezsearch/jsp/viewLinkController.jsp?agencyID=7200&PIID=720LPA24PC00007&modNumber=0&idvAgencyID=&idvPIID=&contractType=AWARD,CARAHSOFT TECHNOLOGY CORP,"TO PAY FOR ONE YEAR SUBSCRIPTION TO LINKEDIN TRAINING PLATFORM  (FEBRUARY 1, 2024 - JANAURY 31, 2025) TO BE USED BY LPA/SC (DOC  TEAM) FOR TRAINING TO USAID DOCS AROUND THE WORLD - $22,000"
Contract ends on 2/16/25. Award fully expended and contractor closeout release obtained on 9/27/24. CPARS is final closeout action remaining. Termination is not needed.,72061523M00001,US Agency for International Development,1293621,0,2/12/2025,FUNDING ONLY ACTION,https://www.fpds.gov/ezsearch/jsp/viewLinkController.jsp?agencyID=7200&PIID=72061523M00001&modNumber=P00004&idvAgencyID=&idvPIID=47QRAA21D00AU&contractType=AWARD,THE BOSTON CONSULTING GROUP INC,USAID KENYA AND EAST AFRICA MISSION FIT-FOR-PURPOSE ASSESSMENT
Items recevied 4/2024. Vendor paid.	,72066824P00027,US Agency for International Development,25620,0,2/12/2025,BLANK REASON FOR MODIFICATION IN FPDS,https://www.fpds.gov/ezsearch/jsp/viewLinkController.jsp?agencyID=7200&PIID=72066824P00027&modNumber=0&idvAgencyID=&idvPIID=&contractType=AWARD,TRUFOCUZ TECHNOLOGIES LLC,REQUEST TELEVISION FOR RESIDENTIAL
Performance completed and delivered,7200AA24F50009,US Agency for International Development,85600,0,2/12/2025,OTHER ADMINISTRATIVE ACTION,https://www.fpds.gov/ezsearch/jsp/viewLinkController.jsp?agencyID=7200&PIID=7200AA24F50009&modNumber=P00001&idvAgencyID=&idvPIID=7200AA23A00004&contractType=AWARD,TECHNO RELIEF OVERSEAS (INDIA) PRIVATE LIMITED,"(FA20241353) PROCUREMENT OF 40,000 UNBRANDED BUCKETS TAP/NO TAP"
Performance completed and delivered,7200AA24F50010,US Agency for International Development,684247,0,2/12/2025,BLANK REASON FOR MODIFICATION IN FPDS,https://www.fpds.gov/ezsearch/jsp/viewLinkController.jsp?agencyID=7200&PIID=7200AA24F50010&modNumber=0&idvAgencyID=&idvPIID=7200AA23A00004&contractType=AWARD,TECHNO RELIEF OVERSEAS (INDIA) PRIVATE LIMITED,"PROCUREMENT OF 18,660 BRANDED AND 25,200 UNBRANDED KITCHEN SETS ABACUS CONTROL #AL20242418 - PROCUREMENT OF 8,580 BRANDED KITCHEN SETS ABACUS CONTROL #AF20241404 - PROCUREMENT OF 10,080 BRANDED AND 25,200 UNBRANDED KITCHEN SETS"
This is A&E construction oversight task order.,72066922F00009,US Agency for International Development,2984332,0,2/12/2025,OTHER ADMINISTRATIVE ACTION,https://www.fpds.gov/ezsearch/jsp/viewLinkController.jsp?agencyID=7200&PIID=72066922F00009&modNumber=P00004&idvAgencyID=&idvPIID=72066922D00001&contractType=AWARD,GREEN POWERED TECHNOLOGY LLC,"EG: THE PURPOSE OF THIS TO2 IS TO PROVIDE TECHNICAL ASSESSMENTS, ENGINEERING DESIGN AND CONSTRUCTION OVERSIGHT SUPPORT FOR CURRENT AND PLANNED WASH AND HEALTH INFRASTRUCTURE."
"This is A&E services contract supporting a G2G activity. The construction activies are completed however there is defect liability period after which the firm is owed a final 10% payment. The defect liabilty period is important given that a bridge, mulitple schools, and laterines.",72061722F00010,US Agency for International Development,3239149,239595,2/12/2025,EXERCISE AN OPTION,https://www.fpds.gov/ezsearch/jsp/viewLinkController.jsp?agencyID=7200&PIID=72061722F00010&modNumber=P00003&idvAgencyID=&idvPIID=7200AA21D00011&contractType=AWARD,GREEN POWERED TECHNOLOGY LLC,"ACQUIRE THE SERVICES OF A QUALIFIED ARCHITECT-ENGINEER FIRM (A&E CONSULTANT) UNDER THE GLOBAL A&E IDIQ 7200AA21D00011, TO PROVIDE CONSTRUCTION OVERSIGHT AS WELL AS FINANCIAL MANAGEMENT CONSULTING SERVICES IN SUPPORT OF NORTHERN UGANDA DEVELOP"
2/5/2025,7200AA24P00003,US Agency for International Development,245494,150704,2/12/2025,EXERCISE AN OPTION,https://www.fpds.gov/ezsearch/jsp/viewLinkController.jsp?agencyID=7200&PIID=7200AA24P00003&modNumber=P00001&idvAgencyID=&idvPIID=&contractType=AWARD,"CRIMSON HEXAGON, INC.",THE PURPOSE OF THIS ACTIVITY IS TO PROVIDE THE OFFICE OF LEGISLATIVE AND PUBLIC AFFAIRS (LPA) WITH BRANDWATCH SUBSCRIPTION TO DATA ANALYTIC SERVICES THAT INCLUDES A QUERY ACCESS PLATFORM.
2/6/2025,72066322P00026,US Agency for International Development,19700,0,2/12/2025,EXERCISE AN OPTION,https://www.fpds.gov/ezsearch/jsp/viewLinkController.jsp?agencyID=7200&PIID=72066322P00026&modNumber=P00001&idvAgencyID=&idvPIID=&contractType=AWARD,MISCELLANEOUS FOREIGN AWARDEES,"ANNUAL SUBSCRIPTION TO THE REPORT NEWSPAPER WITH A TOTAL AMOUNT OF $ 10,100"
2/7/2025,72049224PC00014,US Agency for International Development,20025,0,2/12/2025,BLANK REASON FOR MODIFICATION IN FPDS,https://www.fpds.gov/ezsearch/jsp/viewLinkController.jsp?agencyID=7200&PIID=72049224PC00014&modNumber=0&idvAgencyID=&idvPIID=&contractType=AWARD,GPC CONSOLIDATED REPORTING,"TO REVISED THE AMOUNT OF FUNDS SUB COMMITTED FOR FACEBOOK  SOCIAL MEDIA BOOSTING FOR ONE YEAR FROM OCTOBER 1, 2024 TO  SEPTEMBER 30, 2025."
2/10/2025,7200AA20C00066,US Agency for International Development,2909414,0,2/12/2025,FUNDING ONLY ACTION,https://www.fpds.gov/ezsearch/jsp/viewLinkController.jsp?agencyID=7200&PIID=7200AA20C00066&modNumber=P00008&idvAgencyID=&idvPIID=&contractType=AWARD,"ODRG CSI JV, LLC","UNDER THIS FIVE (5) YEAR FIRM-FIXED PRICE TYPE CONTRACT AWARD CONSISTING OF A BASE YEAR AND FOUR () ONE-YEAR OPTION PERIODS SHOULD THE GOVERNMENT ELECT TO EXERCISE ALL ITS OPTIONS, THE CONTRACTOR SHALL BE RESPONSIBLE FOR MANAGING THE PRINTING AND DUP"
2/10/2025,7200AA23P00020,US Agency for International Development,224124,79682,2/12/2025,EXERCISE AN OPTION,https://www.fpds.gov/ezsearch/jsp/viewLinkController.jsp?agencyID=7200&PIID=7200AA23P00020&modNumber=P00001&idvAgencyID=&idvPIID=&contractType=AWARD,"CQ-ROLL CALL, INC",SUBSCRIPTION SERVICES (LEGISLATIVE AND CONGRESSIONAL - NEWS WEB SERVICES)
2/10/2025,7200AA24M00004,US Agency for International Development,36710914,32592162,2/12/2025,LEGAL CONTRACT CANCELLATION,https://www.fpds.gov/ezsearch/jsp/viewLinkController.jsp?agencyID=7200&PIID=7200AA24M00004&modNumber=P00008&idvAgencyID=&idvPIID=GS10F0418Y&contractType=AWARD,THE KONTERRA GROUP LLC,GLOBAL EMPLOYEE ASSISTANCE PROGRAM (EAP) SERVICES. THE OBJECTIVE OF THIS CONTRACT IS TO PROVIDE PROFESSIONAL EMPLOYEE ASSISTANCE PROGRAM SERVICES TO PROFESSIONAL CLINICAL AND NON-CLINICAL EXPERTISE AS WELL AS OUTREACH AND TRAINING STAFF FOR USAID EMP
2/10/2025,7200AA24M00008,US Agency for International Development,39197,0,2/12/2025,BLANK REASON FOR MODIFICATION IN FPDS,https://www.fpds.gov/ezsearch/jsp/viewLinkController.jsp?agencyID=7200&PIID=7200AA24M00008&modNumber=0&idvAgencyID=&idvPIID=36F79721D0021&contractType=AWARD,"STRYKER SALES, LLC",PROCUREMENT OF AUTOMATED EXTERNAL DEFIBRILLATORS (AEDS) FOR USAID/WASHINGTON FACILITIES.
2/10/2025,7200AA24P00005,US Agency for International Development,2116702,1346993,2/12/2025,FUNDING ONLY ACTION,https://www.fpds.gov/ezsearch/jsp/viewLinkController.jsp?agencyID=7200&PIID=7200AA24P00005&modNumber=P00002&idvAgencyID=&idvPIID=&contractType=AWARD,XEROX CORPORATION,CURRENT CONTRACT: 7200AA18C00041 IS ON 90 DAYS AND WILL EXPIRE 12/2/2023. IT IS IMPERATIVE THAT WE ALLOCATE FUNDING TO SUSTAIN EQUIPMENT LEASING PROGRAMS FOR THE DIGITAL PRINT AND GRAPHICS SHOP. XEROX CORP PROVIDES THE LATEST AND GREATEST TECHNOLOGIC
2/10/2025,7200AA24P00052,US Agency for International Development,145549,0,2/12/2025,BLANK REASON FOR MODIFICATION IN FPDS,https://www.fpds.gov/ezsearch/jsp/viewLinkController.jsp?agencyID=7200&PIID=7200AA24P00052&modNumber=0&idvAgencyID=&idvPIID=&contractType=AWARD,"LITTLE RIVER GOVERNMENT CONTRACTING, LLC","THE EXISTING CARPETING IN MOST AREAS OF THE RONALD REAGAN BUILDING (FLOORS B1, B2, B3 AND 2 - 9) REQUIRE PERIODIC CLEANING DUE TO NORMAL USAGE AND SPILLAGE OF FOOD AND DRINKS. THIS ISSUE HAS RESULTED IN MULTIPLE CALLS TO THE BUILDING CONTRACTED CLE"
2/10/2025,7200AA24P00054,US Agency for International Development,20000,10000,2/12/2025,BLANK REASON FOR MODIFICATION IN FPDS,https://www.fpds.gov/ezsearch/jsp/viewLinkController.jsp?agencyID=7200&PIID=7200AA24P00054&modNumber=0&idvAgencyID=&idvPIID=&contractType=AWARD,PATRIOT SHREDDING INC,THIS PURCHASE ORDER PROVIDES FOR ON-SITE DESTRUCTION OF SENSITIVE PAPER MATERIALS SHREDDING SERVICES.
2/10/2025,72068724P00020,US Agency for International Development,11992,0,2/12/2025,EXERCISE AN OPTION,https://www.fpds.gov/ezsearch/jsp/viewLinkController.jsp?agencyID=7200&PIID=72068724P00020&modNumber=P00001&idvAgencyID=&idvPIID=&contractType=AWARD,MISCELLANEOUS FOREIGN AWARDEES,LES NOUVELLES: SPACE PURCHASE FOR JOB ADVERTISEMENTS 2024
2/10/2025,72068724P00021,US Agency for International Development,14740,0,2/12/2025,EXERCISE AN OPTION,https://www.fpds.gov/ezsearch/jsp/viewLinkController.jsp?agencyID=7200&PIID=72068724P00021&modNumber=P00001&idvAgencyID=&idvPIID=&contractType=AWARD,MISCELLANEOUS FOREIGN AWARDEES,L'EXPRESS: SPACE PURCHASE FOR JOB ADVERTISEMENTS 2024
2/11/2025,7200AA20C00063,US Agency for International Development,4805092,809717,2/12/2025,FUNDING ONLY ACTION,https://www.fpds.gov/ezsearch/jsp/viewLinkController.jsp?agencyID=7200&PIID=7200AA20C00063&modNumber=P00008&idvAgencyID=&idvPIID=&contractType=AWARD,"ODRG CSI JV, LLC",MAILROOM STAFF CONTRACT 2 BASE YEARS AND THREE OPTION YEARS.
2/11/2025,7200AA20C00069,US Agency for International Development,5680789,182526,2/12/2025,EXERCISE AN OPTION,https://www.fpds.gov/ezsearch/jsp/viewLinkController.jsp?agencyID=7200&PIID=7200AA20C00069&modNumber=P00010&idvAgencyID=&idvPIID=&contractType=AWARD,KATMAI MANAGEMENT SERVICES LLC,THIS IS AN 8(A) SOLE SOURCE AWARD IN SUPPORT OF UNITED STATES AGENCY FOR INTERNATIONAL DEVELOPMENT (USAID) OFFICE OF ACQUISITION AND ASSISTANCE (OAA).  THE CONTRACTOR SHALL PROVIDE MOVING AND STORAGE SERVICES FOR THE USAID TO INCLUDE RONALD REAGAN BU
2/11/2025,7200AA21P00037,US Agency for International Development,152100,0,2/12/2025,SUPPLEMENTAL AGREEMENT FOR WORK WITHIN SCOPE,https://www.fpds.gov/ezsearch/jsp/viewLinkController.jsp?agencyID=7200&PIID=7200AA21P00037&modNumber=P00005&idvAgencyID=&idvPIID=&contractType=AWARD,GPC CONSOLIDATED REPORTING,"IN ACCORDANCE WITH THIS PURCHASE ORDER AND THE STATEMENT OF WORK (SOW) ATTACHED HERETO AND MADE A PART OF THIS ORDER, THE CONTRACTOR, REMOTE COMMAND CENTER USA, WILL PROVIDE REAL-TIME MONITORING OF ALL PARKING GARAGE DEVICES AND MECHANISMS NEEDED TO"
2/11/2025,7200AA22P00030,US Agency for International Development,256936,220672,2/12/2025,EXERCISE AN OPTION,https://www.fpds.gov/ezsearch/jsp/viewLinkController.jsp?agencyID=7200&PIID=7200AA22P00030&modNumber=P00003&idvAgencyID=&idvPIID=&contractType=AWARD,"COLONIAL PARKING, INC","IN ACCORDANCE WITH THE TERMS AND & CONDITIONS OF THIS PURCHASE ORDER AWARD AND THE STATEMENT OF WORK, COLONIAL PARKING AGREES TO PROVIDE TWENTY (20) MONTHLY LEASED PARKING PERMITS TO BE ASSIGNED AS DESIGNATED AS USAID GOVERNMENT PARKING FOR GOVER"
2/11/2025,72MC1022P00007,US Agency for International Development,259244,0,2/12/2025,EXERCISE AN OPTION,https://www.fpds.gov/ezsearch/jsp/viewLinkController.jsp?agencyID=7200&PIID=72MC1022P00007&modNumber=P00003&idvAgencyID=&idvPIID=&contractType=AWARD,"THE ECONOMIST INTELLIGENCE UNIT, NA, INCORPORATED","RENEWAL OF ECONOMIST INTELLIGENCE UNIT (EIU) USING DIRECT EXPRESS OPTION  INVOICE  $82,235 (INCLUDES DIRECT EXPRESS FEE)."
2/11/2025,72REFS24PC00023,US Agency for International Development,19026,0,2/12/2025,BLANK REASON FOR MODIFICATION IN FPDS,https://www.fpds.gov/ezsearch/jsp/viewLinkController.jsp?agencyID=7200&PIID=72REFS24PC00023&modNumber=0&idvAgencyID=&idvPIID=&contractType=AWARD,"BLOOMBERG INDUSTRY GROUP, INC.","GRACE BURTON, REFS/AA, ANNUAL SUBSCRIPTION TO BLOOMBERG GOVT."
3/6/2024,72061722C00002,US Agency for International Development,28860268,25114505,2/12/2025,FUNDING ONLY ACTION,https://www.fpds.gov/ezsearch/jsp/viewLinkController.jsp?agencyID=7200&PIID=72061722C00002&modNumber=P00004&idvAgencyID=&idvPIID=&contractType=AWARD,"MANAGEMENT SYSTEMS INTERNATIONAL, INC.","THE PURPOSE OF USAID'S STRENGTHENING SYSTEMS AND PUBLIC ACCOUNTABILITY (SSPA) ACTIVITY IS TO IMPROVE SERVICE DELIVERY THROUGH STRENGTHENED ACCOUNTABILITY, DEEPENED PUBLIC PARTICIPATION AND OVERSIGHT, TRANSPARENCY AND REDUCED CORRUPTION WITHIN UG"
8/5/2024,7200AA20F00014,US Agency for International Development,78089436,18672399,2/12/2025,SUPPLEMENTAL AGREEMENT FOR WORK WITHIN SCOPE,https://www.fpds.gov/ezsearch/jsp/viewLinkController.jsp?agencyID=7200&PIID=7200AA20F00014&modNumber=P00011&idvAgencyID=&idvPIID=7200AA19D00015&contractType=AWARD,"CHEMONICS INTERNATIONAL, INC.","THE CONTRACTOR IS TO PROVICE SUPPORT, UNDER THE SUPPORT WHICH IMPLEMENTS FAST TRANSITIONS (SWIFT) INDEFINITE DELIVERY INDEFINITE QUANTITY (IDIQ) MECHANISM."
9/13/2024,7200AA23F00007,US Agency for International Development,30293812,25293812,2/12/2025,SUPPLEMENTAL AGREEMENT FOR WORK WITHIN SCOPE,https://www.fpds.gov/ezsearch/jsp/viewLinkController.jsp?agencyID=7200&PIID=7200AA23F00007&modNumber=P00001&idvAgencyID=&idvPIID=7200AA19D00017&contractType=AWARD,CROWN AGENTS USA INC.,"THE PURPOSE OF THIS CONTRACT IS TO ESTABLISH AND MANAGE A FLEXIBLE, QUICK-RESPONSE MECHANISM SUPPORTING ACTIVITIES THAT WILL SUSTAIN THE PRO-DEMOCRACY MOVEMENT AND STRENGTHEN COMMUNITY RESILIENCE AMID ONGOING CONFLICTS IN BURMA."
1/21/2025,7200AA24M00007,US Agency for International Development,34072612,31252779,2/12/2025,FUNDING ONLY ACTION,https://www.fpds.gov/ezsearch/jsp/viewLinkController.jsp?agencyID=7200&PIID=7200AA24M00007&modNumber=P00005&idvAgencyID=&idvPIID=47QREA20D000D&contractType=AWARD,"JAMA ENTERPRISES, INC.",ORGANIZATIONAL AND INDIVIDUAL RESILIENCE SERVICE (OR) - NEW PROGRAM CONTRACT TO BUILD ORGANIZATIONAL AND  INDIVIDUAL RESILIENCE ACROSS THE USAID WORKFORCE.
2/11/2025,7200AA21F00009,US Agency for International Development,157795259,132770259,2/12/2025,FUNDING ONLY ACTION,https://www.fpds.gov/ezsearch/jsp/viewLinkController.jsp?agencyID=7200&PIID=7200AA21F00009&modNumber=P00003&idvAgencyID=&idvPIID=7200AA19D00015&contractType=AWARD,"CHEMONICS INTERNATIONAL, INC.",SWIFT-5 OTI LIBYA INITIAL FUNDING
2/11/2025,7200AA19C00080,US Agency for International Development,249999999,57504153,2/12/2025,FUNDING ONLY ACTION,https://www.fpds.gov/ezsearch/jsp/viewLinkController.jsp?agencyID=7200&PIID=7200AA19C00080&modNumber=P00019&idvAgencyID=&idvPIID=&contractType=AWARD,PALLADIUM INTERNATIONAL LLC,CATALYZE BLENDED CAPITAL INVESTMENT PLATFORM
2/11/2025,7200AA20F00004,US Agency for International Development,87333747,32895832,2/12/2025,OTHER ADMINISTRATIVE ACTION,https://www.fpds.gov/ezsearch/jsp/viewLinkController.jsp?agencyID=7200&PIID=7200AA20F00004&modNumber=P00012&idvAgencyID=&idvPIID=7200AA19D00019&contractType=AWARD,DEXIS INTERACTIVE LLC,INITIAL OBLIGATION FOR USAID/OTI ETHIOPIA PROGRAM UNDER SWIFT 5-PROGRAMS.
2/11/2025,7200AA21F00008,US Agency for International Development,46460893,45960893,2/12/2025,OTHER ADMINISTRATIVE ACTION,https://www.fpds.gov/ezsearch/jsp/viewLinkController.jsp?agencyID=7200&PIID=7200AA21F00008&modNumber=P00003&idvAgencyID=&idvPIID=7200AA19D00020&contractType=AWARD,DT GLOBAL INC,EXPLORE MIDDLE EAST AND NORTH AFRICA TASK ORDER FOR DT GLOBAL UNDER SWIFT 5-PROGRAMS IDIQ UNDER SMALL BUSINESS RESERVE
2/11/2025,7200AA21F00010,US Agency for International Development,48378774,47878774,2/12/2025,OTHER ADMINISTRATIVE ACTION,https://www.fpds.gov/ezsearch/jsp/viewLinkController.jsp?agencyID=7200&PIID=7200AA21F00010&modNumber=P00001&idvAgencyID=&idvPIID=7200AA19D00030&contractType=AWARD,"THE KAIZEN COMPANY, LLC",TO EXPLORE SWIFT 5-PROGRAMS-SMALL BUSINESS RESERVE
2/11/2025,7200AA21N00007,US Agency for International Development,64897261,33345561,2/12/2025,FUNDING ONLY ACTION,https://www.fpds.gov/ezsearch/jsp/viewLinkController.jsp?agencyID=7200&PIID=7200AA21N00007&modNumber=P00021&idvAgencyID=&idvPIID=47QRAD20D1194&contractType=AWARD,JEFFERSON CONSULTING GROUP LLC,"NEW RISSA AWARD - AFR BUREAU  THE PRIMARY FOCUS OF RISSA IS TO CONTINUE CRUCIAL RESEARCH AND INSTITUTIONAL SUPPORT TO AFR, ENSURING THAT IT IS ABLE TO ACHIEVE THE GOALS OF THE AFRICA JOINT REGIONAL STRATEGY:  1) ADVANCE MUTUAL PEACE AND SECURITY INT"
2/11/2025,7200AA22C00032,US Agency for International Development,95000000,56906100,2/12/2025,OTHER ADMINISTRATIVE ACTION,https://www.fpds.gov/ezsearch/jsp/viewLinkController.jsp?agencyID=7200&PIID=7200AA22C00032&modNumber=P00014&idvAgencyID=&idvPIID=&contractType=AWARD,PM CONSULTING GROUP LLC,CREATION OF THE PDEX AWARD
2/11/2025,7200AA22C00044,US Agency for International Development,249547177,114894279,2/12/2025,EXERCISE AN OPTION,https://www.fpds.gov/ezsearch/jsp/viewLinkController.jsp?agencyID=7200&PIID=7200AA22C00044&modNumber=P00012&idvAgencyID=&idvPIID=&contractType=AWARD,"CHEMONICS INTERNATIONAL, INC.","GREEN RECOVERY INVESTMENT PLATFORM: USAID, AND THE USG MORE BROADLY, ARE COMMITTED TO DRAMATICALLY AND RAPIDLY SCALING UP ACTIONS TO ADDRESS CLIMATE CHANGE ADAPTATION AND MITIGATION IN DEVELOPING COUNTRIES.  WE ARE ALSO COMMITTED TO SUPPORTING A GLOB"
2/11/2025,7200AA22F00001,US Agency for International Development,19997477,18096216,2/12/2025,FUNDING ONLY ACTION,https://www.fpds.gov/ezsearch/jsp/viewLinkController.jsp?agencyID=7200&PIID=7200AA22F00001&modNumber=P00007&idvAgencyID=&idvPIID=7200AA20D00003&contractType=AWARD,"THE KAIZEN COMPANY, LLC",AWARD FOR THE TASA TASK ORDER UNDER SWIFT 5 SUPPORT IDIQ
2/11/2025,7200AA22F00017,US Agency for International Development,67761374,42828387,2/12/2025,OTHER ADMINISTRATIVE ACTION,https://www.fpds.gov/ezsearch/jsp/viewLinkController.jsp?agencyID=7200&PIID=7200AA22F00017&modNumber=P00004&idvAgencyID=&idvPIID=7200AA21D00024&contractType=AWARD,"TETRA TECH DRG JV, INC.",IMPLEMENTATION OF THE CTC GRAND CHALLENGE TO BUILD COALITIONS AND SOURCE NOVEL TOOLS AND APPROACHES TO CURB THE THREAT OF TRANSNATIONAL CORRUPTION AND RELATED SECRETARIAT SERVICES.
2/11/2025,7200AA22F50017,US Agency for International Development,27988390,17860767,2/12/2025,FUNDING ONLY ACTION,https://www.fpds.gov/ezsearch/jsp/viewLinkController.jsp?agencyID=7200&PIID=7200AA22F50017&modNumber=P00013&idvAgencyID=&idvPIID=7200AA22A00006&contractType=AWARD,ENCOMPASS LLC,GLOBAL LEARNING SOLUTIONS & SERVICES (GLSS) CALL ORDER
2/11/2025,7200AA22M00002,US Agency for International Development,88341239,51491953,2/12/2025,FUNDING ONLY ACTION,https://www.fpds.gov/ezsearch/jsp/viewLinkController.jsp?agencyID=7200&PIID=7200AA22M00002&modNumber=P00008&idvAgencyID=&idvPIID=47QRAA20D0042&contractType=AWARD,"DEXIS PROFESSIONAL SERVICES, LLC","THE PURPOSE OF THIS CONTRACT IS TO PROVIDE INSTITUTIONAL SUPPORT SERVICES TO MEET AGENCY-WIDE PRIVATE SECTOR ENGAGEMENT (PSE) STAFFING NEEDS, PARTICULARLY IN POSITIONS REQUIRING HIGHLY SPECIALIZED PSE SKILLS AND/OR TARGETING AGENCY STRATEGIC PRIORITI"
2/11/2025,7200AA22N00006,US Agency for International Development,58767435,33223651,2/12/2025,FUNDING ONLY ACTION,https://www.fpds.gov/ezsearch/jsp/viewLinkController.jsp?agencyID=7200&PIID=7200AA22N00006&modNumber=P00016&idvAgencyID=&idvPIID=47QRAD20D1072&contractType=AWARD,"INTERNATIONAL DEVELOPMENT GROUP ADVISORY SERVICES, LLC",TAP EG TECHNICAL ASSISTANCE PROJECT FOR ECONOMIC GROWTH
2/11/2025,7200AA22N00008,US Agency for International Development,46683509,31527225,2/12/2025,OTHER ADMINISTRATIVE ACTION,https://www.fpds.gov/ezsearch/jsp/viewLinkController.jsp?agencyID=7200&PIID=7200AA22N00008&modNumber=P00009&idvAgencyID=&idvPIID=47QRAD21DU101&contractType=AWARD,RESEARCH TRIANGLE INSTITUTE,IMPROVING LEARNING OUTCOMES IN ASIA (ILOA) FY22
2/11/2025,7200AA23C00082,US Agency for International Development,25000000,20724269,2/12/2025,OTHER ADMINISTRATIVE ACTION,https://www.fpds.gov/ezsearch/jsp/viewLinkController.jsp?agencyID=7200&PIID=7200AA23C00082&modNumber=P00009&idvAgencyID=&idvPIID=&contractType=AWARD,"KWAAN TECH, LLC","INSTITUTIONAL SERVICE CONTRACTORS ISCS TO PROVIDE MANAGEMENT OF DAY TO DAY OPERATIONS TO SUPPORT THE HUMAN CAPITAL NEEDS OF USAID, MANAGE THE AGENCYS LEARNING MANAGEMENT SYSTEM LMS, FACILITATE TRAINING AND PROFESSIONAL DEVELOPMENT WORKSHOPS, SUP"
2/11/2025,7200AA23C00109,US Agency for International Development,24994209,20735977,2/12/2025,FUNDING ONLY ACTION,https://www.fpds.gov/ezsearch/jsp/viewLinkController.jsp?agencyID=7200&PIID=7200AA23C00109&modNumber=P00007&idvAgencyID=&idvPIID=&contractType=AWARD,"WOLF LAKE SERVICES, LLC",INSTITUTIONAL SUPPORT CONTRACTORS TO PROVIDE FACILITATION AND TRAINING SUPPORT SERVICES.
2/11/2025,7200AA23C00112,US Agency for International Development,78000000,66896516,2/12/2025,FUNDING ONLY ACTION,https://www.fpds.gov/ezsearch/jsp/viewLinkController.jsp?agencyID=7200&PIID=7200AA23C00112&modNumber=P00003&idvAgencyID=&idvPIID=&contractType=AWARD,USMAX CORPORATION,NEW SCIENCE FOR DEVELOPMENT FELLOWSHIP CONTRACT
2/11/2025,7200AA23M00009,US Agency for International Development,53497796,43605854,2/12/2025,FUNDING ONLY ACTION,https://www.fpds.gov/ezsearch/jsp/viewLinkController.jsp?agencyID=7200&PIID=7200AA23M00009&modNumber=P00010&idvAgencyID=&idvPIID=GS00F193DA&contractType=AWARD,"ENVIRONMENTAL INCENTIVES, INC.",BUILDING EVIDENCE FOR DECISION-MAKING (BE4D) PROVIDES USAID AND ITS PARTNERS WITH MEL AND CLA SERVICES SO THAT EVIDENCE IS USED FOR DECISION-MAKING.
2/11/2025,7200AA23M00011,US Agency for International Development,31929637,21184227,2/12/2025,FUNDING ONLY ACTION,https://www.fpds.gov/ezsearch/jsp/viewLinkController.jsp?agencyID=7200&PIID=7200AA23M00011&modNumber=P00004&idvAgencyID=&idvPIID=GS10F0218U&contractType=AWARD,"CLOUDBURST CONSULTING GROUP, INC.","THE PURPOSE OF THIS SOLICITATION IS TO ACQUIRE SERVICES TO ADVANCE LEARNING, EVALUATION, AND RESEARCH WITHIN THE DRG SECTOR AND PROVIDE CRITICAL DATA ON THE IMPACT OF USAIDS DRG ACTIVITIES IN THE FIELD"
2/11/2025,7200AA23M00020,US Agency for International Development,53333631,43983092,2/12/2025,FUNDING ONLY ACTION,https://www.fpds.gov/ezsearch/jsp/viewLinkController.jsp?agencyID=7200&PIID=7200AA23M00020&modNumber=P00008&idvAgencyID=&idvPIID=47QRAA20D001M&contractType=AWARD,NATIONAL OPINION RESEARCH CENTER,BUILDING EVIDENCE FOR DECISION-MAKING (BE4D) CONTRACT
2/11/2025,7200AA19M00003,US Agency for International Development,94648999,48200761,2/12/2025,FUNDING ONLY ACTION,https://www.fpds.gov/ezsearch/jsp/viewLinkController.jsp?agencyID=7200&PIID=7200AA19M00003&modNumber=P00054&idvAgencyID=&idvPIID=GS00F120DA&contractType=AWARD,JEFFERSON CONSULTING GROUP LLC,"PROVIDE PROCUREMENT SUPPORT SERVICES TO WASHINGTON, DC OFFICES AND OVERSEAS FIELD MISSIONS."
2/11/2025,7200AA24C00057,US Agency for International Development,24999942,19957859,2/12/2025,BLANK REASON FOR MODIFICATION IN FPDS,https://www.fpds.gov/ezsearch/jsp/viewLinkController.jsp?agencyID=7200&PIID=7200AA24C00057&modNumber=0&idvAgencyID=&idvPIID=&contractType=AWARD,"GLACIER SUPPORT SERVICES, LLC",USAID WRES INTERIOR RENOVATION AND MODERNIZATION PROGRAM
2/11/2025,7200AA24C00062,US Agency for International Development,79913609,64496011,2/12/2025,OTHER ADMINISTRATIVE ACTION,https://www.fpds.gov/ezsearch/jsp/viewLinkController.jsp?agencyID=7200&PIID=7200AA24C00062&modNumber=P00002&idvAgencyID=&idvPIID=&contractType=AWARD,DAI GLOBAL LLC,THE ACCELERATE ACTIVITY AIMS TO ADVANCE EUROPEAN UNION (EU) MARKET INTEGRATION AND ACCESSION FOR COUNTRIES IN THE E&E REGION.
2/11/2025,7200AA24F00004,US Agency for International Development,90000089,70000089,2/12/2025,OTHER ADMINISTRATIVE ACTION,https://www.fpds.gov/ezsearch/jsp/viewLinkController.jsp?agencyID=7200&PIID=7200AA24F00004&modNumber=P00001&idvAgencyID=&idvPIID=7200AA21D00008&contractType=AWARD,"AECOM TECHNICAL SERVICES, INC.","REFS/CEIC/INFRASTRUCTURE (I):  NEW TASK ORDER (TO) CALLED ""PARTNERSHIP FOR GLOBAL INFRASTRUCTURE AND INVESTMENT (PGI) FUND TASK ORDER"".  THE PGI TO WILL PROVIDE INFRASTRUCTURE PROJECT DESIGN AND DELIVERY SUPPORT, AND ENABLING ENVIRONMENT RE"
2/11/2025,7200AA24F50020,US Agency for International Development,21747633,19657633,2/12/2025,FUNDING ONLY ACTION,https://www.fpds.gov/ezsearch/jsp/viewLinkController.jsp?agencyID=7200&PIID=7200AA24F50020&modNumber=P00004&idvAgencyID=&idvPIID=7200AA22A00006&contractType=AWARD,ENCOMPASS LLC,IPI/GEWE  WORLDWIDE TRAINING SERVICES (WTS) BPA
2/11/2025,7200AA24M00011,US Agency for International Development,39572311,37842311,2/12/2025,OTHER ADMINISTRATIVE ACTION,https://www.fpds.gov/ezsearch/jsp/viewLinkController.jsp?agencyID=7200&PIID=7200AA24M00011&modNumber=P00001&idvAgencyID=&idvPIID=GS00F356GA&contractType=AWARD,ZEMITEK LLC,LPA INSTITUTIONAL SUPPORT SERVICES (LPAISS)
2/11/2025,7200AA24M00015,US Agency for International Development,29881734,25809707,2/12/2025,FUNDING ONLY ACTION,https://www.fpds.gov/ezsearch/jsp/viewLinkController.jsp?agencyID=7200&PIID=7200AA24M00015&modNumber=P00004&idvAgencyID=&idvPIID=GS00F193DA&contractType=AWARD,"ENVIRONMENTAL INCENTIVES, INC.","SERVICES WILL DIRECTLY ENHANCE THE ENVE ABILITY TO PROVIDE MISSION SUPPORT ACROSS MULTIPLE TECHNICAL AREAS INCLUDING: 1) BIODIVERSITY CONSERVATION, 2) ADAPTATION AND CLIMATE RESILIENCE, 3) NATURAL CLIMATE SOLUTIONS, 4) CLEAN AND RENEWABLE ENERGY, 5)"
2/11/2025,7200AA24N00009,US Agency for International Development,149992012,143948652,2/12/2025,FUNDING ONLY ACTION,https://www.fpds.gov/ezsearch/jsp/viewLinkController.jsp?agencyID=7200&PIID=7200AA24N00009&modNumber=P00001&idvAgencyID=&idvPIID=47QRAD20DU148&contractType=AWARD,THE CADMUS GROUP LLC,THE ASIA FUTURES ACTIVITY IS A WASHINGTON-MANAGED CONTRACT DESIGNED TO BOLSTER THE UNITED STATES AGENCY FOR INTERNATIONAL DEVELOPMENT'S (USAID) REGIONAL POLICY OBJECTIVES IN ASIA FROM SEPTEMBER 2024 TO SEPTEMBER 2029. WITH AN EXPANSIVE MANDATE T
2/11/2025,72011424C00001,US Agency for International Development,24444591,9873619,2/12/2025,FUNDING ONLY ACTION,https://www.fpds.gov/ezsearch/jsp/viewLinkController.jsp?agencyID=7200&PIID=72011424C00001&modNumber=P00003&idvAgencyID=&idvPIID=&contractType=AWARD,DELOITTE CONSULTING LLP,USAID GREEN TRANSPORTATION AND LOGISTICS PROGRAM
2/11/2025,72011424C00004,US Agency for International Development,24438129,17465297,2/12/2025,OTHER ADMINISTRATIVE ACTION,https://www.fpds.gov/ezsearch/jsp/viewLinkController.jsp?agencyID=7200&PIID=72011424C00004&modNumber=P00002&idvAgencyID=&idvPIID=&contractType=AWARD,DAI GLOBAL LLC,USAID GREEN ECONOMY PROGRAM CONTRACT AWARD
2/11/2025,72026321C00003,US Agency for International Development,69892703,19358346,2/12/2025,FUNDING ONLY ACTION,https://www.fpds.gov/ezsearch/jsp/viewLinkController.jsp?agencyID=7200&PIID=72026321C00003&modNumber=P00010&idvAgencyID=&idvPIID=&contractType=AWARD,"MTC INTERNATIONAL DEVELOPMENT HOLDING COMPANY, LLC","THE WORKFORCE ACTIVITY WILL TRANSFORM THE TECHNICAL EDUCATION AND VOCATIONAL TRAINING (TVET) SYSTEM TO PRODUCE THE SKILLS NEEDED FOR A GLOBALLY COMPETITIVE EGYPTIAN MARKET, THEREBY CREATING SUSTAINABLE JOBS, ESPECIALLY FOR THE YOUTH AND FEMALES, AND"
2/11/2025,72039124N00001,US Agency for International Development,23546259,19046259,2/12/2025,FUNDING ONLY ACTION,https://www.fpds.gov/ezsearch/jsp/viewLinkController.jsp?agencyID=7200&PIID=72039124N00001&modNumber=P00001&idvAgencyID=&idvPIID=GS00Q14OADU138&contractType=AWARD,"TETRA TECH, INC.",THE PURPOSE OF THIS TASK ORDER IS TO PROCURE SERVICES FOR USAID/PAKISTAN CLIMATE SMART AGRICULTURE ACTIVITY (CSA).
2/11/2025,72052024C00001,US Agency for International Development,43896584,33732784,2/12/2025,FUNDING ONLY ACTION,https://www.fpds.gov/ezsearch/jsp/viewLinkController.jsp?agencyID=7200&PIID=72052024C00001&modNumber=P00001&idvAgencyID=&idvPIID=&contractType=AWARD,"CHEMONICS INTERNATIONAL, INC.",PREVENTION AND RESPONSE TO GENDER BASED VIOLENCE (GBV) PROJECT.
2/11/2025,72052222C00006,US Agency for International Development,48277629,23719776,2/12/2025,FUNDING ONLY ACTION,https://www.fpds.gov/ezsearch/jsp/viewLinkController.jsp?agencyID=7200&PIID=72052222C00006&modNumber=P00002&idvAgencyID=&idvPIID=&contractType=AWARD,DAI GLOBAL LLC,"BUILDING CLIMATE RESILIENCE (BCR) ACTIVITY, HONDURAS"
2/11/2025,72052224F00001,US Agency for International Development,34789881,25577564,2/12/2025,FUNDING ONLY ACTION,https://www.fpds.gov/ezsearch/jsp/viewLinkController.jsp?agencyID=7200&PIID=72052224F00001&modNumber=P00001&idvAgencyID=&idvPIID=72052224D00001&contractType=AWARD,WSP USA SOLUTIONS INC,"USAID/HONDURAS PUBLIC EFFECTIVENESS AND LOCALIZATION TASK ORDER 1 (TO1); 1) IMPROVE THE EFFECTIVE GOVERNANCE CAPACITY, TRANSPARENCY, ACCOUNTABILITY AND CITIZEN-RESPONSIVENESS OF GOVERNMENT OF HONDURAS (GOH) INSTITUTIONS UNDER OBJECTIVE ONE AND TWO OF"
2/11/2025,72061124N00001,US Agency for International Development,41501749,36991003,2/12/2025,FUNDING ONLY ACTION,https://www.fpds.gov/ezsearch/jsp/viewLinkController.jsp?agencyID=7200&PIID=72061124N00001&modNumber=P00002&idvAgencyID=&idvPIID=47QRAD20D1105&contractType=AWARD,ENCOMPASS LLC,"THE PURPOSE OF THIS CONTRACT IS TO PROVIDE THE UNITED STATES AGENCY FOR INTERNATIONAL DEVELOPMENT (USAID)/ZAMBIA MISSION AT LARGE, IMPLEMENTING PARTNERS (IPS), AND LOCAL COUNTRY STAKEHOLDERS WITH A DEMAND-DRIVEN PERFORMANCE MONITORING AND EVALUATION"
2/11/2025,72051924F00008,US Agency for International Development,39998227,29187321,2/12/2025,BLANK REASON FOR MODIFICATION IN FPDS,https://www.fpds.gov/ezsearch/jsp/viewLinkController.jsp?agencyID=7200&PIID=72051924F00008&modNumber=0&idvAgencyID=&idvPIID=72051924D00002&contractType=AWARD,"CREATIVE ASSOCIATES INTERNATIONAL, INC",USAID LOCAL GOVERNANCE SOLUTIONS PROJECT
2/11/2025,720CPS21M00002,US Agency for International Development,82444446,44518465,2/12/2025,FUNDING ONLY ACTION,https://www.fpds.gov/ezsearch/jsp/viewLinkController.jsp?agencyID=7200&PIID=720CPS21M00002&modNumber=P00015&idvAgencyID=&idvPIID=47QRAD20D1016&contractType=AWARD,CELEEN LLC,USAID/OTI INSTITUTIONAL SUPPORT SERVICES
2/11/2025,7200AA23M00002,US Agency for International Development,99127143,92024980,2/12/2025,FUNDING ONLY ACTION,https://www.fpds.gov/ezsearch/jsp/viewLinkController.jsp?agencyID=7200&PIID=7200AA23M00002&modNumber=P00005&idvAgencyID=&idvPIID=GS10F0188V&contractType=AWARD,DALBERG CONSULTING US LLC,"THE PURPOSE OF PSE SCALE IS TO SUPPORT THE PSE HUB AND AGENCY MBIOS EFFORTS TO MODERNIZE ITS TALENT, CAPACITY AND EFFECTIVENESS OF ENGAGEMENT, PARTNER EXPERIENCE, RELATIONSHIP MANAGEMENT SYSTEMS, AND BUSINESS PROCESSES TO MAKE PSE EASIER AND FASTER F"
2/11/2025,7200AA24M00009,US Agency for International Development,18517809,17552809,2/12/2025,FUNDING ONLY ACTION,https://www.fpds.gov/ezsearch/jsp/viewLinkController.jsp?agencyID=7200&PIID=7200AA24M00009&modNumber=P00002&idvAgencyID=&idvPIID=GS00F061GA&contractType=AWARD,"TRAINING RESOURCES GROUP, INC.","THE PURPOSE OF THIS TASK ORDER IS TO PROVIDE USAID/OTI TRAINING, FACILITATION, COACHING AND ORGANIZATIONAL DEVELOPMENT SERVICES"
2/11/2025,7200AA24N00011,US Agency for International Development,47233829,43118728,2/12/2025,BLANK REASON FOR MODIFICATION IN FPDS,https://www.fpds.gov/ezsearch/jsp/viewLinkController.jsp?agencyID=7200&PIID=7200AA24N00011&modNumber=0&idvAgencyID=&idvPIID=47QRAD20D8179&contractType=AWARD,"FEDWRITERS, INC.","THE PURPOSE OF THIS CONTRACT IS TO PROVIDE KNOWLEDGE MANAGEMENT, DATA VISUALIZATION, ORGANIZATIONAL LEARNING, CAPACITY DEVELOPMENT AND TRAINING, AND WEBSITE SERVICES TO THE OFFICES AND TECHNICAL CENTERS HOUSED IN THE BUREAU FOR RESILIENCE, ENVIRONMEN"
2/11/2025,7200AA24N00010,US Agency for International Development,24269471,19269471,2/12/2025,OTHER ADMINISTRATIVE ACTION,https://www.fpds.gov/ezsearch/jsp/viewLinkController.jsp?agencyID=7200&PIID=7200AA24N00010&modNumber=P00001&idvAgencyID=&idvPIID=47QRAD20D8128&contractType=AWARD,CELEEN LLC,THIS CONTRACT WILL BE THE PRIMARY MECHANISM FOR DRG TO PROCURE INSTITUTIONAL SUPPORT CONTRACTORS FOR ADMINISTRATIVE AND TECHNICAL SUPPORT. IT WILL SUPPORT OFFICES ACROSS THE DRG BUREAU.
2/11/2025,7200AA23C00025,US Agency for International Development,24135184,18717982,2/12/2025,EXERCISE AN OPTION,https://www.fpds.gov/ezsearch/jsp/viewLinkController.jsp?agencyID=7200&PIID=7200AA23C00025&modNumber=P00011&idvAgencyID=&idvPIID=&contractType=AWARD,"KAIVA TECH, LLC","VETTING ANALYST, WATCH OFFICER, AND OTHER SUPPORT PERSONNEL SERVICES INSTITUTIONAL SUPPORT CONTRACT"
2/12/2025,7200AA18M00014,US Agency for International Development,95490240,57924129,2/12/2025,OTHER ADMINISTRATIVE ACTION,https://www.fpds.gov/ezsearch/jsp/viewLinkController.jsp?agencyID=7200&PIID=7200AA18M00014&modNumber=P00030&idvAgencyID=&idvPIID=GS00Q14OADU138&contractType=AWARD,"TETRA TECH, INC.","THE PURPOSE OF GISR MENA IS TO SUSTAINABLY STRENGTHEN LOCAL, NATIONAL, AND REGIONAL SYSTEMS TO ADAPT TO SHOCKS AND STRESSORS IN THE MENA REGION."
2/12/2025,72066023C00001,US Agency for International Development,38493974,29493974,2/12/2025,OTHER ADMINISTRATIVE ACTION,https://www.fpds.gov/ezsearch/jsp/viewLinkController.jsp?agencyID=7200&PIID=72066023C00001&modNumber=P00001&idvAgencyID=&idvPIID=&contractType=AWARD,DAI GLOBAL LLC,THE GOOD GOVERNANCE ACTIVITY WILL SUPPORT DECENTRALIZED PUBLIC FINANCE MANAGEMENT STRATEGY AT THE PROVINCIAL AND LOCAL LEVEL WHILE ENSURING THAT PUBLIC RESOURCES ARE PROPERLY USED TO PROMOTE DEVELOPMENT.
2/12/2025,72038824C00003,US Agency for International Development,33986072,26986072,2/12/2025,BLANK REASON FOR MODIFICATION IN FPDS,https://www.fpds.gov/ezsearch/jsp/viewLinkController.jsp?agencyID=7200&PIID=72038824C00003&modNumber=0&idvAgencyID=&idvPIID=&contractType=AWARD,PALLADIUM INTERNATIONAL LLC,FUTURE (FTF) BANGLADESH INCLUSIVE ACCESS TO FINANCE ACTIVITY
2/12/2025,72011721C00001,US Agency for International Development,60524597,8926870,2/12/2025,FUNDING ONLY ACTION,https://www.fpds.gov/ezsearch/jsp/viewLinkController.jsp?agencyID=7200&PIID=72011721C00001&modNumber=P00005&idvAgencyID=&idvPIID=&contractType=AWARD,"CHEMONICS INTERNATIONAL, INC.","THE FUTURE TECHNOLOGIES ACTIVITY (FTA) WILL ENHANCE THE COMPETITIVENESS OF THE MOLDOVAN TRANSFORMATIVE SECTORS, INCLUDING LIGHT MANUFACTURING, INFORMATION AND COMMUNICATION TECHNOLOGY (ICT), PRECISION ENGINEERING, CREATIVE INDUSTRIES, AND MEDIA TO IM"
2/12/2025,72011722F00002,US Agency for International Development,144785130,54036078,2/12/2025,"ADDITIONAL WORK (NEW AGREEMENT, JUSTIFICATION REQUIRED)",https://www.fpds.gov/ezsearch/jsp/viewLinkController.jsp?agencyID=7200&PIID=72011722F00002&modNumber=P00004&idvAgencyID=&idvPIID=7200AA19D00029&contractType=AWARD,"TETRA TECH ES, INC.",MESA S OBJECTIVE IS TO STRENGTHEN MOLDOVA S ENERGY SECURITY BY: 1 ADVANCING THE PHYSICAL AND MARKET INTEGRATION OF THE MOLDOVAN ENERGY SECTOR WITH EUROPE; 2 INCREASING RENEWABLE ENERGY INTEGRATION; AND 3 INCREASING INVESTMENT IN ENERGY EFFICIENCY.
2/12/2025,72012122C00002,US Agency for International Development,93300000,54670092,2/12/2025,OTHER ADMINISTRATIVE ACTION,https://www.fpds.gov/ezsearch/jsp/viewLinkController.jsp?agencyID=7200&PIID=72012122C00002&modNumber=P00006&idvAgencyID=&idvPIID=&contractType=AWARD,DAI GLOBAL LLC,FINANCIAL SECTOR REFORM ACTIVITY
2/12/2025,72012125C00003,US Agency for International Development,51370754,43370754,2/12/2025,BLANK REASON FOR MODIFICATION IN FPDS,https://www.fpds.gov/ezsearch/jsp/viewLinkController.jsp?agencyID=7200&PIID=72012125C00003&modNumber=0&idvAgencyID=&idvPIID=&contractType=AWARD,DAI GLOBAL LLC,USAID REVENUE AND EXPENDITURE GOVERNANCE REFORMS OPERATIONALIZED (REVGRO) ACTIVITY
2/12/2025,72026724N00001,US Agency for International Development,72904539,54204539,2/12/2025,OTHER ADMINISTRATIVE ACTION,https://www.fpds.gov/ezsearch/jsp/viewLinkController.jsp?agencyID=7200&PIID=72026724N00001&modNumber=P00001&idvAgencyID=&idvPIID=47QRAD20DU117&contractType=AWARD,"CHEMONICS INTERNATIONAL, INC.",IRAQ TOGETHER (MA'N)
2/12/2025,72026820C00003,US Agency for International Development,70212510,31783061,2/12/2025,FUNDING ONLY ACTION,https://www.fpds.gov/ezsearch/jsp/viewLinkController.jsp?agencyID=7200&PIID=72026820C00003&modNumber=P00008&idvAgencyID=&idvPIID=&contractType=AWARD,DAI GLOBAL LLC,THIS REQUISITION IS TO INITIALLY FUND THE NEW EG TRADE AND INVESTMENT FACILITATION (TIF)ACTIVITY. TIF PURPOSE IS TO FACILITATE EXPORT OF LEBANESE GOODS AND SERVICES TO GENERATE FOREIGN EXCHANGE THROUGH INVESTMENTS THAT SIMULTANEOUSLY PROMOTE JOB CREA
2/12/2025,72029424C00001,US Agency for International Development,44239309,37239309,2/12/2025,FUNDING ONLY ACTION,https://www.fpds.gov/ezsearch/jsp/viewLinkController.jsp?agencyID=7200&PIID=72029424C00001&modNumber=P00001&idvAgencyID=&idvPIID=&contractType=AWARD,"CHEMONICS INTERNATIONAL, INC.","THE TIF ACTIVITY IS A FIVE-YEAR INITIATIVE AIMED AT PROMOTING PRIVATE SECTOR GROWTH IN THE WEST BANK AND GAZA (WBG). THE ACTIVITY UTILIZES DATA ANALYSIS, THE FACILITATION OF PROACTIVE DIALOGUE, AND ADVOCACY PROMOTION TO ADDRESS IMPEDIMENTS TO TRADE,"
2/12/2025,72029424F00004,US Agency for International Development,48445638,39445638,2/12/2025,FUNDING ONLY ACTION,https://www.fpds.gov/ezsearch/jsp/viewLinkController.jsp?agencyID=7200&PIID=72029424F00004&modNumber=P00001&idvAgencyID=&idvPIID=7200AA21D00016&contractType=AWARD,DAI GLOBAL LLC,"DG: SOLICIT, NEGOTIATE AND AWARD THE NEW ACCOUNTABLE LOCAL GOVERNANCE ACTIVITY FOR WEST BANK AND GAZA."
2/12/2025,72029424F00007,US Agency for International Development,43000000,34500000,2/12/2025,FUNDING ONLY ACTION,https://www.fpds.gov/ezsearch/jsp/viewLinkController.jsp?agencyID=7200&PIID=72029424F00007&modNumber=P00001&idvAgencyID=&idvPIID=72029424D00002&contractType=AWARD,"AECOM TECHNICAL SERVICES, INC.",USAID WEST BANK & GAZA ARCHITECT & ENGINEERING SERVICES ACTIVITY - CONSTRUCTION MANAGEMENT SERVICES
2/12/2025,72029424F00008,US Agency for International Development,57000000,51000000,2/12/2025,FUNDING ONLY ACTION,https://www.fpds.gov/ezsearch/jsp/viewLinkController.jsp?agencyID=7200&PIID=72029424F00008&modNumber=P00001&idvAgencyID=&idvPIID=72029424D00002&contractType=AWARD,"AECOM TECHNICAL SERVICES, INC.",USAID WEST BANK & GAZA ARCHITECT & ENGINEERING SERVICES ACTIVITY - DESIGN AND MANAGEMENT SERVICES
2/12/2025,72036723C00001,US Agency for International Development,32931367,17596765,2/12/2025,SUPPLEMENTAL AGREEMENT FOR WORK WITHIN SCOPE,https://www.fpds.gov/ezsearch/jsp/viewLinkController.jsp?agencyID=7200&PIID=72036723C00001&modNumber=P00005&idvAgencyID=&idvPIID=&contractType=AWARD,DAI GLOBAL LLC,"THE PURPOSE OF USAID BIODIVERSITY IS TO IMPROVE BIODIVERSITY CONSERVATION AND SUSTAINABLE MANAGEMENT OF NATURAL RESOURCES IN NEPAL'S PRIORITY CONSERVATION LANDSCAPES BY REDUCING THREATS FROM OVER-EXPLOITATION AND POORLY-PLANNED DEVELOPMENT, AND"
2/12/2025,72036723C00002,US Agency for International Development,39985515,27127274,2/12/2025,BLANK REASON FOR MODIFICATION IN FPDS,https://www.fpds.gov/ezsearch/jsp/viewLinkController.jsp?agencyID=7200&PIID=72036723C00002&modNumber=0&idvAgencyID=&idvPIID=&contractType=AWARD,"CHEMONICS INTERNATIONAL, INC.","USAID/NEPAL EARLY GRADE LEARNING (EGL) ACTIVITY AIM TO STRENGTHEN THE CAPACITY OF FEDERAL, PROVINCIAL, AND MUNICIPAL GOVERNMENTS TO IMPROVE LEARNING OUTCOMES IN GRADES 1-3."
2/12/2025,72049224C00002,US Agency for International Development,43343525,37359125,2/12/2025,BLANK REASON FOR MODIFICATION IN FPDS,https://www.fpds.gov/ezsearch/jsp/viewLinkController.jsp?agencyID=7200&PIID=72049224C00002&modNumber=0&idvAgencyID=&idvPIID=&contractType=AWARD,DT GLOBAL INC,PACIFIC ISLANDS CLIMATE FINANCE ACTIVITY IS A 5-YEAR ACTIVITY WHICH AIMS TO STRENGTHEN THE CAPACITY OF THE PACIFIC ISLAND COUNTRIES TO ADAPT AND RESPOND TO CLIMATE CHANGE AND RELATED DISASTER IMPACTS.
2/12/2025,72051924F00005,US Agency for International Development,25999733,21299733,2/12/2025,FUNDING ONLY ACTION,https://www.fpds.gov/ezsearch/jsp/viewLinkController.jsp?agencyID=7200&PIID=72051924F00005&modNumber=P00001&idvAgencyID=&idvPIID=72051924D00005&contractType=AWARD,PALLADIUM INTERNATIONAL LLC,"THE REGIONAL TRADE AND INVESTMENT ACTIVITY IS AIMED AT INCREASING REGIONAL INTEGRATION AND TRADE INVESTMENT PRIMARILY IN EL SALVADOR, GUATEMALA AND HONDURAS, WITH A FOCUS ON CLEAN ENERGY INVESTMENTS."
2/12/2025,72061222N00001,US Agency for International Development,74988869,30815140,2/12/2025,OTHER ADMINISTRATIVE ACTION,https://www.fpds.gov/ezsearch/jsp/viewLinkController.jsp?agencyID=7200&PIID=72061222N00001&modNumber=P00006&idvAgencyID=&idvPIID=47QRAD20DU117&contractType=AWARD,"CHEMONICS INTERNATIONAL, INC.",THE NEXT GENERATION EARLY GRADE READING (NEXTGEN) ACTIVITY WILL SOLIDIFY AND BUILD ON THE CONTRIBUTIONS MADE TO DATE AS PART OF THE IMPLEMENTATION OF MALAWI NATIONAL READING PROGRAM (NRP).
2/12/2025,72061524F00003,US Agency for International Development,79477408,40991782,2/12/2025,FUNDING ONLY ACTION,https://www.fpds.gov/ezsearch/jsp/viewLinkController.jsp?agencyID=7200&PIID=72061524F00003&modNumber=P00002&idvAgencyID=&idvPIID=72062323D00010&contractType=AWARD,"EDUCATION DEVELOPMENT CENTER, INC.",USAID|KENYA AND EAST AFRICA KENYA PRIMARY LITERACY PROGRAM (USAID|KEA/KPLP)
2/12/2025,72061724F00001,US Agency for International Development,23996181,18571181,2/12/2025,BLANK REASON FOR MODIFICATION IN FPDS,https://www.fpds.gov/ezsearch/jsp/viewLinkController.jsp?agencyID=7200&PIID=72061724F00001&modNumber=0&idvAgencyID=&idvPIID=72061724D00004&contractType=AWARD,BIXAL SOLUTIONS INCORPORATED,THE MEL TASK ORDER PROVIDES TECHNICAL SUPPORT TO THE USAID/UGANDA MISSION AND ITS IMPLEMENTING PARTNERS TO ADVANCE THE CDCS OBJECTIVES THROUGH STRENGTHENING EVIDENCE-BASED PROGRAMMING.
2/12/2025,7200AA22M00001,US Agency for International Development,67033810,41313156,2/12/2025,FUNDING ONLY ACTION,https://www.fpds.gov/ezsearch/jsp/viewLinkController.jsp?agencyID=7200&PIID=7200AA22M00001&modNumber=P00009&idvAgencyID=&idvPIID=47QRAD20D1100&contractType=AWARD,"GLOBAL SOLUTIONS VENTURES, LLC","THE CONTRACTOR SHALL PROVIDE SUPPORT SERVICES STAFF, FOR THE BUREAU FOR ASIA AS WELL AS THE AFGHANISTAN MISSION OF THE UNITED STATES AGENCY FOR INTERNATIONAL DEVELOPMENT (USAID).  SUPPORT STAFF WILL INCLUDE ADMINISTRATIVE, PROGRAMMATIC, AND TECHNICA"
2/12/2025,72067423C00003,US Agency for International Development,88993687,52736874,2/12/2025,FUNDING ONLY ACTION,https://www.fpds.gov/ezsearch/jsp/viewLinkController.jsp?agencyID=7200&PIID=72067423C00003&modNumber=P00004&idvAgencyID=&idvPIID=&contractType=AWARD,RESEARCH TRIANGLE INSTITUTE,EMPOWERING EAST AND CENTRAL AFRICA (EECA)
2/12/2025,72067424C00002,US Agency for International Development,73048710,67858286,2/12/2025,FUNDING ONLY ACTION,https://www.fpds.gov/ezsearch/jsp/viewLinkController.jsp?agencyID=7200&PIID=72067424C00002&modNumber=P00001&idvAgencyID=&idvPIID=&contractType=AWARD,"TETRA TECH ES, INC.",THE AWARD WILL CONTRIBUTE TO ADDRESSING THIS DEMAND BY ESTABLISHING A PARTNERSHIP MODEL BETWEEN POWER AFRICA COLLABORATORS AND WEST AFRICAN COUNTERPARTS. THIS MODEL AIMS TO FACILITATE THE TRANSITION TO A DECARBONIZED POWER SECTOR IN A JUST AND EQUITA
2/12/2025,72067425C00001,US Agency for International Development,83132725,59599256,2/12/2025,BLANK REASON FOR MODIFICATION IN FPDS,https://www.fpds.gov/ezsearch/jsp/viewLinkController.jsp?agencyID=7200&PIID=72067425C00001&modNumber=0&idvAgencyID=&idvPIID=&contractType=AWARD,"TETRA TECH ES, INC.","THE EMPOWER NIGERIA PROGRAM IS POWER AFRICAS FLAGSHIP PROGRAM IN NIGERIA, FURTHERING POWER AFRICAS WORK OF INCREASING AVAILABLE ON- AND OFF-GRID GENERATION CAPACITY, ACCESS TO ELECTRICITY AND SUPPORTING NIGERIAS TRANSITION TO A LOW-CARBON ELECTRIC"
2/6/2025,7200AA20M00010,US Agency for International Development,33337049,8256415,2/12/2025,FUNDING ONLY ACTION,https://www.fpds.gov/ezsearch/jsp/viewLinkController.jsp?agencyID=7200&PIID=7200AA20M00010&modNumber=P00017&idvAgencyID=&idvPIID=GS00F356GA&contractType=AWARD,ZEMITEK LLC,"NEW AFRICA INSTITUTIONAL AND TECHNICAL SUPPORT SERVICES (ITSS II) CONTRACT - THE TECHNICAL AND SUPPORT SERVICES PROVIDED UNDER THIS CONTRACT WILL ASSIST USAID IN ACHIEVING ITS PROGRAM PRIORITIES BY PROVIDING CONTRACTED TECHNICAL, PROFESSIONAL, OPERAT"
2/11/2025,7200AA22C00059,US Agency for International Development,24977316,7208840,2/12/2025,FUNDING ONLY ACTION,https://www.fpds.gov/ezsearch/jsp/viewLinkController.jsp?agencyID=7200&PIID=7200AA22C00059&modNumber=P00020&idvAgencyID=&idvPIID=&contractType=AWARD,ARTICUS SOLUTIONS LLC,"M/MS REQUIRES TECHNICAL AND ADMINISTRATIVE SUPPORT FOR SPECIFIC OPERATIONS, THE ATTACHED STATEMENT OF WORK (SOW) AND INDEPENDENT GOVERNMENT ESTIMATE (IGCE) WAS DEVELOPED FOR A SOLICITATION TO ESTABLISH A NEW CONTRACT.  THIS ISC AGREEMENT WILL ENABLE"
2/12/2025,7200AA19F00015,US Agency for International Development,20808711,8005539,2/12/2025,OTHER ADMINISTRATIVE ACTION,https://www.fpds.gov/ezsearch/jsp/viewLinkController.jsp?agencyID=7200&PIID=7200AA19F00015&modNumber=P00017&idvAgencyID=&idvPIID=7200AA18D00010&contractType=AWARD,DEVTECH SYSTEMS INC,FAST-FISCAL ACCOUNTABILITY AND SUSTAINABLE TRADE CONTRACT WILL PROVIDE TECHNICAL ASSISTANCE TO USAID MISSIONS AS WELL AS TO SUPPORTING THE BUREAU IN ITS TECHNICAL LEADERSHIP ROLE.
2/12/2025,7200AA19F00024,US Agency for International Development,33657540,12776060,2/12/2025,EXERCISE AN OPTION,https://www.fpds.gov/ezsearch/jsp/viewLinkController.jsp?agencyID=7200&PIID=7200AA19F00024&modNumber=P00013&idvAgencyID=&idvPIID=7200AA18D00012&contractType=AWARD,"INTERNATIONAL DEVELOPMENT GROUP ADVISORY SERVICES, LLC","THE PURPOSE OF THIS TASK ORDER IS TO SUPPORT ASIA BUREAU IN ITS PROGRAMMING TO FACILITATE RAPID, SUSTAINABLE, AND EQUITABLE ECONOMIC GROWTH BY ENABLING USAID TO BRING A SYSTEMS APPROACH TO ADDRESSING PUBLIC FINANCIAL MANAGEMENT (PFM) OBJECTIVES UNDER"
2/12/2025,7200AA19F50037,US Agency for International Development,13437806,6688205,2/12/2025,FUNDING ONLY ACTION,https://www.fpds.gov/ezsearch/jsp/viewLinkController.jsp?agencyID=7200&PIID=7200AA19F50037&modNumber=P00020&idvAgencyID=&idvPIID=7200AA19A00004&contractType=AWARD,ZEMITEK LLC,DEVELOPMENT AND DELIVERY OF TRAINING COURSES FOR THE  ACQUISITION AND ASSISTANCE WORKFORCE WORLDWIDE COMING FROM  M/OAA WASHINGTON DC AREA.
2/12/2025,7200AA19M00017,US Agency for International Development,33535180,11249370,2/12/2025,FUNDING ONLY ACTION,https://www.fpds.gov/ezsearch/jsp/viewLinkController.jsp?agencyID=7200&PIID=7200AA19M00017&modNumber=P00023&idvAgencyID=&idvPIID=GS00F280GA&contractType=AWARD,"MANAGEMENT SYSTEMS INTERNATIONAL, INC.","TO PROVIDE MONITORING, EVALUATION, AND LEARNING SERVICES FOR THE MIDDLE EAST AND NORTH AFRICA"
2/12/2025,7200AA20F00013,US Agency for International Development,29710621,9478926,2/12/2025,SUPPLEMENTAL AGREEMENT FOR WORK WITHIN SCOPE,https://www.fpds.gov/ezsearch/jsp/viewLinkController.jsp?agencyID=7200&PIID=7200AA20F00013&modNumber=P00022&idvAgencyID=&idvPIID=7200AA19D00029&contractType=AWARD,"TETRA TECH ES, INC.",SCALING UP RENEWABLE ENERGY II (SURE II) TASK ORDER - ENERGY II IDIQ
2/12/2025,7200AA21C00050,US Agency for International Development,24999998,10169386,2/12/2025,FUNDING ONLY ACTION,https://www.fpds.gov/ezsearch/jsp/viewLinkController.jsp?agencyID=7200&PIID=7200AA21C00050&modNumber=P00022&idvAgencyID=&idvPIID=&contractType=AWARD,"CHENEGA ENTERPRISE SYSTEMS & SOLUTIONS, LLC","IN ACCORDANCE WITH THE STATEMENT OF WORK (SOW), ATTACHED HERETO AND MADE A PART OF THE CONTRACT, THIS AWARD IS FOR A ONE (1) YEAR BASE AND FOUR (4) ONE YEAR OPTIONS, SHOULD THE GOVERNMENT ELECT TO EXERCISE ITS OPTIONS FOR INSTRUCTIONAL SERVICES CONTR"
2/12/2025,7200AA21N00001,US Agency for International Development,20629534,8398733,2/12/2025,FUNDING ONLY ACTION,https://www.fpds.gov/ezsearch/jsp/viewLinkController.jsp?agencyID=7200&PIID=7200AA21N00001&modNumber=P00017&idvAgencyID=&idvPIID=47QRAD20D1105&contractType=AWARD,ENCOMPASS LLC,"EEI/CCS TECHNICAL, OPERATIONAL AND PROGRAMMATIC SUPPORT (TOPS) INSTITUTIONAL SUPPORT CONTRACT. THE PURPOSE OF TOPS WOULD BE TO PROVIDE STAFFING, TECHNICAL, AND ADMINISTRATIVE SUPPORT TO DDI/EEI TEAMS AND MISSIONS THROUGH PROVISION OF LONG- AND SHORT-"
2/12/2025,7200AA22C00050,US Agency for International Development,25000000,16699401,2/12/2025,FUNDING ONLY ACTION,https://www.fpds.gov/ezsearch/jsp/viewLinkController.jsp?agencyID=7200&PIID=7200AA22C00050&modNumber=P00021&idvAgencyID=&idvPIID=&contractType=AWARD,"EAGLE HEALTH, LLC",THIS ACTIVITY WOULD BE A CONTRACT AWARDED THROUGH A SECTION 8(A) SET-ASIDE UNDER A GSA SCHEDULE. THE TOTAL ESTIMATED INITIAL CONTRIBUTION FROM THE U.S. AGENCY FOR INTERNATIONAL DEVELOPMENT (USAID) TO THE INSTITUTIONAL SUPPORT CONTRACT WOULD BE $5M W
2/12/2025,7200AA22C00051,US Agency for International Development,27689903,14833791,2/12/2025,FUNDING ONLY ACTION,https://www.fpds.gov/ezsearch/jsp/viewLinkController.jsp?agencyID=7200&PIID=7200AA22C00051&modNumber=P00010&idvAgencyID=&idvPIID=&contractType=AWARD,CHUGACH TECHNICAL SOLUTIONS LLC,"UNITED STATES AGENCY FOR INTERNATIONAL DEVELOPMENT, BUREAU FOR MANAGEMENT SEEKS TO PROVIDE ADMINISTRATIVE, ANALYTICAL, AND TECHNICAL STAFFING SUPPORT TO USAID, M BUREAU, AND SELECT OPERATING UNITS AND TO A LIMITED EXTENT, SURGE STAFFING SUPPORT THROU"
2/12/2025,7200AA22F00014,US Agency for International Development,18708951,5874345,2/12/2025,FUNDING ONLY ACTION,https://www.fpds.gov/ezsearch/jsp/viewLinkController.jsp?agencyID=7200&PIID=7200AA22F00014&modNumber=P00007&idvAgencyID=&idvPIID=7200AA20D00013&contractType=AWARD,INTEGRITY GLOBAL INC.,TASK ORDER UNDER THE PPL EVAL-ME II IDIQ
2/12/2025,7200AA22F00016,US Agency for International Development,22374322,12633067,2/12/2025,OTHER ADMINISTRATIVE ACTION,https://www.fpds.gov/ezsearch/jsp/viewLinkController.jsp?agencyID=7200&PIID=7200AA22F00016&modNumber=P00005&idvAgencyID=&idvPIID=7200AA20D00018&contractType=AWARD,"MAKING CENTS INTERNATIONAL, INC.","THE INCLUSIVE DEVELOPMENT ACTIVITY FOR MISSION SUPPORT TASK ORDER IS THE ID HUB'S NEW MECHANISM THAT PROVIDES TECHNICAL ASSISTANCE IN THE FORM OF EVALUATION, RESEARCH, PROGRAM DESIGN, AND DOCUMENTATION FOR USAID OPERATING UNITS SEEKING TO IMPROV"
2/12/2025,7200AA22F50030,US Agency for International Development,20737879,15768245,2/12/2025,FUNDING ONLY ACTION,https://www.fpds.gov/ezsearch/jsp/viewLinkController.jsp?agencyID=7200&PIID=7200AA22F50030&modNumber=P00004&idvAgencyID=&idvPIID=7200AA22A00006&contractType=AWARD,ENCOMPASS LLC,"THE GOAL OF THE WTS BPA UNDER WHICH THIS ORDER IS BEING ISSUED IS TO PROVIDE HIGH QUALITY TRAINING SERVICES AND SUPPORT TO USAID OFFICES WORLDWIDE.  THE AGENCY IS OPERATING IN AN ENVIRONMENT WHERE INNOVATIVE APPROACHES, EMPLOYEE WELL-BEING, AND SECUR"
2/12/2025,7200AA22M00015,US Agency for International Development,12499477,7024477,2/12/2025,FUNDING ONLY ACTION,https://www.fpds.gov/ezsearch/jsp/viewLinkController.jsp?agencyID=7200&PIID=7200AA22M00015&modNumber=P00005&idvAgencyID=&idvPIID=47QRAD20D1074&contractType=AWARD,BIXAL SOLUTIONS INCORPORATED,"FOLLOW-ON SERVIR SUPPORT SERVICES CONTRACT AWARD WILL HELP THE GLOBAL SERVIR NETWORK WITH COMMUNICATIONS AND OUTREACH, KNOWLEDGE MANAGEMENT AND LEARNING EXCHANGES, MONITORING, EVALUATION AND LEARNING."
2/12/2025,7200AA22N00002,US Agency for International Development,42215853,15314997,2/12/2025,FUNDING ONLY ACTION,https://www.fpds.gov/ezsearch/jsp/viewLinkController.jsp?agencyID=7200&PIID=7200AA22N00002&modNumber=P00010&idvAgencyID=&idvPIID=47QRAD20DU128&contractType=AWARD,DAI GLOBAL LLC,"NEW AWARD CALLED ADVANCING CAPACITY FOR THE ENVIRONMENT THAT WILL SUPPORT THE ABILITY TO PLAN, IMPLEMENT, AND COMMUNICATE EFFECTIVE PROGRAMMING IN THE CLIMATE CHANGE, BIODIVERSITY, ENVIRONMENT, ENERGY, AND INFRASTRUCTURE SECTORS. THE PROGRAM WILL PRI"
2/12/2025,7200AA23C00024,US Agency for International Development,21117962,14550669,2/12/2025,EXERCISE AN OPTION,https://www.fpds.gov/ezsearch/jsp/viewLinkController.jsp?agencyID=7200&PIID=7200AA23C00024&modNumber=P00005&idvAgencyID=&idvPIID=&contractType=AWARD,CHUGACH DYNAMIC SOLUTIONS LLC,CAR ACCOUNTING SUPPORT SERVICES CONTRACT
2/12/2025,7200AA23C00042,US Agency for International Development,24277436,12989209,2/12/2025,OTHER ADMINISTRATIVE ACTION,https://www.fpds.gov/ezsearch/jsp/viewLinkController.jsp?agencyID=7200&PIID=7200AA23C00042&modNumber=P00008&idvAgencyID=&idvPIID=&contractType=AWARD,"CHICKASAW STRATEGIC POINTE, LLC",EUROPE AND EURASIA INSTITUTIONAL SUPPORT CONTRACT
2/12/2025,7200AA23M00006,US Agency for International Development,281622,184013,2/12/2025,EXERCISE AN OPTION,https://www.fpds.gov/ezsearch/jsp/viewLinkController.jsp?agencyID=7200&PIID=7200AA23M00006&modNumber=P00001&idvAgencyID=&idvPIID=GS07F446AA&contractType=AWARD,THE DESIGNPOND,GRAPHIC DESIGN SERVICES IN SUPPORT OF DEVELOPING THE AGENCY FINANCIAL REPORT (AFR) AND OPTIONAL GRAPHIC DESIGN SERVICES IN SUPPORT OF DEVELOPING THE SUMMARY PERFORMANCE FINANCIAL INFORMATION (SUMMARY REPORT) WITH STANDARDS SET FORTH IN OMB CIRCULAR A
2/12/2025,7200AA23M00013,US Agency for International Development,8668047,6651393,2/12/2025,FUNDING ONLY ACTION,https://www.fpds.gov/ezsearch/jsp/viewLinkController.jsp?agencyID=7200&PIID=7200AA23M00013&modNumber=P00002&idvAgencyID=&idvPIID=47QRAA23D003U&contractType=AWARD,DEVTECH SYSTEMS INC,"PROVIDES EDUCATION TECHNICAL AND SUPPORT SERVICES AS NEEDED INCLUDING BUT NOT LIMITED TO MONITORING, EVALUATION, RESEARCH, LEARNING, PROFESSIONAL DEVELOPMENT, EVENT LOGISTICS SUPPORT, AND TRANSLATION TO THE USAID LAC BUREAU AND FOR OPERATING UNITS AN"
2/12/2025,7200AA23M00014,US Agency for International Development,30600020,16439605,2/12/2025,OTHER ADMINISTRATIVE ACTION,https://www.fpds.gov/ezsearch/jsp/viewLinkController.jsp?agencyID=7200&PIID=7200AA23M00014&modNumber=P00003&idvAgencyID=&idvPIID=GS10F0294V&contractType=AWARD,SOCIAL IMPACT INC,"THE PURPOSE OF THIS CONTRACT(S) IS TO ACQUIRE SERVICES THAT WILL CONTINUE TO ADVANCE LEARNING, EVALUATION, AND RESEARCH WITHIN THE DRG SECTOR AS WELL AS PROVIDE CRITICAL DATA ON THE IMPACT OF USAIDS DRG ACTIVITIES IN THE FIELD. DG LER III SUPPORTS US"
2/12/2025,7200AA24M00017,US Agency for International Development,7230172,7099468,2/12/2025,FUNDING ONLY ACTION,https://www.fpds.gov/ezsearch/jsp/viewLinkController.jsp?agencyID=7200&PIID=7200AA24M00017&modNumber=P00001&idvAgencyID=&idvPIID=47QRAA22D009L&contractType=AWARD,"CONSENSUS SOLUTIONS, LLC","THIS CO-CREATION AND CO-DESIGN TRAINING SERVICES AWARD IS TO PROVIDE SUPPORT AND SPECIALIZED TRAINING IN STRATEGIC DESIGN AND LEARNING TO DEVELOP AND DISSEMINATE NEW AND INNOVATIVE TOOLS AND GUIDANCE, DELIVER TRAININGS AND WORKSHOPS, AND SEND WHEN RE"
2/12/2025,7200AA24P00065,US Agency for International Development,120671,97941,2/12/2025,BLANK REASON FOR MODIFICATION IN FPDS,https://www.fpds.gov/ezsearch/jsp/viewLinkController.jsp?agencyID=7200&PIID=7200AA24P00065&modNumber=0&idvAgencyID=&idvPIID=&contractType=AWARD,AGENCE FRANCE PRESSE,FIVE YEAR SUBSCRIPTION FOR A SEARCHABLE DATABASE OF PROFESSIONAL NEWS/EDITORIAL PHOTOS.
2/12/2025,72051922F00003,US Agency for International Development,18541219,8161145,2/12/2025,OTHER ADMINISTRATIVE ACTION,https://www.fpds.gov/ezsearch/jsp/viewLinkController.jsp?agencyID=7200&PIID=72051922F00003&modNumber=P00011&idvAgencyID=&idvPIID=7200AA20D00011&contractType=AWARD,ENCOMPASS LLC,"THE INITIAL SUB OBLIGATION OF $6,000,000.37 WILL COVER UP TO 24 MONTHS FOR CLIN 1 ($16,000,000) OF FUNDING WHICH IS IN COMPLIANCE WITH FORWARD FUNDING POLICY. THE MONITORING, EVALUATION AND LEARNING (MEL) MECHANISM IS A 5-YEAR INSTRUMENT TO BE MANAG"
2/12/2025,72066322C00001,US Agency for International Development,19993910,7101220,2/12/2025,FUNDING ONLY ACTION,https://www.fpds.gov/ezsearch/jsp/viewLinkController.jsp?agencyID=7200&PIID=72066322C00001&modNumber=P00004&idvAgencyID=&idvPIID=&contractType=AWARD,LINC LLC,USAID RESILIENCE PLATFORM ACTIVITY
2/12/2025,72066922F00004,US Agency for International Development,19635380,6497546,2/12/2025,OTHER ADMINISTRATIVE ACTION,https://www.fpds.gov/ezsearch/jsp/viewLinkController.jsp?agencyID=7200&PIID=72066922F00004&modNumber=P00006&idvAgencyID=&idvPIID=7200AA20D00026&contractType=AWARD,INTERNATIONAL BUSINESS INITIATIVES LLC,"PPD : NEW AWARD - DATA, EVALUATION, LEARNING AND TECHNICAL ASSISTANCE (DELTA)"
2/12/2025,72066923C00002,US Agency for International Development,23499266,8998782,2/12/2025,OTHER ADMINISTRATIVE ACTION,https://www.fpds.gov/ezsearch/jsp/viewLinkController.jsp?agencyID=7200&PIID=72066923C00002&modNumber=P00002&idvAgencyID=&idvPIID=&contractType=AWARD,FAMILY HEALTH INTERNATIONAL,"USAID LIBERIA ESSA SEEKS TO BUILD A MORE CAPABLE EDUCATION SYSTEM THAT FUNCTIONS BETTER AT COUNTY AND DISTRICT LEVELS TO DRIVE, MEASURE AND INCENTIVIZE DELIVERY OF QUALITY AND INCLUSIVE EDUCATION."
2/12/2025,72066923F00001,US Agency for International Development,17999647,10922539,2/12/2025,FUNDING ONLY ACTION,https://www.fpds.gov/ezsearch/jsp/viewLinkController.jsp?agencyID=7200&PIID=72066923F00001&modNumber=P00003&idvAgencyID=&idvPIID=7200AA21D00016&contractType=AWARD,DAI GLOBAL LLC,"DRG: THE PURPOSE OF THIS ACTIVITY TO ACQUIRE AND PROVIDE EXPERT TECHNICAL SERVICES TO THE GOVERNMENT OF LIBERIA (GOL) TO IMPROVE THE CAPACITIES OF TARGETED GOL MINISTRIES, AGENCIES, AND COMMISSIONS (MACS), TO FORMULATE AND ADMINISTER SOUND TAX POLICI"
2/12/2025,72068822C00001,US Agency for International Development,37276048,15656468,2/12/2025,FUNDING ONLY ACTION,https://www.fpds.gov/ezsearch/jsp/viewLinkController.jsp?agencyID=7200&PIID=72068822C00001&modNumber=P00003&idvAgencyID=&idvPIID=&contractType=AWARD,"ARD, INC.","THE PURPOSE OF THIS CONTRACT IS TO ACQUIRE SERVICES FOR THE IMPLEMENTATION OF THE USAID/MALI ANKA JIKO ACTIVITY WHICH AIMS TO IMPROVE THE GOVERNANCE OF RURAL WATER AND SANITATION INFRASTRUCTURE IN ORDER FOR RURAL MALIAN COMMUNITIES TO CONSTRUCT, MAIN"
2/12/2025,72068823C00002,US Agency for International Development,21517786,7365924,2/12/2025,FUNDING ONLY ACTION,https://www.fpds.gov/ezsearch/jsp/viewLinkController.jsp?agencyID=7200&PIID=72068823C00002&modNumber=P00007&idvAgencyID=&idvPIID=&contractType=AWARD,SOCIAL IMPACT INC,"THE PURPOSE OF THIS CONTRACT IS TO ACQUIRE SERVICES FOR THE IMPLEMENTATION OF THE USAID MONITORING, EVALUATION AND LEARNING ACTIVITY WHICH AIMS TO SUPPORT THE MISSION PROJECT DESIGN, PERFORMANCE MONITORING AND EVALUATION, AND OPERATIONAL LEARNING AND"
2/12/2025,72068824C00001,US Agency for International Development,14284946,9285362,2/12/2025,OTHER ADMINISTRATIVE ACTION,https://www.fpds.gov/ezsearch/jsp/viewLinkController.jsp?agencyID=7200&PIID=72068824C00001&modNumber=P00002&idvAgencyID=&idvPIID=&contractType=AWARD,"CHEMONICS INTERNATIONAL, INC.",THE PURPOSE OF THE USAID SALAM IS TO  IS TO IMPROVE THE SOCIAL COHESION IN CONFLICT AFFECTED AREAS IN CENTRAL MALI.   THIS AWARD WILL CONTRIBUTE DIRECTLY AND IS CONSIDERED CRITICAL TO THE ACHIEVEMENT OF USAID TWO INTERMEDIATE RESULTS: (1) EMPOWERED
2/12/2025,72068824F00001,US Agency for International Development,14999471,8572343,2/12/2025,OTHER ADMINISTRATIVE ACTION,https://www.fpds.gov/ezsearch/jsp/viewLinkController.jsp?agencyID=7200&PIID=72068824F00001&modNumber=P00003&idvAgencyID=&idvPIID=7200AA22D00003&contractType=AWARD,DEXIS INTERACTIVE LLC,"THE OBJECTIVE OF THIS CONTRACT IS TO WORK WITH THE FORMAL AND INFORMAL JUSTICE SECTOR TO: A) STRENGTHEN THE JUSTICE SECTOR INSTITUTIONS CAPABLE OF DELIVERING MORE EFFECTIVELY, INCLUDING THE MINISTRY OF JUSTICE (MOJ), COURTS AND POTENTIAL NEW INSTITUT"
2/12/2025,72062422F00001,US Agency for International Development,18543079,8831784,2/12/2025,FUNDING ONLY ACTION,https://www.fpds.gov/ezsearch/jsp/viewLinkController.jsp?agencyID=7200&PIID=72062422F00001&modNumber=P00006&idvAgencyID=&idvPIID=7200AA20D00016&contractType=AWARD,"KHULISA MANAGEMENT SERVICES, INC.","THE PURPOSE OF THIS TASK ORDER, PEACE THROUGH EVALUATION, LEARNING, AND ADAPTATION II ACTIVITY (PELA II), IS TO ACQUIRE TECHNICAL SERVICES UNDER THE PPL MONITORING AND EVALUATION INDEFINITE DELIVERY INDEFINITE QUANTITY (EVAL-ME II IDIQ) CONTRACT TO S"
2/12/2025,72052222F00006,US Agency for International Development,24560816,8637825,2/12/2025,FUNDING ONLY ACTION,https://www.fpds.gov/ezsearch/jsp/viewLinkController.jsp?agencyID=7200&PIID=72052222F00006&modNumber=P00003&idvAgencyID=&idvPIID=7200AA20D00026&contractType=AWARD,INTERNATIONAL BUSINESS INITIATIVES LLC,"MESCLA 2.0 - MONITORING AND EVALUATION AND COLLABORATING, LEARNING & ADAPTING (CLA) ACTIVITY"
2/12/2025,72052122F00001,US Agency for International Development,19996085,5609563,2/12/2025,FUNDING ONLY ACTION,https://www.fpds.gov/ezsearch/jsp/viewLinkController.jsp?agencyID=7200&PIID=72052122F00001&modNumber=P00010&idvAgencyID=&idvPIID=7200AA20D00026&contractType=AWARD,INTERNATIONAL BUSINESS INITIATIVES LLC,"SERVICES REQUESTED INCLUDE TECHNICAL EVALUATION, SURVEY AND STUDY SUPPORT, CAPACITY BUILDING AND LEARNING EVENTS, AND IN-COUNTRY THIRD PARTY MONITORING (TPM) OF SOME USAID ACTIVITIES IN HAITI, WHICH AT TIMES IS A NON-PERMISSIVE ENVIRONMENT."
2/12/2025,72051924F00006,US Agency for International Development,11284730,2884730,2/12/2025,FUNDING ONLY ACTION,https://www.fpds.gov/ezsearch/jsp/viewLinkController.jsp?agencyID=7200&PIID=72051924F00006&modNumber=P00002&idvAgencyID=&idvPIID=7200AA22D00009&contractType=AWARD,DAI GLOBAL LLC,USAID GOVERNANCE AND ACCOUNTABILITY OF WATER SERVICES ACTIVITY
2/12/2025,72051924F50018,US Agency for International Development,65295,21765,2/12/2025,BLANK REASON FOR MODIFICATION IN FPDS,https://www.fpds.gov/ezsearch/jsp/viewLinkController.jsp?agencyID=7200&PIID=72051924F50018&modNumber=0&idvAgencyID=&idvPIID=72051924A00016&contractType=AWARD,MUKUNDA P SITAULA,REQUEST FOR BPA CALL ORDER TO PROVIDE SUPPORT UNDER THE HUMAN RESOURCES MANAGEMENT SUPPORT SERVICES.
2/12/2025,72051925F00001,US Agency for International Development,15992643,11742643,2/12/2025,FUNDING ONLY ACTION,https://www.fpds.gov/ezsearch/jsp/viewLinkController.jsp?agencyID=7200&PIID=72051925F00001&modNumber=P00001&idvAgencyID=&idvPIID=72051924D00003&contractType=AWARD,DAI GLOBAL LLC,"USAID INVESTMENT PROMOTION PROJECT IS AIMED AT INCREASING PRIVATE INVESTMENT IN DEVELOPMENTALLY IMPACTFUL SECTORS TO GROW BUSINESSES, CREATE JOBS AND EXPAND ECONOMIC GROWTH."
2/12/2025,72051422F00005,US Agency for International Development,40000000,12148410,2/12/2025,FUNDING ONLY ACTION,https://www.fpds.gov/ezsearch/jsp/viewLinkController.jsp?agencyID=7200&PIID=72051422F00005&modNumber=P00006&idvAgencyID=&idvPIID=72051421D00008&contractType=AWARD,"CHEMONICS INTERNATIONAL, INC.","THE PURPOSE OF THIS ACTIVITY IS TO IMPROVE THE SOCIAL AND ECONOMIC INCLUSION OF SEDENTARY MIGRANTS, COLOMBIAN RETURNEES, AND RECEPTOR COMMUNITY MEMBERS.  IT WILL ACHIEVE THIS BY ENGAGING THE PRIVATE SECTOR IN THE CREATION OF MARKET-DRIVEN, LICIT AND"
2/12/2025,72051423C00001,US Agency for International Development,24999016,9876497,2/12/2025,OTHER ADMINISTRATIVE ACTION,https://www.fpds.gov/ezsearch/jsp/viewLinkController.jsp?agencyID=7200&PIID=72051423C00001&modNumber=P00003&idvAgencyID=&idvPIID=&contractType=AWARD,"CHEMONICS INTERNATIONAL, INC.","THE GOAL PURSUED IN THE USAID TIERRA DORADA ACTIVITY IS TO REDUCE GREENHOUSE GAS EMISSIONS, PROMOTE BIODIVERSITY CONSERVATION AND SUPPORT LICIT LIVELIHOODS THROUGH THE DEVELOPMENT AND SUPPORT OF SOCIALLY AND ENVIRONMENTALLY RESPONSIBLE ASM ACTIVITIES"
2/12/2025,72051423C00002,US Agency for International Development,19799255,9279255,2/12/2025,FUNDING ONLY ACTION,https://www.fpds.gov/ezsearch/jsp/viewLinkController.jsp?agencyID=7200&PIID=72051423C00002&modNumber=P00006&idvAgencyID=&idvPIID=&contractType=AWARD,"ARD, INC.",THE HUMAN RIGHTS FOR PEACE ACTIVITY WILL ENHANCE PEACE AND STABILITY BY IMPROVING THE EFFECTIVENESS OF NATIONAL AND LOCAL SYSTEMS AND ACTORS TO PREVENT AND PROTECT AGAINST HUMAN RIGHTS VIOLATIONS
2/12/2025,720BHA23S00110,US Agency for International Development,291237,23000,2/12/2025,EXERCISE AN OPTION,https://www.fpds.gov/ezsearch/jsp/viewLinkController.jsp?agencyID=7200&PIID=720BHA23S00110&modNumber=P00001&idvAgencyID=&idvPIID=&contractType=AWARD,SAMANTHA ELFMONT,"SUPPORT RELIEF GROUP RESPONSE RESOURCE SPECIALIST (SRG-RRS), FARO, YR 1."
2/12/2025,720BHA21S00155,US Agency for International Development,650856,48000,2/12/2025,EXERCISE AN OPTION,https://www.fpds.gov/ezsearch/jsp/viewLinkController.jsp?agencyID=7200&PIID=720BHA21S00155&modNumber=P00004&idvAgencyID=&idvPIID=&contractType=AWARD,ALEXANDRA KLASS,"NEW PSC AWARD TO SERVE AS A ECONOMIC RECOVERY AND MARKET SYSTEMS (ERMS) TECHNICAL ADVISOR, TPQ, GS 13"
2/12/2025,720BHA23S00186,US Agency for International Development,367462,15000,2/12/2025,FUNDING ONLY ACTION,https://www.fpds.gov/ezsearch/jsp/viewLinkController.jsp?agencyID=7200&PIID=720BHA23S00186&modNumber=P00001&idvAgencyID=&idvPIID=&contractType=AWARD,KATHRYN MAGEE MCMAHON,"STRATEGIC PLANNING AND ACTIVITY DESIGN ADVISOR , TPQ, YR. 1"
2/12/2025,720BHA23S00252,US Agency for International Development,438950,21000,2/12/2025,FUNDING ONLY ACTION,https://www.fpds.gov/ezsearch/jsp/viewLinkController.jsp?agencyID=7200&PIID=720BHA23S00252&modNumber=P00001&idvAgencyID=&idvPIID=&contractType=AWARD,SCHALA MARYSE BATTLE,"STRATEGIC PLANNING AND ACTIVITY DESIGN ADVISOR, REMOTE, 2 YR."
2/12/2025,7200AA23M00015,US Agency for International Development,8329100,6361474,2/12/2025,FUNDING ONLY ACTION,https://www.fpds.gov/ezsearch/jsp/viewLinkController.jsp?agencyID=7200&PIID=7200AA23M00015&modNumber=P00002&idvAgencyID=&idvPIID=47QRAA20D003V&contractType=AWARD,"INTERNATIONAL CENTER FOR LANGUAGE STUDIES, INC.",LANGUAGE TRAINING SERVICES AND ASSESSMENT RESOURCE(LTS&AR) TASK ORDER
2/12/2025,7200AA22F00007,US Agency for International Development,8679349,7708175,2/12/2025,FUNDING ONLY ACTION,https://www.fpds.gov/ezsearch/jsp/viewLinkController.jsp?agencyID=7200&PIID=7200AA22F00007&modNumber=P00004&idvAgencyID=&idvPIID=7200AA20D00011&contractType=AWARD,ENCOMPASS LLC,OTI M&E INITIAL PLACEHOLDER - PPL EVAL-ME-II
1/31/2025,72MC1022C00003,US Agency for International Development,4477402,305240,2/12/2025,FUNDING ONLY ACTION,https://www.fpds.gov/ezsearch/jsp/viewLinkController.jsp?agencyID=7200&PIID=72MC1022C00003&modNumber=P00022&idvAgencyID=&idvPIID=&contractType=AWARD,"TIMOTHY J LONDAGIN, LLC","THE PURPOSE OF THIS MOD IS TO FUND THE TOTEM AWARD UNTIL FEB 28, 2022. THE TOTAL FUNDS TO ADD ARE $74,750 ON CLIN 1 WITH O&M OP DEF CODE O.ITSD.KM.1.6.2.0"
2/2/2025,7200AA23A00008,US Agency for International Development,30000000,30000000,2/12/2025,BLANK REASON FOR MODIFICATION IN FPDS,https://www.fpds.gov/ezsearch/jsp/viewLinkController.jsp?agencyID=7200&PIID=7200AA23A00008&modNumber=0&idvAgencyID=&idvPIID=&contractType=IDV,RELIEF SUPPLIER,RELIEF SUPPLIER- BLANKET PURCHASE AGREEMENT FOR KITCHEN SETS
2/6/2025,7200AA21C00056,US Agency for International Development,520776180,159521884,2/12/2025,FUNDING ONLY ACTION,https://www.fpds.gov/ezsearch/jsp/viewLinkController.jsp?agencyID=7200&PIID=7200AA21C00056&modNumber=P00030&idvAgencyID=&idvPIID=&contractType=AWARD,DAI GLOBAL LLC,"IN PARTNERSHIP WITH PROSPER AFRICA, FEED THE FUTURE, AND OTHER INITIATIVES, THE USAID AFRICA BUREAU, AFRICA REGIONAL MISSIONS, AND THE MIDDLE EAST BUREAU ARE JOINTLY ESTABLISHING THE PROSPER AFRICA TRADE AND INVESTMENT (PATI) ACTIVITY.  THE PURPOSE O"
2/6/2025,7200AA22C00037,US Agency for International Development,15364150,5226148,2/12/2025,FUNDING ONLY ACTION,https://www.fpds.gov/ezsearch/jsp/viewLinkController.jsp?agencyID=7200&PIID=7200AA22C00037&modNumber=P00008&idvAgencyID=&idvPIID=&contractType=AWARD,"APPLIED DEVELOPMENT, LLC",ASL INTERPRETING/CART/NOTETAKING SERVICES ASL/CART/NT
2/6/2025,7200AA23A00006,US Agency for International Development,30000000,30000000,2/12/2025,BLANK REASON FOR MODIFICATION IN FPDS,https://www.fpds.gov/ezsearch/jsp/viewLinkController.jsp?agencyID=7200&PIID=7200AA23A00006&modNumber=0&idvAgencyID=&idvPIID=&contractType=IDV,RICHT INTERNATIONAL INC,RICHT- BLANKET PURCHASE AGREEMENT FOR AQUATABS
2/6/2025,7200AA23C00050,US Agency for International Development,24891807,15885065,2/12/2025,FUNDING ONLY ACTION,https://www.fpds.gov/ezsearch/jsp/viewLinkController.jsp?agencyID=7200&PIID=7200AA23C00050&modNumber=P00010&idvAgencyID=&idvPIID=&contractType=AWARD,"GREAT HILL SOLUTIONS, LLC",CFO/CMP FINANCIAL SERVICES INSTITUTIOANAL SUPPORT CONTRACT
2/6/2025,7200AA23S00037,US Agency for International Development,1036450,701064,2/12/2025,FUNDING ONLY ACTION,https://www.fpds.gov/ezsearch/jsp/viewLinkController.jsp?agencyID=7200&PIID=7200AA23S00037&modNumber=P00001&idvAgencyID=&idvPIID=&contractType=AWARD,DOMESTIC AWARDEES (UNDISCLOSED),THE SENIOR EVIDENCE UTILIZATION ADVISOR WILL LEVERAGE THEIR CONSIDERABLE EXPERTISE IN THE DRG FIELD TO ADVISE AND SUPPORT THE DEVELOPMENT OF APPROPRIATE AND PRACTICAL APPROACHES TO APPLY DRG EVIDENCE AND LEARNING. THE INCUMBENT WILL LEAD AND GUIDE TH
2/6/2025,7200AA24A00001,US Agency for International Development,1,1,2/12/2025,BLANK REASON FOR MODIFICATION IN FPDS,https://www.fpds.gov/ezsearch/jsp/viewLinkController.jsp?agencyID=7200&PIID=7200AA24A00001&modNumber=0&idvAgencyID=&idvPIID=47QRAA18D0031&contractType=IDV,TRANSLATION EXCELLENCE INC.,"""THE LINGUISTIC SERVICES BPA WILL PROVIDE LINGUISTIC SERVICES TO SUPPORT WORK IN WASHINGTON, DC AND MISSIONS ABROAD. THIS INCLUDES INTERPRETATION, TRANSCRIPTION, TRANSLATION, AND VALIDATION."""
2/6/2025,7200AA24A00002,US Agency for International Development,1,1,2/12/2025,OTHER ADMINISTRATIVE ACTION,https://www.fpds.gov/ezsearch/jsp/viewLinkController.jsp?agencyID=7200&PIID=7200AA24A00002&modNumber=P00001&idvAgencyID=&idvPIID=47QRAA22D009M&contractType=IDV,INDY INTERPRETING INC,"""THE LINGUISTIC SERVICES BPA WILL PROVIDE LINGUISTIC SERVICES TO SUPPORT WORK IN WASHINGTON, DC AND MISSIONS ABROAD. THIS INCLUDES INTERPRETATION, TRANSCRIPTION, TRANSLATION, AND VALIDATION."""
2/6/2025,7200AA24M00018,US Agency for International Development,3150000,0,2/12/2025,BLANK REASON FOR MODIFICATION IN FPDS,https://www.fpds.gov/ezsearch/jsp/viewLinkController.jsp?agencyID=7200&PIID=7200AA24M00018&modNumber=0&idvAgencyID=&idvPIID=47QRAA20D001M&contractType=AWARD,NATIONAL OPINION RESEARCH CENTER,PLR/LER NEW RESEARCH AND ANALYTICS FOR DEVELOPMENT MECHANISM
2/6/2025,7200AA24P00041,US Agency for International Development,227392,0,2/12/2025,BLANK REASON FOR MODIFICATION IN FPDS,https://www.fpds.gov/ezsearch/jsp/viewLinkController.jsp?agencyID=7200&PIID=7200AA24P00041&modNumber=0&idvAgencyID=&idvPIID=&contractType=AWARD,NEW YORK SLOGAN COMPANY LLC,"THE PURPOSE OF THIS AWARD WILL BE TO BROADEN THE BIG CATS YOUTUBE CHANNEL AND PODCAST SERIES PLATFORM BY EXPANDING THE VIDEO AND THE PODCAST SERIES WITH NEW EPISODES SHOWCASING THE MOST IMPORTANT STORIES, SPEAKING WITH THE PEOPLE DRIVING THE USAID PR"
2/6/2025,7200AA25S00034,US Agency for International Development,980246,785246,2/12/2025,OTHER ADMINISTRATIVE ACTION,https://www.fpds.gov/ezsearch/jsp/viewLinkController.jsp?agencyID=7200&PIID=7200AA25S00034&modNumber=P00001&idvAgencyID=&idvPIID=&contractType=AWARD,DOMESTIC AWARDEES (UNDISCLOSED),THE SENIOR E&L PROGRAM SPECIALIST LEVERAGES THEIR CONSIDERABLE EXPERTISE IN THE DRG FIELD TO ADVISE AND SUPPORT THE DEVELOPMENT OF APPROPRIATE AND PRACTICAL APPROACHES TO APPLY DRG EVIDENCE AND LEARNING.
2/6/2025,7200AA25S00067,US Agency for International Development,914218,741710,2/12/2025,BLANK REASON FOR MODIFICATION IN FPDS,https://www.fpds.gov/ezsearch/jsp/viewLinkController.jsp?agencyID=7200&PIID=7200AA25S00067&modNumber=0&idvAgencyID=&idvPIID=&contractType=AWARD,DOMESTIC AWARDEES (UNDISCLOSED),EPP PROGRAM SUPPORT SPECIALIST USPSC; GS 13 EQUIVALENT
2/6/2025,7200AA20C00051,US Agency for International Development,5423054,920127,2/12/2025,FUNDING ONLY ACTION,https://www.fpds.gov/ezsearch/jsp/viewLinkController.jsp?agencyID=7200&PIID=7200AA20C00051&modNumber=P00016&idvAgencyID=&idvPIID=&contractType=AWARD,TWOTECH INC,THE PURPOSE OF THIS CONTRACT IS TO ACQUIRE TECHNICAL EXPERTISE TO ADVANCE THE AGENCY'S ENTERPRISE RISK MANAGEMENT (ERM) AGENDA.  THE CONTRACTOR WILL CONTINUE TO BUILD AND IMPROVE UPON THE AGENCY'S ERM PROGRAM PROGRESS THUS FAR. THE AREAS OF
2/6/2025,7200AA20D00014,US Agency for International Development,655000000,654990000,2/12/2025,OTHER ADMINISTRATIVE ACTION,https://www.fpds.gov/ezsearch/jsp/viewLinkController.jsp?agencyID=7200&PIID=7200AA20D00014&modNumber=P00004&idvAgencyID=&idvPIID=&contractType=IDV,"INTERNATIONAL DEVELOPMENT GROUP ADVISORY SERVICES, LLC",PPL/LER NEW IDIQS
2/6/2025,7200AA20D00019,US Agency for International Development,655000000,654990000,2/12/2025,OTHER ADMINISTRATIVE ACTION,https://www.fpds.gov/ezsearch/jsp/viewLinkController.jsp?agencyID=7200&PIID=7200AA20D00019&modNumber=P00007&idvAgencyID=&idvPIID=&contractType=IDV,"ME&A, INC.",PPL/LER NEW EVALUATION IDIQS
2/6/2025,7200AA20D00023,US Agency for International Development,655000000,654990000,2/12/2025,OTHER ADMINISTRATIVE ACTION,https://www.fpds.gov/ezsearch/jsp/viewLinkController.jsp?agencyID=7200&PIID=7200AA20D00023&modNumber=P00004&idvAgencyID=&idvPIID=&contractType=IDV,"SOCHA, LLC",NEW PPL/LER EVALUATION IDIQS
2/6/2025,7200AA20M00002,US Agency for International Development,79792188,1838383,2/12/2025,FUNDING ONLY ACTION,https://www.fpds.gov/ezsearch/jsp/viewLinkController.jsp?agencyID=7200&PIID=7200AA20M00002&modNumber=P00026&idvAgencyID=&idvPIID=GS00F193DA&contractType=AWARD,"ENVIRONMENTAL INCENTIVES, INC.",PPL PROGRAM CYCLE AWARD
2/6/2025,72MC1021M00005,US Agency for International Development,108266786,29836021,2/12/2025,FUNDING ONLY ACTION,https://www.fpds.gov/ezsearch/jsp/viewLinkController.jsp?agencyID=7200&PIID=72MC1021M00005&modNumber=P00057&idvAgencyID=&idvPIID=GS35F0609S&contractType=AWARD,SALIENT FEDERAL-SGIS INC,"INITIAL REQ FOR STRATEGIC PROGRAMS FOLLOW-ON AWARD WHICH PROVIDES THE CONSOLIDATED SERVICES OF PMO, PQM, ENGINEERING AND MAJOR SYSTEMS PMOS."
2/6/2025,72MC1023C00019,US Agency for International Development,1725008,0,2/12/2025,SUPPLEMENTAL AGREEMENT FOR WORK WITHIN SCOPE,https://www.fpds.gov/ezsearch/jsp/viewLinkController.jsp?agencyID=7200&PIID=72MC1023C00019&modNumber=P00004&idvAgencyID=&idvPIID=&contractType=AWARD,KONIAG DATA SOLUTIONS LLC,USAID NETWORK ASSESSMENT
2/6/2025,72MC1023M00005,US Agency for International Development,326250,308850,2/12/2025,EXERCISE AN OPTION,https://www.fpds.gov/ezsearch/jsp/viewLinkController.jsp?agencyID=7200&PIID=72MC1023M00005&modNumber=P00001&idvAgencyID=&idvPIID=47QTCA20D00CK&contractType=AWARD,THE DASTON CORPORATION,"THIS IS A NEW ACQUISITION FOR THE PURCHASE OF GOOGLE HANGOUT MEET HARDWARE KITS PER ATTACHED QUOTE IN THE AMOUNT OF $8,700.00. THIS ACTION WILL USE HARDWARE ENDPOINT DEVICE REFRESH FY23 FUNDS, AND OP DEF CODE C.ITO.IO.4.3..7.329."
2/6/2025,72MC1024N00006,US Agency for International Development,169995,0,2/12/2025,BLANK REASON FOR MODIFICATION IN FPDS,https://www.fpds.gov/ezsearch/jsp/viewLinkController.jsp?agencyID=7200&PIID=72MC1024N00006&modNumber=0&idvAgencyID=&idvPIID=NNG15SC73B&contractType=AWARD,FOUR LLC,INFOBLOX TRINZIC SOFTWARE LICENCE RENEWAL
2/6/2025,72MC1024P00009,US Agency for International Development,20472,0,2/12/2025,BLANK REASON FOR MODIFICATION IN FPDS,https://www.fpds.gov/ezsearch/jsp/viewLinkController.jsp?agencyID=7200&PIID=72MC1024P00009&modNumber=0&idvAgencyID=&idvPIID=&contractType=AWARD,"REDHAWK IT SOLUTIONS, LLC",WINZIP RENEWAL
2/6/2025,72MC1024P00017,US Agency for International Development,703040,0,2/12/2025,FUNDING ONLY ACTION,https://www.fpds.gov/ezsearch/jsp/viewLinkController.jsp?agencyID=7200&PIID=72MC1024P00017&modNumber=P00001&idvAgencyID=&idvPIID=&contractType=AWARD,ARCHITECHTURE SOLUTIONS LLC,DOCUMENTUM SOFTWARE LICENSE MAINTENANCE AND PURCHASE ADDITIONAL LICENSES.
2/6/2025,72MC1024P00019,US Agency for International Development,69892,0,2/12/2025,BLANK REASON FOR MODIFICATION IN FPDS,https://www.fpds.gov/ezsearch/jsp/viewLinkController.jsp?agencyID=7200&PIID=72MC1024P00019&modNumber=0&idvAgencyID=&idvPIID=&contractType=AWARD,CARAHSOFT TECHNOLOGY CORP,"PART # VALIMAIL ENFORCE DESCRIPTION: VALMAIL ENFORCE  UP TO 1 DOMAIN AND UP TO 65,000,000 SENDING SERVICES UP TO 50 NON-MAILING DOMAINS INCLUDED VALIMAIL - VALIMAIL ENFORCE START DATE: 07/13/2024 END DATE: 07/12/2025"
2/6/2025,72MC1024P00026,US Agency for International Development,12208,0,2/12/2025,BLANK REASON FOR MODIFICATION IN FPDS,https://www.fpds.gov/ezsearch/jsp/viewLinkController.jsp?agencyID=7200&PIID=72MC1024P00026&modNumber=0&idvAgencyID=&idvPIID=&contractType=AWARD,"DLT SOLUTIONS, LLC",THE PURPOSE OF THIS REQUEST IS TO ACCEPT THE VENDOR'S QUOTE # 5241060 DATED 8/12/24 FOR THE RENEWAL OF: CSI # 27854649- QTY 400 CSI # 27854649- QTY 1000
2/6/2025,72MC1024P00027,US Agency for International Development,19104,0,2/12/2025,BLANK REASON FOR MODIFICATION IN FPDS,https://www.fpds.gov/ezsearch/jsp/viewLinkController.jsp?agencyID=7200&PIID=72MC1024P00027&modNumber=0&idvAgencyID=&idvPIID=&contractType=AWARD,SHI INTERNATIONAL CORP,JOE SANDBOX CLOUD PRO ACCOUNT
2/6/2025,72MC1024P00028,US Agency for International Development,59866,0,2/12/2025,BLANK REASON FOR MODIFICATION IN FPDS,https://www.fpds.gov/ezsearch/jsp/viewLinkController.jsp?agencyID=7200&PIID=72MC1024P00028&modNumber=0&idvAgencyID=&idvPIID=&contractType=AWARD,CARAHSOFT TECHNOLOGY CORP,THE PURPOSE OF THIS REQUEST IS TO RENEW THE ANNUAL MAINTENANCE FOR INFORMATICA. 1) PART #: 0000007822-0057 DESCRIPTION: POWERCENTER AE (4-7) PER CPU-CORES MULTI-CORE MULTI-OS PRODUCTION PREMIUM SUCCESS MAINTENANCE QTY 4
2/7/2025,72065620D00003,US Agency for International Development,5000000,4995000,2/12/2025,OTHER ADMINISTRATIVE ACTION,https://www.fpds.gov/ezsearch/jsp/viewLinkController.jsp?agencyID=7200&PIID=72065620D00003&modNumber=P00002&idvAgencyID=&idvPIID=&contractType=IDV,"CONSULTEC - CONSULTORES ASSOCIADOS, LDA",THIS PRE-OBLIGATION CHECKLIST SERVES TO ISSUE AN UNFUNDED REQUISITION. THE AUTHORIZED AGENT IS REQUESTED TO ISSUE A  REQUEST FOR PROPOSALS (RFP) FOR A LOCAL INDEFINITE DELIVERY/INDEFINITE QUANTITY (IDIQ) CONTRACT IN THE AMOUNT OF $5 MILLION TO PROCUR
2/7/2025,72065620D00004,US Agency for International Development,5000000,4995000,2/12/2025,OTHER ADMINISTRATIVE ACTION,https://www.fpds.gov/ezsearch/jsp/viewLinkController.jsp?agencyID=7200&PIID=72065620D00004&modNumber=P00002&idvAgencyID=&idvPIID=&contractType=IDV,DORA AND BVI JV,THIS PRE-OBLIGATION CHECKLIST SERVES TO ISSUE AN UNFUNDED REQUISITION. THE AUTHORIZED AGENT IS REQUESTED TO ISSUE A  REQUEST FOR PROPOSALS (RFP) FOR A LOCAL INDEFINITE DELIVERY/INDEFINITE QUANTITY (IDIQ) CONTRACT IN THE AMOUNT OF $5 MILLION TO PROCUR
2/7/2025,72065620D00005,US Agency for International Development,5850000,5845000,2/12/2025,FUNDING ONLY ACTION,https://www.fpds.gov/ezsearch/jsp/viewLinkController.jsp?agencyID=7200&PIID=72065620D00005&modNumber=P00002&idvAgencyID=&idvPIID=&contractType=IDV,"HASKONINGDHV MOCAMBIQUE, LDA",THIS PRE-OBLIGATION CHECKLIST SERVES TO ISSUE AN UNFUNDED REQUISITION. THE AUTHORIZED AGENT IS REQUESTED TO ISSUE A  REQUEST FOR PROPOSALS (RFP) FOR A LOCAL INDEFINITE DELIVERY/INDEFINITE QUANTITY (IDIQ) CONTRACT IN THE AMOUNT OF $5 MILLION TO PROCUR
2/7/2025,72065622D00009,US Agency for International Development,28000000,28000000,2/12/2025,BLANK REASON FOR MODIFICATION IN FPDS,https://www.fpds.gov/ezsearch/jsp/viewLinkController.jsp?agencyID=7200&PIID=72065622D00009&modNumber=0&idvAgencyID=&idvPIID=&contractType=IDV,"DFS CONSTRUCTION, LLC",IDIQ # 1: NORTHERN REGION - DFSMO
"Contract Closed 
01/15/2025
No need to send termination notice ",72052224P00045,US Agency for International Development,12225,0,2/12/2025,OTHER ADMINISTRATIVE ACTION,https://www.fpds.gov/ezsearch/jsp/viewLinkController.jsp?agencyID=7200&PIID=72052224P00045&modNumber=P00001&idvAgencyID=&idvPIID=&contractType=AWARD,FOREIGN AWARDEES (UNDISCLOSED),FINANCIAL AUDITING SERVICES OF THE LOCAL CURRENCY TRUST FUND RESOURCES MANAGED BY USAID/HONDURAS.
Service completed; no need to send termination notice (pending closeout),7200AA24P00024,US Agency for International Development,21373,0,2/12/2025,BLANK REASON FOR MODIFICATION IN FPDS,https://www.fpds.gov/ezsearch/jsp/viewLinkController.jsp?agencyID=7200&PIID=7200AA24P00024&modNumber=0&idvAgencyID=&idvPIID=&contractType=AWARD,LISA ROLAND,THE PURPOSE OF THIS REQUISITION IS TO SERVE AS A PRIMARY PUBLIC BOARD MEMBER ON THE SENIOR FOREIGN SERVICE/FOREIGN SERVICE PERFORMANCE AND PROMOTION BOARDS.
